9780200716420
9780200718479
9780201000931
9780201004083
9780201005639
9780201008838
9780201009736
9780201040883
9780201041552
9780201042634
9780201050585
9780201052374
9780201053135
9780201062953
9780201063783
9780201065022
9780201065039
9780201066265
9780201066838
9780201069891
9780201078886
9780201083415
9780201087345
9780201094015
9780201094121
9780201096071
9780201101386
9780201103052
9780201108125
9780201108132
9780201115376
9780201126846
9780201137941
9780201140941
9780201142174
9780201148084
9780201164091
9780201165883
9780201168303
9780201174304
9780201181302
9780201185546
9780201200751
9780201253825
9780201277074
9780201285062
9780201304220
9780201354409
9780201354782
9780201363548
9780201369120
9780201416466
9780201416909
9780201442120
9780201465457
9780201489842
9780201493689
9780201495331
9780201497663
9780201508109
9780201508826
9780201510096
9780201516760
9780201539752
9780201544497
9780201577181
9780201579796
9780201590470
9780201590555
9780201595260
9780201604252
9780201607611
9780201614077
9780201614350
9780201627589
9780201636802
9780201645767
9780201645774
9780201649796
9780201670486
9780201680416
9780201708790
9780201729634
9780201737110
9780201742237
9780201743791
9780201743906
9780201794878
9780201797039
9780201818406
9780201823899
9780201828252
9780201865004
9780201884067
9780205004409
9780205005222
9780205015733
9780205024339
9780205024513
9780205030156
9780205046904
9780205048458
9780205054244
9780205059096
9780205060696
9780205061624
9780205066049
9780205066667
9780205066872
9780205068951
9780205069316
9780205069828
9780205075492
9780205076062
9780205079117
9780205079407
9780205083688
9780205085941
9780205088423
9780205101573
9780205101948
9780205105298
9780205111770
9780205113606
9780205117024
9780205118038
9780205118540
9780205118618
9780205122905
9780205141395
9780205142422
9780205143481
9780205144617
9780205151325
9780205155194
9780205158089
9780205158126
9780205175833
9780205193646
9780205195435
9780205196654
9780205206476
9780205214617
9780205216505
9780205244607
9780205247509
9780205263424
9780205267606
9780205267828
9780205274703
9780205275014
9780205286263
9780205291458
9780205298044
9780205313358
9780205325443
9780205336524
9780205337552
9780205338139
9780205340736
9780205344192
9780205357109
9780205359486
9780205366071
9780205377954
9780205381210
9780205381487
9780205393091
9780205403103
9780205407392
9780205420865
9780205423873
9780205426713
9780205426867
9780205428878
9780205430178
9780205439980
9780205449781
9780205450602
9780205455911
9780205473588
9780205499113
9780205509546
9780205524860
9780205530892
9780205547005
9780205555017
9780205555246
9780205570553
9780205571703
9780205573189
9780205605958
9780205610181
9780205617753
9780205635917
9780205636075
9780205657490
9780205659142
9780205664399
9780205667628
9780205670550
9780205689521
9780205692736
9780205693405
9780205696208
9780205700530
9780205705870
9780205707300
9780205724734
9780205754564
9780205759279
9780205767052
9780205775101
9780205775330
9780205792306
9780205793174
9780205800940
9780205816361
9780205852000
9780205856350
9780205861767
9780205882397
9780205895427
9780205898879
9780205946495
9780205956357
9780205961986
9780205971619
9780205982851
9780205987740
9780206006426
9780207145018
9780207154027
9780207155406
9780207157271
9780207157448
9780207157493
9780207158452
9780207163814
9780207167355
9780207169304
9780207171055
9780207171888
9780207174926
9780207175015
9780207176883
9780207176968
9780207178566
9780207182273
9780207185632
9780207189012
9780207190254
9780207191077
9780207196102
9780207196454
9780207197178
9780207197239
9780207197499
9780207199066
9780213165536
9780213165765
9780213165932
9780213166946
9780213167158
9780213167905
9780213167981
9780213168513
9780213168674
9780213168940
9780213169121
9780213171551
9780214155390
9780216932159
9780216940666
9780220670276
9780224007948
9780224010412
9780224012348
9780224013871
9780224027410
9780224028608
9780224050074
9780224050258
9780224061995
9780224062138
9780224062558
9780224070843
9780224071758
9780224076999
9780224091138
9780224097086
9780224612753
9780230010178
9780230010239
9780230011588
9780230030503
9780230033177
9780230036598
9780230421233
9780230423466
9780230430020
9780230443655
9780230443853
9780230451346
9780230458253
9780230461239
9780230473195
9780230633896
9780230709720
9780230719781
9780230733893
9780230735781
9780230744172
9780230754645
9780230763524
9780230769007
9780231067911
9780233956411
9780233967974
9780233968582
9780233969985
9780233970196
9780233971124
9780233975405
9780233977768
9780233982977
9780233987774
9780237447731
9780241002759
9780241003916
9780241011980
9780241105924
9780241109885
9780241117408
9780241131091
9780241132043
9780241142684
9780241146897
9780241202401
9780241258675
9780241261248
9780241281772
9780241289914
9780241290071
9780241296813
9780241301531
9780241312407
9780241313336
9780241313343
9780241314296
9780241340066
9780241345610
9780241347263
9780241351017
9780241363928
9780241366639
9780241384657
9780241388068
9780241399248
9780241424995
9780241432914
9780241432921
9780241433454
9780241447963
9780241456644
9780241457542
9780241457795
9780241470244
9780241512845
9780241538128
9780241538135
9780241615157
9780241619872
9780241623404
9780241891131
9780241954713
9780241955581
9780241957530
9780241958582
9780241959305
9780241961285
9780241971116
9780241985038
9780244137601
9780244243548
9780244313678
9780244451936
9780244486396
9780244534417
9780244605537
9780244819026
9780244872700
9780245527982
9780245531910
9780245605253
9780246109194
9780246109385
9780246119476
9780246120144
9780246127075
9780246129383
9780246137227
9780246138088
9780246637970
9780247134102
9780256011807
9780256015560
9780256018240
9780256018394
9780256019353
9780256022780
9780256029109
9780256030051
9780256030907
9780256034318
9780256061475
9780256065145
9780256066067
9780256069860
9780256073478
9780256073744
9780256080223
9780256083040
9780256083774
9780256090154
9780256090727
9780256093667
9780256094527
9780256098693
9780256133714
9780256136012
9780256139723
9780256146141
9780256147117
9780256152104
9780256182095
9780256182125
9780256194777
9780256201789
9780256209938
9780256235289
9780256238877
9780256261455
9780256268430
9780257657875
9780258969953
9780261103955
9780261103986
9780261616998
9780261664982
9780262580113
9780263190878
9780263190908
9780263195149
9780263228809
9780263254389
9780263265811
9780263267181
9780263269383
9780263269765
9780263269840
9780263274189
9780263274714
9780263275254
9780263278040
9780263278859
9780263279443
9780263279474
9780263299236
9780263840315
9780263843248
9780263859683
9780263865769
9780263868999
9780263918854
9780263919837
9780263925937
9780263926842
9780264645841
9780264662480
9780273021940
9780273028888
9780273029434
9780273035015
9780273600190
9780273631064
9780273633020
9780273634119
9780273655602
9780273656746
9780273663263
9780273675174
9780273749929
9780273754596
9780273773375
9780273793335
9780276444265
9780283060908
9780283989599
9780283991868
9780283993787
9780283994043
9780283995026
9780283996146
9780283997105
9780283997136
9780286158138
9780289800744
9780289800751
9780289801253
9780289801581
9780291396082
9780297000600
9780297002772
9780297004325
9780297004806
9780297177630
9780297643562
9780297764892
9780297765196
9780297765691
9780297765912
9780297765929
9780297765974
9780297766261
9780297766636
9780297766643
9780297767817
9780297768104
9780297768135
9780297768289
9780297768401
9780297768531
9780297769439
9780297769453
9780297770664
9780297770718
9780297770886
9780297770985
9780297771043
9780297771319
9780297771753
9780297771784
9780297771791
9780297771845
9780297771982
9780297772477
9780297773092
9780297773177
9780297773283
9780297773504
9780297773580
9780297773603
9780297773702
9780297773771
9780297773818
9780297773993
9780297774013
9780297774297
9780297774402
9780297774433
9780297774501
9780297774525
9780297774624
9780297775003
9780297775027
9780297775157
9780297775188
9780297775201
9780297775249
9780297775294
9780297775348
9780297775447
9780297775492
9780297776062
9780297776208
9780297776369
9780297776765
9780297776949
9780297777366
9780297777748
9780297778417
9780297778998
9780297779032
9780297779056
9780297779681
9780297779889
9780297780441
9780297780533
9780297780717
9780297780755
9780297781325
9780297781653
9780297781905
9780297782094
9780297782438
9780297783176
9780297783466
9780297783671
9780297783848
9780297783879
9780297783930
9780297783947
9780297784180
9780297784821
9780297785293
9780297785811
9780297786016
9780297788690
9780297789130
9780297789154
9780297789383
9780297790310
9780297790457
9780297792123
9780297792758
9780297792833
9780297794103
9780297795605
9780297796381
9780297796404
9780297796596
9780297810650
9780297810674
9780297811619
9780297811626
9780297812746
9780297814801
9780297815655
9780297815853
9780297815914
9780297816591
9780297820369
9780297820437
9780297820802
9780297832515
9780297835486
9780297840992
9780297848134
9780297853305
9780297993544
9780297995401
9780297995647
9780297995746
9780300003529
9780300096392
9780300193503
9780300201451
9780304313075
9780304321742
9780304322060
9780304340927
9780304341078
9780304341825
9780304341986
9780304342174
9780304344604
9780304344963
9780304345861
9780304348336
9780304354979
9780304355303
9780304358830
9780304361649
9780304918539
9780304965182
9780306441264
9780306701481
9780306701672
9780306703386
9780306703676
9780306703836
9780306705809
9780306706851
9780306708671
9780306712937
9780306713033
9780306760105
9780306761218
9780306762406
9780306762673
9780306795152
9780306795534
9780306801198
9780306802287
9780306804526
9780306805431
9780306807992
9780307011268
9780307014610
9780307039842
9780307056672
9780307060501
9780307060716
9780307104120
9780307104724
9780307104731
9780307105066
9780307105080
9780307105653
9780307106506
9780307106810
9780307107152
9780307107770
9780307108029
9780307108067
9780307108098
9780307113658
9780307114648
9780307115164
9780307115737
9780307116796
9780307116963
9780307119667
9780307120625
9780307122063
9780307123114
9780307126665
9780307127280
9780307128751
9780307129314
9780307130655
9780307130709
9780307131225
9780307133137
9780307134769
9780307136527
9780307137296
9780307144546
9780307152114
9780307154002
9780307155665
9780307156044
9780307157201
9780307161512
9780307161536
9780307161543
9780307164414
9780307164421
9780307164551
9780307166272
9780307167040
9780307171580
9780307173058
9780307176028
9780307177032
9780307177865
9780307198631
9780307200129
9780307203205
9780307204066
9780307205018
9780307216069
9780307218438
9780307248053
9780307256027
9780307256034
9780307257130
9780307257246
9780307257345
9780307263919
9780307273659
9780307273673
9780307274274
9780307280299
9780307283023
9780307283214
9780307291752
9780307337658
9780307337757
9780307340061
9780307340146
9780307343116
9780307343369
9780307344717
9780307344755
9780307349934
9780307350077
9780307351197
9780307355225
9780307356581
9780307356710
9780307357373
9780307358233
9780307359193
9780307361714
9780307362650
9780307376350
9780307391285
9780307391537
9780307392237
9780307392787
9780307398192
9780307403667
9780307405050
9780307443311
9780307460431
9780307462091
9780307462152
9780307462190
9780307464132
9780307465115
9780307479105
9780307595034
9780307600530
9780307601216
9780307601575
9780307602114
9780307602138
9780307602244
9780307602282
9780307602671
9780307604019
9780307604095
9780307604422
9780307604569
9780307604620
9780307604705
9780307604903
9780307605702
9780307606358
9780307606914
9780307608208
9780307608246
9780307608451
9780307609076
9780307609106
9780307611994
9780307614629
9780307614636
9780307615329
9780307615374
9780307615442
9780307615718
9780307615985
9780307617453
9780307618153
9780307619310
9780307619426
9780307619433
9780307619495
9780307621252
9780307621269
9780307621870
9780307622518
9780307624789
9780307625427
9780307625878
9780307626103
9780307626523
9780307627674
9780307628183
9780307628190
9780307631077
9780307640765
9780307643544
9780307643599
9780307645432
9780307655769
9780307658388
9780307659781
9780307660282
9780307660848
9780307660862
9780307671134
9780307681447
9780307684158
9780307684967
9780307686077
9780307688804
9780307689955
9780307690579
9780307700797
9780307700971
9780307711359
9780307711465
9780307723291
9780307729019
9780307729040
9780307740069
9780307740090
9780307740113
9780307740274
9780307740335
9780307740366
9780307740373
9780307740540
9780307743091
9780307747075
9780307747082
9780307748171
9780307748317
9780307748324
9780307748379
9780307757029
9780307757524
9780307757531
9780307915917
9780307915986
9780307930019
9780307969484
9780307977113
9780307980595
9780307981202
9780307982247
9780307988652
9780307995117
9780308702714
9780310410928
9780310562009
9780310907572
9780312002398
9780312015831
9780312019617
9780312025243
9780312026752
9780312032289
9780312040048
9780312062293
9780312074975
9780312078713
9780312096625
9780312137922
9780312139841
9780312153304
9780312176730
9780312231781
9780312232849
9780312233181
9780312277697
9780312509422
9780312515461
9780312597238
9780312647834
9780312702823
9780312708467
9780312768959
9780313306228
9780313320347
9780314023742
9780316020398
9780316020909
9780316034289
9780316039406
9780316043502
9780316051859
9780316078337
9780316082808
9780316104005
9780316104449
9780316105774
9780316108546
9780316109611
9780316109857
9780316123228
9780316123280
9780316130264
9780316131858
9780316132510
9780316132725
9780316139359
9780316140201
9780316142021
9780316145640
9780316149006
9780316153430
9780316155892
9780316157254
9780316196871
9780316200561
9780316203319
9780316227391
9780316229036
9780316236454
9780316254236
9780316260022
9780316261500
9780316262002
9780316283847
9780316293044
9780316315821
9780316322300
9780316326575
9780316331326
9780316340991
9780316352529
9780316359733
9780316360852
9780316375757
9780316389457
9780316426251
9780316458146
9780316486316
9780316501637
9780316515092
9780316520744
9780316532778
9780316543620
9780316543965
9780316550819
9780316555081
9780316555760
9780316559003
9780316561136
9780316563048
9780316569699
9780316569736
9780316570336
9780316574204
9780316583763
9780316591478
9780316614160
9780316614214
9780316643627
9780316643979
9780316644617
9780316644730
9780316646840
9780316647601
9780316648592
9780316648974
9780316677295
9780316677394
9780316690768
9780316696531
9780316706278
9780316723848
9780316726108
9780316726344
9780316734776
9780316736695
9780316743181
9780316771412
9780316776806
9780316780483
9780316790185
9780316797375
9780316805827
9780316807388
9780316807999
9780316808088
9780316814232
9780316819190
9780316831338
9780316848756
9780316849692
9780316854528
9780316855495
9780316858397
9780316877299
9780316881708
9780316881807
9780316881890
9780316889124
9780316903493
9780316903943
9780316905350
9780316909259
9780316909303
9780316909358
9780316910637
9780316910811
9780316912358
9780316913614
9780316918046
9780316920933
9780316921978
9780316926430
9780316962513
9780316984676
9780321035172
9780321051554
9780321055057
9780321060488
9780321069344
9780321081384
9780321086143
9780321088437
9780321092557
9780321115263
9780321121189
9780321122650
9780321154866
9780321168887
9780321174000
9780321176486
9780321179142
9780321189127
9780321189806
9780321189820
9780321189875
9780321189882
9780321194602
9780321210753
9780321225757
9780321226501
9780321226891
9780321227706
9780321236685
9780321242280
9780321243010
9780321243300
9780321245106
9780321248510
9780321248886
9780321252920
9780321253422
9780321253545
9780321256157
9780321269379
9780321296740
9780321303387
9780321303592
9780321307149
9780321312785
9780321316189
9780321320827
9780321364487
9780321364494
9780321373281
9780321391926
9780321393135
9780321407719
9780321411563
9780321418449
9780321423948
9780321423955
9780321431547
9780321437846
9780321438287
9780321441195
9780321448811
9780321451019
9780321453440
9780321461438
9780321463203
9780321469427
9780321469458
9780321482068
9780321484987
9780321486707
9780321516213
9780321524195
9780321528629
9780321540096
9780321541949
9780321544155
9780321546159
9780321549006
9780321549389
9780321561640
9780321563897
9780321572134
9780321574671
9780321591678
9780321607119
9780321613622
9780321616005
9780321616029
9780321620088
9780321624345
9780321624383
9780321632982
9780321644800
9780321647245
9780321649096
9780321649430
9780321656742
9780321661401
9780321665515
9780321666857
9780321683557
9780321695291
9780321695642
9780321697240
9780321699114
9780321702036
9780321708731
9780321708748
9780321708908
9780321710123
9780321715654
9780321716903
9780321743749
9780321747150
9780321753687
9780321759924
9780321760609
9780321762757
9780321766779
9780321766793
9780321768247
9780321782359
9780321785718
9780321817884
9780321820600
9780321832061
9780321838636
9780321846211
9780321869180
9780321888952
9780321900791
9780321901811
9780321911513
9780321911858
9780321943644
9780321958433
9780321962539
9780321967817
9780321970336
9780322018457
9780322018464
9780322044968
9780322060128
9780322061521
9780322061941
9780322062528
9780322062566
9780322062573
9780322065727
9780325047164
9780328006687
9780328008773
9780328008780
9780328018277
9780328039579
9780328058839
9780328076680
9780328077700
9780328078332
9780328089963
9780328113446
9780328117826
9780328118496
9780328130443
9780328130689
9780328130764
9780328130801
9780328130924
9780328130979
9780328131006
9780328131211
9780328131341
9780328131426
9780328131457
9780328131501
9780328131600
9780328131648
9780328131709
9780328131723
9780328131792
9780328131815
9780328131969
9780328132126
9780328132188
9780328132201
9780328132225
9780328132287
9780328132331
9780328132409
9780328132584
9780328132591
9780328132614
9780328132676
9780328132683
9780328132737
9780328132904
9780328133062
9780328133093
9780328133154
9780328133215
9780328133482
9780328133505
9780328133710
9780328133802
9780328133918
9780328133932
9780328134038
9780328134052
9780328134069
9780328134076
9780328134205
9780328134274
9780328134342
9780328134434
9780328134540
9780328134557
9780328134625
9780328134700
9780328134823
9780328134946
9780328134960
9780328134977
9780328134984
9780328135042
9780328135288
9780328135301
9780328135684
9780328135806
9780328136087
9780328137268
9780328137336
9780328137466
9780328137497
9780328137565
9780328137589
9780328137695
9780328137732
9780328137763
9780328137800
9780328137930
9780328137954
9780328138050
9780328138074
9780328138098
9780328138913
9780328139170
9780328139682
9780328139699
9780328141104
9780328141159
9780328141197
9780328141395
9780328142583
9780328143887
9780328143900
9780328146734
9780328147755
9780328147892
9780328147915
9780328147922
9780328147953
9780328147960
9780328148004
9780328148011
9780328148028
9780328148080
9780328148097
9780328148134
9780328148158
9780328148165
9780328148189
9780328148196
9780328148202
9780328148219
9780328148264
9780328148387
9780328148578
9780328148899
9780328148967
9780328150267
9780328150274
9780328161843
9780328167814
9780328200160
9780328206285
9780328222605
9780328237340
9780328237470
9780328237654
9780328239535
9780328239573
9780328240784
9780328240791
9780328247929
9780328249206
9780328261079
9780328261208
9780328263400
9780328263417
9780328263424
9780328263523
9780328263547
9780328263592
9780328270033
9780328272860
9780328272877
9780328307029
9780328342211
9780328369317
9780328374304
9780328376605
9780328384488
9780328386376
9780328386406
9780328386444
9780328386468
9780328386475
9780328386482
9780328386505
9780328386529
9780328386536
9780328386543
9780328386581
9780328386598
9780328386611
9780328386659
9780328387045
9780328387069
9780328387083
9780328387113
9780328387120
9780328387182
9780328387205
9780328387236
9780328387298
9780328387328
9780328387335
9780328387342
9780328387359
9780328387656
9780328387663
9780328387786
9780328389032
9780328389049
9780328389063
9780328389087
9780328389094
9780328389124
9780328389148
9780328389162
9780328389193
9780328389230
9780328389247
9780328389278
9780328389285
9780328389308
9780328389315
9780328389353
9780328393367
9780328393572
9780328397303
9780328397761
9780328462650
9780328462698
9780328462704
9780328462711
9780328462728
9780328462766
9780328462780
9780328462797
9780328462803
9780328462810
9780328462827
9780328462834
9780328462841
9780328462865
9780328462872
9780328462889
9780328476497
9780328476503
9780328497447
9780328504497
9780328506118
9780328506965
9780328507054
9780328507061
9780328507108
9780328507313
9780328507344
9780328507399
9780328507498
9780328507511
9780328507580
9780328507610
9780328507634
9780328507641
9780328507788
9780328507900
9780328507948
9780328508006
9780328508020
9780328508075
9780328508082
9780328508112
9780328508143
9780328508181
9780328508198
9780328508228
9780328508235
9780328508259
9780328508266
9780328508297
9780328508310
9780328508327
9780328508501
9780328508525
9780328508532
9780328508556
9780328508563
9780328508594
9780328513307
9780328513314
9780328513390
9780328513437
9780328513512
9780328513543
9780328513642
9780328513659
9780328513666
9780328513673
9780328513703
9780328513710
9780328513727
9780328513758
9780328513772
9780328513802
9780328513857
9780328513864
9780328513871
9780328513888
9780328513956
9780328513994
9780328514007
9780328514014
9780328514076
9780328514137
9780328514144
9780328514151
9780328514175
9780328514182
9780328514212
9780328514243
9780328514267
9780328514281
9780328516490
9780328516506
9780328520619
9780328520909
9780328520923
9780328521036
9780328525232
9780328532919
9780328534579
9780328538898
9780328563265
9780328612406
9780328612550
9780328612659
9780328614516
9780328616558
9780328617135
9780328617142
9780328617173
9780328617197
9780328617289
9780328617319
9780328617388
9780328617593
9780328617609
9780328617623
9780328617654
9780328617678
9780328617746
9780328617777
9780328617784
9780328618040
9780328618088
9780328618170
9780328618231
9780328619931
9780328635245
9780328644384
9780328644568
9780328644575
9780328657629
9780328657711
9780328657896
9780328657926
9780328667833
9780328672653
9780328675821
9780328677634
9780328681327
9780328734276
9780328767076
9780328788774
9780328819478
9780328827787
9780328827800
9780328851768
9780328851799
9780328858903
9780328859191
9780328925070
9780328945191
9780328986989
9780328988525
9780328995660
9780329220433
9780329249557
9780329415266
9780329913090
9780330017077
9780330022514
9780330022804
9780330105170
9780330200479
9780330232173
9780330235785
9780330236904
9780330237369
9780330238724
9780330240055
9780330241397
9780330244466
9780330245456
9780330246040
9780330247375
9780330248150
9780330248846
9780330250160
9780330250191
9780330251273
9780330252348
9780330255202
9780330257732
9780330260145
9780330261333
9780330261548
9780330262385
9780330262569
9780330263122
9780330264099
9780330265881
9780330266055
9780330266864
9780330267304
9780330268097
9780330268721
9780330269568
9780330269797
9780330272797
9780330274463
9780330280372
9780330280464
9780330282123
9780330282413
9780330283458
9780330284691
9780330285490
9780330287470
9780330288156
9780330290753
9780330290920
9780330290937
9780330291859
9780330292047
9780330293976
9780330295215
9780330295703
9780330295987
9780330298742
9780330299169
9780330299862
9780330302616
9780330303392
9780330305624
9780330305785
9780330306218
9780330306386
9780330307055
9780330307888
9780330310413
9780330310598
9780330311724
9780330312479
9780330313926
9780330314626
9780330317146
9780330319263
9780330320450
9780330324090
9780330326018
9780330326940
9780330328135
9780330328517
9780330329439
9780330329484
9780330330671
9780330334327
9780330336796
9780330341301
9780330341325
9780330341516
9780330342445
9780330342865
9780330344357
9780330346993
9780330348409
9780330351225
9780330352796
9780330354417
9780330357272
9780330357906
9780330358651
9780330361712
9780330363860
9780330364898
9780330367455
9780330368247
9780330369336
9780330391535
9780330391740
9780330404389
9780330415484
9780330415811
9780330420969
9780330421393
9780330421843
9780330421911
9780330422024
9780330423113
9780330424417
9780330432160
9780330435529
9780330438711
9780330480086
9780330480116
9780330482295
9780330482462
9780330484152
9780330484381
9780330501347
9780330502719
9780330503297
9780333007976
9780333009628
9780333010105
9780333010167
9780333015155
9780333016114
9780333030998
9780333033203
9780333034200
9780333036105
9780333037669
9780333042403
9780333042427
9780333044995
9780333052990
9780333058107
9780333063194
9780333063965
9780333067369
9780333068182
9780333073940
9780333077801
9780333078846
9780333079751
9780333080405
9780333081457
9780333085615
9780333089736
9780333089798
9780333092910
9780333093443
9780333099483
9780333100103
9780333100110
9780333100349
9780333102954
9780333103104
9780333103913
9780333104019
9780333104422
9780333105368
9780333105757
9780333106037
9780333106259
9780333106778
9780333110393
9780333110676
9780333111314
9780333111697
9780333111741
9780333111789
9780333111796
9780333111970
9780333112731
9780333116005
9780333120088
9780333123669
9780333124451
9780333124475
9780333124871
9780333124925
9780333125144
9780333126547
9780333126752
9780333128060
9780333128558
9780333130131
9780333130407
9780333131831
9780333133095
9780333133224
9780333133958
9780333134719
9780333135518
9780333138373
9780333140598
9780333141045
9780333141113
9780333141335
9780333142073
9780333142929
9780333145036
9780333145067
9780333146491
9780333147429
9780333147443
9780333147450
9780333149430
9780333149683
9780333149812
9780333150160
9780333151051
9780333151778
9780333152263
9780333152294
9780333155158
9780333157442
9780333166895
9780333167847
9780333170991
9780333171547
9780333171707
9780333174968
9780333175538
9780333175576
9780333176795
9780333180075
9780333180204
9780333180631
9780333182475
9780333183656
9780333183847
9780333184240
9780333184325
9780333184448
9780333184806
9780333185865
9780333188309
9780333190890
9780333191958
9780333194799
9780333195734
9780333196540
9780333199800
9780333210536
9780333210635
9780333211014
9780333211427
9780333212110
9780333212325
9780333212950
9780333215449
9780333219263
9780333219751
9780333230732
9780333231067
9780333233351
9780333233368
9780333233429
9780333235744
9780333236789
9780333236994
9780333237380
9780333237830
9780333241066
9780333241080
9780333241684
9780333241950
9780333242353
9780333242834
9780333243190
9780333246658
9780333246993
9780333248140
9780333252765
9780333252925
9780333253571
9780333255193
9780333256305
9780333257654
9780333257722
9780333259092
9780333259313
9780333259719
9780333259764
9780333264584
9780333265642
9780333266830
9780333269015
9780333269121
9780333269480
9780333270042
9780333271780
9780333271889
9780333272381
9780333272817
9780333272985
9780333275436
9780333275542
9780333277508
9780333277812
9780333277843
9780333277904
9780333281765
9780333283318
9780333285671
9780333286623
9780333287149
9780333288511
9780333290392
9780333290699
9780333291177
9780333292945
9780333293157
9780333293461
9780333299104
9780333299418
9780333301241
9780333301302
9780333306093
9780333307083
9780333309469
9780333315422
9780333315552
9780333315668
9780333316481
9780333316597
9780333317037
9780333317303
9780333318386
9780333320099
9780333323038
9780333323298
9780333325896
9780333326909
9780333328958
9780333334133
9780333334140
9780333334256
9780333334744
9780333334843
9780333337509
9780333341537
9780333341599
9780333342862
9780333343487
9780333343708
9780333343982
9780333344842
9780333345238
9780333345931
9780333346075
9780333346587
9780333348253
9780333349830
9780333350560
9780333351048
9780333352168
9780333352779
9780333354056
9780333354186
9780333356449
9780333357934
9780333357972
9780333358054
9780333358290
9780333360576
9780333362556
9780333362952
9780333363331
9780333366431
9780333367247
9780333368282
9780333368350
9780333369616
9780333370582
9780333371473
9780333371824
9780333371923
9780333372692
9780333373118
9780333373613
9780333376027
9780333376546
9780333378311
9780333380758
9780333381212
9780333382370
9780333382998
9780333383025
9780333384015
9780333384350
9780333385340
9780333385814
9780333386484
9780333387023
9780333388228
9780333388648
9780333388716
9780333389966
9780333396285
9780333396308
9780333397718
9780333398203
9780333398333
9780333398340
9780333398395
9780333398777
9780333400067
9780333400258
9780333402054
9780333402283
9780333402412
9780333405482
9780333405543
9780333406847
9780333407066
9780333407417
9780333408506
9780333408704
9780333409015
9780333412756
9780333412770
9780333412916
9780333413746
9780333414026
9780333415641
9780333418468
9780333418512
9780333419953
9780333421260
9780333422526
9780333423448
9780333423479
9780333425244
9780333427231
9780333427286
9780333427378
9780333427446
9780333429198
9780333431993
9780333433324
9780333434161
9780333434604
9780333437926
9780333438237
9780333440865
9780333441602
9780333441626
9780333443460
9780333444689
9780333445907
9780333446874
9780333448649
9780333449004
9780333449738
9780333451311
9780333451403
9780333451731
9780333452226
9780333453872
9780333454077
9780333455197
9780333464465
9780333464748
9780333465448
9780333468067
9780333469583
9780333469774
9780333470091
9780333471111
9780333471128
9780333474891
9780333478097
9780333480717
9780333480908
9780333481028
9780333481035
9780333482001
9780333482100
9780333483244
9780333489321
9780333490334
9780333491270
9780333491393
9780333491843
9780333493588
9780333494240
9780333495896
9780333496053
9780333498071
9780333499511
9780333510148
9780333512036
9780333513835
9780333515037
9780333516492
9780333517840
9780333520499
9780333521311
9780333522226
9780333525715
9780333526231
9780333529911
9780333534748
9780333536674
9780333537633
9780333538036
9780333538296
9780333540060
9780333543054
9780333543849
9780333545799
9780333545805
9780333548165
9780333548653
9780333549513
9780333551066
9780333556023
9780333560396
9780333560693
9780333563229
9780333563595
9780333563618
9780333563816
9780333566206
9780333566374
9780333567197
9780333568583
9780333569597
9780333572146
9780333572887
9780333573815
9780333574072
9780333575550
9780333577486
9780333578469
9780333579855
9780333583395
9780333583746
9780333585917
9780333588543
9780333592656
9780333592755
9780333595749
9780333596517
9780333599556
9780333600672
9780333601006
9780333604953
9780333606872
9780333606940
9780333609972
9780333610602
9780333611876
9780333613566
9780333614181
9780333622155
9780333622315
9780333622896
9780333622940
9780333625439
9780333628034
9780333630136
9780333633342
9780333638279
9780333639405
9780333641309
9780333642061
9780333642078
9780333647684
9780333647875
9780333652824
9780333658536
9780333659366
9780333660485
9780333661017
9780333662595
9780333674888
9780333675359
9780333682593
9780333686737
9780333686768
9780333710487
9780333716120
9780333725771
9780333726921
9780333732557
9780333733813
9780333734216
9780333735039
9780333736265
9780333741795
9780333746042
9780333746677
9780333747285
9780333747452
9780333747544
9780333754740
9780333758076
9780333758243
9780333760833
9780333765821
9780333766729
9780333779668
9780333782927
9780333794029
9780333804070
9780333901359
9780333904695
9780333904862
9780333905968
9780333906767
9780333906934
9780333908440
9780333908761
9780333934104
9780333953433
9780333959329
9780333960844
9780333963944
9780333965429
9780333975886
9780333989807
9780334001980
9780335009763
9780335200269
9780335203673
9780335208616
9780335220120
9780340000281
9780340000755
9780340000779
9780340001578
9780340006511
9780340006665
9780340006733
9780340008416
9780340008690
9780340008836
9780340010228
9780340010464
9780340014684
9780340020685
9780340024638
9780340025277
9780340026434
9780340028803
9780340029534
9780340029633
9780340029916
9780340030097
9780340038635
9780340042700
9780340043943
9780340044377
9780340044513
9780340044797
9780340044902
9780340048870
9780340049686
9780340050439
9780340053171
9780340055403
9780340055694
9780340058206
9780340058664
9780340062302
9780340072424
9780340073223
9780340096314
9780340096376
9780340103883
9780340104125
9780340105276
9780340105436
9780340105580
9780340105603
9780340105672
9780340105719
9780340105764
9780340105979
9780340106174
9780340106259
9780340106358
9780340106426
9780340106532
9780340106853
9780340108703
9780340108925
9780340108970
9780340118450
9780340125311
9780340126233
9780340128008
9780340147832
9780340149942
9780340150207
9780340150603
9780340151013
9780340151563
9780340153796
9780340155349
9780340155448
9780340156063
9780340156346
9780340158661
9780340159200
9780340159941
9780340161258
9780340163597
9780340165584
9780340165881
9780340166093
9780340166833
9780340166918
9780340166932
9780340167199
9780340168202
9780340169445
9780340169575
9780340169704
9780340171967
9780340172766
9780340172964
9780340174319
9780340174708
9780340175576
9780340176382
9780340177464
9780340177563
9780340177587
9780340179499
9780340181218
9780340181270
9780340182901
9780340183519
9780340183793
9780340184431
9780340184455
9780340184691
9780340185254
9780340185988
9780340190067
9780340190074
9780340190319
9780340190852
9780340191453
9780340192177
9780340192351
9780340192542
9780340193136
9780340193242
9780340193587
9780340193891
9780340194287
9780340194355
9780340196892
9780340197318
9780340197431
9780340198612
9780340198667
9780340198766
9780340199244
9780340199732
9780340199787
9780340199923
9780340200322
9780340201923
9780340202036
9780340202050
9780340202395
9780340202425
9780340202456
9780340204542
9780340205273
9780340205969
9780340206010
9780340206621
9780340209189
9780340209356
9780340212301
9780340213391
9780340213759
9780340213926
9780340214817
9780340214824
9780340216163
9780340217191
9780340217788
9780340218211
9780340218938
9780340222294
9780340222744
9780340223253
9780340223529
9780340223758
9780340223796
9780340227213
9780340227565
9780340228593
9780340229163
9780340230183
9780340232620
9780340233672
9780340234426
9780340238912
9780340238943
9780340239193
9780340239230
9780340243695
9780340245002
9780340245019
9780340247792
9780340248010
9780340249505
9780340250273
9780340251836
9780340251928
9780340254080
9780340254509
9780340256190
9780340256855
9780340257579
9780340258064
9780340258934
9780340262269
9780340262344
9780340263112
9780340263884
9780340264102
9780340264119
9780340264980
9780340265185
9780340265772
9780340267806
9780340270547
9780340271278
9780340271759
9780340271995
9780340272220
9780340272442
9780340272459
9780340272688
9780340275474
9780340275979
9780340276631
9780340276877
9780340276891
9780340277096
9780340277362
9780340278208
9780340279670
9780340279762
9780340281338
9780340281468
9780340281888
9780340281994
9780340285893
9780340287347
9780340320242
9780340320280
9780340320372
9780340323519
9780340325759
9780340327517
9780340328200
9780340329351
9780340329450
9780340331385
9780340331408
9780340333167
9780340335512
9780340335604
9780340336298
9780340339855
9780340343036
9780340343050
9780340343517
9780340344415
9780340344507
9780340344767
9780340347560
9780340348192
9780340348277
9780340349038
9780340351109
9780340352281
9780340352670
9780340353561
9780340356555
9780340357637
9780340358238
9780340359051
9780340360866
9780340362730
9780340363270
9780340364475
9780340364727
9780340369319
9780340369401
9780340371510
9780340372500
9780340374214
9780340376614
9780340376683
9780340380833
9780340380840
9780340381281
9780340381595
9780340383261
9780340386026
9780340386255
9780340386811
9780340388440
9780340389461
9780340389850
9780340389935
9780340392386
9780340394380
9780340394625
9780340395165
9780340396421
9780340397435
9780340397596
9780340399040
9780340399156
9780340399422
9780340399569
9780340400111
9780340401095
9780340401248
9780340401347
9780340401620
9780340402863
9780340405437
9780340407103
9780340407981
9780340408834
9780340408971
9780340410523
9780340410783
9780340411469
9780340411766
9780340412633
9780340412695
9780340413081
9780340413227
9780340413234
9780340414866
9780340415979
9780340416068
9780340416440
9780340417973
9780340422212
9780340423219
9780340423226
9780340423578
9780340424117
9780340424148
9780340424193
9780340425282
9780340425336
9780340426838
9780340426845
9780340426852
9780340428269
9780340428597
9780340430415
9780340430613
9780340430668
9780340487075
9780340493168
9780340493236
9780340493960
9780340496817
9780340499504
9780340499863
9780340501313
9780340501610
9780340502815
9780340502877
9780340504000
9780340504536
9780340505984
9780340506417
9780340508541
9780340508558
9780340511435
9780340511824
9780340513415
9780340513736
9780340514320
9780340514375
9780340514436
9780340518113
9780340518984
9780340518991
9780340519677
9780340522424
9780340522646
9780340523360
9780340523933
9780340524008
9780340525296
9780340525302
9780340525784
9780340526637
9780340526750
9780340527191
9780340527481
9780340528358
9780340529386
9780340531242
9780340531402
9780340531907
9780340532560
9780340532584
9780340532850
9780340533208
9780340533345
9780340533437
9780340533772
9780340534939
9780340536377
9780340536667
9780340537756
9780340538395
9780340539583
9780340540060
9780340544389
9780340544914
9780340546444
9780340547847
9780340548257
9780340550304
9780340550441
9780340552216
9780340553220
9780340554463
9780340557785
9780340557792
9780340559260
9780340559680
9780340559697
9780340559840
9780340560167
9780340561652
9780340561744
9780340562338
9780340562932
9780340564417
9780340565612
9780340565711
9780340566589
9780340568118
9780340570425
9780340570494
9780340571477
9780340571729
9780340573204
9780340573808
9780340576267
9780340576854
9780340577721
9780340578605
9780340578629
9780340579022
9780340579510
9780340582930
9780340583388
9780340583401
9780340583616
9780340584378
9780340585122
9780340587621
9780340589823
9780340589854
9780340591802
9780340595398
9780340597071
9780340597736
9780340597828
9780340599266
9780340600979
9780340601204
9780340602782
9780340605578
9780340607534
9780340607824
9780340607961
9780340608197
9780340609767
9780340611166
9780340612286
9780340613993
9780340617199
9780340617427
9780340617809
9780340617854
9780340618295
9780340618660
9780340619629
9780340620687
9780340621202
9780340622094
9780340622247
9780340623312
9780340625552
9780340627013
9780340627563
9780340627709
9780340628560
9780340628799
9780340630372
9780340630631
9780340630785
9780340630914
9780340631102
9780340632413
9780340636015
9780340636107
9780340638224
9780340639238
9780340639344
9780340641804
9780340643488
9780340643501
9780340647516
9780340647714
9780340647820
9780340648247
9780340648452
9780340649138
9780340651414
9780340651520
9780340653784
9780340654309
9780340655061
9780340655153
9780340655368
9780340655641
9780340655917
9780340657232
9780340657751
9780340657775
9780340660638
9780340661031
9780340663233
9780340663868
9780340664483
9780340664490
9780340664506
9780340664933
9780340665121
9780340665879
9780340666685
9780340667040
9780340667187
9780340670033
9780340670132
9780340671214
9780340671566
9780340671719
9780340672013
9780340673775
9780340674178
9780340675038
9780340679456
9780340680094
9780340680902
9780340684634
9780340685907
9780340687857
9780340690819
9780340690895
9780340692851
9780340693148
9780340693247
9780340693797
9780340694381
9780340694565
9780340695289
9780340695494
9780340695852
9780340696729
9780340697337
9780340697641
9780340697658
9780340697696
9780340698181
9780340699942
9780340701010
9780340701119
9780340701959
9780340704356
9780340704455
9780340704882
9780340705230
9780340705292
9780340705513
9780340709214
9780340709351
9780340709757
9780340710579
9780340712283
9780340712351
9780340713150
9780340714775
9780340714829
9780340714874
9780340715307
9780340716526
9780340716663
9780340716687
9780340716724
9780340717172
9780340718438
9780340720578
9780340720738
9780340720912
9780340721032
9780340721773
9780340721926
9780340724064
9780340726662
9780340726815
9780340727560
9780340733097
9780340734124
9780340736616
9780340737705
9780340739112
9780340739914
9780340741030
9780340741597
9780340742457
9780340742785
9780340742839
9780340742907
9780340743164
9780340743188
9780340743195
9780340743300
9780340747063
9780340747131
9780340747186
9780340747506
9780340747810
9780340748664
9780340749524
9780340751336
9780340753576
9780340756140
9780340756744
9780340757574
9780340760017
9780340765579
9780340766286
9780340767016
9780340768464
9780340769089
9780340771167
9780340771976
9780340772447
9780340772768
9780340774045
9780340774991
9780340775233
9780340775509
9780340775776
9780340775820
9780340776308
9780340776391
9780340776407
9780340776445
9780340776469
9780340776537
9780340778241
9780340778654
9780340778753
9780340778814
9780340779668
9780340779828
9780340779859
9780340779941
9780340780008
9780340780060
9780340780732
9780340781746
9780340782026
9780340782439
9780340782477
9780340782552
9780340782675
9780340782699
9780340785379
9780340785423
9780340785492
9780340786253
9780340789209
9780340789469
9780340789674
9780340792667
9780340792797
9780340793763
9780340800270
9780340802908
9780340803738
9780340803745
9780340804186
9780340804865
9780340805633
9780340813058
9780340813065
9780340813102
9780340813126
9780340814826
9780340817629
9780340819944
9780340822289
9780340823453
9780340824542
9780340824610
9780340826812
9780340828571
9780340828618
9780340828663
9780340830000
9780340833339
9780340834176
9780340841211
9780340845004
9780340846506
9780340846964
9780340847008
9780340847794
9780340847800
9780340847824
9780340847848
9780340848890
9780340849415
9780340849743
9780340850541
9780340851845
9780340852040
9780340854259
9780340854587
9780340854693
9780340854839
9780340855676
9780340856147
9780340856154
9780340857342
9780340858035
9780340859049
9780340859261
9780340859940
9780340861691
9780340866504
9780340866863
9780340867440
9780340871485
9780340872604
9780340873045
9780340873908
9780340876497
9780340876633
9780340876718
9780340877722
9780340887332
9780340887394
9780340887530
9780340887844
9780340887868
9780340889190
9780340889428
9780340889879
9780340889909
9780340895351
9780340895719
9780340896600
9780340899427
9780340899908
9780340905616
9780340905630
9780340906989
9780340907108
9780340907252
9780340907269
9780340915486
9780340917145
9780340923795
9780340929629
9780340933244
9780340940129
9780340946350
9780340948958
9780340951453
9780340959145
9780340961858
9780340962558
9780340965191
9780340968376
9780340976555
9780340979808
9780340984406
9780340987582
9780340990483
9780340993187
9780340996072
9780340998434
9780345097200
9780345097903
9780345217462
9780345240965
9780345245250
9780345247186
9780345247971
9780345248756
9780345250612
9780345250933
9780345252227
9780345252333
9780345252371
9780345252449
9780345253538
9780345255082
9780345255389
9780345256607
9780345257888
9780345259417
9780345270948
9780345271501
9780345273406
9780345274878
9780345275714
9780345276407
9780345276674
9780345282453
9780345283337
9780345285027
9780345286864
9780345288066
9780345289124
9780345289216
9780345290496
9780345291042
9780345291189
9780345291196
9780345291509
9780345292131
9780345292629
9780345292674
9780345295415
9780345299017
9780345300966
9780345302618
9780345304964
9780345310200
9780345312099
9780345313102
9780345313478
9780345315489
9780345316219
9780345316356
9780345317698
9780345318732
9780345319388
9780345322029
9780345322302
9780345322715
9780345323934
9780345324689
9780345325082
9780345325365
9780345329110
9780345329387
9780345329639
9780345329875
9780345330918
9780345331342
9780345332110
9780345332264
9780345333469
9780345338983
9780345340528
9780345340580
9780345340788
9780345340849
9780345342799
9780345343215
9780345344243
9780345344632
9780345344922
9780345347152
9780345347190
9780345349156
9780345350657
9780345350756
9780345351098
9780345351111
9780345351135
9780345353634
9780345354259
9780345354310
9780345354334
9780345355355
9780345356840
9780345358011
9780345359148
9780345359155
9780345359605
9780345361400
9780345361639
9780345362193
9780345362582
9780345365286
9780345365484
9780345365606
9780345366931
9780345367778
9780345368010
9780345371218
9780345371355
9780345372468
9780345373595
9780345373717
9780345378279
9780345378675
9780345379887
9780345381101
9780345381613
9780345386595
9780345397775
9780345402554
9780345404237
9780345407948
9780345419262
9780345422248
9780345436191
9780345437730
9780345450852
9780345472373
9780345479044
9780345483690
9780345491237
9780345492098
9780345492814
9780345494818
9780345498298
9780345499189
9780345501264
9780345510792
9780345543110
9780345811134
9780345813299
9780345815118
9780345815149
9780345816542
9780346122819
9780349008523
9780349100524
9780349103181
9780349104959
9780349106236
9780349106243
9780349107592
9780349113494
9780349115429
9780349117096
9780349122991
9780349128115
9780349132402
9780349133683
9780349138961
9780354474504
9780356019376
9780356103198
9780356132235
9780356135632
9780356141411
9780356168036
9780356175256
9780356203164
9780356203225
9780356205663
9780356205731
9780356210124
9780358576631
9780358576648
9780358690115
9780358723004
9780370005485
9780370011172
9780370014425
9780370107813
9780370303598
9780370304427
9780370325019
9780370326849
9780373505722
9780373506958
9780373508679
9780373575626
9780373579440
9780373603954
9780374304393
9780374391317
9780375401558
9780375403033
9780375405297
9780375422232
9780375425813
9780375427138
9780375427909
9780375428272
9780375428685
9780375429064
9780375429323
9780375429699
9780375429859
9780375433641
9780375435003
9780375435065
9780375435140
9780375504655
9780375701399
9780375702198
9780375702969
9780375706295
9780375707445
9780375709623
9780375709630
9780375720284
9780375720345
9780375721243
9780375722172
9780375722288
9780375722806
9780375753473
9780375755613
9780375755989
9780375755996
9780375756214
9780375756221
9780375762260
9780375762338
9780375762444
9780375762963
9780375763168
9780375764653
9780375800221
9780375800566
9780375800573
9780375801006
9780375801624
9780375802515
9780375803475
9780375803642
9780375804397
9780375805110
9780375806247
9780375806360
9780375806940
9780375808449
9780375811104
9780375811678
9780375811685
9780375811784
9780375811791
9780375811845
9780375812941
9780375813764
9780375813979
9780375813986
9780375814273
9780375814792
9780375815072
9780375815133
9780375815225
9780375815881
9780375815911
9780375816062
9780375821653
9780375821714
9780375821882
9780375821899
9780375822193
9780375822728
9780375823251
9780375823602
9780375823947
9780375824852
9780375824869
9780375825200
9780375826771
9780375829147
9780375830129
9780375830471
9780375832796
9780375834578
9780375834738
9780375834752
9780375834790
9780375835094
9780375835520
9780375836176
9780375836633
9780375836848
9780375837630
9780375838200
9780375839290
9780375841156
9780375841842
9780375842054
9780375842733
9780375842771
9780375843624
9780375845895
9780375850974
9780375851063
9780375854125
9780375855696
9780375856716
9780375857287
9780375861437
9780375864285
9780375865657
9780375870316
9780375872358
9780375895081
9780375900006
9780375906305
9780375906923
9780375911330
9780375912191
9780375912481
9780375912788
9780375915666
9780375922770
9780375924118
9780375925252
9780375925894
9780375927126
9780375928604
9780375929465
9780375929502
9780375931666
9780375932151
9780375932175
9780375932649
9780375933059
9780375934605
9780375936913
9780375936968
9780375937569
9780375937996
9780375938030
9780375938429
9780375938856
9780375939631
9780375940668
9780375946998
9780375951855
9780375951879
9780375954139
9780375955785
9780375957048
9780375957550
9780375958625
9780375958670
9780375961137
9780375962271
9780375963353
9780375967559
9780375968419
9780375968754
9780375969836
9780375969850
9780375970054
9780375971686
9780375971914
9780375972706
9780375972966
9780375973666
9780375973710
9780375974038
9780375974281
9780375974359
9780375974809
9780375974861
9780375975226
9780375975233
9780375975325
9780375976544
9780375977886
9780375978968
9780375978975
9780375979149
9780375990472
9780375990595
9780379005240
9780379005318
9780379120547
9780379120585
9780379120615
9780379120653
9780379120691
9780379120783
9780379161700
9780379202212
9780379208191
9780380000043
9780380002467
9780380002863
9780380004386
9780380007097
9780380007356
9780380013395
9780380013999
9780380014941
9780380018123
9780380019533
9780380422678
9780380479771
9780380507085
9780380513260
9780380534708
9780380561438
9780380571253
9780380580088
9780380607235
9780380627783
9780380655168
9780380688258
9780380699148
9780380699605
9780380701490
9780380705948
9780380706129
9780380706334
9780380706365
9780380707119
9780380707324
9780380707751
9780380711307
9780380711567
9780380712984
9780380719495
9780380731664
9780380750962
9780380752416
9780380753758
9780380754953
9780380759279
9780380759620
9780380764464
9780380764648
9780380768523
9780380769001
9780380769179
9780380773978
9780380774852
9780380779956
9780380781263
9780380781355
9780380781799
9780380785513
9780380791668
9780380792696
9780380797523
9780380800216
9780380803873
9780380814343
9780380851348
9780380857128
9780380873531
9780380892686
9780380895359
9780380898077
9780380899388
9780380899715
9780381980474
9780381996024
9780382027932
9780382070570
9780382070594
9780382070624
9780382071447
9780382099861
9780382115233
9780382127090
9780382209185
9780382239632
9780382306556
9780382320521
9780382325977
9780382365911
9780382366284
9780382374463
9780383037251
9780383037343
9780385012119
9780385019132
9780385022668
9780385023092
9780385025102
9780385027724
9780385035255
9780385036108
9780385039987
9780385042604
9780385048873
9780385049498
9780385050753
9780385075527
9780385078566
9780385089234
9780385089487
9780385099578
9780385114752
9780385116787
9780385120364
9780385125772
9780385127066
9780385127325
9780385132046
9780385132145
9780385132251
9780385143677
9780385148528
9780385149068
9780385151993
9780385154178
9780385154277
9780385155601
9780385156707
9780385157124
9780385157308
9780385158398
9780385171519
9780385172103
9780385172462
9780385173117
9780385173711
9780385175210
9780385175883
9780385179164
9780385180061
9780385181006
9780385181051
9780385182782
9780385183079
9780385183413
9780385191524
9780385196475
9780385196888
9780385197021
9780385198400
9780385232579
9780385233255
9780385233552
9780385235174
9780385235662
9780385236690
9780385239158
9780385243414
9780385244701
9780385245821
9780385246019
9780385249317
9780385249782
9780385251105
9780385253871
9780385255660
9780385258715
9780385260886
9780385266260
9780385277778
9780385279628
9780385279864
9780385279949
9780385279956
9780385283380
9780385284080
9780385284264
9780385287500
9780385287883
9780385288736
9780385291149
9780385292887
9780385293075
9780385293082
9780385293310
9780385293419
9780385294546
9780385295123
9780385295475
9780385296007
9780385296250
9780385296922
9780385297653
9780385297769
9780385297875
9780385300834
9780385302692
9780385308373
9780385308557
9780385311748
9780385312974
9780385316248
9780385321631
9780385321679
9780385321921
9780385322829
9780385322911
9780385322928
9780385323017
9780385325165
9780385325967
9780385333573
9780385342018
9780385365000
9780385365987
9780385375047
9780385375221
9780385384100
9780385384377
9780385384483
9780385386722
9780385387583
9780385387682
9780385390576
9780385417082
9780385417136
9780385421683
9780385424127
9780385470056
9780385499811
9780385506946
9780385513777
9780385517980
9780385522540
9780385613682
9780385659208
9780385683586
9780385686457
9780385687690
9780385722735
9780385730389
9780385730952
9780385731324
9780385734080
9780385734356
9780385735278
9780385735513
9780385735681
9780385744409
9780385750141
9780385750424
9780385753265
9780385753432
9780385755009
9780385900034
9780385900089
9780385900584
9780385900645
9780385900973
9780385901024
9780385902052
9780385902182
9780385902694
9780385903233
9780385903448
9780385903646
9780385904230
9780385905008
9780385905459
9780385906456
9780385906838
9780385907552
9780385907637
9780385907668
9780385908412
9780385908566
9780385908634
9780385909112
9780385909327
9780385909372
9780387047157
9780387052724
9780387055497
9780387075587
9780387079721
9780387080376
9780387088099
9780387088648
9780387089621
9780387091129
9780387091853
9780387100906
9780387102580
9780387106588
9780387115580
9780387116464
9780387119717
9780387121925
9780387131429
9780387153322
9780387157658
9780387161273
9780387168906
9780387169279
9780387170022
9780387172712
9780387172774
9780387183138
9780387188881
9780387190440
9780387193731
9780387193977
9780387196480
9780387528250
9780387532943
9780387535074
9780387537436
9780387550305
9780387815800
9780387816173
9780387902357
9780387915203
9780387942124
9780387975719
9780389207900
9780390147066
9780390578914
9780391035430
9780393007732
9780393012248
9780393013627
9780393018417
9780393042344
9780393044300
9780393055412
9780393057041
9780393970845
9780394003795
9780394003801
9780394015705
9780394020266
9780394076850
9780394220017
9780394220062
9780394220437
9780394220444
9780394220741
9780394220789
9780394220840
9780394221151
9780394221267
9780394221274
9780394221342
9780394221465
9780394221816
9780394222257
9780394222554
9780394223452
9780394223476
9780394223506
9780394223674
9780394223858
9780394223872
9780394224077
9780394224664
9780394224688
9780394224695
9780394224701
9780394281186
9780394301143
9780394310732
9780394311302
9780394312019
9780394312996
9780394313320
9780394313375
9780394316710
9780394317748
9780394318615
9780394319797
9780394320403
9780394320540
9780394320618
9780394321707
9780394324968
9780394325514
9780394325743
9780394327808
9780394328102
9780394328966
9780394330112
9780394330976
9780394332635
9780394332772
9780394334714
9780394334745
9780394336855
9780394339504
9780394341200
9780394341989
9780394341996
9780394347172
9780394347189
9780394347400
9780394348292
9780394349015
9780394351094
9780394354767
9780394355009
9780394362045
9780394362410
9780394362786
9780394363349
9780394363721
9780394368771
9780394372471
9780394374055
9780394374208
9780394375380
9780394375410
9780394378305
9780394378329
9780394383804
9780394394749
9780394405810
9780394407678
9780394408927
9780394416489
9780394418940
9780394420585
9780394420714
9780394423661
9780394425405
9780394433196
9780394434391
9780394460451
9780394460970
9780394461915
9780394472416
9780394473086
9780394484853
9780394487533
9780394488462
9780394489391
9780394489407
9780394491417
9780394494265
9780394497532
9780394500560
9780394503042
9780394505893
9780394506449
9780394508290
9780394514239
9780394521312
9780394522135
9780394522982
9780394524726
9780394527468
9780394528625
9780394530383
9780394531694
9780394537917
9780394541945
9780394541983
9780394542911
9780394562216
9780394569932
9780394575124
9780394577340
9780394580807
9780394602004
9780394604794
9780394608013
9780394623481
9780394702155
9780394703770
9780394704784
9780394708553
9780394708591
9780394710204
9780394710600
9780394710655
9780394711652
9780394712031
9780394712345
9780394717319
9780394717418
9780394718927
9780394722238
9780394729268
9780394731179
9780394734927
9780394735030
9780394735894
9780394736372
9780394738444
9780394741352
9780394741895
9780394754420
9780394800974
9780394802930
9780394803265
9780394803791
9780394804415
9780394805139
9780394808987
9780394815947
9780394819761
9780394821474
9780394821504
9780394821801
9780394822716
9780394823188
9780394823263
9780394823607
9780394824079
9780394824253
9780394825502
9780394826509
9780394829074
9780394829418
9780394830469
9780394832845
9780394834528
9780394837215
9780394837413
9780394837949
9780394842523
9780394843667
9780394844435
9780394844688
9780394845883
9780394846859
9780394846880
9780394847214
9780394848105
9780394848785
9780394849379
9780394850009
9780394850221
9780394852027
9780394852096
9780394852485
9780394852805
9780394853314
9780394853536
9780394854274
9780394854359
9780394854939
9780394855455
9780394856049
9780394861074
9780394861913
9780394863832
9780394864464
9780394866987
9780394867922
9780394867984
9780394868202
9780394868752
9780394870168
9780394871059
9780394872087
9780394873428
9780394874296
9780394874623
9780394874708
9780394875255
9780394876597
9780394876672
9780394876696
9780394877129
9780394878164
9780394879895
9780394879994
9780394883519
9780394884325
9780394885216
9780394885438
9780394885667
9780394886299
9780394886800
9780394887678
9780394887791
9780394888460
9780394888859
9780394890074
9780394890463
9780394890692
9780394892214
9780394894010
9780394894591
9780394898025
9780394899879
9780394900247
9780394900483
9780394900490
9780394900926
9780394901251
9780394901299
9780394902951
9780394903033
9780394903040
9780394903064
9780394903392
9780394903583
9780394903682
9780394905846
9780394907420
9780394908106
9780394912042
9780394913803
9780394915821
9780394916378
9780394916811
9780394916903
9780394917412
9780394917931
9780394918754
9780394918976
9780394920511
9780394920610
9780394921655
9780394922416
9780394924311
9780394925011
9780394926537
9780394926735
9780394929217
9780394932286
9780394934754
9780394937328
9780394939018
9780394940267
9780394940397
9780394940779
9780394941820
9780394941868
9780394943084
9780394943503
9780394944302
9780394948485
9780394948683
9780394950464
9780394955964
9780394959719
9780394962962
9780394963259
9780394965734
9780394965956
9780394967080
9780394967554
9780394970455
9780394973333
9780394974996
9780394975177
9780394985770
9780394995748
9780394996097
9780394998596
9780395593585
9780396076469
9780396076513
9780396079095
9780396080336
9780396081364
9780396085645
9780396086635
9780396087021
9780396087274
9780396087403
9780396090113
9780396092261
9780397473991
9780399102868
9780399111150
9780399111945
9780399114663
9780399115080
9780399115363
9780399117985
9780399119309
9780399119934
9780399123719
9780399126772
9780399128035
9780399128691
9780399130694
9780399136047
9780399139246
9780399147180
9780399147654
9780399161629
9780399172311
9780399200526
9780399203367
9780399203794
9780399204159
9780399204357
9780399204739
9780399204913
9780399206221
9780399206238
9780399206597
9780399206863
9780399207365
9780399208041
9780399208263
9780399208560
9780399208669
9780399209093
9780399209567
9780399210495
9780399210549
9780399210808
9780399210839
9780399211621
9780399212987
9780399213243
9780399214592
9780399215094
9780399215353
9780399217012
9780399217074
9780399217609
9780399218521
9780399219047
9780399219177
9780399220494
9780399221859
9780399221934
9780399224386
9780399225338
9780399226236
9780399227585
9780399232343
9780399238543
9780399242397
9780399243189
9780399243608
9780399246142
9780399250941
9780399251948
9780399400483
9780399500220
9780399503672
9780399505355
9780399506369
9780399508592
9780399509315
9780399510861
9780399511264
9780399511288
9780399513749
9780399514470
9780399514692
9780399515019
9780399515071
9780399515729
9780399515903
9780399515965
9780399516023
9780399517006
9780399522017
9780399522680
9780399527067
9780399530265
9780399533013
9780399533891
9780399533921
9780399535000
9780399537318
9780399541506
9780399550751
9780399550980
9780399553639
9780399554568
9780399555602
9780399591181
9780399591198
9780399603235
9780399604805
9780399610943
9780399611056
9780399611094
9780399611469
9780399611506
9780399611698
9780399611971
9780399612305
9780406903235
9780406946768
9780412738302
9780413155405
9780413453716
9780413561602
9780415001939
9780424001937
9780425023211
9780425024201
9780425029770
9780425034163
9780425035726
9780425035771
9780425037553
9780425039106
9780425039670
9780425039717
9780425040300
9780425041000
9780425043127
9780425043325
9780425043349
9780425043813
9780425044759
9780425045220
9780425046845
9780425047217
9780425047538
9780425048023
9780425048122
9780425048177
9780425050422
9780425052044
9780425052273
9780425053959
9780425054741
9780425054901
9780425055243
9780425056165
9780425056189
9780425057148
9780425057155
9780425057179
9780425057216
9780425058275
9780425059463
9780425062487
9780425062678
9780425065327
9780425065402
9780425065709
9780425065891
9780425065983
9780425066911
9780425071144
9780425071175
9780425071588
9780425072691
9780425073926
9780425075081
9780425075760
9780425075777
9780425076606
9780425077450
9780425077474
9780425081969
9780425082218
9780425082805
9780425082959
9780425084205
9780425084380
9780425086315
9780425086919
9780425087459
9780425088654
9780425088739
9780425088869
9780425090428
9780425090527
9780425090770
9780425093146
9780425095010
9780425095546
9780425095928
9780425097137
9780425097830
9780425098431
9780425100226
9780425100295
9780425100820
9780425101094
9780425103302
9780425103395
9780425104903
9780425105498
9780425106808
9780425106822
9780425107027
9780425108970
9780425109465
9780425110522
9780425110614
9780425112021
9780425112090
9780425113059
9780425113226
9780425113417
9780425113905
9780425113998
9780425115343
9780425116944
9780425117088
9780425117446
9780425118320
9780425119143
9780425119693
9780425120118
9780425120590
9780425121153
9780425121412
9780425122716
9780425124963
9780425125236
9780425125557
9780425127353
9780425128541
9780425129043
9780425131367
9780425131855
9780425132081
9780425132449
9780425133026
9780425133859
9780425134016
9780425136256
9780425138021
9780425141052
9780425142936
9780425143315
9780425143827
9780425143995
9780425144329
9780425144626
9780425144961
9780425147313
9780425150252
9780425150283
9780425151099
9780425152287
9780425152515
9780425152966
9780425153031
9780425153055
9780425155462
9780425156032
9780425156124
9780425158517
9780425159040
9780425159385
9780425159408
9780425161920
9780425162644
9780425164495
9780425164938
9780425165171
9780425165751
9780425166901
9780425167427
9780425168202
9780425168547
9780425168783
9780425176351
9780425179727
9780425181539
9780425185315
9780425196199
9780425196250
9780425199145
9780425203668
9780425207338
9780425212097
9780425250952
9780431013862
9780431016306
9780431080635
9780431088228
9780431096049
9780431098142
9780431109084
9780431114026
9780431124742
9780431137308
9780431139821
9780431166216
9780431176567
9780431178981
9780431185774
9780431186269
9780431186504
9780431188522
9780431189406
9780431190372
9780431190648
9780431906409
9780431907116
9780431931302
9780433007111
9780433035374
9780433051381
9780434010172
9780434011551
9780434017799
9780434018253
9780434807352
9780434967773
9780434977550
9780435046859
9780435127510
9780435214579
9780435240387
9780435245207
9780435255596
9780435263942
9780435271756
9780435271800
9780435272289
9780435283629
9780435307509
9780435318512
9780435430825
9780435535841
9780435675516
9780435914196
9780435914387
9780435919979
9780435994617
9780435994648
9780436279584
9780436284564
9780436366505
9780437794123
9780439004091
9780439004107
9780439004206
9780439004237
9780439004275
9780439004336
9780439004527
9780439004541
9780439004565
9780439004572
9780439004640
9780439004688
9780439004800
9780439004879
9780439004886
9780439004947
9780439004985
9780439005074
9780439005159
9780439005166
9780439005227
9780439005296
9780439005302
9780439005388
9780439005463
9780439010528
9780439011679
9780439011938
9780439012317
9780439012485
9780439012669
9780439013161
9780439013970
9780439014144
9780439016452
9780439017046
9780439017213
9780439017237
9780439017480
9780439017503
9780439017527
9780439018173
9780439018647
9780439020091
9780439020992
9780439024198
9780439024860
9780439026093
9780439026178
9780439026802
9780439040693
9780439040778
9780439043380
9780439043724
9780439050166
9780439052146
9780439055055
9780439056106
9780439056373
9780439056779
9780439056793
9780439056809
9780439056878
9780439056946
9780439059640
9780439059671
9780439061520
9780439061711
9780439064187
9780439064705
9780439065115
9780439072250
9780439072274
9780439073745
9780439077675
9780439077682
9780439078450
9780439082297
9780439082457
9780439086547
9780439087346
9780439088473
9780439088763
9780439097772
9780439097840
9780439099561
9780439105712
9780439105798
9780439106825
9780439108003
9780439108478
9780439108508
9780439112130
9780439113151
9780439114240
9780439115100
9780439115452
9780439120128
9780439120159
9780439120210
9780439120234
9780439120272
9780439120302
9780439120319
9780439120562
9780439120739
9780439120746
9780439123334
9780439123365
9780439123372
9780439123792
9780439123891
9780439123952
9780439124058
9780439124126
9780439128353
9780439128469
9780439129350
9780439131421
9780439131438
9780439133203
9780439133593
9780439135764
9780439136457
9780439137553
9780439139663
9780439140607
9780439140652
9780439141352
9780439148658
9780439161466
9780439162562
9780439162586
9780439162852
9780439164108
9780439168267
9780439168274
9780439169677
9780439173285
9780439173612
9780439176361
9780439176385
9780439176439
9780439176576
9780439176903
9780439188197
9780439188487
9780439188494
9780439188524
9780439188555
9780439188623
9780439189354
9780439194211
9780439199841
9780439202107
9780439208529
9780439210300
9780439211741
9780439213134
9780439215664
9780439216715
9780439216791
9780439217163
9780439219532
9780439221184
9780439221290
9780439223072
9780439224598
9780439225977
9780439227636
9780439227919
9780439228077
9780439230827
9780439231978
9780439235792
9780439238908
9780439240994
9780439243940
9780439249775
9780439249782
9780439249980
9780439250757
9780439252485
9780439259132
9780439259859
9780439262187
9780439267687
9780439270755
9780439272216
9780439272865
9780439274616
9780439282772
9780439282857
9780439283182
9780439283229
9780439284264
9780439285537
9780439286572
9780439287081
9780439288316
9780439288897
9780439288903
9780439291262
9780439291477
9780439295161
9780439297899
9780439304702
9780439306287
9780439312370
9780439312387
9780439312677
9780439312691
9780439312707
9780439312721
9780439312790
9780439312806
9780439312912
9780439312929
9780439316378
9780439316439
9780439317290
9780439318914
9780439323420
9780439323635
9780439323680
9780439326988
9780439329569
9780439330398
9780439332644
9780439337953
9780439338417
9780439338509
9780439338677
9780439339087
9780439339612
9780439341219
9780439342735
9780439343664
9780439350747
9780439350891
9780439350907
9780439350983
9780439351188
9780439351256
9780439351263
9780439351317
9780439351386
9780439351805
9780439351898
9780439352550
9780439355209
9780439357715
9780439357791
9780439364263
9780439366083
9780439367509
9780439367684
9780439370653
9780439371506
9780439374354
9780439376389
9780439376402
9780439379823
9780439381161
9780439381574
9780439384650
9780439388214
9780439388566
9780439388573
9780439390620
9780439394703
9780439395168
9780439395762
9780439401432
9780439403313
9780439403566
9780439403665
9780439404990
9780439405942
9780439406819
9780439406833
9780439406840
9780439409148
9780439409285
9780439410298
9780439412865
9780439412872
9780439415323
9780439418195
9780439418232
9780439419796
9780439438445
9780439439190
9780439441995
9780439443005
9780439444033
9780439444316
9780439444347
9780439445313
9780439452281
9780439452335
9780439453035
9780439453493
9780439453530
9780439454469
9780439454476
9780439454551
9780439455565
9780439456173
9780439460668
9780439460804
9780439462273
9780439465090
9780439465113
9780439465175
9780439465571
9780439465595
9780439468275
9780439468350
9780439468794
9780439469630
9780439471596
9780439473118
9780439474207
9780439482653
9780439486019
9780439486125
9780439486132
9780439486156
9780439486163
9780439486187
9780439492003
9780439493000
9780439494625
9780439497107
9780439517959
9780439517980
9780439519120
9780439521529
9780439521789
9780439522212
9780439527873
9780439529709
9780439529761
9780439531146
9780439533485
9780439533522
9780439537384
9780439539425
9780439539678
9780439540339
9780439543095
9780439543170
9780439543187
9780439546058
9780439550352
9780439553605
9780439554701
9780439556101
9780439556972
9780439559553
9780439560764
9780439561440
9780439562362
9780439562393
9780439562911
9780439566001
9780439570855
9780439572354
9780439572439
9780439573214
9780439576666
9780439577878
9780439579070
9780439579186
9780439579827
9780439580632
9780439581776
9780439585651
9780439591775
9780439597722
9780439597791
9780439597807
9780439597920
9780439597982
9780439598064
9780439598118
9780439598132
9780439598378
9780439614481
9780439619943
9780439622837
9780439623421
9780439625968
9780439626057
9780439627863
9780439633697
9780439635134
9780439635370
9780439637824
9780439638227
9780439639279
9780439639309
9780439639927
9780439640565
9780439643313
9780439646772
9780439646901
9780439646918
9780439646925
9780439646956
9780439646963
9780439646987
9780439647175
9780439647502
9780439647533
9780439647540
9780439647564
9780439647977
9780439648202
9780439648318
9780439648561
9780439648714
9780439649155
9780439649636
9780439649643
9780439649711
9780439649995
9780439650489
9780439650533
9780439650557
9780439653015
9780439656221
9780439659307
9780439661065
9780439661201
9780439661393
9780439662628
9780439664622
9780439664844
9780439664868
9780439665230
9780439665308
9780439666367
9780439666817
9780439666824
9780439666985
9780439667029
9780439667111
9780439668507
9780439669344
9780439669764
9780439669771
9780439670333
9780439671613
9780439672030
9780439672047
9780439672054
9780439672382
9780439672757
9780439674980
9780439676328
9780439676335
9780439676595
9780439676724
9780439676762
9780439678025
9780439678452
9780439679336
9780439679558
9780439679930
9780439679985
9780439679992
9780439680189
9780439680202
9780439681278
9780439682510
9780439683616
9780439684538
9780439684576
9780439684606
9780439684651
9780439684699
9780439684996
9780439685016
9780439685030
9780439685078
9780439685085
9780439685108
9780439686211
9780439686228
9780439687225
9780439687638
9780439687812
9780439688055
9780439688116
9780439688246
9780439688635
9780439688659
9780439688680
9780439688703
9780439688918
9780439688932
9780439690072
9780439691543
9780439692946
9780439692991
9780439693004
9780439693264
9780439693813
9780439696661
9780439696739
9780439697040
9780439697057
9780439697071
9780439697095
9780439697101
9780439697118
9780439697149
9780439697163
9780439697170
9780439698603
9780439700528
9780439701150
9780439701341
9780439702744
9780439703437
9780439709781
9780439711890
9780439713351
9780439717120
9780439719674
9780439720168
9780439721905
9780439723183
9780439723879
9780439723947
9780439726047
9780439726054
9780439726788
9780439742047
9780439742177
9780439744034
9780439746045
9780439746625
9780439748827
9780439748865
9780439749015
9780439749176
9780439750523
9780439753814
9780439754217
9780439755351
9780439756945
9780439756952
9780439760911
9780439761543
9780439765572
9780439768337
9780439768375
9780439768931
9780439772198
9780439773249
9780439773287
9780439774345
9780439774482
9780439775014
9780439781718
9780439783668
9780439783910
9780439783941
9780439783965
9780439784320
9780439784924
9780439786584
9780439787024
9780439787031
9780439787086
9780439787154
9780439787307
9780439788427
9780439789028
9780439789226
9780439791076
9780439791250
9780439791687
9780439792189
9780439792219
9780439792370
9780439793223
9780439793230
9780439795975
9780439796439
9780439797719
9780439798846
9780439799225
9780439799744
9780439801478
9780439801812
9780439801867
9780439801874
9780439802925
9780439803274
9780439803632
9780439807920
9780439807982
9780439813327
9780439813358
9780439813365
9780439814768
9780439814775
9780439816939
9780439816960
9780439816991
9780439817011
9780439818681
9780439819763
9780439819817
9780439822299
9780439822978
9780439823623
9780439827577
9780439827973
9780439827980
9780439828109
9780439828383
9780439828482
9780439830706
9780439831161
9780439835817
9780439837590
9780439837996
9780439838740
9780439842938
9780439843027
9780439843034
9780439843232
9780439847162
9780439851152
9780439851169
9780439851176
9780439853446
9780439853651
9780439854283
9780439854344
9780439856041
9780439857987
9780439858595
9780439859332
9780439859448
9780439860598
9780439862066
9780439862707
9780439863070
9780439863087
9780439863216
9780439866224
9780439866446
9780439867979
9780439867986
9780439869393
9780439870191
9780439870351
9780439870528
9780439870665
9780439870689
9780439870931
9780439871297
9780439872058
9780439874267
9780439874366
9780439874816
9780439874878
9780439876285
9780439877008
9780439877541
9780439879118
9780439879200
9780439879217
9780439881043
9780439888417
9780439888424
9780439893626
9780439895255
9780439895323
9780439895804
9780439896344
9780439896382
9780439899055
9780439902236
9780439903998
9780439905152
9780439905206
9780439905220
9780439907491
9780439911061
9780439911580
9780439914475
9780439915083
9780439916936
9780439916950
9780439919036
9780439919050
9780439919524
9780439920582
9780439921572
9780439921893
9780439922531
9780439924054
9780439925389
9780439925419
9780439926430
9780439927796
9780439927932
9780439929219
9780439932189
9780439932202
9780439932486
9780439933254
9780439934862
9780439935548
9780439935708
9780439935746
9780439937351
9780439938105
9780439939249
9780439940443
9780439940559
9780439940580
9780439940641
9780439940658
9780439940672
9780439940689
9780439940740
9780439940771
9780439940924
9780439940955
9780439940993
9780439941020
9780439941044
9780439941105
9780439941310
9780439941426
9780439941471
9780439941662
9780439941686
9780439941730
9780439941884
9780439941921
9780439942041
9780439942072
9780439942546
9780439942614
9780439942720
9780439942768
9780439942843
9780439944311
9780439945271
9780439945417
9780439945424
9780439946100
9780439946209
9780439946742
9780439947244
9780439947916
9780439947923
9780439947947
9780439948005
9780439948036
9780439948043
9780439948128
9780439948210
9780439948265
9780439948272
9780439948296
9780439948319
9780439948326
9780439948333
9780439948357
9780439948371
9780439948470
9780439948487
9780439948531
9780439948623
9780439948685
9780439948777
9780439948869
9780439949163
9780439950411
9780439950541
9780439951166
9780439951630
9780439952385
9780439952897
9780439953085
9780439953160
9780439953283
9780439953290
9780439953337
9780439953344
9780439953351
9780439953368
9780439953375
9780439953382
9780439953399
9780439953528
9780439953559
9780439953566
9780439953641
9780439953672
9780439954518
9780439955799
9780439956703
9780439957830
9780439957960
9780439958035
9780439958073
9780439958080
9780439958127
9780439958264
9780439958301
9780439958394
9780439958431
9780439958448
9780439958462
9780439958561
9780439958615
9780439958646
9780439958660
9780439958691
9780439958783
9780439958851
9780439959711
9780439960823
9780439961400
9780439961936
9780439961950
9780439961998
9780439962001
9780439962025
9780439962032
9780439962049
9780439962056
9780439962063
9780439962087
9780439962094
9780439962100
9780439962186
9780439962308
9780439962421
9780439962506
9780439962520
9780439962544
9780439962612
9780439962636
9780439962667
9780439962674
9780439962735
9780439962841
9780439962858
9780439963565
9780439965231
9780439965804
9780439965897
9780439965903
9780439965934
9780439965989
9780439966009
9780439966016
9780439966085
9780439966214
9780439966238
9780439966269
9780439966528
9780439966542
9780439966566
9780439966603
9780439966627
9780439966634
9780439966658
9780439966665
9780439966672
9780439966689
9780439966719
9780439966764
9780439966900
9780439966924
9780439966962
9780439966979
9780439967006
9780439967716
9780439967730
9780439967747
9780439967877
9780439968300
9780439968713
9780439968904
9780439969093
9780439969222
9780439969710
9780439969734
9780439969741
9780439969864
9780439969888
9780439969963
9780439969994
9780439970013
9780439970068
9780439970112
9780439970129
9780439970228
9780439970235
9780439970242
9780439970280
9780439970358
9780439970365
9780439970389
9780439970396
9780439970426
9780439970433
9780439970440
9780439970471
9780439970488
9780439970495
9780439970525
9780439970532
9780439970549
9780439970556
9780439970563
9780439970570
9780439971607
9780439971614
9780439973243
9780439973748
9780439974400
9780439975094
9780439975179
9780439975186
9780439975209
9780439975216
9780439975223
9780439975230
9780439975247
9780439975285
9780439975322
9780439975407
9780439975414
9780439975421
9780439975438
9780439975445
9780439975469
9780439975506
9780439975513
9780439975520
9780439975575
9780439975629
9780439975643
9780439975650
9780439975766
9780439975797
9780439975810
9780439975834
9780439979023
9780439981460
9780439981521
9780439983280
9780439983303
9780439983457
9780439984539
9780439984614
9780439985024
9780439985055
9780439985062
9780439985116
9780439985154
9780439985161
9780439985239
9780439985253
9780439985369
9780439985406
9780439985482
9780439985499
9780439985574
9780439985635
9780439985659
9780439985697
9780439985758
9780439985833
9780439985901
9780439985925
9780439985987
9780439986069
9780439986083
9780439986137
9780439986175
9780439986229
9780439986243
9780439986267
9780439986298
9780439986311
9780439986328
9780439986410
9780439986427
9780439986434
9780439986496
9780439986564
9780439986670
9780439986700
9780439986724
9780439986793
9780439986816
9780439986847
9780439986878
9780439986892
9780439986908
9780439986953
9780439987028
9780439987035
9780439987110
9780439987127
9780439987288
9780439987394
9780439987417
9780439987516
9780439987554
9780439987899
9780439987912
9780439987943
9780439988254
9780439988452
9780439988469
9780439988513
9780439988698
9780439988872
9780439988995
9780439989015
9780439989022
9780439989114
9780439989244
9780439989251
9780439989411
9780439989442
9780439989565
9780439989879
9780439992343
9780439995122
9780439995351
9780439996426
9780439997492
9780439997522
9780439998123
9780440019237
9780440064060
9780440072911
9780440092643
9780440115182
9780440122807
9780440124887
9780440126911
9780440129608
9780440169697
9780440171461
9780440176374
9780440192268
9780440194729
9780440200956
9780440201236
9780440201243
9780440201618
9780440201632
9780440203148
9780440203841
9780440204220
9780440204282
9780440204596
9780440204831
9780440206637
9780440208112
9780440209799
9780440212089
9780440212591
9780440212676
9780440212850
9780440212980
9780440214380
9780440215837
9780440217954
9780440220404
9780440225720
9780440226833
9780440227007
9780440227885
9780440227939
9780440228349
9780440228646
9780440228783
9780440229391
9780440229759
9780440234647
9780440234777
9780440235378
9780440237860
9780440324386
9780440360032
9780440360100
9780440400790
9780440401124
9780440401810
9780440402541
9780440403197
9780440403241
9780440403548
9780440403753
9780440403982
9780440403999
9780440405061
9780440405498
9780440405559
9780440405719
9780440406198
9780440406389
9780440406532
9780440407676
9780440409694
9780440411000
9780440412151
9780440414117
9780440415565
9780440416371
9780440416944
9780440417132
9780440418177
9780440418283
9780440418436
9780440418467
9780440418979
9780440419235
9780440419839
9780440421993
9780440424468
9780440428718
9780440430384
9780440433668
9780440441366
9780440455974
9780440466468
9780440473909
9780440501589
9780440502166
9780440504009
9780440506690
9780440541974
9780440544210
9780440799207
9780440848035
9780440904991
9780440911234
9780440911968
9780440912309
9780440913818
9780440926740
9780440929048
9780440933779
9780440936428
9780440998297
9780441001361
9780441004874
9780441011926
9780441014262
9780441015436
9780441015573
9780441025879
9780441028924
9780441032587
9780441053834
9780441062676
9780441067510
9780441068593
9780441081981
9780441091782
9780441091980
9780441092314
9780441098460
9780441105175
9780441141722
9780441152445
9780441166015
9780441166633
9780441205714
9780441215676
9780441223725
9780441227679
9780441239252
9780441246243
9780441314546
9780441315529
9780441315895
9780441317417
9780441318483
9780441322558
9780441342327
9780441342860
9780441342884
9780441365142
9780441373932
9780441442034
9780441444656
9780441468256
9780441468959
9780441477760
9780441485239
9780441495139
9780441496303
9780441505159
9780441510122
9780441516285
9780441516483
9780441520411
9780441520817
9780441525102
9780441535774
9780441551330
9780441571697
9780441586400
9780441675739
9780441675746
9780441696598
9780441736782
9780441749201
9780441760312
9780441779260
9780441781942
9780441790487
9780441792375
9780441797981
9780441800506
9780441805822
9780441806713
9780441824144
9780441847013
9780441860722
9780441865703
9780441872626
9780441888528
9780441894574
9780441911776
9780442014025
9780442239572
9780442264925
9780442279158
9780442318086
9780443017186
9780444006998
9780444016379
9780445201040
9780445204201
9780445204669
9780445204768
9780445207578
9780445208100
9780445210141
9780445406650
9780446301039
9780446301978
9780446302012
9780446303835
9780446303989
9780446304511
9780446305648
9780446306089
9780446306232
9780446311014
9780446313605
9780446320085
9780446320405
9780446322607
9780446329569
9780446340458
9780446340496
9780446342469
9780446346504
9780446347358
9780446348454
9780446349444
9780446352802
9780446358453
9780446358460
9780446360579
9780446360616
9780446360784
9780446360791
9780446360951
9780446363327
9780446364027
9780446364171
9780446365284
9780446372190
9780446400015
9780446401715
9780446403788
9780446602570
9780446604260
9780446609708
9780446648363
9780446671798
9780446673624
9780446675833
9780446718912
9780446742856
9780446815468
9780446855778
9780446861977
9780446871631
9780446885874
9780446910453
9780446910774
9780446910804
9780446911009
9780446911016
9780446911528
9780446911566
9780446933308
9780446970082
9780448005294
9780448011943
9780448014548
9780448030760
9780448034317
9780448036922
9780448041841
9780448092546
9780448092942
9780448093147
9780448093543
9780448097336
9780448098777
9780448104270
9780448106878
9780448120393
9780448123196
9780448123271
9780448127514
9780448129570
9780448130224
9780448130521
9780448131115
9780448131412
9780448132969
9780448133386
9780448136196
9780448139579
9780448140513
9780448145358
9780448156897
9780448161587
9780448165660
9780448170046
9780448172002
9780448172019
9780448173047
9780448189017
9780448189352
9780448189918
9780448190679
9780448190846
9780448191065
9780448191294
9780448195117
9780448221908
9780448222127
9780448226859
9780448260587
9780448400785
9780448401072
9780448401416
9780448404592
9780448404660
9780448405537
9780448405544
9780448405933
9780448408521
9780448408767
9780448409320
9780448412832
9780448412870
9780448413464
9780448414959
9780448415772
9780448416113
9780448416267
9780448417189
9780448417332
9780448418674
9780448418780
9780448421995
9780448424347
9780448424583
9780448424866
9780448424880
9780448425351
9780448428178
9780448428314
9780448431550
9780448432830
9780448435497
9780448436319
9780448439181
9780448439532
9780448439594
9780448439907
9780448443638
9780448445533
9780448445618
9780448448220
9780448450063
9780448453255
9780448463940
9780448463964
9780448466774
9780448474854
9780448477800
9780448482071
9780448484051
9780448485799
9780448487410
9780448487595
9780449001004
9780449123508
9780449124031
9780449124642
9780449125526
9780449125861
9780449125960
9780449125991
9780449126080
9780449126097
9780449126202
9780449126530
9780449126899
9780449127643
9780449128121
9780449128527
9780449128787
9780449128954
9780449129890
9780449130063
9780449130094
9780449130568
9780449130681
9780449131466
9780449131817
9780449131831
9780449132050
9780449132616
9780449132838
9780449133040
9780449133149
9780449133828
9780449134382
9780449134689
9780449135693
9780449136690
9780449136720
9780449137086
9780449137888
9780449138663
9780449139073
9780449139257
9780449140352
9780449141779
9780449142479
9780449142745
9780449142844
9780449143018
9780449143223
9780449143735
9780449143919
9780449144343
9780449144558
9780449144992
9780449145296
9780449146200
9780449146361
9780449147665
9780449148099
9780449148150
9780449148167
9780449148358
9780449149782
9780449201633
9780449201688
9780449201886
9780449202173
9780449202333
9780449202364
9780449202616
9780449202845
9780449203828
9780449203866
9780449204498
9780449204597
9780449204627
9780449204696
9780449204917
9780449205884
9780449206973
9780449207048
9780449207710
9780449208120
9780449208595
9780449209660
9780449211403
9780449212424
9780449213636
9780449215012
9780449215395
9780449215975
9780449216514
9780449217337
9780449217993
9780449219263
9780449220009
9780449220023
9780449221105
9780449222300
9780449222812
9780449225059
9780449225974
9780449227855
9780449229231
9780449231135
9780449233146
9780449234358
9780449234686
9780449235355
9780449235935
9780449236499
9780449236581
9780449237496
9780449238370
9780449238691
9780449239520
9780449239612
9780449239766
9780449240137
9780449243084
9780449243169
9780449243251
9780449243558
9780449244234
9780449244715
9780449244838
9780449245071
9780449286999
9780449300046
9780449307977
9780449308042
9780449308134
9780449308349
9780449500378
9780449500460
9780449500576
9780449500750
9780449501115
9780449501634
9780449501740
9780449501771
9780449502341
9780449502730
9780449503034
9780449700051
9780449700525
9780449701188
9780449701508
9780449702475
9780449702956
9780449703434
9780449703519
9780449703960
9780449704035
9780449704578
9780449814468
9780449814796
9780449817575
9780449817766
9780449818763
9780449818831
9780449818923
9780449900734
9780449901243
9780449902660
9780449905005
9780449905258
9780449905814
9780449912652
9780450039638
9780450390500
9780450424014
9780450487996
9780450581229
9780450601682
9780450606427
9780450610028
9780451005052
9780451005595
9780451006141
9780451006912
9780451029577
9780451045270
9780451048462
9780451059635
9780451071668
9780451072320
9780451075284
9780451076267
9780451076434
9780451078131
9780451078193
9780451078315
9780451078407
9780451078865
9780451079398
9780451080134
9780451080189
9780451082619
9780451083005
9780451083234
9780451083555
9780451083876
9780451084620
9780451084675
9780451085115
9780451085467
9780451087010
9780451087607
9780451088567
9780451088918
9780451089274
9780451089977
9780451090287
9780451091321
9780451092670
9780451093523
9780451093714
9780451093837
9780451094544
9780451094728
9780451095190
9780451096128
9780451096289
9780451096739
9780451096883
9780451098108
9780451110572
9780451111074
9780451111173
9780451111197
9780451111579
9780451112453
9780451112682
9780451113092
9780451114105
9780451115539
9780451115645
9780451116314
9780451116543
9780451117366
9780451118134
9780451118783
9780451119018
9780451119254
9780451119292
9780451119834
9780451119896
9780451120571
9780451120724
9780451121448
9780451121486
9780451121608
9780451121844
9780451122131
9780451122377
9780451123367
9780451123435
9780451123749
9780451124364
9780451124586
9780451125149
9780451125644
9780451125774
9780451126177
9780451126443
9780451126894
9780451127631
9780451127839
9780451128300
9780451129598
9780451130525
9780451130648
9780451131300
9780451132024
9780451132086
9780451132826
9780451133335
9780451134363
9780451134967
9780451135681
9780451135810
9780451135872
9780451137289
9780451138170
9780451139672
9780451139696
9780451139801
9780451140074
9780451140210
9780451140982
9780451141200
9780451141231
9780451141293
9780451141347
9780451141675
9780451141828
9780451142757
9780451143150
9780451143396
9780451144225
9780451144560
9780451144645
9780451144652
9780451144997
9780451145154
9780451145963
9780451147134
9780451147233
9780451148445
9780451148544
9780451148902
9780451148926
9780451149244
9780451149312
9780451149817
9780451149824
9780451149961
9780451150417
9780451151148
9780451151155
9780451151834
9780451152435
9780451153210
9780451153920
9780451155184
9780451155771
9780451156099
9780451156266
9780451156549
9780451156686
9780451158246
9780451158482
9780451160935
9780451161079
9780451161260
9780451161604
9780451163349
9780451163394
9780451163660
9780451163844
9780451164087
9780451164766
9780451165176
9780451165817
9780451165824
9780451165985
9780451167064
9780451167613
9780451167675
9780451168405
9780451169136
9780451169815
9780451169952
9780451170040
9780451170187
9780451170781
9780451172464
9780451172495
9780451172860
9780451175632
9780451177476
9780451177827
9780451178077
9780451178343
9780451183293
9780451183453
9780451185884
9780451188120
9780451190659
9780451191632
9780451191717
9780451191809
9780451191991
9780451194176
9780451200846
9780451202161
9780451204240
9780451208873
9780451209092
9780451212269
9780451213396
9780451217035
9780451227232
9780451237354
9780451239211
9780451401045
9780451402783
9780451456120
9780451466211
9780451467485
9780451469380
9780451475138
9780451506535
9780451510075
9780451510433
9780451510587
9780451511829
9780451511867
9780451511898
9780451512291
9780451512321
9780451512857
9780451513571
9780451513625
9780451513823
9780451514110
9780451514165
9780451514523
9780451514752
9780451514769
9780451514776
9780451515087
9780451515247
9780451515292
9780451515353
9780451516121
9780451516145
9780451516510
9780451517333
9780451517463
9780451518798
9780451520012
9780451520166
9780451520180
9780451520357
9780451520425
9780451520623
9780451520661
9780451521118
9780451521804
9780451521859
9780451521910
9780451523471
9780451523808
9780451525635
9780451527837
9780451613349
9780451615541
9780451616401
9780451616654
9780451617033
9780451617255
9780451617293
9780451617637
9780451617958
9780451619730
9780451619839
9780451620248
9780451621245
9780451621955
9780451621962
9780451622143
9780451622334
9780451622501
9780451623218
9780451623379
9780451623584
9780451623591
9780451623607
9780451623676
9780451623829
9780451624505
9780451625496
9780451625700
9780451625762
9780451625991
9780451626066
9780451626103
9780451626974
9780451627414
9780451628091
9780451628183
9780451628824
9780451821256
9780451821812
9780451822147
9780451822680
9780451823342
9780451931429
9780452004979
9780452005099
9780452006447
9780452007239
9780452008502
9780452009653
9780452010505
9780452251168
9780452251236
9780452251670
9780452251908
9780452254008
9780452254497
9780452254657
9780452254732
9780452254923
9780452254947
9780452255012
9780452255128
9780452255326
9780452255937
9780452256071
9780452256156
9780452256774
9780452257979
9780452258242
9780452258877
9780452259409
9780452259669
9780452261402
9780452261570
9780452261631
9780452261952
9780452262539
9780452262942
9780452263994
9780452264526
9780452264595
9780452265004
9780452265912
9780452268487
9780452269361
9780452269910
9780452270855
9780452271364
9780452271838
9780452273559
9780452273696
9780452274532
9780452277281
9780452280489
9780452288768
9780453004114
9780453008358
9780453009423
9780453030762
9780460000215
9780460000727
9780460000741
9780460000758
9780460000765
9780460001021
9780460002059
9780460002349
9780460002394
9780460002806
9780460002950
9780460003056
9780460003278
9780460004565
9780460005241
9780460006941
9780460007924
9780460008778
9780460008792
9780460009638
9780460009935
9780460010900
9780460011020
9780460014816
9780460015905
9780460017114
9780460017916
9780460018944
9780460021876
9780460022422
9780460022446
9780460022545
9780460022620
9780460022774
9780460024921
9780460035095
9780460042277
9780460042482
9780460043632
9780460043823
9780460044059
9780460045797
9780460046374
9780460047623
9780460047876
9780460068093
9780460070171
9780460100441
9780460100670
9780460100892
9780460101479
9780460103039
9780460103077
9780460103473
9780460103657
9780460104913
9780460108683
9780460111577
9780460118095
9780460125390
9780460125406
9780460870337
9780460870634
9780460877275
9780460877336
9780460877862
9780460879644
9780465007554
9780465013357
9780465014750
9780465017959
9780465018949
9780465020898
9780465026722
9780465027040
9780465028177
9780465028405
9780465035816
9780465043804
9780465057887
9780465063192
9780465067701
9780465067794
9780465078226
9780465079537
9780465084395
9780465086238
9780470039823
9780470048092
9780470048900
9780470052242
9780470061381
9780470069509
9780470069516
9780470069523
9780470076514
9780470115916
9780470135884
9780470145661
9780470150030
9780470150207
9780470152119
9780470153604
9780470155059
9780470155738
9780470156070
9780470156780
9780470157039
9780470161470
9780470169674
9780470176375
9780470176887
9780470181393
9780470183700
9780470195604
9780470207628
9780470209479
9780470213964
9780470226926
9780470229019
9780470236062
9780470237427
9780470249932
9780470250075
9780470260319
9780470263822
9780470264317
9780470264584
9780470268636
9780470269916
9780470271247
9780470271537
9780470274835
9780470278529
9780470279939
9780470313213
9780470390801
9780470395684
9780470415146
9780470423462
9780470431191
9780470453520
9780470461679
9780470482506
9780470500620
9780470505922
9780470508558
9780470526781
9780470553053
9780470559499
9780470576984
9780470587669
9780470591468
9780470595343
9780470605325
9780470627563
9780470630815
9780470633847
9780470637678
9780470646106
9780470653074
9780470659007
9780470677902
9780470682364
9780470743621
9780470800669
9780470822104
9780470831649
9780470831656
9780470831663
9780470831694
9780470831724
9780470832158
9780470834534
9780470834923
9780470835296
9780470836118
9780470837184
9780470837443
9780470838105
9780470838396
9780470838440
9780470839478
9780470839492
9780470839508
9780470839515
9780470873670
9780470895986
9780470899021
9780470906897
9780470907672
9780470908518
9780470908525
9780470919101
9780470936313
9780470957554
9780470992111
9780471000402
9780471001409
9780471001553
9780471004608
9780471005278
9780471009009
9780471011453
9780471014379
9780471014669
9780471015970
9780471016946
9780471018803
9780471019138
9780471020028
9780471023395
9780471023432
9780471024569
9780471025153
9780471025290
9780471027089
9780471029816
9780471030218
9780471030294
9780471031178
9780471031185
9780471032625
9780471032915
9780471034865
9780471036081
9780471036173
9780471038122
9780471038818
9780471039051
9780471039082
9780471040750
9780471042327
9780471043317
9780471044413
9780471045151
9780471045533
9780471047148
9780471047308
9780471048121
9780471048558
9780471049746
9780471051770
9780471053781
9780471053903
9780471055655
9780471058663
9780471058816
9780471058977
9780471059875
9780471061069
9780471061601
9780471063353
9780471064022
9780471064473
9780471064725
9780471065906
9780471068785
9780471071051
9780471073970
9780471075578
9780471077367
9780471079163
9780471079361
9780471079743
9780471080015
9780471080121
9780471080978
9780471082057
9780471082088
9780471082262
9780471083870
9780471084990
9780471085300
9780471087182
9780471088950
9780471090328
9780471090519
9780471091837
9780471092919
9780471094104
9780471096313
9780471097846
9780471098867
9780471100843
9780471101413
9780471101444
9780471102571
9780471102625
9780471102717
9780471103226
9780471103233
9780471103752
9780471104629
9780471105015
9780471108573
9780471113805
9780471121282
9780471125167
9780471125433
9780471129103
9780471129233
9780471129912
9780471131793
9780471133445
9780471137221
9780471141136
9780471142041
9780471149088
9780471150244
9780471156321
9780471157076
9780471157540
9780471159216
9780471160182
9780471161974
9780471164296
9780471164739
9780471165804
9780471165859
9780471166238
9780471167501
9780471171171
9780471171225
9780471177494
9780471178453
9780471185734
9780471195368
9780471200512
9780471200734
9780471212607
9780471222668
9780471223030
9780471229322
9780471229704
9780471229711
9780471232988
9780471234500
9780471234722
9780471239109
9780471244325
9780471253129
9780471254218
9780471254973
9780471255734
9780471256793
9780471256830
9780471257677
9780471258940
9780471265276
9780471275701
9780471276203
9780471276753
9780471277453
9780471278429
9780471279402
9780471280279
9780471280408
9780471284567
9780471287810
9780471293118
9780471296072
9780471297284
9780471297543
9780471309000
9780471311102
9780471319436
9780471320241
9780471328094
9780471331919
9780471334743
9780471335856
9780471346357
9780471346746
9780471346807
9780471347217
9780471355854
9780471355908
9780471357346
9780471360254
9780471365150
9780471376330
9780471379195
9780471382195
9780471383758
9780471409007
9780471413127
9780471417446
9780471419532
9780471420453
9780471420828
9780471421825
9780471425694
9780471429463
9780471435099
9780471439172
9780471440222
9780471440666
9780471441885
9780471443605
9780471444534
9780471446194
9780471446378
9780471446934
9780471447566
9780471450726
9780471451709
9780471455066
9780471460619
9780471474753
9780471495123
9780471503804
9780471504160
9780471507543
9780471508458
9780471508670
9780471511489
9780471512011
9780471512479
9780471515012
9780471515272
9780471515296
9780471517405
9780471522706
9780471523109
9780471524502
9780471525172
9780471525882
9780471526247
9780471526520
9780471528227
9780471528265
9780471534334
9780471534464
9780471535720
9780471538998
9780471539964
9780471541097
9780471541554
9780471544692
9780471547716
9780471549642
9780471553694
9780471556381
9780471558460
9780471559085
9780471559184
9780471567301
9780471568827
9780471569053
9780471572350
9780471575580
9780471577188
9780471578123
9780471578697
9780471579861
9780471581116
9780471581307
9780471584513
9780471590248
9780471593751
9780471594222
9780471599517
9780471599876
9780471602736
9780471603467
9780471611332
9780471611875
9780471613114
9780471613343
9780471613381
9780471613664
9780471614043
9780471614913
9780471615200
9780471615293
9780471617747
9780471621638
9780471622581
9780471626466
9780471627470
9780471631064
9780471632627
9780471635314
9780471640479
9780471640530
9780471640769
9780471640882
9780471640967
9780471641063
9780471641124
9780471641728
9780471641919
9780471642084
9780471642442
9780471642527
9780471643968
9780471646501
9780471649106
9780471653370
9780471656678
9780471658726
9780471672500
9780471674344
9780471675419
9780471676713
9780471679165
9780471682165
9780471691495
9780471702474
9780471703945
9780471705604
9780471725978
9780471735502
9780471737704
9780471744894
9780471747208
9780471747888
9780471749387
9780471752844
9780471758198
9780471766209
9780471771500
9780471778240
9780471780243
9780471784968
9780471788355
9780471789802
9780471791638
9780471793748
9780471795100
9780471795377
9780471795636
9780471795773
9780471795797
9780471795810
9780471795841
9780471795926
9780471796114
9780471796237
9780471796459
9780471796541
9780471796909
9780471796923
9780471796947
9780471798095
9780471798224
9780471798316
9780471800446
9780471800521
9780471800743
9780471801795
9780471804611
9780471809449
9780471811473
9780471812036
9780471817703
9780471818410
9780471818533
9780471823315
9780471824602
9780471826019
9780471829331
9780471830191
9780471830245
9780471830528
9780471831143
9780471831228
9780471831891
9780471833239
9780471834823
9780471834908
9780471835363
9780471835547
9780471837589
9780471838159
9780471842149
9780471843351
9780471846741
9780471850779
9780471853091
9780471854975
9780471857129
9780471858935
9780471861768
9780471862635
9780471864752
9780471865063
9780471866633
9780471868217
9780471868514
9780471869795
9780471871194
9780471872078
9780471874355
9780471875253
9780471876731
9780471876830
9780471876878
9780471877035
9780471880264
9780471880431
9780471881025
9780471882336
9780471883500
9780471887836
9780471888109
9780471892014
9780471892175
9780471894766
9780471894841
9780471898030
9780471900016
9780471900757
9780471900795
9780471901365
9780471901549
9780471901921
9780471902478
9780471902515
9780471903383
9780471903888
9780471904601
9780471904663
9780471905523
9780471906100
9780471907060
9780471907374
9780471908180
9780471908265
9780471908432
9780471909118
9780471909774
9780471910077
9780471910176
9780471910343
9780471912361
9780471912644
9780471912927
9780471913986
9780471914006
9780471914150
9780471914525
9780471914693
9780471914761
9780471914983
9780471915065
9780471915119
9780471915201
9780471915768
9780471915836
9780471917816
9780471918189
9780471918196
9780471918448
9780471918813
9780471918998
9780471919599
9780471919698
9780471919704
9780471919711
9780471920304
9780471920762
9780471920847
9780471922117
9780471922148
9780471922223
9780471922544
9780471922605
9780471923039
9780471924043
9780471924258
9780471924784
9780471924913
9780471925019
9780471926177
9780471926733
9780471926825
9780471927204
9780471927266
9780471927532
9780471927563
9780471927761
9780471928669
9780471928744
9780471929024
9780471929352
9780471929413
9780471929475
9780471929727
9780471929970
9780471930648
9780471933793
9780471934233
9780471934646
9780471935353
9780471935582
9780471936299
9780471938132
9780471939436
9780471939818
9780471940012
9780471940043
9780471941248
9780471941361
9780471942726
9780471943945
9780471946441
9780471948735
9780471949022
9780471949572
9780471950820
9780471951391
9780471952084
9780471953616
9780471953920
9780471954019
9780471955474
9780471955498
9780471955627
9780471955917
9780471957775
9780471960508
9780471960928
9780471961482
9780471962489
9780471962960
9780471963103
9780471963370
9780471963677
9780471965800
9780471966302
9780471971900
9780471972839
9780471974987
9780471976653
9780471978411
9780471979470
9780471982982
9780471985693
9780471994275
9780471994824
9780471994886
9780471995692
9780471996996
9780471997092
9780471997184
9780471997245
9780471997382
9780471997535
9780471998532
9780473410865
9780500540244
9780510001391
9780510341541
9780511020261
9780515039320
9780515045291
9780515045437
9780515047097
9780515047509
9780515048094
9780515052367
9780515052428
9780515055481
9780515057195
9780515058581
9780515058628
9780515060096
9780515060652
9780515064254
9780515064438
9780515067385
9780515069426
9780515069457
9780515071184
9780515072655
9780515072952
9780515072976
9780515073522
9780515073652
9780515073843
9780515075489
9780515075496
9780515076455
9780515077414
9780515077490
9780515078268
9780515078282
9780515078305
9780515078756
9780515078909
9780515079364
9780515081664
9780515082111
9780515082975
9780515083002
9780515084443
9780515084788
9780515085679
9780515087246
9780515087369
9780515087413
9780515088670
9780515088854
9780515089127
9780515089394
9780515089400
9780515090116
9780515090802
9780515090819
9780515091663
9780515091731
9780515092219
9780515092318
9780515092592
9780515094237
9780515095005
9780515095548
9780515096965
9780515097009
9780515097696
9780515097764
9780515098457
9780515098501
9780515098525
9780515098976
9780515098990
9780515099263
9780515099584
9780515100013
9780515100648
9780515101348
9780515102192
9780515104080
9780515105377
9780515105940
9780515105995
9780515108361
9780515112214
9780515112313
9780515112887
9780515113167
9780515114102
9780515116090
9780515117875
9780515118124
9780515120523
9780515120677
9780515124347
9780515125344
9780515126808
9780515146264
9780515159189
9780515159264
9780516004693
9780516004839
9780516004846
9780516005041
9780516005119
9780516005164
9780516008547
9780516011073
9780516011677
9780516012377
9780516012735
9780516012889
9780516013275
9780516014654
9780516014913
9780516015545
9780516015613
9780516016085
9780516016146
9780516016726
9780516017020
9780516018430
9780516019338
9780516020426
9780516020594
9780516023076
9780516023168
9780516023830
9780516026848
9780516026916
9780516027647
9780516032153
9780516034713
9780516034805
9780516035598
9780516036137
9780516036250
9780516036755
9780516038834
9780516041438
9780516041452
9780516042558
9780516042657
9780516044927
9780516045122
9780516045658
9780516046761
9780516047188
9780516052045
9780516053639
9780516053707
9780516060194
9780516060514
9780516060552
9780516065632
9780516074214
9780516076904
9780516077765
9780516078441
9780516080710
9780516081571
9780516083056
9780516083537
9780516084824
9780516084831
9780516086590
9780516086781
9780516087511
9780516088273
9780516089850
9780516089898
9780516090511
9780516091211
9780516091846
9780516092522
9780516094014
9780516094076
9780516098128
9780516098333
9780516200101
9780516201382
9780516201726
9780516202259
9780516202501
9780516202570
9780516202921
9780516203065
9780516205854
9780516207407
9780516207780
9780516207803
9780516208046
9780516208091
9780516208381
9780516209678
9780516209906
9780516211060
9780516212050
9780516212173
9780516214139
9780516216386
9780516216409
9780516216560
9780516218410
9780516220055
9780516220079
9780516221311
9780516221359
9780516221533
9780516221557
9780516222462
9780516222592
9780516222868
9780516223155
9780516226033
9780516227368
9780516227764
9780516228075
9780516228600
9780516228808
9780516229331
9780516229546
9780516229997
9780516231013
9780516231174
9780516231211
9780516231815
9780516231945
9780516233291
9780516234373
9780516234816
9780516236476
9780516236551
9780516237312
9780516237336
9780516238388
9780516238562
9780516239088
9780516239149
9780516240718
9780516241098
9780516241241
9780516241616
9780516241678
9780516241722
9780516241739
9780516242750
9780516243306
9780516243504
9780516244822
9780516244839
9780516244952
9780516244983
9780516244990
9780516245065
9780516245386
9780516245393
9780516245409
9780516245416
9780516245447
9780516245553
9780516245867
9780516245881
9780516246765
9780516248103
9780516248141
9780516248172
9780516248257
9780516248264
9780516248639
9780516249018
9780516249223
9780516249506
9780516251233
9780516252308
9780516252315
9780516252322
9780516252339
9780516252377
9780516252513
9780516255361
9780516255385
9780516255446
9780516255453
9780516255460
9780516255477
9780516255736
9780516255781
9780516255989
9780516258522
9780516258607
9780516258843
9780516258935
9780516259093
9780516259215
9780516259413
9780516260631
9780516262246
9780516262802
9780516265575
9780516268590
9780516269924
9780516270142
9780516273457
9780516276014
9780516277332
9780516277530
9780516277912
9780516277981
9780516278179
9780516279374
9780516295794
9780516318370
9780516320465
9780516329826
9780516334424
9780516336152
9780516338057
9780516353524
9780516353531
9780516405711
9780516406879
9780516411606
9780516413846
9780516416335
9780516438368
9780516438429
9780516443126
9780516451312
9780516478371
9780516478401
9780516479941
9780516496269
9780516512709
9780516518862
9780516539812
9780517008652
9780517015124
9780517019979
9780517025628
9780517025666
9780517031612
9780517033463
9780517035603
9780517038871
9780517051924
9780517052587
9780517053225
9780517056585
9780517060476
9780517065358
9780517067116
9780517073506
9780517073544
9780517077009
9780517082607
9780517103098
9780517119327
9780517123652
9780517131015
9780517136256
9780517139998
9780517141489
9780517141632
9780517142271
9780517147566
9780517149775
9780517160152
9780517161715
9780517189870
9780517190050
9780517194560
9780517204375
9780517206058
9780517209769
9780517210369
9780517214473
9780517215128
9780517219355
9780517220498
9780517221594
9780517221631
9780517224304
9780517228326
9780517229811
9780517230916
9780517398692
9780517414446
9780517414682
9780517416464
9780517439449
9780517451519
9780517455265
9780517459867
9780517462355
9780517463734
9780517464700
9780517467879
9780517478097
9780517479001
9780517490266
9780517491966
9780517496398
9780517502143
9780517506042
9780517507278
9780517509647
9780517515754
9780517518465
9780517523919
9780517523940
9780517525111
9780517526422
9780517527511
9780517530320
9780517531389
9780517537756
9780517546222
9780517547120
9780517551998
9780517552087
9780517559352
9780517560624
9780517560877
9780517561263
9780517562550
9780517571095
9780517571309
9780517572535
9780517572870
9780517574119
9780517574676
9780517575918
9780517582497
9780517587645
9780517589069
9780517590652
9780517590850
9780517595039
9780517597033
9780517598887
9780517604458
9780517610480
9780517612002
9780517613443
9780517622377
9780517629734
9780517629741
9780517633663
9780517642849
9780517646052
9780517649619
9780517649640
9780517651346
9780517652633
9780517653128
9780517655054
9780517658413
9780517662823
9780517670279
9780517671368
9780517671382
9780517672303
9780517675908
9780517676165
9780517687567
9780517709528
9780517800355
9780517800621
9780517800676
9780517800867
9780517883723
9780517885024
9780517885864
9780521007160
9780521011327
9780521041263
9780521041409
9780521042109
9780521042802
9780521045063
9780521045094
9780521045209
9780521045254
9780521045360
9780521048019
9780521049160
9780521049177
9780521049276
9780521050142
9780521050463
9780521052016
9780521058155
9780521068161
9780521071994
9780521072939
9780521077927
9780521081085
9780521083379
9780521091770
9780521097949
9780521127202
9780521127615
9780521129879
9780521138819
9780521178587
9780521180313
9780521183260
9780521183673
9780521185479
9780521200875
9780521202671
9780521203531
9780521204248
9780521204415
9780521205016
9780521206884
9780521208055
9780521210416
9780521211796
9780521212137
9780521212311
9780521212700
9780521215107
9780521216067
9780521217354
9780521220040
9780521220194
9780521220286
9780521220590
9780521221511
9780521223034
9780521223355
9780521224062
9780521225939
9780521226219
9780521229302
9780521233330
9780521233590
9780521235563
9780521236294
9780521237208
9780521238649
9780521238960
9780521239035
9780521241854
9780521241885
9780521243506
9780521245128
9780521245364
9780521245524
9780521247375
9780521248716
9780521249010
9780521253239
9780521254861
9780521256728
9780521258401
9780521258449
9780521261821
9780521262163
9780521262200
9780521263634
9780521267083
9780521267137
9780521267489
9780521270199
9780521272346
9780521272612
9780521273152
9780521275477
9780521278256
9780521278973
9780521282246
9780521282710
9780521290197
9780521291019
9780521291828
9780521293440
9780521294508
9780521296311
9780521298292
9780521299114
9780521301305
9780521301909
9780521308168
9780521308526
9780521308908
9780521310857
9780521310864
9780521312455
9780521314718
9780521315395
9780521316293
9780521316651
9780521317726
9780521322546
9780521322782
9780521323239
9780521324199
9780521324670
9780521327121
9780521327381
9780521327640
9780521328265
9780521329347
9780521332392
9780521332798
9780521335256
9780521336161
9780521336383
9780521340045
9780521340472
9780521341042
9780521341288
9780521341660
9780521344135
9780521345309
9780521345675
9780521348294
9780521351713
9780521353199
9780521353250
9780521353335
9780521356213
9780521358286
9780521358460
9780521358675
9780521359733
9780521359993
9780521360197
9780521364539
9780521364591
9780521366144
9780521366779
9780521367509
9780521370134
9780521375153
9780521375610
9780521375665
9780521376266
9780521376716
9780521377379
9780521378130
9780521378420
9780521378437
9780521379649
9780521380584
9780521381055
9780521381628
9780521383813
9780521386715
9780521388443
9780521391184
9780521391832
9780521391924
9780521392068
9780521393263
9780521396127
9780521396134
9780521401180
9780521401937
9780521402842
9780521408080
9780521409445
9780521410885
9780521415293
9780521416948
9780521417563
9780521425742
9780521426473
9780521426701
9780521427043
9780521433808
9780521434164
9780521436397
9780521437813
9780521438919
9780521447409
9780521449328
9780521451635
9780521453165
9780521457965
9780521460040
9780521463348
9780521466141
9780521468121
9780521468350
9780521468466
9780521478311
9780521478328
9780521478366
9780521480338
9780521482301
9780521483636
9780521496605
9780521499835
9780521508704
9780521545402
9780521554022
9780521554879
9780521556644
9780521561549
9780521563482
9780521564168
9780521564373
9780521568142
9780521579377
9780521585545
9780521586757
9780521600101
9780521609654
9780521614641
9780521618793
9780521628631
9780521630054
9780521631396
9780521634762
9780521634830
9780521637626
9780521649278
9780521650991
9780521655507
9780521657860
9780521657938
9780521658003
9780521667081
9780521672009
9780521678926
9780521683920
9780521686068
9780521686327
9780521686471
9780521689991
9780521690416
9780521692526
9780521694308
9780521698870
9780521698887
9780521700603
9780521700665
9780521706308
9780521712118
9780521722247
9780521727495
9780521732901
9780521752152
9780521752251
9780521752459
9780521754378
9780521770101
9780521778558
9780521779784
9780521783767
9780521784603
9780521787260
9780521799430
9780521808880
9780521892100
9780522839791
9780522867602
9780522872637
9780523490151
9780525030256
9780525030263
9780525036432
9780525189411
9780525220305
9780525243595
9780525243670
9780525247388
9780525248071
9780525249306
9780525249405
9780525249443
9780525274605
9780525278214
9780525281252
9780525282105
9780525302605
9780525318552
9780525325987
9780525348801
9780525351559
9780525372103
9780525398059
9780525414407
9780525437253
9780525440130
9780525440376
9780525441519
9780525441991
9780525444824
9780525446361
9780525447665
9780525448532
9780525448556
9780525448648
9780525448686
9780525450139
9780525450351
9780525452355
9780525454014
9780525454977
9780525455028
9780525456476
9780525456735
9780525458135
9780525459620
9780525462934
9780525463085
9780525463368
9780525464105
9780525464587
9780525467403
9780525468592
9780525469612
9780525474425
9780525474654
9780525476375
9780525482239
9780525482352
9780525482550
9780525482680
9780525484592
9780525484608
9780525485094
9780525485537
9780525485711
9780525485810
9780525501213
9780525510666
9780525517443
9780525545378
9780525553748
9780525553755
9780525555629
9780525571353
9780525579243
9780525610403
9780525610533
9780525610755
9780525610991
9780525630081
9780525630098
9780525650331
9780525650706
9780525651482
9780525651802
9780525666288
9780525666462
9780525667247
9780525667285
9780525667643
9780525671404
9780525671626
9780525672166
9780525674382
9780525674832
9780525690047
9780525935049
9780525938156
9780525940180
9780529037800
9780529050625
9780529053336
9780529053947
9780529054166
9780529055033
9780529055545
9780529055965
9780531003800
9780531003831
9780531004449
9780531004555
9780531006757
9780531006795
9780531009444
9780531010068
9780531010150
9780531010259
9780531010488
9780531013175
9780531014738
9780531015384
9780531017364
9780531019375
9780531019726
9780531019870
9780531020050
9780531021040
9780531022696
9780531027745
9780531027806
9780531027936
9780531028810
9780531028827
9780531028896
9780531028988
9780531029329
9780531029398
9780531029404
9780531032411
9780531034828
9780531038161
9780531043394
9780531044438
9780531045091
9780531045930
9780531046104
9780531046265
9780531046586
9780531046593
9780531046715
9780531047217
9780531047873
9780531048344
9780531048719
9780531049082
9780531049396
9780531049471
9780531071618
9780531090657
9780531091241
9780531091968
9780531092187
9780531098967
9780531100103
9780531100417
9780531100738
9780531101155
9780531101285
9780531101346
9780531101483
9780531101612
9780531102206
9780531102435
9780531102541
9780531103005
9780531103043
9780531103333
9780531103937
9780531104484
9780531105184
9780531105368
9780531105504
9780531106372
9780531106549
9780531106945
9780531107737
9780531107751
9780531108161
9780531108574
9780531109175
9780531110997
9780531111451
9780531112434
9780531112687
9780531112953
9780531112977
9780531113806
9780531113844
9780531114711
9780531114759
9780531115923
9780531116128
9780531116630
9780531116968
9780531117033
9780531117101
9780531118061
9780531118788
9780531119662
9780531119839
9780531121658
9780531122112
9780531122686
9780531125236
9780531125311
9780531125533
9780531126752
9780531138342
9780531139059
9780531139301
9780531140215
9780531140321
9780531141502
9780531142356
9780531142639
9780531142653
9780531142806
9780531142813
9780531142943
9780531143162
9780531143650
9780531143704
9780531143865
9780531144312
9780531144749
9780531144756
9780531145517
9780531146385
9780531146491
9780531146699
9780531147368
9780531147467
9780531147481
9780531150375
9780531151617
9780531152065
9780531152249
9780531152355
9780531152867
9780531154076
9780531154359
9780531155165
9780531156872
9780531157558
9780531158593
9780531158968
9780531159200
9780531159224
9780531159279
9780531164266
9780531164464
9780531164617
9780531165348
9780531165386
9780531165843
9780531168110
9780531169650
9780531170021
9780531170618
9780531170632
9780531177662
9780531178768
9780531178782
9780531178812
9780531178973
9780531179758
9780531180808
9780531180952
9780531183663
9780531184738
9780531184899
9780531186510
9780531186558
9780531186725
9780531186794
9780531187340
9780531187661
9780531189962
9780531190135
9780531190258
9780531200322
9780531201237
9780531201794
9780531202043
9780531202081
9780531203705
9780531203873
9780531204689
9780531204924
9780531204962
9780531205686
9780531208175
9780531208342
9780531208359
9780531210611
9780531211397
9780531212578
9780531212646
9780531223581
9780531224526
9780531225561
9780531226001
9780531226223
9780531226261
9780531229774
9780531229804
9780531232828
9780531232927
9780531235218
9780531238370
9780531240243
9780531247808
9780531255025
9780531255216
9780531259443
9780531262313
9780531265284
9780531272077
9780531282083
9780531282885
9780531282991
9780536000361
9780536000491
9780536011220
9780536011855
9780536012081
9780536014733
9780536017376
9780536018625
9780536023902
9780536023940
9780536024183
9780536024329
9780536026255
9780536047885
9780536106803
9780536107909
9780536121479
9780536131393
9780536131430
9780536136862
9780536146915
9780536153906
9780536163455
9780536172938
9780536175632
9780536183453
9780536200976
9780536206824
9780536208842
9780536210876
9780536212139
9780536213075
9780536214065
9780536246257
9780536251039
9780536259936
9780536268990
9780536270184
9780536270740
9780536273925
9780536277350
9780536291721
9780536298942
9780536324078
9780536325389
9780536337153
9780536342300
9780536342386
9780536345301
9780536345325
9780536361226
9780536378453
9780536378996
9780536402356
9780536402950
9780536422880
9780536428202
9780536437679
9780536443236
9780536451514
9780536470249
9780536475145
9780536476289
9780536477194
9780536480361
9780536482303
9780536487704
9780536521408
9780536524904
9780536532015
9780536532824
9780536567130
9780536586711
9780536587619
9780536590176
9780536592941
9780536596550
9780536598165
9780536598974
9780536602572
9780536613578
9780536614001
9780536621740
9780536623010
9780536629425
9780536632128
9780536632340
9780536664105
9780536670045
9780536670359
9780536671271
9780536679307
9780536680525
9780536681300
9780536682406
9780536688514
9780536693549
9780536700513
9780536701695
9780536704887
9780536707260
9780536718990
9780536720436
9780536720450
9780536720740
9780536721815
9780536727114
9780536729064
9780536729101
9780536730510
9780536737830
9780536740472
9780536742490
9780536747808
9780536749505
9780536776815
9780536777928
9780536810359
9780536819024
9780536825810
9780536829986
9780536830142
9780536835468
9780536839114
9780536847171
9780536847447
9780536852236
9780536859853
9780536860941
9780536901330
9780536912077
9780536915375
9780536942586
9780536946065
9780536946492
9780536951731
9780536953254
9780536957320
9780536957351
9780536958075
9780536958532
9780536967084
9780536970251
9780536970671
9780536971494
9780536971500
9780536972590
9780538426893
9780538429832
9780538682978
9780540057016
9780540061402
9780540078073
9780540079049
9780540079704
9780540081967
9780540085248
9780540085873
9780540086542
9780540089314
9780540091492
9780540092987
9780540093113
9780544791428
9780544973992
9780545000239
9780545001113
9780545001830
9780545001847
9780545003476
9780545003841
9780545003865
9780545003902
9780545008167
9780545009669
9780545009676
9780545010047
9780545011815
9780545012522
9780545012614
9780545012867
9780545014250
9780545014298
9780545014496
9780545014519
9780545015295
9780545017442
9780545018357
9780545018364
9780545020503
9780545020947
9780545021791
9780545021807
9780545022828
9780545026673
9780545026765
9780545026802
9780545026918
9780545027151
9780545027816
9780545029957
9780545031783
9780545033046
9780545033053
9780545033398
9780545035712
9780545035880
9780545037112
9780545041959
9780545045445
9780545045483
9780545046190
9780545046220
9780545046640
9780545053891
9780545056182
9780545056229
9780545056250
9780545056267
9780545059329
9780545059336
9780545059350
9780545059879
9780545061049
9780545066846
9780545068321
9780545069588
9780545069915
9780545070317
9780545070331
9780545070348
9780545070379
9780545070386
9780545070393
9780545070409
9780545070454
9780545070485
9780545070492
9780545070508
9780545070515
9780545070522
9780545070546
9780545070553
9780545070560
9780545070577
9780545070584
9780545070683
9780545073875
9780545073967
9780545074872
9780545075992
9780545076005
9780545076050
9780545076074
9780545076098
9780545076883
9780545077224
9780545077279
9780545077378
9780545078511
9780545079297
9780545081726
9780545083683
9780545084253
9780545084659
9780545084949
9780545085007
9780545085137
9780545085144
9780545085151
9780545085175
9780545086288
9780545086332
9780545088060
9780545088701
9780545088749
9780545091602
9780545093415
9780545094214
9780545094382
9780545096119
9780545096218
9780545098892
9780545099004
9780545107600
9780545108829
9780545109857
9780545109925
9780545110181
9780545110198
9780545110228
9780545110389
9780545111164
9780545113199
9780545113250
9780545118279
9780545120043
9780545120418
9780545124751
9780545127066
9780545129732
9780545130530
9780545134668
9780545137867
9780545137881
9780545138239
9780545138246
9780545139434
9780545140225
9780545140355
9780545142595
9780545144537
9780545149044
9780545149105
9780545149730
9780545149907
9780545152914
9780545154468
9780545159210
9780545159227
9780545159524
9780545159531
9780545160735
9780545160810
9780545160841
9780545160995
9780545161411
9780545161428
9780545161466
9780545161497
9780545161527
9780545161589
9780545161596
9780545161633
9780545164313
9780545164320
9780545164344
9780545164627
9780545165174
9780545165204
9780545165242
9780545165266
9780545165372
9780545165396
9780545165471
9780545165518
9780545166317
9780545167291
9780545167307
9780545167321
9780545167338
9780545167642
9780545167659
9780545167666
9780545167703
9780545167741
9780545167765
9780545167857
9780545168014
9780545168045
9780545168076
9780545168267
9780545168281
9780545169271
9780545169707
9780545169875
9780545175838
9780545176941
9780545176972
9780545176989
9780545176996
9780545177016
9780545177023
9780545177030
9780545177047
9780545177054
9780545177061
9780545177085
9780545177092
9780545178631
9780545206464
9780545209236
9780545209366
9780545210478
9780545212144
9780545213349
9780545213707
9780545218412
9780545221146
9780545221580
9780545221658
9780545223447
9780545224857
9780545227353
9780545227643
9780545228626
9780545232524
9780545234269
9780545234900
9780545236881
9780545237918
9780545238465
9780545239677
9780545239851
9780545240796
9780545242004
9780545242066
9780545244640
9780545244749
9780545244794
9780545244817
9780545244848
9780545244893
9780545244923
9780545244930
9780545244954
9780545244961
9780545244978
9780545245951
9780545245968
9780545247917
9780545247931
9780545248228
9780545248235
9780545248280
9780545248976
9780545249508
9780545249898
9780545251075
9780545251297
9780545253055
9780545255370
9780545257541
9780545260206
9780545261210
9780545261340
9780545263535
9780545264082
9780545264136
9780545264983
9780545264990
9780545266468
9780545270335
9780545273602
9780545279376
9780545279741
9780545279840
9780545280778
9780545282215
9780545282390
9780545282406
9780545282413
9780545282420
9780545282451
9780545282468
9780545282475
9780545282505
9780545282512
9780545282543
9780545282550
9780545282581
9780545282598
9780545283625
9780545283649
9780545283823
9780545284226
9780545286022
9780545286077
9780545288651
9780545288668
9780545288699
9780545288880
9780545288897
9780545288927
9780545288934
9780545288941
9780545288958
9780545288965
9780545288996
9780545289054
9780545289061
9780545290258
9780545290265
9780545290272
9780545290296
9780545290371
9780545290678
9780545290685
9780545291040
9780545291095
9780545291101
9780545291156
9780545291163
9780545291200
9780545291248
9780545291255
9780545291262
9780545291286
9780545297189
9780545301688
9780545307765
9780545308380
9780545310291
9780545317528
9780545318075
9780545320740
9780545320788
9780545323109
9780545323956
9780545327060
9780545327992
9780545328555
9780545328807
9780545329385
9780545329415
9780545329477
9780545330121
9780545330176
9780545330213
9780545330237
9780545330251
9780545330268
9780545330275
9780545330312
9780545330329
9780545330367
9780545330374
9780545330381
9780545330435
9780545330459
9780545333290
9780545334112
9780545334495
9780545336819
9780545337878
9780545340489
9780545340557
9780545340663
9780545340694
9780545340700
9780545340717
9780545340830
9780545340922
9780545343626
9780545343633
9780545343640
9780545343664
9780545343671
9780545343688
9780545343695
9780545343701
9780545343718
9780545343725
9780545344401
9780545344586
9780545344739
9780545344753
9780545344814
9780545344883
9780545345187
9780545346153
9780545346924
9780545347648
9780545348072
9780545348218
9780545348485
9780545348652
9780545349499
9780545349505
9780545349529
9780545349536
9780545349659
9780545350723
9780545350914
9780545351539
9780545351560
9780545351614
9780545351706
9780545351713
9780545353540
9780545353885
9780545355339
9780545355483
9780545355759
9780545356817
9780545357807
9780545358200
9780545358934
9780545359924
9780545360524
9780545360623
9780545360692
9780545360739
9780545360760
9780545360784
9780545360791
9780545360807
9780545360821
9780545360838
9780545360845
9780545360890
9780545360906
9780545360937
9780545360944
9780545360951
9780545360968
9780545361248
9780545362818
9780545362849
9780545362870
9780545362948
9780545362986
9780545363006
9780545363037
9780545363082
9780545363099
9780545363198
9780545363242
9780545363266
9780545364966
9780545365215
9780545365345
9780545365628
9780545365666
9780545365673
9780545371940
9780545372015
9780545372404
9780545372473
9780545373289
9780545373401
9780545374712
9780545375108
9780545376341
9780545376389
9780545376402
9780545376426
9780545376488
9780545376501
9780545376532
9780545376570
9780545376594
9780545376600
9780545376624
9780545376648
9780545376778
9780545376808
9780545376815
9780545376822
9780545376839
9780545377010
9780545377034
9780545377096
9780545377157
9780545377164
9780545377218
9780545377300
9780545377317
9780545377331
9780545377348
9780545377492
9780545379533
9780545379540
9780545379571
9780545383394
9780545385015
9780545387095
9780545387620
9780545387941
9780545387958
9780545389884
9780545389945
9780545390231
9780545390767
9780545390798
9780545390996
9780545391986
9780545394000
9780545399661
9780545403160
9780545404631
9780545405904
9780545415347
9780545415408
9780545415743
9780545417143
9780545420051
9780545425094
9780545425193
9780545426169
9780545426619
9780545427036
9780545428491
9780545429887
9780545430722
9780545430739
9780545430869
9780545430876
9780545430883
9780545432924
9780545435994
9780545436687
9780545436700
9780545436892
9780545436960
9780545436984
9780545437424
9780545439022
9780545442459
9780545442527
9780545442534
9780545443401
9780545443418
9780545443425
9780545443449
9780545443456
9780545443463
9780545443470
9780545443487
9780545443494
9780545443500
9780545449106
9780545449311
9780545450744
9780545450782
9780545450874
9780545450928
9780545450935
9780545450980
9780545451024
9780545451062
9780545451086
9780545451109
9780545451123
9780545451147
9780545451192
9780545451239
9780545451246
9780545451314
9780545451321
9780545451376
9780545451437
9780545451451
9780545451475
9780545451499
9780545451529
9780545451543
9780545452427
9780545452540
9780545452601
9780545452625
9780545452687
9780545452724
9780545452748
9780545452762
9780545452823
9780545452885
9780545452922
9780545452960
9780545452984
9780545453011
9780545453059
9780545453103
9780545453127
9780545453141
9780545453165
9780545453240
9780545453257
9780545453295
9780545453950
9780545454070
9780545454124
9780545456678
9780545458207
9780545458221
9780545458405
9780545459211
9780545459754
9780545459884
9780545461061
9780545461870
9780545462228
9780545464628
9780545464635
9780545467551
9780545468008
9780545469036
9780545472357
9780545472739
9780545474641
9780545474658
9780545474672
9780545474719
9780545475402
9780545475419
9780545476591
9780545476799
9780545476874
9780545477550
9780545480062
9780545480079
9780545480109
9780545484206
9780545485357
9780545485470
9780545487931
9780545489782
9780545490207
9780545492041
9780545494793
9780545494885
9780545496148
9780545496476
9780545496568
9780545496612
9780545496681
9780545497114
9780545497176
9780545498463
9780545498968
9780545498999
9780545500234
9780545500593
9780545501606
9780545501644
9780545501705
9780545501767
9780545503938
9780545503945
9780545504690
9780545505253
9780545505277
9780545505482
9780545505505
9780545508315
9780545509022
9780545511438
9780545511988
9780545512053
9780545512084
9780545512107
9780545512848
9780545515344
9780545515481
9780545517676
9780545518055
9780545518451
9780545518505
9780545522052
9780545522106
9780545522700
9780545522731
9780545523172
9780545523653
9780545524353
9780545524407
9780545529884
9780545530330
9780545534147
9780545534154
9780545534161
9780545534178
9780545535182
9780545535281
9780545535472
9780545536318
9780545536325
9780545536400
9780545536578
9780545538978
9780545539173
9780545539814
9780545539821
9780545540728
9780545541350
9780545541602
9780545549127
9780545550222
9780545550291
9780545550529
9780545550550
9780545551113
9780545551328
9780545552448
9780545552493
9780545552936
9780545554220
9780545555876
9780545555883
9780545555906
9780545555913
9780545555920
9780545555937
9780545555944
9780545555951
9780545555968
9780545556156
9780545556163
9780545556422
9780545556606
9780545557771
9780545559386
9780545561228
9780545565394
9780545567572
9780545567763
9780545567923
9780545569170
9780545569965
9780545571074
9780545571692
9780545571739
9780545575669
9780545576017
9780545585323
9780545588027
9780545591348
9780545591430
9780545591447
9780545592123
9780545599955
9780545600224
9780545600286
9780545600323
9780545600873
9780545601610
9780545603348
9780545604208
9780545604437
9780545605526
9780545606066
9780545606561
9780545607353
9780545607421
9780545607797
9780545609074
9780545609470
9780545609975
9780545613026
9780545613064
9780545614641
9780545614795
9780545615341
9780545615426
9780545617369
9780545617376
9780545619776
9780545620741
9780545621243
9780545621274
9780545621960
9780545622226
9780545622257
9780545622271
9780545622448
9780545622851
9780545623551
9780545623568
9780545625487
9780545627177
9780545629904
9780545631396
9780545635738
9780545637060
9780545638074
9780545638166
9780545639460
9780545639569
9780545640244
9780545641128
9780545641166
9780545641227
9780545641234
9780545642057
9780545642972
9780545643344
9780545644525
9780545644761
9780545645164
9780545645508
9780545646222
9780545647571
9780545647977
9780545647984
9780545648134
9780545648141
9780545648158
9780545648219
9780545648233
9780545648257
9780545648301
9780545648424
9780545648462
9780545648509
9780545648523
9780545648547
9780545648721
9780545648929
9780545649261
9780545650021
9780545650236
9780545651332
9780545652032
9780545652049
9780545653572
9780545655484
9780545656870
9780545656887
9780545656894
9780545656948
9780545656979
9780545658546
9780545659697
9780545662710
9780545663304
9780545663960
9780545666367
9780545666534
9780545666671
9780545668200
9780545668804
9780545669368
9780545670272
9780545675055
9780545679282
9780545679299
9780545679329
9780545679466
9780545681025
9780545681575
9780545683548
9780545683593
9780545687003
9780545688093
9780545688222
9780545692496
9780545694551
9780545698061
9780545701013
9780545702614
9780545702997
9780545703000
9780545703024
9780545703048
9780545703055
9780545703536
9780545705653
9780545706759
9780545708067
9780545722797
9780545722827
9780545725262
9780545726399
9780545734479
9780545735261
9780545741057
9780545747912
9780545749497
9780545749503
9780545757126
9780545760898
9780545766920
9780545767132
9780545769792
9780545771535
9780545775663
9780545776998
9780545782807
9780545783866
9780545784863
9780545787987
9780545789097
9780545789462
9780545789479
9780545792349
9780545794404
9780545795890
9780545795906
9780545797627
9780545797962
9780545805551
9780545805803
9780545808521
9780545811781
9780545811798
9780545812443
9780545812986
9780545813594
9780545814980
9780545818933
9780545818940
9780545818995
9780545820264
9780545820912
9780545821018
9780545821339
9780545823821
9780545823838
9780545826419
9780545829434
9780545829489
9780545829892
9780545830300
9780545830560
9780545832106
9780545833301
9780545834162
9780545835497
9780545835602
9780545835619
9780545835688
9780545835695
9780545835718
9780545839396
9780545839853
9780545840583
9780545842808
9780545843010
9780545843065
9780545846004
9780545846844
9780545847032
9780545847216
9780545847285
9780545848404
9780545848442
9780545848510
9780545848749
9780545848817
9780545850599
9780545851343
9780545853736
9780545854542
9780545854719
9780545854757
9780545855181
9780545855631
9780545855655
9780545855716
9780545855730
9780545855754
9780545855778
9780545855792
9780545855822
9780545855853
9780545857888
9780545858021
9780545858052
9780545858861
9780545859059
9780545859868
9780545862196
9780545862981
9780545863520
9780545871570
9780545872546
9780545873949
9780545874045
9780545874076
9780545874168
9780545874250
9780545878791
9780545879095
9780545879125
9780545879705
9780545879712
9780545881227
9780545882446
9780545882460
9780545882477
9780545882484
9780545882491
9780545882507
9780545882514
9780545882538
9780545882545
9780545882569
9780545882576
9780545882583
9780545882590
9780545882606
9780545882613
9780545882620
9780545882637
9780545882644
9780545882668
9780545882729
9780545882774
9780545882781
9780545882798
9780545882804
9780545882811
9780545882828
9780545882835
9780545882842
9780545882866
9780545882910
9780545882934
9780545882941
9780545883085
9780545883146
9780545883160
9780545883436
9780545883474
9780545883528
9780545883559
9780545883566
9780545883672
9780545883702
9780545883733
9780545883757
9780545884679
9780545884709
9780545884730
9780545884747
9780545884778
9780545884785
9780545884792
9780545884839
9780545884846
9780545884877
9780545884914
9780545886420
9780545888578
9780545888776
9780545899147
9780545899277
9780545902984
9780545903363
9780545904650
9780545905046
9780545905053
9780545905077
9780545906746
9780545907040
9780545907354
9780545909129
9780545911214
9780545911627
9780545912549
9780545912815
9780545913034
9780545914765
9780545914963
9780545916417
9780545916448
9780545916516
9780545916851
9780545917346
9780545917360
9780545917872
9780545917896
9780545918442
9780545918459
9780545918473
9780545918510
9780545918657
9780545920117
9780545920124
9780545920902
9780545920919
9780545920940
9780545923880
9780545924535
9780545925983
9780545926003
9780545926737
9780545929042
9780545930864
9780545930871
9780545931465
9780545931564
9780545931571
9780545931588
9780545932417
9780545932837
9780545933476
9780545934374
9780545935272
9780545938594
9780545939058
9780545939072
9780545939119
9780545939867
9780545940153
9780545940177
9780545940610
9780545941044
9780545941068
9780545942799
9780545944717
9780545945394
9780545945417
9780545945509
9780545945592
9780545945615
9780545945622
9780545945646
9780545945653
9780545950350
9780545950398
9780545953603
9780545980166
9780545980197
9780545981019
9780545981040
9780545981095
9780545981149
9780545981156
9780545981163
9780545981170
9780545981217
9780545981248
9780545981354
9780545981361
9780545981378
9780545981385
9780545981392
9780545981408
9780545981415
9780545981422
9780545981439
9780545981446
9780545981453
9780545981460
9780545981675
9780545981873
9780545981965
9780545982023
9780545982290
9780545982337
9780545982351
9780545982405
9780545982450
9780545982726
9780545982733
9780545982740
9780545982788
9780545982795
9780545982825
9780545982832
9780545982849
9780545985345
9780545985987
9780545986861
9780545987073
9780545987080
9780545987158
9780545987202
9780545987271
9780545987325
9780545987394
9780545987431
9780545987479
9780545987509
9780545987561
9780545987578
9780545987608
9780545987653
9780545987684
9780545987707
9780545987738
9780545987769
9780545987912
9780545987943
9780545987998
9780545988148
9780545988193
9780545988384
9780545988612
9780545989183
9780545989206
9780545989251
9780545991094
9780545991674
9780545991759
9780545991797
9780545991841
9780545991858
9780545992077
9780545992107
9780545992152
9780545992176
9780545992213
9780545992220
9780545992244
9780545992640
9780545992732
9780545992862
9780545992879
9780545992886
9780545992923
9780545992954
9780545992961
9780545995122
9780545995139
9780545995207
9780545995269
9780545995443
9780545995498
9780545995870
9780545995917
9780545995924
9780545995986
9780545997423
9780545998109
9780545998123
9780545998154
9780545998161
9780545998246
9780545998253
9780545998284
9780545998291
9780545998758
9780545998789
9780545998819
9780545998826
9780545998963
9780545998987
9780545999021
9780551004009
9780551011502
9780551017665
9780551024243
9780551028883
9780551029132
9780552096485
9780552134705
9780552153270
9780552154185
9780552548045
9780552548199
9780552556064
9780552573894
9780553011388
9780553024579
9780553051926
9780553054644
9780553054965
9780553058086
9780553058581
9780553058925
9780553058956
9780553060669
9780553060966
9780553061253
9780553064957
9780553070910
9780553075984
9780553089509
9780553093872
9780553116403
9780553117776
9780553125870
9780553129564
9780553135640
9780553139648
9780553144352
9780553149289
9780553150506
9780553152197
9780553152203
9780553154030
9780553154313
9780553154412
9780553154870
9780553155150
9780553155198
9780553155273
9780553155358
9780553155624
9780553155754
9780553155822
9780553157864
9780553157871
9780553158540
9780553158984
9780553183535
9780553183597
9780553185225
9780553188448
9780553203226
9780553204438
9780553205428
9780553209112
9780553214109
9780553214116
9780553215106
9780553216981
9780553217568
9780553226737
9780553227222
9780553229158
9780553229424
9780553230413
9780553231137
9780553231380
9780553233063
9780553233094
9780553234701
9780553235883
9780553236408
9780553237580
9780553240832
9780553240979
9780553241297
9780553241884
9780553242638
9780553245998
9780553249774
9780553253962
9780553254266
9780553254570
9780553255430
9780553255447
9780553255614
9780553256406
9780553257144
9780553257441
9780553260403
9780553260472
9780553261523
9780553263015
9780553263800
9780553264449
9780553264760
9780553264807
9780553265347
9780553268614
9780553268911
9780553269000
9780553269406
9780553270518
9780553270990
9780553271256
9780553271706
9780553272253
9780553273533
9780553273649
9780553273878
9780553274219
9780553274233
9780553274752
9780553275001
9780553275216
9780553276008
9780553276350
9780553276954
9780553278309
9780553278439
9780553278897
9780553279238
9780553279481
9780553279948
9780553280180
9780553281842
9780553283235
9780553284812
9780553284867
9780553285734
9780553286021
9780553286236
9780553288087
9780553288599
9780553288605
9780553288841
9780553288988
9780553290196
9780553290479
9780553291575
9780553291599
9780553291896
9780553291971
9780553292671
9780553293029
9780553294255
9780553296525
9780553297164
9780553298918
9780553299885
9780553341447
9780553342895
9780553343410
9780553344134
9780553347128
9780553347869
9780553349566
9780553349627
9780553349979
9780553354010
9780553370737
9780553371680
9780553372939
9780553383904
9780553396416
9780553401233
9780553442854
9780553443363
9780553443639
9780553445107
9780553445855
9780553446401
9780553446425
9780553471793
9780553478464
9780553480818
9780553482911
9780553483192
9780553485202
9780553485363
9780553486438
9780553486834
9780553487190
9780553487367
9780553487961
9780553493979
9780553496567
9780553498097
9780553499377
9780553506525
9780553510492
9780553511918
9780553520903
9780553520941
9780553523799
9780553538113
9780553538151
9780553560398
9780553566161
9780553567465
9780553568196
9780553569292
9780553569438
9780553576214
9780553577730
9780553580341
9780553609325
9780553609448
9780553675948
9780553713091
9780553757040
9780553800234
9780555004548
9780555016138
9780555038086
9780555048610
9780555116791
9780557103553
9780558021825
9780558027391
9780558050214
9780558057701
9780558065041
9780558065287
9780558079802
9780558108229
9780558117801
9780558151201
9780558160326
9780558209629
9780558227715
9780558237936
9780558252489
9780558257408
9780558272180
9780558272616
9780558307127
9780558307226
9780558321222
9780558336479
9780558337698
9780558339609
9780558356873
9780558370572
9780558373238
9780558381905
9780558385040
9780558385323
9780558387785
9780558442002
9780558453961
9780558472153
9780558511500
9780558538439
9780558585082
9780558585105
9780558588137
9780558614379
9780558624217
9780558658106
9780558659219
9780558674069
9780558687243
9780558702465
9780558728304
9780558732844
9780558748296
9780558750336
9780558766733
9780558780647
9780558783129
9780558804008
9780558809485
9780558826062
9780558833251
9780558842536
9780558885090
9780558936402
9780558963323
9780558981341
9780560007459
9780563475743
9780563476061
9780563556213
9780565008512
9780571221318
9780571250004
9780571269754
9780574156242
9780574175014
9780574215253
9780574217851
9780574221100
9780574773210
9780575006355
9780575021686
9780575025578
9780575033498
9780575033627
9780575033733
9780575033917
9780575033924
9780575036352
9780575036918
9780575037250
9780575037366
9780575038271
9780575038943
9780575039063
9780575039179
9780575039483
9780575039582
9780575040380
9780575040823
9780575040885
9780575042384
9780575042469
9780575042667
9780575042834
9780575045026
9780575045323
9780575045927
9780575045934
9780575046115
9780575046887
9780575046924
9780575047266
9780575047747
9780575050747
9780575051614
9780575052192
9780575053090
9780575055056
9780575055117
9780575055179
9780575055186
9780575056534
9780575056923
9780575057012
9780575058194
9780575058460
9780575058538
9780575059207
9780575060197
9780575060838
9780575061811
9780575062832
9780575063211
9780575063808
9780575065000
9780575066151
9780575067646
9780575067707
9780575070158
9780575071360
9780575071445
9780575076747
9780575103788
9780575106932
9780575116764
9780575122321
9780575400207
9780575601321
9780582012769
9780582014602
9780582015272
9780582020351
9780582025523
9780582030046
9780582035874
9780582040847
9780582042209
9780582043510
9780582046665
9780582051423
9780582058095
9780582058637
9780582063662
9780582070981
9780582075795
9780582078802
9780582080898
9780582089105
9780582112308
9780582183148
9780582210622
9780582217195
9780582224407
9780582231559
9780582239357
9780582250314
9780582258709
9780582281257
9780582281561
9780582282513
9780582286191
9780582287099
9780582290730
9780582291584
9780582294134
9780582294417
9780582294448
9780582295582
9780582295643
9780582295704
9780582296046
9780582296060
9780582298187
9780582299078
9780582300453
9780582300859
9780582305762
9780582307360
9780582307704
9780582307773
9780582310834
9780582311329
9780582318618
9780582320161
9780582322745
9780582325203
9780582343603
9780582344051
9780582355996
9780582363687
9780582364011
9780582400801
9780582406728
9780582410831
9780582414464
9780582416666
9780582417861
9780582418608
9780582419742
9780582419797
9780582422674
9780582427938
9780582428591
9780582429796
9780582431645
9780582432475
9780582432543
9780582438699
9780582438989
9780582438996
9780582441286
9780582441699
9780582443129
9780582443792
9780582445253
9780582451933
9780582453319
9780582454378
9780582454385
9780582465671
9780582465725
9780582468139
9780582471757
9780582472761
9780582479890
9780582480759
9780582480834
9780582484573
9780582485402
9780582490369
9780582490956
9780582503182
9780582512368
9780582513471
9780582517509
9780582519251
9780582525986
9780582533387
9780582543287
9780582552678
9780582608863
9780582640863
9780582643635
9780582644250
9780582646575
9780582646872
9780582646933
9780582695900
9780582726031
9780582746046
9780582763142
9780582766105
9780582771789
9780582776197
9780582779716
9780582779747
9780582781177
9780582781283
9780582782310
9780582782921
9780582796140
9780582796287
9780582796331
9780582797246
9780582797413
9780582798601
9780582817029
9780582819399
9780582819986
9780582827912
9780582827950
9780582841192
9780582841284
9780582841512
9780582841567
9780582845664
9780582848603
9780582917705
9780583122115
9780583306188
9780583306744
9780583310550
9780583314398
9780583316934
9780584110203
9780584950366
9780586018521
9780586042557
9780586054529
9780586066362
9780586069158
9780586070192
9780586081471
9780586081709
9780586085271
9780586086865
9780586087305
9780586090275
9780586212271
9780586212936
9780586213124
9780586214916
9780586217375
9780586217429
9780586218426
9780590000666
9780590004053
9780590005128
9780590009478
9780590023931
9780590024921
9780590025157
9780590029506
9780590031646
9780590033787
9780590038447
9780590038461
9780590038560
9780590038669
9780590038706
9780590040471
9780590044769
9780590047654
9780590053815
9780590053822
9780590057332
9780590057578
9780590059831
9780590062220
9780590064330
9780590068628
9780590075367
9780590075428
9780590076265
9780590076449
9780590076487
9780590077842
9780590078122
9780590080279
9780590091794
9780590091855
9780590092081
9780590093514
9780590098618
9780590099257
9780590099950
9780590108959
9780590113328
9780590113618
9780590113793
9780590115261
9780590117692
9780590117760
9780590117777
9780590122344
9780590122498
9780590123228
9780590123259
9780590123273
9780590123334
9780590123389
9780590123709
9780590123884
9780590124010
9780590124034
9780590124058
9780590124072
9780590124164
9780590124201
9780590124577
9780590124584
9780590124591
9780590124928
9780590126915
9780590126953
9780590127042
9780590128971
9780590129411
9780590130271
9780590131780
9780590132046
9780590132060
9780590132121
9780590133777
9780590135122
9780590136679
9780590136921
9780590138284
9780590138864
9780590148252
9780590148344
9780590148436
9780590160025
9780590160032
9780590160070
9780590160087
9780590160162
9780590160216
9780590160247
9780590160292
9780590160353
9780590160384
9780590160391
9780590160414
9780590164504
9780590164511
9780590164719
9780590165198
9780590165495
9780590165556
9780590165600
9780590166645
9780590166812
9780590166843
9780590166874
9780590166881
9780590166911
9780590166935
9780590166942
9780590166959
9780590166980
9780590167000
9780590167017
9780590167024
9780590167031
9780590167048
9780590167062
9780590167086
9780590167093
9780590167109
9780590167116
9780590167123
9780590167130
9780590167147
9780590167161
9780590167178
9780590167185
9780590167192
9780590167208
9780590167239
9780590167253
9780590167260
9780590167277
9780590167291
9780590167734
9780590168465
9780590168472
9780590169042
9780590187145
9780590195744
9780590197502
9780590197960
9780590199902
9780590204408
9780590205184
9780590207089
9780590208574
9780590212366
9780590217071
9780590222051
9780590222105
9780590223003
9780590223225
9780590223553
9780590224499
9780590224857
9780590225823
9780590228312
9780590233835
9780590240512
9780590241953
9780590242004
9780590242035
9780590242707
9780590243056
9780590243094
9780590243162
9780590243179
9780590243308
9780590243377
9780590243407
9780590243476
9780590243735
9780590243780
9780590244268
9780590244343
9780590244428
9780590244473
9780590244480
9780590245036
9780590245050
9780590245081
9780590245203
9780590245340
9780590245357
9780590245456
9780590245500
9780590246316
9780590246361
9780590246422
9780590246521
9780590246736
9780590246767
9780590246958
9780590247016
9780590247559
9780590247580
9780590247641
9780590247726
9780590248556
9780590248624
9780590248969
9780590249188
9780590249195
9780590249218
9780590249409
9780590249584
9780590249607
9780590249652
9780590249720
9780590249768
9780590249799
9780590249812
9780590250122
9780590250986
9780590253475
9780590258982
9780590261401
9780590263443
9780590264587
9780590265515
9780590265652
9780590277068
9780590278669
9780590282093
9780590291507
9780590291514
9780590291866
9780590293051
9780590293167
9780590293242
9780590293488
9780590293808
9780590294812
9780590297493
9780590297547
9780590299725
9780590300032
9780590300278
9780590302074
9780590302111
9780590302302
9780590302685
9780590303620
9780590303897
9780590306034
9780590306706
9780590309202
9780590309578
9780590309936
9780590312066
9780590312592
9780590313322
9780590314633
9780590315364
9780590315951
9780590317931
9780590318303
9780590318891
9780590319188
9780590319683
9780590320160
9780590321815
9780590322829
9780590323321
9780590323697
9780590323932
9780590325356
9780590325417
9780590325769
9780590327282
9780590328944
9780590329255
9780590331388
9780590331975
9780590332064
9780590332637
9780590333139
9780590333825
9780590334198
9780590335133
9780590335584
9780590336635
9780590337939
9780590338042
9780590338226
9780590344685
9780590345798
9780590346634
9780590351652
9780590354691
9780590354899
9780590366311
9780590372046
9780590372428
9780590373425
9780590373456
9780590373739
9780590379656
9780590390842
9780590397018
9780590400015
9780590401067
9780590401128
9780590402071
9780590402613
9780590404051
9780590405027
9780590405744
9780590407083
9780590407564
9780590409483
9780590415743
9780590417297
9780590417457
9780590419819
9780590420341
9780590421973
9780590427357
9780590428071
9780590428484
9780590428859
9780590429030
9780590432184
9780590433389
9780590433587
9780590434072
9780590435024
9780590435550
9780590438643
9780590441216
9780590441377
9780590444446
9780590449120
9780590449892
9780590450829
9780590453011
9780590454261
9780590455572
9780590457149
9780590457637
9780590458078
9780590458627
9780590459792
9780590464598
9780590464765
9780590467315
9780590467629
9780590468367
9780590468657
9780590468664
9780590468701
9780590468732
9780590469289
9780590470278
9780590470759
9780590470919
9780590470957
9780590471237
9780590471329
9780590472012
9780590472029
9780590472258
9780590474252
9780590474337
9780590480284
9780590481441
9780590481908
9780590483933
9780590483940
9780590484862
9780590484893
9780590485272
9780590485760
9780590486040
9780590486057
9780590486453
9780590486767
9780590486996
9780590487665
9780590489096
9780590489751
9780590489782
9780590491006
9780590491136
9780590492409
9780590493055
9780590493321
9780590493536
9780590500203
9780590502047
9780590505888
9780590508056
9780590508148
9780590509671
9780590513753
9780590514460
9780590515023
9780590515030
9780590515221
9780590515627
9780590515689
9780590515948
9780590516471
9780590517416
9780590526531
9780590528405
9780590530224
9780590530453
9780590530637
9780590531184
9780590531368
9780590531597
9780590533034
9780590533409
9780590533683
9780590534543
9780590534567
9780590534789
9780590535182
9780590535199
9780590535472
9780590535830
9780590535847
9780590535861
9780590535885
9780590535908
9780590536455
9780590536530
9780590536684
9780590536905
9780590537469
9780590538862
9780590538893
9780590539852
9780590540773
9780590541497
9780590542241
9780590542609
9780590543637
9780590544214
9780590545501
9780590547086
9780590547093
9780590550659
9780590550819
9780590551670
9780590553155
9780590554817
9780590554824
9780590555012
9780590556248
9780590559416
9780590565257
9780590569781
9780590592284
9780590599429
9780590600071
9780590604031
9780590604925
9780590607544
9780590619752
9780590621557
9780590623537
9780590624459
9780590626477
9780590631372
9780590633925
9780590634861
9780590636209
9780590637404
9780590637589
9780590649421
9780590649988
9780590664776
9780590670845
9780590678254
9780590678308
9780590684446
9780590687232
9780590687621
9780590697804
9780590700900
9780590703109
9780590704397
9780590704472
9780590704496
9780590704557
9780590704571
9780590704595
9780590706759
9780590707626
9780590708715
9780590710138
9780590711210
9780590711869
9780590712194
9780590713832
9780590714846
9780590715478
9780590715980
9780590716116
9780590717106
9780590717328
9780590717519
9780590717663
9780590717779
9780590718523
9780590719056
9780590719292
9780590719728
9780590719735
9780590719940
9780590719957
9780590719964
9780590719995
9780590721387
9780590722254
9780590725675
9780590726160
9780590727174
9780590727358
9780590727792
9780590730259
9780590730389
9780590730396
9780590730419
9780590730556
9780590730693
9780590730723
9780590730860
9780590730907
9780590730921
9780590731690
9780590731706
9780590731744
9780590731843
9780590731874
9780590732062
9780590732123
9780590732185
9780590732499
9780590732536
9780590732956
9780590733151
9780590733557
9780590733588
9780590734394
9780590734417
9780590734592
9780590734639
9780590734776
9780590734806
9780590734837
9780590734998
9780590735186
9780590735209
9780590735223
9780590735254
9780590735292
9780590735339
9780590735377
9780590735612
9780590735636
9780590735674
9780590736091
9780590736145
9780590736152
9780590736268
9780590736435
9780590736480
9780590736541
9780590736596
9780590736770
9780590736855
9780590736886
9780590736893
9780590737111
9780590737180
9780590737197
9780590737333
9780590738064
9780590738217
9780590738279
9780590738897
9780590738996
9780590739009
9780590739078
9780590739467
9780590739474
9780590739498
9780590739504
9780590739665
9780590739771
9780590740418
9780590740616
9780590740791
9780590740821
9780590740869
9780590741347
9780590741378
9780590741439
9780590741613
9780590741941
9780590741958
9780590741972
9780590742689
9780590743242
9780590743273
9780590743303
9780590743310
9780590743341
9780590743389
9780590743396
9780590743556
9780590743631
9780590743808
9780590743884
9780590744003
9780590744065
9780590744096
9780590744126
9780590744133
9780590744164
9780590744225
9780590744607
9780590744621
9780590744669
9780590745086
9780590745345
9780590745376
9780590745512
9780590745536
9780590745550
9780590745710
9780590745772
9780590745802
9780590746021
9780590746076
9780590747127
9780590747615
9780590747646
9780590747691
9780590748056
9780590748070
9780590748087
9780590748094
9780590748117
9780590748216
9780590748261
9780590748353
9780590748360
9780590749435
9780590749442
9780590749657
9780590757485
9780590758901
9780590761017
9780590763233
9780590763264
9780590763660
9780590765251
9780590864473
9780590864664
9780590876018
9780590877275
9780590897969
9780590899284
9780590899307
9780590909198
9780590924498
9780590925471
9780590926188
9780590931113
9780590931144
9780590931175
9780590931342
9780590931366
9780590931397
9780590931441
9780590933780
9780590940580
9780590945011
9780590954822
9780590959230
9780590959261
9780590959766
9780590962964
9780590970259
9780590970266
9780590970518
9780590971263
9780590974394
9780590974745
9780590975322
9780590975476
9780590977999
9780590980364
9780590981088
9780590982450
9780590985888
9780590986939
9780590994422
9780590994439
9780590995207
9780590995443
9780590996808
9780590998086
9780590999267
9780590999298
9780590999304
9780590999373
9780590999410
9780590999434
9780590999441
9780590999489
9780593039144
9780593050811
9780593054130
9780593077658
9780593086346
9780593096260
9780593096314
9780593117088
9780593124208
9780593164617
9780593178737
9780593179390
9780593193204
9780593202586
9780593222515
9780593307564
9780593307762
9780593309117
9780593310144
9780593359365
9780593374504
9780593382011
9780593382264
9780593425282
9780593426005
9780593434543
9780593437650
9780593483992
9780593523315
9780593563199
9780593563212
9780593625026
9780593645444
9780593648216
9780600336082
9780600553151
9780600571612
9780600580027
9780600580997
9780600582328
9780600586258
9780600586289
9780600591542
9780600594338
9780600597476
9780600612667
9780602242817
9780602280796
9780603550256
9780603554063
9780603556852
9780606322072
9780606388436
9780609503454
9780609800546
9780609802182
9780609802960
9780609806326
9780609807385
9780613547178
9780613639576
9780615350080
9780631002901
9780631125440
9780631130932
9780631132271
9780631132370
9780631133223
9780631135159
9780631137214
9780631137511
9780631137535
9780631138310
9780631140696
9780631140849
9780631141747
9780631141914
9780631143185
9780631143932
9780631145233
9780631146261
9780631150220
9780631150916
9780631151661
9780631151685
9780631152842
9780631154778
9780631155874
9780631157595
9780631159858
9780631160670
9780631161523
9780631161875
9780631162452
9780631164654
9780631165910
9780631166061
9780631167785
9780631169338
9780631169437
9780631169895
9780631173182
9780631175049
9780631177814
9780631178200
9780631178293
9780631179498
9780631179689
9780631182023
9780631182337
9780631182993
9780631183549
9780631185260
9780631189251
9780631189411
9780631192015
9780631192190
9780631192442
9780631193944
9780631196945
9780631198703
9780631200246
9780631207153
9780631208303
9780631214267
9780631215394
9780631218036
9780631218531
9780631219712
9780631221371
9780631919704
9780631941705
9780632002849
9780632005901
9780632011261
9780632018130
9780632020485
9780632021727
9780632022939
9780632023226
9780632024698
9780632025770
9780632028955
9780632030798
9780632030880
9780632033560
9780632034116
9780632035564
9780632036820
9780632037254
9780632037544
9780632037551
9780632041015
9780632041718
9780632043286
9780632043453
9780632044276
9780632044825
9780632044993
9780632045273
9780632051694
9780632052899
9780632055982
9780632090709
9780641932878
9780642128645
9780645207040
9780645476736
9780645558401
9780646510033
9780648345909
9780648397304
9780648529163
9780648586418
9780648785156
9780648987581
9780648987680
9780658001741
9780658003110
9780658004568
9780658004575
9780658005671
9780658006999
9780658011832
9780658012129
9780658014604
9780658015861
9780658017414
9780663523535
9780663591596
9780663593279
9780668054928
9780668059213
9780668061148
9780668061612
9780669154528
9780669208764
9780669281743
9780670000661
9780670002276
9780670002337
9780670003556
9780670003754
9780670006021
9780670020058
9780670023189
9780670040049
9780670041145
9780670043064
9780670043712
9780670045655
9780670047925
9780670049219
9780670050048
9780670050130
9780670050154
9780670050314
9780670050543
9780670050857
9780670050987
9780670051007
9780670051014
9780670058020
9780670060870
9780670063994
9780670064649
9780670064670
9780670065424
9780670065455
9780670065684
9780670066957
9780670067541
9780670067572
9780670068029
9780670068647
9780670070039
9780670070398
9780670070831
9780670071463
9780670071807
9780670071951
9780670071968
9780670072316
9780670073023
9780670075171
9780670075751
9780670076543
9780670077632
9780670078622
9780670078943
9780670081233
9780670083718
9780670084531
9780670085316
9780670106073
9780670112777
9780670113866
9780670125944
9780670130634
9780670174812
9780670192311
9780670241347
9780670255337
9780670272167
9780670278381
9780670280551
9780670287208
9780670288366
9780670289066
9780670290666
9780670304264
9780670311620
9780670318766
9780670341764
9780670347193
9780670348404
9780670356508
9780670368549
9780670390489
9780670405299
9780670429103
9780670441297
9780670443543
9780670463275
9780670473946
9780670492312
9780670494972
9780670499779
9780670503896
9780670528776
9780670540860
9780670599042
9780670610891
9780670621637
9780670635078
9780670659548
9780670678211
9780670695140
9780670700844
9780670712304
9780670749188
9780670778171
9780670778379
9780670804269
9780670805297
9780670805785
9780670806423
9780670807758
9780670808076
9780670808984
9780670809936
9780670810376
9780670810581
9780670811991
9780670812547
9780670812974
9780670814206
9780670814978
9780670817191
9780670817221
9780670818266
9780670819683
9780670820962
9780670822829
9780670823475
9780670824564
9780670825585
9780670826735
9780670829415
9780670829439
9780670830305
9780670832019
9780670832378
9780670834600
9780670834709
9780670835034
9780670836857
9780670837304
9780670838387
9780670838615
9780670840793
9780670841677
9780670841974
9780670844753
9780670844838
9780670845682
9780670846238
9780670846917
9780670852895
9780670855124
9780670855490
9780670858132
9780670858354
9780670861033
9780670866427
9780670871599
9780670873500
9780670877911
9780670878222
9780670885411
9780670887439
9780670889754
9780670891153
9780670891832
9780670896479
9780670896967
9780670900176
9780670902477
9780670903238
9780670907380
9780670912131
9780670920945
9780670921423
9780670922741
9780671002725
9780671003586
9780671004859
9780671006501
9780671006723
9780671007751
9780671008468
9780671009403
9780671009496
9780671014254
9780671019822
9780671021580
9780671021597
9780671021702
9780671021825
9780671022884
9780671025090
9780671025984
9780671027308
9780671027711
9780671032869
9780671038328
9780671071004
9780671080259
9780671080433
9780671080525
9780671189952
9780671202453
9780671203788
9780671205454
9780671206420
9780671210731
9780671212902
9780671213435
9780671213466
9780671213787
9780671214807
9780671215323
9780671216832
9780671217358
9780671220136
9780671227661
9780671229184
9780671240813
9780671242312
9780671242404
9780671242978
9780671244156
9780671248017
9780671248468
9780671250799
9780671252878
9780671254292
9780671270452
9780671295950
9780671411855
9780671412081
9780671413057
9780671413187
9780671413866
9780671416430
9780671417826
9780671420666
9780671420819
9780671422974
9780671425623
9780671425951
9780671430863
9780671431464
9780671432881
9780671433475
9780671434212
9780671435080
9780671435110
9780671435301
9780671436841
9780671438586
9780671438715
9780671441296
9780671441814
9780671442385
9780671444792
9780671445454
9780671445515
9780671448080
9780671450434
9780671451653
9780671452766
9780671453299
9780671453565
9780671454630
9780671455446
9780671462369
9780671466053
9780671466886
9780671467357
9780671470463
9780671471132
9780671471859
9780671473136
9780671475703
9780671475772
9780671476519
9780671479107
9780671479985
9780671481339
9780671487782
9780671491314
9780671492397
9780671492458
9780671493240
9780671493486
9780671497163
9780671499389
9780671506483
9780671508982
9780671509583
9780671519957
9780671520786
9780671521288
9780671521424
9780671523381
9780671524241
9780671526283
9780671526351
9780671527525
9780671527921
9780671528430
9780671528515
9780671529024
9780671529635
9780671533069
9780671533120
9780671533304
9780671533427
9780671533656
9780671533670
9780671540692
9780671546793
9780671546854
9780671547349
9780671551469
9780671554149
9780671554347
9780671557454
9780671570187
9780671570705
9780671570750
9780671573409
9780671573911
9780671600938
9780671601089
9780671602642
9780671603298
9780671603304
9780671603847
9780671604981
9780671605094
9780671606824
9780671607807
9780671611118
9780671611446
9780671611460
9780671612214
9780671612221
9780671617219
9780671618513
9780671619077
9780671620653
9780671623272
9780671623289
9780671624286
9780671625153
9780671627348
9780671627515
9780671628451
9780671628673
9780671628987
9780671629038
9780671631185
9780671632991
9780671633240
9780671635077
9780671635619
9780671636074
9780671638443
9780671639464
9780671639822
9780671640736
9780671643560
9780671645403
9780671645700
9780671646394
9780671646790
9780671650025
9780671650452
9780671651626
9780671651688
9780671652043
9780671652104
9780671652159
9780671652814
9780671652838
9780671655372
9780671658793
9780671662110
9780671662905
9780671664329
9780671665272
9780671667917
9780671668112
9780671668129
9780671668211
9780671668228
9780671672003
9780671674410
9780671675646
9780671676483
9780671676605
9780671683764
9780671685690
9780671686239
9780671686321
9780671686802
9780671687762
9780671688837
9780671690137
9780671690281
9780671692957
9780671694029
9780671694333
9780671694364
9780671694548
9780671697099
9780671699079
9780671699154
9780671699840
9780671702366
9780671702946
9780671703707
9780671705244
9780671705862
9780671710637
9780671711146
9780671711283
9780671711573
9780671712822
9780671713348
9780671713805
9780671713874
9780671714277
9780671714345
9780671717100
9780671717339
9780671717384
9780671718527
9780671719166
9780671719272
9780671719548
9780671725525
9780671729103
9780671729271
9780671729950
9780671730406
9780671731281
9780671732011
9780671732202
9780671733445
9780671733469
9780671733889
9780671734329
9780671735678
9780671737528
9780671737856
9780671738792
9780671738815
9780671739386
9780671740641
9780671741570
9780671742027
9780671743345
9780671743352
9780671743369
9780671743642
9780671745035
9780671745127
9780671747770
9780671747794
9780671749224
9780671749767
9780671749859
9780671750206
9780671753092
9780671753221
9780671753719
9780671756208
9780671757212
9780671758929
9780671759148
9780671759520
9780671760038
9780671760670
9780671760878
9780671760915
9780671761059
9780671765781
9780671766603
9780671770174
9780671770235
9780671770662
9780671770792
9780671772451
9780671772772
9780671773380
9780671773656
9780671774011
9780671774738
9780671774875
9780671776459
9780671776497
9780671776947
9780671777463
9780671777616
9780671778361
9780671780906
9780671781118
9780671782153
9780671782665
9780671783310
9780671783785
9780671783921
9780671783952
9780671784737
9780671786366
9780671786649
9780671787318
9780671787509
9780671787776
9780671787820
9780671787974
9780671788322
9780671788650
9780671789183
9780671789794
9780671794347
9780671796051
9780671798406
9780671798444
9780671800680
9780671800734
9780671801069
9780671801113
9780671801472
9780671801953
9780671803261
9780671803278
9780671803520
9780671804145
9780671804640
9780671804879
9780671805692
9780671806194
9780671806767
9780671806996
9780671807818
9780671808624
9780671809393
9780671809515
9780671810627
9780671810665
9780671810696
9780671811440
9780671811457
9780671811891
9780671812324
9780671812379
9780671812997
9780671813109
9780671814502
9780671814663
9780671814717
9780671816018
9780671816117
9780671816896
9780671817121
9780671817794
9780671817800
9780671818371
9780671819743
9780671819781
9780671820121
9780671820480
9780671821364
9780671821555
9780671822521
9780671823696
9780671826345
9780671826581
9780671826673
9780671827281
9780671828950
9780671832063
9780671832308
9780671833848
9780671834302
9780671834623
9780671835125
9780671835224
9780671847524
9780671847791
9780671852443
9780671852702
9780671854607
9780671864033
9780671866976
9780671867454
9780671868291
9780671868727
9780671869953
9780671871109
9780671871161
9780671871338
9780671871710
9780671872571
9780671872595
9780671872984
9780671880736
9780671882440
9780671883843
9780671884857
9780671887360
9780671887469
9780671887810
9780671887889
9780671888152
9780671891954
9780671899066
9780671899073
9780672208638
9780672210518
9780672213007
9780672214844
9780672215513
9780672216022
9780672233814
9780672234026
9780672310102
9780672314919
9780672316463
9780672318153
9780672318184
9780672484452
9780672503542
9780672518157
9780672518911
9780672525858
9780672960468
9780673079701
9780673102621
9780673114051
9780673114556
9780673134653
9780673137357
9780673148056
9780673155252
9780673156280
9780673156600
9780673158147
9780673158208
9780673158420
9780673160775
9780673163707
9780673182203
9780673187598
9780673188328
9780673188403
9780673188502
9780673196972
9780673206121
9780673207685
9780673208163
9780673214119
9780673243140
9780673285027
9780673285379
9780673285744
9780673294357
9780673300140
9780673331335
9780673360175
9780673362162
9780673363343
9780673385765
9780673385857
9780673387462
9780673388575
9780673389060
9780673391155
9780673391728
9780673392190
9780673392343
9780673393432
9780673393487
9780673394187
9780673394552
9780673396341
9780673396976
9780673397645
9780673399519
9780673401755
9780673427526
9780673462688
9780673462725
9780673463821
9780673464255
9780673464422
9780673464644
9780673464705
9780673465405
9780673466563
9780673467089
9780673467393
9780673468161
9780673468840
9780673469267
9780673469816
9780673520210
9780673522153
9780673522337
9780673522405
9780673523075
9780673523143
9780673523990
9780673525079
9780673525086
9780673535962
9780673542748
9780673584311
9780673601391
9780673605511
9780673611826
9780673617545
9780673617736
9780673628596
9780673628619
9780673631077
9780673704146
9780673809117
9780673817464
9780673817839
9780673982612
9780673990860
9780673991294
9780673991942
9780673992543
9780673992901
9780673993427
9780673994271
9780673994585
9780673996343
9780673998224
9780673999634
9780673999696
9780673999702
9780673999931
9780674270732
9780674495234
9780674495258
9780674924017
9780675022880
9780675208284
9780675209496
9780675210881
9780675213097
9780675213103
9780675214209
9780676319293
9780676371031
9780676600339
9780676600384
9780676601480
9780676901702
9780676902082
9780676970579
9780676971927
9780676972658
9780676975130
9780676976069
9780678006337
9780679001652
9780679001959
9780679001997
9780679003120
9780679003618
9780679004110
9780679004493
9780679006718
9780679006794
9780679006947
9780679008484
9780679008552
9780679008682
9780679009146
9780679012634
9780679013006
9780679014775
9780679014904
9780679015291
9780679015482
9780679015505
9780679016168
9780679016618
9780679017028
9780679017127
9780679017165
9780679017424
9780679017929
9780679018346
9780679018513
9780679018704
9780679018834
9780679019787
9780679020127
9780679020851
9780679021230
9780679021414
9780679021421
9780679022725
9780679022770
9780679022862
9780679023067
9780679023364
9780679024965
9780679025115
9780679025313
9780679025863
9780679027614
9780679029670
9780679030430
9780679030492
9780679032441
9780679032670
9780679034452
9780679035022
9780679035459
9780679101833
9780679102236
9780679205074
9780679307860
9780679308836
9780679308935
9780679308959
9780679309154
9780679309550
9780679309642
9780679309765
9780679310242
9780679311201
9780679311539
9780679311577
9780679312482
9780679312819
9780679428312
9780679428497
9780679434818
9780679437987
9780679460534
9780679505334
9780679506324
9780679602293
9780679602743
9780679725251
9780679729204
9780679729303
9780679730705
9780679734888
9780679739159
9780679742883
9780679742937
9780679742975
9780679755586
9780679762720
9780679763215
9780679764243
9780679769279
9780679775379
9780679777823
9780679778837
9780679778936
9780679791072
9780679791287
9780679801153
9780679801238
9780679802037
9780679802877
9780679805397
9780679807575
9780679811107
9780679813804
9780679814900
9780679815754
9780679817260
9780679827498
9780679830610
9780679834434
9780679838463
9780679839446
9780679840039
9780679843283
9780679847267
9780679847458
9780679847670
9780679848196
9780679849148
9780679851042
9780679852889
9780679853114
9780679853121
9780679853138
9780679854425
9780679860204
9780679862208
9780679862222
9780679865520
9780679869931
9780679870869
9780679871781
9780679872528
9780679873563
9780679873570
9780679873723
9780679873785
9780679873983
9780679874140
9780679874157
9780679874782
9780679874799
9780679874911
9780679874935
9780679875659
9780679875673
9780679875901
9780679876045
9780679877691
9780679878056
9780679878216
9780679881643
9780679882084
9780679883746
9780679885115
9780679885122
9780679885870
9780679886143
9780679886709
9780679887492
9780679887720
9780679887751
9780679887942
9780679888307
9780679888314
9780679888321
9780679888338
9780679889809
9780679889847
9780679891802
9780679893868
9780679894056
9780679894322
9780679894810
9780679900818
9780679904298
9780679905806
9780679913849
9780679915430
9780679918189
9780679921851
9780679927679
9780679932413
9780679933748
9780679933960
9780679934325
9780679938781
9780679947028
9780679947233
9780679947752
9780679969457
9780679977070
9780679985372
9780679987062
9780679987437
9780679987895
9780679988342
9780679989998
9780679991168
9780679991175
9780679991922
9780679992356
9780679992660
9780681025097
9780681128064
9780681446595
9780684000541
9780684019048
9780684020143
9780684123134
9780684123509
9780684124575
9780684127057
9780684128160
9780684129907
9780684133157
9780684134291
9780684134314
9780684137063
9780684137216
9780684139586
9780684142272
9780684147086
9780684148564
9780684150161
9780684151540
9780684153285
9780684155616
9780684161570
9780684161815
9780684162805
9780684165233
9780684166414
9780684166681
9780684168524
9780684171463
9780684172255
9780684174808
9780684175089
9780684175959
9780684178325
9780684178448
9780684180731
9780684182278
9780684184326
9780684186870
9780684188485
9780684189420
9780684189598
9780684192062
9780684192772
9780684193595
9780684194431
9780684312644
9780684802664
9780684804774
9780684813240
9780684816531
9780684816784
9780684816807
9780684818993
9780684819365
9780684819396
9780684819693
9780684820798
9780684820873
9780684824260
9780684833019
9780684837543
9780684839042
9780684840260
9780684843667
9780684848488
9780684850177
9780684851723
9780684856377
9780684858241
9780684858579
9780684861562
9780684865072
9780684868523
9780684870380
9780685250259
9780688000530
9780688001506
9780688002299
9780688003326
9780688006501
9780688006747
9780688007096
9780688007355
9780688008277
9780688008581
9780688009199
9780688012526
9780688012854
9780688014506
9780688015008
9780688015084
9780688015183
9780688016029
9780688017712
9780688019273
9780688020415
9780688022082
9780688024277
9780688024628
9780688025045
9780688026462
9780688027445
9780688027537
9780688028084
9780688028664
9780688033187
9780688034153
9780688034443
9780688037840
9780688038052
9780688038458
9780688038694
9780688038885
9780688039240
9780688039882
9780688041359
9780688041403
9780688041465
9780688042547
9780688042851
9780688043223
9780688045623
9780688046002
9780688046163
9780688049034
9780688049829
9780688050726
9780688051488
9780688052577
9780688052874
9780688053024
9780688058241
9780688058517
9780688058944
9780688059187
9780688062668
9780688064204
9780688064822
9780688065270
9780688065782
9780688066710
9780688067687
9780688068363
9780688070649
9780688071547
9780688071714
9780688072407
9780688072636
9780688074937
9780688076184
9780688077969
9780688077990
9780688078546
9780688078638
9780688078782
9780688079314
9780688082161
9780688083182
9780688083250
9780688084349
9780688085773
9780688086978
9780688088620
9780688091477
9780688091576
9780688095031
9780688096663
9780688096816
9780688099459
9780688100278
9780688100292
9780688101459
9780688102425
9780688104672
9780688110413
9780688113704
9780688114213
9780688116859
9780688117573
9780688121099
9780688122294
9780688126124
9780688126131
9780688126445
9780688126674
9780688126933
9780688129590
9780688129934
9780688133054
9780688134228
9780688137250
9780688137441
9780688137670
9780688141110
9780688144371
9780688145118
9780688147815
9780688149864
9780688150266
9780688151119
9780688155964
9780688156008
9780688156060
9780688158897
9780688160203
9780688160777
9780688162610
9780688162788
9780688163112
9780688163297
9780688165451
9780688166588
9780688169206
9780688169954
9780688170257
9780688170660
9780688173777
9780688174781
9780688175290
9780688200855
9780688201036
9780688201050
9780688212261
9780688216078
9780688217853
9780688218300
9780688220662
9780688220839
9780688220907
9780688221560
9780688221928
9780688222062
9780688222154
9780688222321
9780688313814
9780688314897
9780688316112
9780688316433
9780688321284
9780688321369
9780688416867
9780688417222
9780688417802
9780688418458
9780688419196
9780688419455
9780688419547
9780688419622
9780688419639
9780688419868
9780688500368
9780688510916
9780688511685
9780688517717
9780688519100
9780688800673
9780688801533
9780688801793
9780688802431
9780688802776
9780688840570
9780688842703
9780688842840
9780688842956
9780689039256
9780689104053
9780689105807
9780689105821
9780689107610
9780689108785
9780689118838
9780689304828
9780689305351
9780689305368
9780689305801
9780689306761
9780689307188
9780689307263
9780689307676
9780689307737
9780689307751
9780689308352
9780689308543
9780689309045
9780689309137
9780689309472
9780689310195
9780689310249
9780689310331
9780689310379
9780689310591
9780689313691
9780689314261
9780689314674
9780689314919
9780689315084
9780689315206
9780689316302
9780689316487
9780689316944
9780689317439
9780689317613
9780689317811
9780689318061
9780689319143
9780689319549
9780689319945
9780689501289
9780689502194
9780689502446
9780689503207
9780689504822
9780689505201
9780689505591
9780689505980
9780689700781
9780689704192
9780689704420
9780689704635
9780689704901
9780689705427
9780689706431
9780689706554
9780689707322
9780689707568
9780689707650
9780689711213
9780689711831
9780689711954
9780689712470
9780689712500
9780689712593
9780689713767
9780689714740
9780689714900
9780689715228
9780689715839
9780689715877
9780689715891
9780689716584
9780689716744
9780689717048
9780689717109
9780689717130
9780689717475
9780689717482
9780689717666
9780689717789
9780689717819
9780689717901
9780689718113
9780689801242
9780689801976
9780689803284
9780689804366
9780689804373
9780689804861
9780689805035
9780689807169
9780689808401
9780689808425
9780689809224
9780689809231
9780689809286
9780689809507
9780689810442
9780689810664
9780689811487
9780689811548
9780689812293
9780689812453
9780689812569
9780689813498
9780689813610
9780689814525
9780689814532
9780689814815
9780689815591
9780689815966
9780689816406
9780689816628
9780689816659
9780689817427
9780689818011
9780689818073
9780689818660
9780689819810
9780689820489
9780689820571
9780689821356
9780689821455
9780689821523
9780689821998
9780689822001
9780689823015
9780689825460
9780689826733
9780689827167
9780689827242
9780689827433
9780689828874
9780689828881
9780689831201
9780689831324
9780689832048
9780689832185
9780689832208
9780689832659
9780689833304
9780689833670
9780689836534
9780689838682
9780689838729
9780689840128
9780689840135
9780689840753
9780689840852
9780689841064
9780689842986
9780689843334
9780689843341
9780689843457
9780689843488
9780689843600
9780689843730
9780689844980
9780689846922
9780689847370
9780689847387
9780689847462
9780689847684
9780689847769
9780689847820
9780689849879
9780689850462
9780689853142
9780689853982
9780689854064
9780689854125
9780689854859
9780689855177
9780689856631
9780689857010
9780689857416
9780689858314
9780689858604
9780689858796
9780689859274
9780689859816
9780689860164
9780689860560
9780689861154
9780689862090
9780689864773
9780689868818
9780689869068
9780689869570
9780689870217
9780689870354
9780689870828
9780689871160
9780689871689
9780689873522
9780689873607
9780689874642
9780689875038
9780689875397
9780689875762
9780689877056
9780689877674
9780690002775
9780690005981
9780690007046
9780690010381
9780690011104
9780690039474
9780690041194
9780690044126
9780690045468
9780690048155
9780690195569
9780690333312
9780690495911
9780690770698
9780690876482
9780692788851
9780694004072
9780694004287
9780694004485
9780694004577
9780694004584
9780694004751
9780694005772
9780694007103
9780694007240
9780694009657
9780694010448
9780694011025
9780694013050
9780694013104
9780694015009
9780694015078
9780694015108
9780694017126
9780694515264
9780694517244
9780694700028
9780694700134
9780694700240
9780694700271
9780694700370
9780694700813
9780695206307
9780697000811
9780697000859
9780697017604
9780697034441
9780697047649
9780697049278
9780697049728
9780697051646
9780697063717
9780697068361
9780697070777
9780697071675
9780697071866
9780697072412
9780697075642
9780697082404
9780697085115
9780697105196
9780697108265
9780697113924
9780697114044
9780697125668
9780697129086
9780697129819
9780697137616
9780697138323
9780697140463
9780697145901
9780697148711
9780697149794
9780697150639
9780697162762
9780697164100
9780697166487
9780697216359
9780697223234
9780697229694
9780697231222
9780697231703
9780697235848
9780697268167
9780697284181
9780697285140
9780697286055
9780697340801
9780697357175
9780697365132
9780697365965
9780697372062
9780697374233
9780697375377
9780697391148
9780697391858
9780697392916
9780697392954
9780697393845
9780697706393
9780697782335
9780697783226
9780698103085
9780698105188
9780698107953
9780698108196
9780698110076
9780698110342
9780698111134
9780698111318
9780698114463
9780698115941
9780698115972
9780698117617
9780698117860
9780698118201
9780698118294
9780698118492
9780698119253
9780698119284
9780698203044
9780698204621
9780698204638
9780698204683
9780698205574
9780698206762
9780698301795
9780698301979
9780698302907
9780698304062
9780698304901
9780698305311
9780698306011
9780698306615
9780698307155
9780698307186
9780698307278
9780698307490
9780698400764
9780701105600
9780701127350
9780701128852
9780701165864
9780701187392
9780701202422
9780701208165
9780701209094
9780701630928
9780702235955
9780702249297
9780702249839
9780702249983
9780702253614
9780702254017
9780702259708
9780702259739
9780702260032
9780702260483
9780702260490
9780702262500
9780702262562
9780702262609
9780702300608
9780702311956
9780702833533
9780706358544
9780706375466
9780708836866
9780708841990
9780708848487
9780708849484
9780708854556
9780709022046
9780709066989
9780710002433
9780710802224
9780710804358
9780710809728
9780712106511
9780712106771
9780712107525
9780712607087
9780712616164
9780712623575
9780712634038
9780712634250
9780712636612
9780712637466
9780712645751
9780712649322
9780712654944
9780712655019
9780712655446
9780712665360
9780712668439
9780712669856
9780712673983
9780712680820
9780713101584
9780713102956
9780713106015
9780713122411
9780713127966
9780713129335
9780713129373
9780713135541
9780713136364
9780713136425
9780713158243
9780713161885
9780713163896
9780713164190
9780713172980
9780713173567
9780713173659
9780713177503
9780713410945
9780713424256
9780713430202
9780713505511
9780713524932
9780713525366
9780713611472
9780713614794
9780713615111
9780713630633
9780713632941
9780713634839
9780713638073
9780713656749
9780713669435
9780713707267
9780713708011
9780713709285
9780713720303
9780713900705
9780713900972
9780713901238
9780713902518
9780713902754
9780713903003
9780713903478
9780713904895
9780713909562
9780713909890
9780713911565
9780713913903
9780713914177
9780713914726
9780713990232
9780713990584
9780713991291
9780713991888
9780713993530
9780713993912
9780713994049
9780713995374
9780713995848
9780713996616
9780713999181
9780714817705
9780716664178
9780717101627
9780717102570
9780717102761
9780717102860
9780717104734
9780717104970
9780717105038
9780717105045
9780717105380
9780717105953
9780717106752
9780717107308
9780717108404
9780717108671
9780717108862
9780717109166
9780717109456
9780717109630
9780717109814
9780717109913
9780717110469
9780717111084
9780717111572
9780717111992
9780717112005
9780717112494
9780717112944
9780717114313
9780717114375
9780717114719
9780717114795
9780717115013
9780717115174
9780717115525
9780717115662
9780717115792
9780717116607
9780717117000
9780717117130
9780717118335
9780717119240
9780717119875
9780717119899
9780717120109
9780717120826
9780717121830
9780717121915
9780717122660
9780717122769
9780717123223
9780717124183
9780717124213
9780717124220
9780717124374
9780717125081
9780717125418
9780717125609
9780717125845
9780717126361
9780717126422
9780717126910
9780717128297
9780717128471
9780717128495
9780717128587
9780717128976
9780717129140
9780717129584
9780717130344
9780717130740
9780717130764
9780717131273
9780717131884
9780717133277
9780717134595
9780717134632
9780717134854
9780717135509
9780717137916
9780717138081
9780717140183
9780717140855
9780717141371
9780717141647
9780717145126
9780717145690
9780717145713
9780717145744
9780717145867
9780717146895
9780717146987
9780717156269
9780717189687
9780717262564
9780717262588
9780717267460
9780717268436
9780717278251
9780717278862
9780717285815
9780717288847
9780717298204
9780717298228
9780718010515
9780718104948
9780718121433
9780718129651
9780718133757
9780718134266
9780718140090
9780718141288
9780718145477
9780718153038
9780718153830
9780718155414
9780718185510
9780718186883
9780719523601
9780719571787
9780719579615
9780720607215
9780720716702
9780720718454
9780720805314
9780721404028
9780721412085
9780721413990
9780721414096
9780721414140
9780721422541
9780721432236
9780721450063
9780721451053
9780721451312
9780721451404
9780721451442
9780721451961
9780721452043
9780721452722
9780721452739
9780721452814
9780721456256
9780721457116
9780721487298
9780721487342
9780721491042
9780722112915
9780722133224
9780722137024
9780722138717
9780722144824
9780722151266
9780722151846
9780722152072
9780722163061
9780722166673
9780722182536
9780722194423
9780722502846
9780722512661
9780722517062
9780722521038
9780722521335
9780722522455
9780722525708
9780722528266
9780722528655
9780722529546
9780722529669
9780722529867
9780722531716
9780722532416
9780722535585
9780722539521
9780723002598
9780723002628
9780723007753
9780723105664
9780723200253
9780723200499
9780723200901
9780723202103
9780723217978
9780723218012
9780723218241
9780723218623
9780723227717
9780723229698
9780723233046
9780723234470
9780723235293
9780723235330
9780723237129
9780723239901
9780723240297
9780723241904
9780723242277
9780723242635
9780723248170
9780723249351
9780723250760
9780723261506
9780723261674
9780723261896
9780723262107
9780723263487
9780723266518
9780723267041
9780723271598
9780724805082
9780724811199
9780724811212
9780725104658
9780725308650
9780727907875
9780727908933
9780727910226
9780727910660
9780727911261
9780727912060
9780727916945
9780730346517
9780731401086
9780731402045
9780731408290
9780731800094
9780731800629
9780731800803
9780731801657
9780731801664
9780731801855
9780731801886
9780731802265
9780731802388
9780731802524
9780731802548
9780731803590
9780731804221
9780731804467
9780731804528
9780731804832
9780731805846
9780731806010
9780731806720
9780731807161
9780731810420
9780731811625
9780731812981
9780731813902
9780731813964
9780732201173
9780732224035
9780732224493
9780732225384
9780732225605
9780732248086
9780732250331
9780732250447
9780732250577
9780732250898
9780732251093
9780732251291
9780732256951
9780732257231
9780732258559
9780732259136
9780732264833
9780732266639
9780732267001
9780732267070
9780732268459
9780732268824
9780732268954
9780732268985
9780732269043
9780732269074
9780732269142
9780732271343
9780732274337
9780732275334
9780732276027
9780732276775
9780732278267
9780732278380
9780732280925
9780732281649
9780732282189
9780732283247
9780732283698
9780732285845
9780732287320
9780732288228
9780732289539
9780732291877
9780732292577
9780732292904
9780732293406
9780732295479
9780732295806
9780732297565
9780732298678
9780732298760
9780732299293
9780732299361
9780732299385
9780732299972
9780732708429
9780732711993
9780732722913
9780732735593
9780732902131
9780732902148
9780732902155
9780732902414
9780732903282
9780732907204
9780732907631
9780732908157
9780732908270
9780732908485
9780732908539
9780732908591
9780732908836
9780732909321
9780732909888
9780732910136
9780732910631
9780732911225
9780732911348
9780732911386
9780732911751
9780732911973
9780732912574
9780732912659
9780732916589
9780732920364
9780732961053
9780732989538
9780732997113
9780732998868
9780733302411
9780733315466
9780733316029
9780733317668
9780733318160
9780733318986
9780733324482
9780733329685
9780733330261
9780733330391
9780733331039
9780733331756
9780733332197
9780733332517
9780733333309
9780733333347
9780733334139
9780733334740
9780733335112
9780733338137
9780733338304
9780733338977
9780733339127
9780733339387
9780733339417
9780733339738
9780733339998
9780733340239
9780733341304
9780733341885
9780733342172
9780733342240
9780733342707
9780733342721
9780733342967
9780733342981
9780733600517
9780733600661
9780733601262
9780733601736
9780733602269
9780733602627
9780733603785
9780733608681
9780733610066
9780733610493
9780733611261
9780733611988
9780733613203
9780733613487
9780733615221
9780733616006
9780733616426
9780733616679
9780733617522
9780733619755
9780733619953
9780733621932
9780733622885
9780733624131
9780733626296
9780733627439
9780733627774
9780733628825
9780733628832
9780733630248
9780733631535
9780733631542
9780733632723
9780733632747
9780733632839
9780733634192
9780733635137
9780733636059
9780733636561
9780733636882
9780733636998
9780733637032
9780733638350
9780733639289
9780733639753
9780733642746
9780733645990
9780733648182
9780733650055
9780733942389
9780733985539
9780733986604
9780733998997
9780733999000
9780734300393
9780734301802
9780734304476
9780734304506
9780734305466
9780734408150
9780734408440
9780734417459
9780734417503
9780734418692
9780735224209
9780735233584
9780735233768
9780735234161
9780735234642
9780735234987
9780735235045
9780735235311
9780735235816
9780735236448
9780735236462
9780735236929
9780735237414
9780735238091
9780735239449
9780735239708
9780735240094
9780735240827
9780735241503
9780735241657
9780735241992
9780735242203
9780735243200
9780735244924
9780735245938
9780735245990
9780735247604
9780735265288
9780735266360
9780735266414
9780735267527
9780735267725
9780735267800
9780735270084
9780735270725
9780735270749
9780735270756
9780735271463
9780735273863
9780735279193
9780735280656
9780735289703
9780735606999
9780735610354
9780735610705
9780735614055
9780735700185
9780735709225
9780735709522
9780735711600
9780735810921
9780735813335
9780735814875
9780735816435
9780735816909
9780735817036
9780735820678
9780735820722
9780735820746
9780735820951
9780735821040
9780736400497
9780736401371
9780736411509
9780736411998
9780736412018
9780736412025
9780736412070
9780736412445
9780736412933
9780736413022
9780736420129
9780736420136
9780736420518
9780736421102
9780736421331
9780736421638
9780736421782
9780736421843
9780736422123
9780736422185
9780736422895
9780736423144
9780736423205
9780736423311
9780736423861
9780736424417
9780736424448
9780736424516
9780736425131
9780736425919
9780736425988
9780736426152
9780736427241
9780736429191
9780736429627
9780736431262
9780736434966
9780736436267
9780736440059
9780736440257
9780736440929
9780736442251
9780736480444
9780736480550
9780736480925
9780736481144
9780736481618
9780736481779
9780736482127
9780736482134
9780736482493
9780736482776
9780736482912
9780736490313
9780737301144
9780737301496
9780737301717
9780737302042
9780737303681
9780737304657
9780738094526
9780739304990
9780739312315
9780739319994
9780739326763
9780739375679
9780739377727
9780739405215
9780739406878
9780739413876
9780739415955
9780739416389
9780739426920
9780739440858
9780739446942
9780739450642
9780739464670
9780739472798
9780739472965
9780739473412
9780739474884
9780739475119
9780739485927
9780743200769
9780743203463
9780743203487
9780743205009
9780743207164
9780743208093
9780743209144
9780743214018
9780743214131
9780743216869
9780743220552
9780743221443
9780743230575
9780743231077
9780743232050
9780743238199
9780743239042
9780743242516
9780743244053
9780743244893
9780743251723
9780743251860
9780743251921
9780743260381
9780743260404
9780743260527
9780743260534
9780743265270
9780743265416
9780743266154
9780743267069
9780743274364
9780743275392
9780743279468
9780743296113
9780743411660
9780743436229
9780743443197
9780743443616
9780743451345
9780743468213
9780743475143
9780743489348
9780743503570
9780743504195
9780743507646
9780743518192
9780743526357
9780743528078
9780744018462
9780745000862
9780745002996
9780745601953
9780745800332
9780745806273
9780746200933
9780747219712
9780747233039
9780747263944
9780747401162
9780747403043
9780747403050
9780747403326
9780747405146
9780747406662
9780747406853
9780747408086
9780747500094
9780747500353
9780747500490
9780747502777
9780747503613
9780747505440
9780747505853
9780747507321
9780747516521
9780747517122
9780747519249
9780747526162
9780747530633
9780747544173
9780747564225
9780747570776
9780747591405
9780748601462
9780748602384
9780748602421
9780748602964
9780748603947
9780748605392
9780748608522
9780748662661
9780748737260
9780748769414
9780748770915
9780749163778
9780749301651
9780749304652
9780749304751
9780749307219
9780749319991
9780749395025
9780749396923
9780749677954
9780749683238
9780749730772
9780749857585
9780749901226
9780749901783
9780749903602
9780749904159
9780749905705
9780749906801
9780749910266
9780749910877
9780749917678
9780749920487
9780749921934
9780749922016
9780749922603
9780749922658
9780749930073
9780749932282
9780749933098
9780750000017
9780750000307
9780750002011
9780750002271
9780750002653
9780750002776
9780750003933
9780750004275
9780750006125
9780750007566
9780750008266
9780750008310
9780750008488
9780750010429
9780750010818
9780750010849
9780750010955
9780750010986
9780750012126
9780750012447
9780750012645
9780750012881
9780750013499
9780750013543
9780750013635
9780750014076
9780750014137
9780750014403
9780750014717
9780750014724
9780750015141
9780750015912
9780750016100
9780750016414
9780750016445
9780750017664
9780750020169
9780750020237
9780750022361
9780750022996
9780750025294
9780750027311
9780750027359
9780750028233
9780750028349
9780750029896
9780750029940
9780750030144
9780750030212
9780750030700
9780750100311
9780750100342
9780750100410
9780750100427
9780750102155
9780750102322
9780750102537
9780750102667
9780750103121
9780750103640
9780750103947
9780750104227
9780750104340
9780750104487
9780750104791
9780750106146
9780750106351
9780750106498
9780750200400
9780750201339
9780750201520
9780750201544
9780750203296
9780750203616
9780750205597
9780750206655
9780750206723
9780750206990
9780750207577
9780750208734
9780750210775
9780750212854
9780750212908
9780750213158
9780750213547
9780750216944
9780750217293
9780750217880
9780750218351
9780750219433
9780750219518
9780750222389
9780750223508
9780750226295
9780750227278
9780750227834
9780750228138
9780750228312
9780750231961
9780750232074
9780750233231
9780750233255
9780750234399
9780750234498
9780750234962
9780750235327
9780750236805
9780750237079
9780750237208
9780750237789
9780750238052
9780750239349
9780750239592
9780750240185
9780750241786
9780750242578
9780750242677
9780750242721
9780750243032
9780750243520
9780750243575
9780750244640
9780750245517
9780750246583
9780750246811
9780750246828
9780750246835
9780750247306
9780750247641
9780750253697
9780750264396
9780750268486
9780750279642
9780750281171
9780750282925
9780750292740
9780750297042
9780750297837
9780750617178
9780751501070
9780751501285
9780751501599
9780751501636
9780751501797
9780751502893
9780751509946
9780751510171
9780751510188
9780751510904
9780751513431
9780751513509
9780751513592
9780751515565
9780751516609
9780751516715
9780751517439
9780751517606
9780751531282
9780751536539
9780751541502
9780751551785
9780752201382
9780752216034
9780752216317
9780752217772
9780752221038
9780752222066
9780752271620
9780752801728
9780752803647
9780752805399
9780752814100
9780752826301
9780752827803
9780752831916
9780752842363
9780752844367
9780752847320
9780752847849
9780752848426
9780752851631
9780752861432
9780752863849
9780752881942
9780753464632
9780753465042
9780753466117
9780753469620
9780753541913
9780753553459
9780753556078
9780753702215
9780753712702
9780753724606
9780753724613
9780753725276
9780753728116
9780753731116
9780753801208
9780753801796
9780753802229
9780753804414
9780753805398
9780753808597
9780753809501
9780753810446
9780753812822
9780753814383
9780753820230
9780755387458
9780755503964
9780758761637
9780759113022
9780759528789
9780759528864
9780759531260
9780759531628
9780760705643
9780760710333
9780760711231
9780760742501
9780760758007
9780760758236
9780760765241
9780760766057
9780760795019
9780760796276
9780760805541
9780760831687
9780760841242
9780760841297
9780760841525
9780760841648
9780760841761
9780761115380
9780761502890
9780761503125
9780761503941
9780761503965
9780761504115
9780761504139
9780761506737
9780761507031
9780761510727
9780761510932
9780761511205
9780761512035
9780761512578
9780761512837
9780761513025
9780761513322
9780761515753
9780761517672
9780761517702
9780761518167
9780761519423
9780761520627
9780761520856
9780761523253
9780761523505
9780761524625
9780761524939
9780761526278
9780761526346
9780761528401
9780761528791
9780761530190
9780761532620
9780761534358
9780761534907
9780761535942
9780761536673
9780761537090
9780761538059
9780761804277
9780761807698
9780761810988
9780761816232
9780761816928
9780761827245
9780762400362
9780762403707
9780762413386
9780762417025
9780762418459
9780762418732
9780762419944
9780762419951
9780762420988
9780762428267
9780762429332
9780762429875
9780762430086
9780762433384
9780762435586
9780762437023
9780762437887
9780762454747
9780762743339
9780764500619
9780764500961
9780764501814
9780764501951
9780764502309
9780764503719
9780764503955
9780764504020
9780764504259
9780764504709
9780764507120
9780764508516
9780764524585
9780764525766
9780764530210
9780764530692
9780764531842
9780764533211
9780764534218
9780764536885
9780764540646
9780764540967
9780764542183
9780764543012
9780764545283
9780764552106
9780764558894
9780764559426
9780764560132
9780764566318
9780764566486
9780764566684
9780764566745
9780764567810
9780764567865
9780764574405
9780764580000
9780764588532
9780764598500
9780765200280
9780765235381
9780765251398
9780765251626
9780765252098
9780765252517
9780765274342
9780765285829
9780765285850
9780765285904
9780765285942
9780765286017
9780765286024
9780765286055
9780765286284
9780767400169
9780767404952
9780767405225
9780767412551
9780767413459
9780767425629
9780767929936
9780768203325
9780769001159
9780769001166
9780769026251
9780769050041
9780769050065
9780769050980
9780769904504
9780770212162
9780770231521
9780770420109
9780770421281
9780770421397
9780770421557
9780770421748
9780770422608
9780770422622
9780770424329
9780770427948
9780770428181
9780770429430
9780770501204
9780770502461
9780770502478
9780770504564
9780770507503
9780770510114
9780770511814
9780770512255
9780770513191
9780770514747
9780770515881
9780770516192
9780770518417
9780771001109
9780771010538
9780771012426
9780771014338
9780771016615
9780771022418
9780771023163
9780771025303
9780771029103
9780771030994
9780771032332
9780771033193
9780771033285
9780771037443
9780771044205
9780771046971
9780771054792
9780771055645
9780771055768
9780771063640
9780771064272
9780771065446
9780771068201
9780771068270
9780771068843
9780771073557
9780771076800
9780771077227
9780771078675
9780771079405
9780771082184
9780771085314
9780771090714
9780771092176
9780771092268
9780771092862
9780771093371
9780771093401
9780771093906
9780771098246
9780771519864
9780771573088
9780771573101
9780771573217
9780771573255
9780771573293
9780771573330
9780771573354
9780771573378
9780771573392
9780771573415
9780771573583
9780771573675
9780771573699
9780771573828
9780771573958
9780771574573
9780771574771
9780771575457
9780771575471
9780771575594
9780771575648
9780771575693
9780771575761
9780771575877
9780771575907
9780771575952
9780771576034
9780771576157
9780771576294
9780771576300
9780771576324
9780771576447
9780771576515
9780771576553
9780771576652
9780771576768
9780771576829
9780771576898
9780771576959
9780771577024
9780771577079
9780771577086
9780771577109
9780771577116
9780771590023
9780771590085
9780771590214
9780771590238
9780771590252
9780771590276
9780771590283
9780771590320
9780771590375
9780771590443
9780771590467
9780771590849
9780771590863
9780771590993
9780771591266
9780771591303
9780771591587
9780771592003
9780771592027
9780771592270
9780771592393
9780771592409
9780771592492
9780771592621
9780771592737
9780771592843
9780771592874
9780771592928
9780771594588
9780771595288
9780771595295
9780771595516
9780771595585
9780771595745
9780771596193
9780771596216
9780771596278
9780771596353
9780771596438
9780771596476
9780771596827
9780771597046
9780771597077
9780771597404
9780771597503
9780771599095
9780771599101
9780771599132
9780771599231
9780771599583
9780779100477
9780779100484
9780779100668
9780779100682
9780779100859
9780779103362
9780779103461
9780779103478
9780779103614
9780779104178
9780779104185
9780779104215
9780779104222
9780779104246
9780779104253
9780779104260
9780779104284
9780779104291
9780779104314
9780779104345
9780779104352
9780779104413
9780779104437
9780779104444
9780779104451
9780779104512
9780779104529
9780779104536
9780779105861
9780779105922
9780779105939
9780779105953
9780779105977
9780779105984
9780779105991
9780779106004
9780779106028
9780779106035
9780779106042
9780779106080
9780779106097
9780779106103
9780779106110
9780779106134
9780779106189
9780779106202
9780779106233
9780779106257
9780779106264
9780779106271
9780779106288
9780779106295
9780779106301
9780779106318
9780779106325
9780779106332
9780779106349
9780779106356
9780779106400
9780779106448
9780779106455
9780779106479
9780779106738
9780779106745
9780779106905
9780779107636
9780779107650
9780779107667
9780779107674
9780779108121
9780779108145
9780779108176
9780779108183
9780779108213
9780779108220
9780779108237
9780779108244
9780779108299
9780779108343
9780779108350
9780779108381
9780779108398
9780779108404
9780779110001
9780779110025
9780779110049
9780779110056
9780779110070
9780779110087
9780779110100
9780779110124
9780779110131
9780779110155
9780779110704
9780779110711
9780779110841
9780779110858
9780779110865
9780779110872
9780779110902
9780779110919
9780779111626
9780779111633
9780779111640
9780779111657
9780779111664
9780779111688
9780779111695
9780779111701
9780779111725
9780779111732
9780779111749
9780779111756
9780779111763
9780779111787
9780779111794
9780779111817
9780779111824
9780779111831
9780779111848
9780779111855
9780779111879
9780779111886
9780779111909
9780779111916
9780779111923
9780779111930
9780779111954
9780779111961
9780779111978
9780779111992
9780779112005
9780779112012
9780779112029
9780779112043
9780779112050
9780779112067
9780779112074
9780779112081
9780779112098
9780779112104
9780779112111
9780779112128
9780779112135
9780779112142
9780779112159
9780779112166
9780779112180
9780779112197
9780779112203
9780779112210
9780779112227
9780779112234
9780779112241
9780779112258
9780779112289
9780779112296
9780779112333
9780779112357
9780779112388
9780779112395
9780779113064
9780779113071
9780779113491
9780779113767
9780779113774
9780779113835
9780779113972
9780779114009
9780779114269
9780779115259
9780779115266
9780779115273
9780779115280
9780779115310
9780779115334
9780779115341
9780779115358
9780779115396
9780779115464
9780779115495
9780779115556
9780779115587
9780779115624
9780779115648
9780779115655
9780779115679
9780779115730
9780779115815
9780779115839
9780779115853
9780779115877
9780779115907
9780779115969
9780779116119
9780779116164
9780779116171
9780779116188
9780779116201
9780779116249
9780779116256
9780779116270
9780779116317
9780779116324
9780779116348
9780779116362
9780779116430
9780779116539
9780779117437
9780779117444
9780779117611
9780779117642
9780779117659
9780779117673
9780779117680
9780779117703
9780779117710
9780779117727
9780779117734
9780779117741
9780779117758
9780779117765
9780779117796
9780779117802
9780779117819
9780779117826
9780779117833
9780779117840
9780779117857
9780779117864
9780779117871
9780779117888
9780779117925
9780779117932
9780779117956
9780779117987
9780779118014
9780779118052
9780779118069
9780779118090
9780779118113
9780779118120
9780779118137
9780779118144
9780779118151
9780779118182
9780779118199
9780779118205
9780779118229
9780779118236
9780779118311
9780779118335
9780779118496
9780779118519
9780779118571
9780779118601
9780779118618
9780779118625
9780779118656
9780779118663
9780779118700
9780779118861
9780779118939
9780779118977
9780779118991
9780779119042
9780779119073
9780779119103
9780779119158
9780779119165
9780779119189
9780779119196
9780779119202
9780779119288
9780779119318
9780779119400
9780779119417
9780779119523
9780779119530
9780779119561
9780779119646
9780779119660
9780779119776
9780779119882
9780779119905
9780779120000
9780779120048
9780779120123
9780779120147
9780779120246
9780779120277
9780779120390
9780779122332
9780779122509
9780779122516
9780779122523
9780779122530
9780779122547
9780779122554
9780779122561
9780779122578
9780779122592
9780779122608
9780779122615
9780779122622
9780779122639
9780779122646
9780779122653
9780779122660
9780779122677
9780779122684
9780779122691
9780779122707
9780779122721
9780779122738
9780779122745
9780779122752
9780779122769
9780779122776
9780779122783
9780779122790
9780779122806
9780779122813
9780779122837
9780779122844
9780779122851
9780779122868
9780779122875
9780779122882
9780779122899
9780779122905
9780779122912
9780779122936
9780779122943
9780779122950
9780779122967
9780779122998
9780779123001
9780779123018
9780779123025
9780779123049
9780779123490
9780779123629
9780779123636
9780779123650
9780779123704
9780779123759
9780779123834
9780779123940
9780779124152
9780779124176
9780779126668
9780779126699
9780779126712
9780779126729
9780779126743
9780779126750
9780779126767
9780779126774
9780779126781
9780779126804
9780779126811
9780779126828
9780779126835
9780779127856
9780779128280
9780779128334
9780779128358
9780779128365
9780779128372
9780779128433
9780779128440
9780779128464
9780779128471
9780779128525
9780779128532
9780779128563
9780779128648
9780779128662
9780779128679
9780779128693
9780779128730
9780779128747
9780779128778
9780779128785
9780779128808
9780779128822
9780779131891
9780779131914
9780779131921
9780779131938
9780779131945
9780779131952
9780779131976
9780779131990
9780779132010
9780779132041
9780779132058
9780779132065
9780779132317
9780779132324
9780779132331
9780779132348
9780779132355
9780779132362
9780779132379
9780779132386
9780779132867
9780779132874
9780779132911
9780779132935
9780779133901
9780779133918
9780779133963
9780779133987
9780779133994
9780779134021
9780779134908
9780779134922
9780779135004
9780779135011
9780779135035
9780779135110
9780779135684
9780779135691
9780779135714
9780779135738
9780779135769
9780779135776
9780779136414
9780779137251
9780779137268
9780779137411
9780779137435
9780779137459
9780779137497
9780779137503
9780779137510
9780779137527
9780779137572
9780779137596
9780779139507
9780779139514
9780779139521
9780779139538
9780779139545
9780779139569
9780779139583
9780779139590
9780779139606
9780779139613
9780779139637
9780779139651
9780779139668
9780779139989
9780779139996
9780779140008
9780779140015
9780779140022
9780779140046
9780779140060
9780779140091
9780779140107
9780779140114
9780779140138
9780779140145
9780779140169
9780779140183
9780779140190
9780779140220
9780779140237
9780779140244
9780779140251
9780779140268
9780779140749
9780779140794
9780779140800
9780779140817
9780779140855
9780779141005
9780779141029
9780779141036
9780779141067
9780779141203
9780779141500
9780779141517
9780779141524
9780779141531
9780779141548
9780779141562
9780779141586
9780779141593
9780779141616
9780779141623
9780779141630
9780779141647
9780779141654
9780779141661
9780779141678
9780779141685
9780779141692
9780779141708
9780779141715
9780779141722
9780779141746
9780779141753
9780779141760
9780779141784
9780779141791
9780779141814
9780779141821
9780779141838
9780779141845
9780779141852
9780779141883
9780779141890
9780779141906
9780779141913
9780779141920
9780779141944
9780779141951
9780779141968
9780779141982
9780779142002
9780779142019
9780779142026
9780779142033
9780779142064
9780779142071
9780779142132
9780779142217
9780779143689
9780779143696
9780779143702
9780779143719
9780779143726
9780779143740
9780779143757
9780779144419
9780779144440
9780779144587
9780779144617
9780779144686
9780779144785
9780779144822
9780779144907
9780779144952
9780779144969
9780779145003
9780779146741
9780779146864
9780779146871
9780779146895
9780779146925
9780779146949
9780779146987
9780779147007
9780779147014
9780779147038
9780779147076
9780779147090
9780779147106
9780779147137
9780779147144
9780779147168
9780779147175
9780779147182
9780779148240
9780779148264
9780779148288
9780779148325
9780779148370
9780779148394
9780779148424
9780779149698
9780779149919
9780779150250
9780779150311
9780779150328
9780779150366
9780779150373
9780779150380
9780779150397
9780779150403
9780779150410
9780779150427
9780779150434
9780779150458
9780779150465
9780779150472
9780779150489
9780779150496
9780779150502
9780779150533
9780779150571
9780779150687
9780779150847
9780779150953
9780779151127
9780779151134
9780779151141
9780779151165
9780779151936
9780779152094
9780779153008
9780779153138
9780779153176
9780779153183
9780779153541
9780779153558
9780779153565
9780779154364
9780779154401
9780779154456
9780779154463
9780779154531
9780779154548
9780779154562
9780779154593
9780779154623
9780779154722
9780779154746
9780779154869
9780779154982
9780779155019
9780779155101
9780779155132
9780779156054
9780779156269
9780779156276
9780779158584
9780779158607
9780779158614
9780779158638
9780779158645
9780779158683
9780779158706
9780779158713
9780779159024
9780779159031
9780779159055
9780779159079
9780779159086
9780779159109
9780779159116
9780779159147
9780779160785
9780779161010
9780779161447
9780779161461
9780779161522
9780779161546
9780779161560
9780779161584
9780779161614
9780779162383
9780779162758
9780779162796
9780779162895
9780779163526
9780779163533
9780779163571
9780779164455
9780779164653
9780779164721
9780779165193
9780779165261
9780779165971
9780779166114
9780779166176
9780779166183
9780779166190
9780779166817
9780779166831
9780779166855
9780779166916
9780779166930
9780779166954
9780779167647
9780779167708
9780779168392
9780779168415
9780779168446
9780779168453
9780779170159
9780779170180
9780779170258
9780779170562
9780779171989
9780779171996
9780779172030
9780779172054
9780779173037
9780779173051
9780779173082
9780779173099
9780779174089
9780779174102
9780779174133
9780779174140
9780779174157
9780779174263
9780779174270
9780779174300
9780779175857
9780779175901
9780779175956
9780779176243
9780779176267
9780779176311
9780779176335
9780779176427
9780779176434
9780779176588
9780779176625
9780779177288
9780779177325
9780779177332
9780779178391
9780779178407
9780779178414
9780779178483
9780779179886
9780779181667
9780779182268
9780779182473
9780779182480
9780779182732
9780779184118
9780779186075
9780779186099
9780779186112
9780779186150
9780779186174
9780779186181
9780779186204
9780779186211
9780779186266
9780779186273
9780779186419
9780779186457
9780779186471
9780779186792
9780779186808
9780779186822
9780779186990
9780779187065
9780779187096
9780779187294
9780779187577
9780779187607
9780779187669
9780779187720
9780779187751
9780779188239
9780779188512
9780779188581
9780779188703
9780779188741
9780779188789
9780779189526
9780779189540
9780779189571
9780779189595
9780779189601
9780779189618
9780779190645
9780779191352
9780779192120
9780779192144
9780779192151
9780779192168
9780779192236
9780779196449
9780779196500
9780779196555
9780779196562
9780779196616
9780779196654
9780779196739
9780779196791
9780779196838
9780779196852
9780779196869
9780779196951
9780779197101
9780779198023
9780779199242
9780779199280
9780779199303
9780779199310
9780779199334
9780779199341
9780779199396
9780779199433
9780779199488
9780779199495
9780779199525
9780779199594
9780779199631
9780779199686
9780779199952
9780780207028
9780780228757
9780780248892
9780780249325
9780782110388
9780782111088
9780782112023
9780782112412
9780782112818
9780782114065
9780782114942
9780782116199
9780782116687
9780782116984
9780782117080
9780782117110
9780782117547
9780782117660
9780782118612
9780782118742
9780782118865
9780782119268
9780782120974
9780782122510
9780782122657
9780782123401
9780782124767
9780782124910
9780782125061
9780782125207
9780782126280
9780782128734
9780782129175
9780785122081
9780785127444
9780785128694
9780785339335
9780785406488
9780785407799
9780785413561
9780785441342
9780786006694
9780786302192
9780786305568
9780786308156
9780786308606
9780786310500
9780786500192
9780786556724
9780786700493
9780786703241
9780786703401
9780786704972
9780786706006
9780786707058
9780786716692
9780786716753
9780786719617
9780786720194
9780786807871
9780786810758
9780786812738
9780786815029
9780786842100
9780786849215
9780786853151
9780786853168
9780786853373
9780787216566
9780787900168
9780787903022
9780787903473
9780787945060
9780787956004
9780787958961
9780787965341
9780787967307
9780787969349
9780787972158
9780787973575
9780787976538
9780787985288
9780787995775
9780787997083
9780787999230
9780787999483
9780787999506
9780787999803
9780789701374
9780789702586
9780789709011
9780789709899
9780789710291
9780789711410
9780789715685
9780789717429
9780789719317
9780789719546
9780789720481
9780789722553
9780789723192
9780789724472
9780789727602
9780789727657
9780789727664
9780789734433
9780789734440
9780789734563
9780789734662
9780789735942
9780789741202
9780789750884
9780790116570
9780790116891
9780790120966
9780790122359
9780792450191
9780792453147
9780792453666
9780792453673
9780792455981
9780792457794
9780792458340
9780793117895
9780793128099
9780794400057
9780794402679
9780794404444
9780794407698
9780794407704
9780794411350
9780794413019
9780794413194
9780794413620
9780794413934
9780794414580
9780794417703
9780794421731
9780801300523
9780801304798
9780801306273
9780801312137
9780801313073
9780801511721
9780801516504
9780801526732
9780801536496
9780801545993
9780801559297
9780801575266
9780801648977
9780801671982
9780802705778
9780802706737
9780802706799
9780802707130
9780802709073
9780802709387
9780802710925
9780802712646
9780802735065
9780802736239
9780802740878
9780802752598
9780802757982
9780802762191
9780802763228
9780802764706
9780802766250
9780802767417
9780802772114
9780802774729
9780802775047
9780802775481
9780802782144
9780802783004
9780802784049
9780802784599
9780802787491
9780802788122
9780802789075
9780802789280
9780802789501
9780802793263
9780802796196
9780802797254
9780803700086
9780803700284
9780803700307
9780803700833
9780803701397
9780803701731
9780803701823
9780803701984
9780803702066
9780803702332
9780803702783
9780803703438
9780803703513
9780803704725
9780803704886
9780803705135
9780803705210
9780803706118
9780803706491
9780803707207
9780803707214
9780803707269
9780803707399
9780803707436
9780803707955
9780803708839
9780803709409
9780803709898
9780803710146
9780803710351
9780803711501
9780803711532
9780803712201
9780803713253
9780803713772
9780803714281
9780803714618
9780803715363
9780803716032
9780803716735
9780803716742
9780803717671
9780803719330
9780803719811
9780803720459
9780803720589
9780803721050
9780803721913
9780803723795
9780803724167
9780803724723
9780803724778
9780803724891
9780803725751
9780803726390
9780803726888
9780803727373
9780803728172
9780803731080
9780803731431
9780803741089
9780803749177
9780803751392
9780803754676
9780803756540
9780803766709
9780803782488
9780803786837
9780803791534
9780803798960
9780804100151
9780804100236
9780804100410
9780804100915
9780804101080
9780804101356
9780804102872
9780804103268
9780804103695
9780804104463
9780804104609
9780804104630
9780804104777
9780804104869
9780804105521
9780804106481
9780804106504
9780804106573
9780804107273
9780804109505
9780804115452
9780804116794
9780804119382
9780804136990
9780805206319
9780805207491
9780805207569
9780805209501
9780805230765
9780805237436
9780805237450
9780805238471
9780805239041
9780805239287
9780805239348
9780805239461
9780805239683
9780805239775
9780805240122
9780805250480
9780805306729
9780805316445
9780805317633
9780805341409
9780805342826
9780805346176
9780805353211
9780805354010
9780805356663
9780805365603
9780805365948
9780805371482
9780805373417
9780805376760
9780805395297
9780805396201
9780805769777
9780805895100
9780806990934
9780807200469
9780807211168
9780808567165
9780809206056
9780809206247
9780809207039
9780809207091
9780809209101
9780809230631
9780809231997
9780809232239
9780809244898
9780809248346
9780809248483
9780809251797
9780809256938
9780809810246
9780810408432
9780810456792
9780810458604
9780810463257
9780810805330
9780810810594
9780810811164
9780810811171
9780810812413
9780810812437
9780810812734
9780810813670
9780810815797
9780810819955
9780810820531
9780810824034
9780810826199
9780810826281
9780810831001
9780810834620
9780810841451
9780810841963
9780810844827
9780810846685
9780810853317
9780810856615
9780810857292
9780811625050
9780811625517
9780811628143
9780811640343
9780811646536
9780811664677
9780812413908
9780812440881
9780812449051
9780812622386
9780812906677
9780812911190
9780812926217
9780812928440
9780812930689
9780812933086
9780812933697
9780812933987
9780812935103
9780812935240
9780812935660
9780812966176
9780812967340
9780813301075
9780813303062
9780813303345
9780813308456
9780813311296
9780813311821
9780813312323
9780813314839
9780813321509
9780813321851
9780813324470
9780813326139
9780813370293
9780813370606
9780813372624
9780813372822
9780813374178
9780813374369
9780813374598
9780813375595
9780813377292
9780813378497
9780813379265
9780813379715
9780813381930
9780813381961
9780813382739
9780813385198
9780813386775
9780813431604
9780813601144
9780813601168
9780813601441
9780813602059
9780813618548
9780813619781
9780813623337
9780813631196
9780813634036
9780813649597
9780813650524
9780813651644
9780813652320
9780813652931
9780813653945
9780813656342
9780813657219
9780813659602
9780813659626
9780813801599
9780813804477
9780813807355
9780813809946
9780813810676
9780813814223
9780813815930
9780813818221
9780813819730
9780813824949
9780813827834
9780814903087
9780814908167
9780815119180
9780815133117
9780815144793
9780815180074
9780815192725
9780816136513
9780816210947
9780816716029
9780816736607
9780816736621
9780817404239
9780817405779
9780817421410
9780817424459
9780817424589
9780817435455
9780817460402
9780819110411
9780819111951
9780819112712
9780819123633
9780819125101
9780819133724
9780819139054
9780819142917
9780819145857
9780819154651
9780819164155
9780819173386
9780819174284
9780819175243
9780819176691
9780819181978
9780819192066
9780819303226
9780819304537
9780819305695
9780819307804
9780821216033
9780821218808
9780821502327
9780821504918
9780821507063
9780821507346
9780821507377
9780821507407
9780821509524
9780821509548
9780821509654
9780821536032
9780821536056
9780821551165
9780821569542
9780821575000
9780821578117
9780821578186
9780821578292
9780821583746
9780821726112
9780821729052
9780821766033
9780821769744
9780822408093
9780822435327
9780822750055
9780823007455
9780823024681
9780823029495
9780823029907
9780823030101
9780823048236
9780823056286
9780823064465
9780823064489
9780823070268
9780823070442
9780823072705
9780823077922
9780823082629
9780823083480
9780823084647
9780824767471
9780825630507
9780825638701
9780825638824
9780826114426
9780826121905
9780826124104
9780826129802
9780826169211
9780826403414
9780826498694
9780828600637
9780828902816
9780828904292
9780828904506
9780828905664
9780828906166
9780828906982
9780829718461
9780829802443
9780829903294
9780830600434
9780830601202
9780830602353
9780830609772
9780830609949
9780830610273
9780830611140
9780830611775
9780830612543
9780830614820
9780830615148
9780830618880
9780830620449
9780830621415
9780830622009
9780830623426
9780830623792
9780830624072
9780830624454
9780830625345
9780830627813
9780830628513
9780830629220
9780830629237
9780830629633
9780830629756
9780830630189
9780830630271
9780830630288
9780830632015
9780830632534
9780830632930
9780830633708
9780830634033
9780830634583
9780830634828
9780830634842
9780830636297
9780830636433
9780830637331
9780830637904
9780830639700
9780830640027
9780830640386
9780830641413
9780830641970
9780830643158
9780830643202
9780830643844
9780830644087
9780830644278
9780830644506
9780830645404
9780830657865
9780830665402
9780830675777
9780830678839
9780830679553
9780830684762
9780830690534
9780830692828
9780830696369
9780830697151
9780830698363
9780832503221
9780832504365
9780833502896
9780833560025
9780834003330
9780834004191
9780834004207
9780835902175
9780835905077
9780835905190
9780835906074
9780835908535
9780835924177
9780835931311
9780835940221
9780835946889
9780835949200
9780835953658
9780835993739
9780838435052
9780838502464
9780838502488
9780838504475
9780838506509
9780838510803
9780838512456
9780838513750
9780838528051
9780838537619
9780838561874
9780838570418
9780838572443
9780838577219
9780838580301
9780838585283
9780838586983
9780838593844
9780838752289
9780838753842
9780840377012
9780840764331
9780840765130
9780840771162
9780841200449
9780841209183
9780841217669
9780841217706
9780841235564
9780841503625
9780841520127
9780841720268
9780842800068
9780842887021
9780842890021
9780842893206
9780843101560
9780843102376
9780843102482
9780843102598
9780843103069
9780843104059
9780843105247
9780843105803
9780843105964
9780843106602
9780843106930
9780843107395
9780843107449
9780843108545
9780843108606
9780843108736
9780843108743
9780843109481
9780843113945
9780843114140
9780843114959
9780843115314
9780843115369
9780843115376
9780843115390
9780843115604
9780843116595
9780843117349
9780843118223
9780843119008
9780843119060
9780843119534
9780843119589
9780843119947
9780843119978
9780843120066
9780843122367
9780843123401
9780843123456
9780843123746
9780843124613
9780843124637
9780843124729
9780843124996
9780843125115
9780843127638
9780843128079
9780843128512
9780843130065
9780843130157
9780843130485
9780843130607
9780843130676
9780843131352
9780843132298
9780843132908
9780843133059
9780843133851
9780843135282
9780843139457
9780843141986
9780843141993
9780843143003
9780843176452
9780843176612
9780843178555
9780843179279
9780843179743
9780843180794
9780843182248
9780843182873
9780843607611
9780844200217
9780844202099
9780844202334
9780844203898
9780844204819
9780844204895
9780844206677
9780844206899
9780844207193
9780844207964
9780844208411
9780844208589
9780844209241
9780844209500
9780844209630
9780844211572
9780844214221
9780844218427
9780844220895
9780844221694
9780844222394
9780844223124
9780844223919
9780844225425
9780844225876
9780844226088
9780844226286
9780844226910
9780844229126
9780844230986
9780844231129
9780844234588
9780844239040
9780844239309
9780844242378
9780844243276
9780844244303
9780844244334
9780844244433
9780844245096
9780844245911
9780844247649
9780844247694
9780844248547
9780844248806
9780844249032
9780844249520
9780844249605
9780844250380
9780844251615
9780844254593
9780844255309
9780844255453
9780844256788
9780844257594
9780844258454
9780844258751
9780844271545
9780844272948
9780844272955
9780844279664
9780844280301
9780844280882
9780844281438
9780844284934
9780844285481
9780844286839
9780844287119
9780844289052
9780844289137
9780844289335
9780844289441
9780844290027
9780844290041
9780844290393
9780844290706
9780844290997
9780844291147
9780844291802
9780844292090
9780844292342
9780844293097
9780844293318
9780844293943
9780844296302
9780844297101
9780844298191
9780844298870
9780844299211
9780844299365
9780844299846
9780844553054
9780844810454
9780845142974
9780846506157
9780850127898
9780850300468
9780850309607
9780850598629
9780850721232
9780850788051
9780850788587
9780850911565
9780851053196
9780851172194
9780851217376
9780851227580
9780851526096
9780851988047
9780851988689
9780851988931
9780852006191
9780852245224
9780852246092
9780852267004
9780852267561
9780852268322
9780852926307
9780852928837
9780852929247
9780852986158
9780853120698
9780853120964
9780853121213
9780853122074
9780853122203
9780853122234
9780853122425
9780853123613
9780853125334
9780853128441
9780853238508
9780853239512
9780853242031
9780853242062
9780853401858
9780853405252
9780853407812
9780853408451
9780853613442
9780853687245
9780853688365
9780853688471
9780854931583
9780855203801
9780855203856
9780855204716
9780855207021
9780855336042
9780855980788
9780856410208
9780856700972
9780856709180