9780856709425
9780856709913
9780856724886
9780857052421
9780857057839
9780857072252
9780857072597
9780857072610
9780857074690
9780857076175
9780857077813
9780857077851
9780857208200
9780857382122
9780857388339
9780857551160
9780857760524
9780857983749
9780857984111
9780857984623
9780857986016
9780857986337
9780857988324
9780857988706
9780857988935
9780859246002
9780859247818
9780859249324
9780859249676
9780859414517
9780859415910
9780859895606
9780860030775
9780860104797
9780860330073
9780860330608
9780860361336
9780860680574
9780860680581
9780860681199
9780860681243
9780860681366
9780860681632
9780860681687
9780860682165
9780860682462
9780860683063
9780860683490
9780860683711
9780860683919
9780860683940
9780860684299
9780860684732
9780860685159
9780860685203
9780860686255
9780860686309
9780860686385
9780860686453
9780860686552
9780860686750
9780860688440
9780860688617
9780860689843
9780860930419
9780860930570
9780860931232
9780860931256
9780860931393
9780860931706
9780860931829
9780860931904
9780860932185
9780860932246
9780860932338
9780860932598
9780860932819
9780860932994
9780860933052
9780860933281
9780860933380
9780860933595
9780860934790
9780860934943
9780860935414
9780860935575
9780860936190
9780860958970
9780861400171
9780862030711
9780862885984
9780863160639
9780863162091
9780863162480
9780863531705
9780863581281
9780863696305
9780863779169
9780864178824
9780864619082
9780865310834
9780865313972
9780865316508
9780865317741
9780865318328
9780865318670
9780865319400
9780865319745
9780865420199
9780865421189
9780865422308
9780865423657
9780865424463
9780865427495
9780865427563
9780865429062
9780865877764
9780865981096
9780866160476
9780866512527
9780866513067
9780866513531
9780866514705
9780866516129
9780866517515
9780866839303
9780867210149
9780867210385
9780867210439
9780867210514
9780867210644
9780867210767
9780867211276
9780867211788
9780867212242
9780867212259
9780868243528
9780868247960
9780868488547
9780868612027
9780868961958
9780868962207
9780868962573
9780868963921
9780868964294
9780868967899
9780868968773
9780869542316
9780870022654
9780870051449
9780870053153
9780870115240
9780870115691
9780870404085
9780870406126
9780870406645
9780870407109
9780870407369
9780870408236
9780870408649
9780870409257
9780870409998
9780870941665
9780870944956
9780870946295
9780870947551
9780870994968
9780870998744
9780871284846
9780871285805
9780871313379
9780871567437
9780871567680
9780871567758
9780871568014
9780871963819
9780872167377
9780872167995
9780872168046
9780872168350
9780872234109
9780872235977
9780872236226
9780872237643
9780872237773
9780872266896
9780873412636
9780873412698
9780873413206
9780873415279
9780873415323
9780873415736
9780873491198
9780873498425
9780874770759
9780874771329
9780874772197
9780874772586
9780874772937
9780874773798
9780874776348
9780874778588
9780874841930
9780874843590
9780874847925
9780875890050
9780875892368
9780875893426
9780875893976
9780875894232
9780875895123
9780875895765
9780875896557
9780875896847
9780875897127
9780875897493
9780875897660
9780875897707
9780875897738
9780875898131
9780875908236
9780875961026
9780875964706
9780875966595
9780876203750
9780876260197
9780876283561
9780876284469
9780876284766
9780876288580
9780876289105
9780876297018
9780876372982
9780876373705
9780876374153
9780876377789
9780876378212
9780876378625
9780876379066
9780876686324
9780876687383
9780876901373
9780876902424
9780876903087
9780876903124
9780876903209
9780876951026
9780877191209
9780877191391
9780877191452
9780877192190
9780877192473
9780877193289
9780877420460
9780877420699
9780877423898
9780877424154
9780877540120
9780877730866
9780877732891
9780877733430
9780877881612
9780877881858
9780877886327
9780878517077
9780878573820
9780878574018
9780878575497
9780878576142
9780878576814
9780878880485
9780878880560
9780878920617
9780878924264
9780878935154
9780878970063
9780879092283
9780879094928
9780879096236
9780879304911
9780879307127
9780879421298
9780879676360
9780879677800
9780879679347
9780879698041
9780879832315
9780879832988
9780879833831
9780879834005
9780879835330
9780879836443
9780879838522
9780879931520
9780879931643
9780879932008
9780879932046
9780879933302
9780879933463
9780879935498
9780879936396
9780879936419
9780880013147
9780880015424
9780880016377
9780880016391
9780880016711
9780880224406
9780880226776
9780880226837
9780880227049
9780880227391
9780880229319
9780880229661
9780880387293
9780880703796
9780880708494
9780881020595
9780881021417
9780881661583
9780881661736
9780881664805
9780881665048
9780881840315
9780881840926
9780881841046
9780881841459
9780881841725
9780881842791
9780881842845
9780881843408
9780881845358
9780881847970
9780881848625
9780882660257
9780882666266
9780882721354
9780882735030
9780882954530
9780882955476
9780882957142
9780882959085
9780883017043
9780883017456
9780883310182
9780883323359
9780883341452
9780883341612
9780883901373
9780883901670
9780883903582
9780884221135
9780887055287
9780887056123
9780887056796
9780887057441
9780887058257
9780887082467
9780887082702
9780887082788
9780887082849
9780887150043
9780887272219
9780887302626
9780887760921
9780887762895
9780887765117
9780888348692
9780888944931
9780888990563
9780890372296
9780890372456
9780890372661
9780890610077
9780890612309
9780890613382
9780890613696
9780890614808
9780890615201
9780890619162
9780890619544
9780890872024
9780890874257
9780890875582
9780890875759
9780890876916
9780890877524
9780890877678
9780890877821
9780891330325
9780891345572
9780891413127
9780891413929
9780891584018
9780891584490
9780891584582
9780891587583
9780891587781
9780891588306
9780891588412
9780891589761
9780892063925
9780892362295
9780892560530
9780892561292
9780892562312
9780892562367
9780892563098
9780893036911
9780893840105
9780893840464
9780893840518
9780893842406
9780893842628
9780893842840
9780894331329
9780894332654
9780894352317
9780894354663
9780894712692
9780894712883
9780894713705
9780894715716
9780894716461
9780894718069
9780894719868
9780894800498
9780894801839
9780895294692
9780895296344
9780895299833
9780895680853
9780895733696
9780895736529
9780895739926
9780895775955
9780895777874
9780895861702
9780895863584
9780895864345
9780895865977
9780895866479
9780895866769
9780895885937
9780895886484
9780895887955
9780895888662
9780895941817
9780895943484
9780895944214
9780895949677
9780896040038
9780896889156
9780896891845
9780897660433
9780897662246
9780897663571
9780898150261
9780898150803
9780898151138
9780898151534
9780898154627
9780898155785
9780899092461
9781101913079
9781101932827
9781101932889
9781101935019
9781101936733
9781101950173
9781101950524
9781101951460
9781101996812
9781107002210
9781107123236
9781107166004
9781107409538
9781107415775
9781107469044
9781107480780
9781107488748
9781107493674
9781107498921
9781107504356
9781107508842
9781107509177
9781107556287
9781107561908
9781107604001
9781107609556
9781107609563
9781107609938
9781107620421
9781107621510
9781107623491
9781107629356
9781107632448
9781107636088
9781107637733
9781107637801
9781107643505
9781107643567
9781107643673
9781107643703
9781107645516
9781107651494
9781107666900
9781107670921
9781107672369
9781107679108
9781107692770
9781107693609
9781107693661
9781108380621
9781108435307
9781108759113
9781108908825
9781118013748
9781118029398
9781118043172
9781118101353
9781118153338
9781118170533
9781118176818
9781118307229
9781118307250
9781118307304
9781118307335
9781118362464
9781118431221
9781118479407
9781118479698
9781118480380
9781118486757
9781118486900
9781118615232
9781118640326
9781118673737
9781118757147
9781118789674
9781118792858
9781118792902
9781118793428
9781118793541
9781118793695
9781118811245
9781118811290
9781118811320
9781118811610
9781118812075
9781118865873
9781118956663
9781118961186
9781118996782
9781119068983
9781119078982
9781119079811
9781119089148
9781119289715
9781119299820
9781119311331
9781119319382
9781119329268
9781119378792
9781119435266
9781119439301
9781119454670
9781119472605
9781119535621
9781119542117
9781119596776
9781119609261
9781119611639
9781119648666
9781119659853
9781119707592
9781119714873
9781119974451
9781121471726
9781121502963
9781121507982
9781121542938
9781121701755
9781121748422
9781122720335
9781124034287
9781124045122
9781124046518
9781127109005
9781137319036
9781137468574
9781137486684
9781137499943
9781137539694
9781137541574
9781137550125
9781250143938
9781250190239
9781250802422
9781256003625
9781256088387
9781256105879
9781256121367
9781256126935
9781256164388
9781256169260
9781256170662
9781256185604
9781256212300
9781256286349
9781256291923
9781256292791
9781256320739
9781256347118
9781256444923
9781256469957
9781256506515
9781256518372
9781256562245
9781256573517
9781256573623
9781256589211
9781256601241
9781256671015
9781256708766
9781256737223
9781256765219
9781256771159
9781256784524
9781256806202
9781256814337
9781256821342
9781256825357
9781256833703
9781256842644
9781256861706
9781256868200
9781256918165
9781256931157
9781256944683
9781256957089
9781256966463
9781259009310
9781259010767
9781259010811
9781259020353
9781259024931
9781259028632
9781259030819
9781259030895
9781259073649
9781259075971
9781259087578
9781259088414
9781259089664
9781259091223
9781259092749
9781259117497
9781259138591
9781259140624
9781259141942
9781259167362
9781259251672
9781259253362
9781259254420
9781259254444
9781259255410
9781259259159
9781259270796
9781259274817
9781259275388
9781259340536
9781259346132
9781259458507
9781259467783
9781259550225
9781259593147
9781259619007
9781259649240
9781259649912
9781259654671
9781259654688
9781259654848
9781259654855
9781259683367
9781259702532
9781259704536
9781259748646
9781259892134
9781259912207
9781259922176
9781259938146
9781259941979
9781259972638
9781260060409
9781260065893
9781260066296
9781260066302
9781260146134
9781260151992
9781260152326
9781260153064
9781260183221
9781260183238
9781260214970
9781260238358
9781260262520
9781260290813
9781260306446
9781260306842
9781260321555
9781260326482
9781260326833
9781260326932
9781260333336
9781260339574
9781260473810
9781260515954
9781260566512
9781260868906
9781260878189
9781260881264
9781260881295
9781260881387
9781260881400
9781264101566
9781264268467
9781264500338
9781269069472
9781269089548
9781269130127
9781269151078
9781269246750
9781269273336
9781269306720
9781269323666
9781269355728
9781269370325
9781269400442
9781269402361
9781269417686
9781269418928
9781269449731
9781269454186
9781269456012
9781269510059
9781269519076
9781269521956
9781269545136
9781269774697
9781269871518
9781269888608
9781269939188
9781269957021
9781269967372
9781291425772
9781292000091
9781292010762
9781292020624
9781292020938
9781292023359
9781292025162
9781292040585
9781292041230
9781292059853
9781292064543
9781292109688
9781292146423
9781292150048
9781292150079
9781292233390
9781292233420
9781292233437
9781292233444
9781292233451
9781292233468
9781292233482
9781292254036
9781292270449
9781292406633
9781292438108
9781292440255
9781299054349
9781299110137
9781299150379
9781299258464
9781299505834
9781299735545
9781307333497
9781307418460
9781307418491
9781307465495
9781307528879
9781307614152
9781307672046
9781307736403
9781307737349
9781307818833
9781307832723
9781308008790
9781308148670
9781308180557
9781308188089
9781308230290
9781308248134
9781308255965
9781308279671
9781308433363
9781308456553
9781308459547
9781308472638
9781308581194
9781308631837
9781308721170
9781308877174
9781308910840
9781308972022
9781312648777
9781316502648
9781316502655
9781316502679
9781316502693
9781316602515
9781316607596
9781316616239
9781316620564
9781316626375
9781316626535
9781316626559
9781319154189
9781319223076
9781323031995
9781323047576
9781323111635
9781323136706
9781323141212
9781323149713
9781323156605
9781323167892
9781323184134
9781323185193
9781323193280
9781323195222
9781323195352
9781323196045
9781323230497
9781323306024
9781323307397
9781323331590
9781323337271
9781323423776
9781323425718
9781323458631
9781323470664
9781323479919
9781323507377
9781323510513
9781323518861
9781323521144
9781323587454
9781323587720
9781323591659
9781323605684
9781323673935
9781323703816
9781323728383
9781323885727
9781323949672
9781323951859
9781323954850
9781323973523
9781326035525
9781326348465
9781326381349
9781326468767
9781326992378
9781328569899
9781328798954
9781328900906
9781338029185
9781338030082
9781338030273
9781338030280
9781338030303
9781338030310
9781338030334
9781338030358
9781338030396
9781338030495
9781338030518
9781338030525
9781338030563
9781338031164
9781338032123
9781338032444
9781338032628
9781338032635
9781338033243
9781338033373
9781338034028
9781338034318
9781338034813
9781338034851
9781338035544
9781338036053
9781338036084
9781338036176
9781338036183
9781338036350
9781338037326
9781338037463
9781338038330
9781338038477
9781338038484
9781338038613
9781338038842
9781338038873
9781338043501
9781338043594
9781338044393
9781338044867
9781338045079
9781338045093
9781338045123
9781338046120
9781338046717
9781338047790
9781338048056
9781338048278
9781338048520
9781338048667
9781338049008
9781338051322
9781338051384
9781338051780
9781338051896
9781338051902
9781338052053
9781338052251
9781338053548
9781338053630
9781338054651
9781338056617
9781338057966
9781338057973
9781338058161
9781338058352
9781338058369
9781338060539
9781338060553
9781338060577
9781338060676
9781338060706
9781338061222
9781338063813
9781338065039
9781338065640
9781338081633
9781338082111
9781338082197
9781338082524
9781338089592
9781338089608
9781338089912
9781338089936
9781338089943
9781338089974
9781338097009
9781338097085
9781338101614
9781338104059
9781338105919
9781338110272
9781338110456
9781338110494
9781338110548
9781338110609
9781338111477
9781338111545
9781338111569
9781338111637
9781338114904
9781338117196
9781338118858
9781338118872
9781338118889
9781338118902
9781338118926
9781338118957
9781338121100
9781338125726
9781338127713
9781338128703
9781338129847
9781338130560
9781338130713
9781338130737
9781338130768
9781338130805
9781338130812
9781338130874
9781338132106
9781338132120
9781338133325
9781338133769
9781338134360
9781338138115
9781338138931
9781338138955
9781338142006
9781338144871
9781338145014
9781338146059
9781338148152
9781338148558
9781338148565
9781338149227
9781338149302
9781338149630
9781338151626
9781338155518
9781338158533
9781338158922
9781338160604
9781338163391
9781338165937
9781338166125
9781338169843
9781338172164
9781338174397
9781338174717
9781338174731
9781338180923
9781338181548
9781338182590
9781338182675
9781338182828
9781338183238
9781338184334
9781338185072
9781338185539
9781338186635
9781338186758
9781338187380
9781338187601
9781338187779
9781338188493
9781338188592
9781338188653
9781338188660
9781338188738
9781338188929
9781338188936
9781338188950
9781338188967
9781338188974
9781338188981
9781338189001
9781338189049
9781338189056
9781338189063
9781338189070
9781338189087
9781338189094
9781338189100
9781338189117
9781338189162
9781338189186
9781338189193
9781338189209
9781338189223
9781338189278
9781338189285
9781338189315
9781338189322
9781338189780
9781338193220
9781338193367
9781338193374
9781338200034
9781338200119
9781338208719
9781338209891
9781338211764
9781338211771
9781338212693
9781338213720
9781338213751
9781338214932
9781338216288
9781338218312
9781338218350
9781338218367
9781338221831
9781338222036
9781338227185
9781338227444
9781338227543
9781338228526
9781338231403
9781338231601
9781338231670
9781338231823
9781338231908
9781338233568
9781338235579
9781338235654
9781338235784
9781338237184
9781338239188
9781338239478
9781338239911
9781338239928
9781338239942
9781338239959
9781338239966
9781338239973
9781338240009
9781338240016
9781338240641
9781338240931
9781338241792
9781338244809
9781338245660
9781338246353
9781338249545
9781338251838
9781338253023
9781338254433
9781338255232
9781338256338
9781338256482
9781338256994
9781338257052
9781338259803
9781338261387
9781338262575
9781338262599
9781338262650
9781338263923
9781338264869
9781338264890
9781338266863
9781338266894
9781338267129
9781338267341
9781338267389
9781338267396
9781338268089
9781338269703
9781338269710
9781338269734
9781338272512
9781338272598
9781338272987
9781338273038
9781338273786
9781338276305
9781338276312
9781338276336
9781338276350
9781338276367
9781338276428
9781338277395
9781338281279
9781338282016
9781338282061
9781338283662
9781338283693
9781338284010
9781338284102
9781338284164
9781338284201
9781338284232
9781338284249
9781338284263
9781338284287
9781338284492
9781338284638
9781338285253
9781338285505
9781338286106
9781338286199
9781338288346
9781338289169
9781338290714
9781338292435
9781338292909
9781338296181
9781338298017
9781338298024
9781338298031
9781338298048
9781338298055
9781338298062
9781338298086
9781338298093
9781338298109
9781338298116
9781338298123
9781338298130
9781338298147
9781338298161
9781338299397
9781338300093
9781338303766
9781338303889
9781338305364
9781338305579
9781338307931
9781338315134
9781338316612
9781338318951
9781338318968
9781338320916
9781338321982
9781338322552
9781338322651
9781338325287
9781338325881
9781338327069
9781338327113
9781338329599
9781338329605
9781338330182
9781338330199
9781338331806
9781338335064
9781338335477
9781338337754
9781338339420
9781338339628
9781338339741
9781338341133
9781338341157
9781338342581
9781338343618
9781338344769
9781338346947
9781338347548
9781338348910
9781338348965
9781338349849
9781338355505
9781338355536
9781338356151
9781338356724
9781338357912
9781338358407
9781338358728
9781338358766
9781338363173
9781338506839
9781338509045
9781338529906
9781338532203
9781338535433
9781338538861
9781338539011
9781338539035
9781338539608
9781338541335
9781338541342
9781338541489
9781338541533
9781338541540
9781338545890
9781338545913
9781338546774
9781338546781
9781338547061
9781338547146
9781338547207
9781338548020
9781338550474
9781338551327
9781338552935
9781338557251
9781338560008
9781338563399
9781338563771
9781338563832
9781338564648
9781338564747
9781338565010
9781338565829
9781338565843
9781338565867
9781338566666
9781338568073
9781338568103
9781338568561
9781338568745
9781338569162
9781338569292
9781338571196
9781338571516
9781338578614
9781338581980
9781338583946
9781338583953
9781338583960
9781338583984
9781338583991
9781338584011
9781338584028
9781338584059
9781338584066
9781338584073
9781338584080
9781338584097
9781338584103
9781338584134
9781338584141
9781338584158
9781338584172
9781338584189
9781338584196
9781338584219
9781338584226
9781338584240
9781338584271
9781338584295
9781338584301
9781338584318
9781338584325
9781338584349
9781338584479
9781338584486
9781338584493
9781338584509
9781338584523
9781338584677
9781338584691
9781338584721
9781338584738
9781338584783
9781338584837
9781338586411
9781338586862
9781338586886
9781338586909
9781338590166
9781338590203
9781338592054
9781338592436
9781338596984
9781338597110
9781338597134
9781338598490
9781338598704
9781338598995
9781338599305
9781338600766
9781338600872
9781338603309
9781338603552
9781338607185
9781338607376
9781338607901
9781338609608
9781338609646
9781338610581
9781338610635
9781338610673
9781338611328
9781338611571
9781338611656
9781338611663
9781338612080
9781338612233
9781338612257
9781338614152
9781338615050
9781338615241
9781338616361
9781338616620
9781338617320
9781338617429
9781338617696
9781338617948
9781338618853
9781338619072
9781338619232
9781338619409
9781338619478
9781338619805
9781338621266
9781338621525
9781338621624
9781338621693
9781338621761
9781338623611
9781338624694
9781338625585
9781338627084
9781338627503
9781338629996
9781338630268
9781338630701
9781338630732
9781338630756
9781338630985
9781338637083
9781338640625
9781338643657
9781338646153
9781338646337
9781338651294
9781338652185
9781338652505
9781338652925
9781338655575
9781338655582
9781338655865
9781338656404
9781338661781
9781338662382
9781338663150
9781338663457
9781338664577
9781338665161
9781338665215
9781338665383
9781338666663
9781338666731
9781338667691
9781338670547
9781338670691
9781338671902
9781338672251
9781338672619
9781338674279
9781338674286
9781338674309
9781338674316
9781338674330
9781338674347
9781338674361
9781338674385
9781338674422
9781338675740
9781338681369
9781338684315
9781338688801
9781338702309
9781338702859
9781338702941
9781338702972
9781338703016
9781338703078
9781338703184
9781338703214
9781338703528
9781338714395
9781338714579
9781338716108
9781338726145
9781338728514
9781338728705
9781338730265
9781338734287
9781338734720
9781338750010
9781338750027
9781338750034
9781338750058
9781338750065
9781338750300
9781338750317
9781338750324
9781338750331
9781338750348
9781338750355
9781338750362
9781338750386
9781338750409
9781338750416
9781338750430
9781338750447
9781338750454
9781338750461
9781338750676
9781338750690
9781338750775
9781338750782
9781338750799
9781338750805
9781338750812
9781338750843
9781338750850
9781338750867
9781338750874
9781338750904
9781338756173
9781338757309
9781338757989
9781338758146
9781338760125
9781338762990
9781338763348
9781338763645
9781338766219
9781338776775
9781338776805
9781338780260
9781338781779
9781338782349
9781338782356
9781338782363
9781338782370
9781338782387
9781338782394
9781338782417
9781338782424
9781338782448
9781338782455
9781338782462
9781338782479
9781338782486
9781338782493
9781338782509
9781338782523
9781338782530
9781338782547
9781338782554
9781338782561
9781338782578
9781338782585
9781338782714
9781338782721
9781338782752
9781338782806
9781338782820
9781338782844
9781338782912
9781338783070
9781338783100
9781338783117
9781338783278
9781338783308
9781338783346
9781338783384
9781338790481
9781338790498
9781338790528
9781338790559
9781338790566
9781338790580
9781338790610
9781338790627
9781338790634
9781338794953
9781338802122
9781338805727
9781338806731
9781338809312
9781338809558
9781338825978
9781338832334
9781338833133
9781338833904
9781338843644
9781338844191
9781338844214
9781338844221
9781338844269
9781338844399
9781338844405
9781338844436
9781338844528
9781338844535
9781338844573
9781338844580
9781338844627
9781338844825
9781338861341
9781338861396
9781338861495
9781338862829
9781338866193
9781338871081
9781338871128
9781338871135
9781338890341
9781338890365
9781338890372
9781338890389
9781338890402
9781338890419
9781338890426
9781338890433
9781338890440
9781338890464
9781338890488
9781338890495
9781338890501
9781338894189
9781338894622
9781339017518
9781365561375
9781368006316
9781380010834
9781380014672
9781380017307
9781380037824
9781380037930
9781380038487
9781380038920
9781380041937
9781380041951
9781380048189
9781380048202
9781380048226
9781380048264
9781380069382
9781382009553
9781398312555
9781398335585
9781399402613
9781399704410
9781399711890
9781400000302
9781400000920
9781400001064
9781400001637
9781400002726
9781400007011
9781400007066
9781400007110
9781400007158
9781400011032
9781400012831
9781400012893
9781400013067
9781400013463
9781400013951
9781400015283
9781400015696
9781400016259
9781400017898
9781400018918
9781400019021
9781400039746
9781400047918
9781400048083
9781400048472
9781400048649
9781400059447
9781400063581
9781400084487
9781400084685
9781400087594
9781400092734
9781400092871
9781400099689
9781400239320
9781400335480
9781400741380
9781401308834
9781401938628
9781401950675
9781401951078
9781401966454
9781402601699
9781402702860
9781402705823
9781402707155
9781402710209
9781402710483
9781402713170
9781402718069
9781402722547
9781402722561
9781402722912
9781402727856
9781402738050
9781402739293
9781402743610
9781402743672
9781402745928
9781402746611
9781402748233
9781402753596
9781402757518
9781402771439
9781402773952
9781402779602
9781402779626
9781402789731
9781402792274
9781403712745
9781403990914
9781403995568
9781404514065
9781404526969
9781404528369
9781404528475
9781404528505
9781404528567
9781404528680
9781404532939
9781404532984
9781404532991
9781404533042
9781404533462
9781404533615
9781404538313
9781404543287
9781404543720
9781404551640
9781404551961
9781404552937
9781404621749
9781405000109
9781405000543
9781405000567
9781405000765
9781405000864
9781405012706
9781405014113
9781405021708
9781405022200
9781405023221
9781405025003
9781405025065
9781405025096
9781405025126
9781405026390
9781405028844
9781405029162
9781405032919
9781405033060
9781405033220
9781405033664
9781405036016
9781405036573
9781405036917
9781405036962
9781405037105
9781405037631
9781405037648
9781405038713
9781405039208
9781405040112
9781405040341
9781405053327
9781405053358
9781405055451
9781405057257
9781405059855
9781405060059
9781405060080
9781405060103
9781405062480
9781405075459
9781405076142
9781405078399
9781405081733
9781405085984
9781405094894
9781405100199
9781405106429
9781405118316
9781405121040
9781405132282
9781405197564
9781405272537
9781405279192
9781405280020
9781405280037
9781405285773
9781405296977
9781405313384
9781405320290
9781405335119
9781405339070
9781405802031
9781405816281
9781405820639
9781405821261
9781405829519
9781405829557
9781405829601
9781405831017
9781405841443
9781405843546
9781405847001
9781405848299
9781405850018
9781405850247
9781405850278
9781405850292
9781405851381
9781405852005
9781405852012
9781405852043
9781405852609
9781405856836
9781405864510
9781405865098
9781405869522
9781405874960
9781405881517
9781405884181
9781405884662
9781405891967
9781405899864
9781405905107
9781405906722
9781405913881
9781405922098
9781406208504
9781406613735
9781406679311
9781407100029
9781407100111
9781407100869
9781407102207
9781407107141
9781407108834
9781407110578
9781407112022
9781407112671
9781407120430
9781407120492
9781407120904
9781407121598
9781407124148
9781407127965
9781407128115
9781407130811
9781407131290
9781407131924
9781407133041
9781407136165
9781407136608
9781407136882
9781407142487
9781407144085
9781407158525
9781407159430
9781407160269
9781407163383
9781407166063
9781407166155
9781407166179
9781407169613
9781407169651
9781407169880
9781407171401
9781407172538
9781407172576
9781407173115
9781407174273
9781407180908
9781407183831
9781407186894
9781407187082
9781407501161
9781408109892
9781408129616
9781408134436
9781408217184
9781408252086
9781408259207
9781408276303
9781408319581
9781408330715
9781408348857
9781408352953
9781408353219
9781408354629
9781408357446
9781408361535
9781408361573
9781408503225
9781408503966
9781408504192
9781408504345
9781408508404
9781408515594
9781408516904
9781408518977
9781408520307
9781408522394
9781408524923
9781408709528
9781408863909
9781409132554
9781409146667
9781409149408
9781409251699
9781409301578
9781409302643
9781409303879
9781409303916
9781409304500
9781409307242
9781409354321
9781409388753
9781410418180
9781411400207
9781411401617
9781411402768
9781411416192
9781411498952
9781411499041
9781415511169
9781415671689
9781415679166
9781416516798
9781416527596
9781416527640
9781416543213
9781416575306
9781416900009
9781416900573
9781416901808
9781416901938
9781416905387
9781416906445
9781416908364
9781416908715
9781416909514
9781416913375
9781416914990
9781416915355
9781416915485
9781416915690
9781416916536
9781416917502
9781416918561
9781416924272
9781416924319
9781416924487
9781416927969
9781416933748
9781416933793
9781416934806
9781416934929
9781416935070
9781416935544
9781416936688
9781416938446
9781416939023
9781416949145
9781416949909
9781416954088
9781416954866
9781416954927
9781416955467
9781416958444
9781416960881
9781416967262
9781416971344
9781416971481
9781416978794
9781416985181
9781417764587
9781418300555
9781419516504
9781419541711
9781419551819
9781420204933
9781420204971
9781420224634
9781420264142
9781420265972
9781420267402
9781420267488
9781420267501
9781420267679
9781420267860
9781420275247
9781420278279
9781420282559
9781428430969
9781428431324
9781428745827
9781429289818
9781435120877
9781435126725
9781435127081
9781435143845
9781435149588
9781435158399
9781435204690
9781435207288
9781435223073
9781435249875
9781435272705
9781439109397
9781439138748
9781439139967
9781439193013
9781439193464
9781439510339
9781439518809
9781439547618
9781439572672
9781439579749
9781440202230
9781440213632
9781440218422
9781440232343
9781440246142
9781440562426
9781440594762
9781442006676
9781442210578
9781442362901
9781442387140
9781442407992
9781442408012
9781442408760
9781442412903
9781442428430
9781442428447
9781442428737
9781442430785
9781442431072
9781442441620
9781442445437
9781442452428
9781442452770
9781442458055
9781442474697
9781442475229
9781442484672
9781442487055
9781442497405
9781442501874
9781442508736
9781442517011
9781442527638
9781442535152
9781442535787
9781442535800
9781442535831
9781442535930
9781442536012
9781442536098
9781442536111
9781442539464
9781442545731
9781442554245
9781442554320
9781442554351
9781442554863
9781443000062
9781443000451
9781443000468
9781443000505
9781443000529
9781443000543
9781443000567
9781443000574
9781443000598
9781443000604
9781443001489
9781443001496
9781443002066
9781443005005
9781443009249
9781443009263
9781443009805
9781443009812
9781443009829
9781443009881
9781443009898
9781443009980
9781443010030
9781443010061
9781443010078
9781443010085
9781443010191
9781443010207
9781443010214
9781443010313
9781443010351
9781443017251
9781443020503
9781443020657
9781443020800
9781443021746
9781443021753
9781443021760
9781443021883
9781443021999
9781443022057
9781443022279
9781443026239
9781443026642
9781443029797
9781443029810
9781443029865
9781443029889
9781443029919
9781443029926
9781443029933
9781443029940
9781443029957
9781443029964
9781443029971
9781443029988
9781443029995
9781443030007
9781443030014
9781443030021
9781443030038
9781443030045
9781443030052
9781443030908
9781443034180
9781443038751
9781443038782
9781443045018
9781443100021
9781443100434
9781443101097
9781443101172
9781443101332
9781443101516
9781443101530
9781443101776
9781443102346
9781443102407
9781443103008
9781443103145
9781443103152
9781443103190
9781443103206
9781443103213
9781443103237
9781443103244
9781443103251
9781443103268
9781443103275
9781443103299
9781443103305
9781443103398
9781443103411
9781443103510
9781443103756
9781443103817
9781443103848
9781443103879
9781443103886
9781443103992
9781443106078
9781443106085
9781443106184
9781443106221
9781443106238
9781443106252
9781443106313
9781443106429
9781443106726
9781443106740
9781443106788
9781443106887
9781443106993
9781443107044
9781443107075
9781443107099
9781443107167
9781443107600
9781443107747
9781443107754
9781443107785
9781443109093
9781443109116
9781443109123
9781443109192
9781443109376
9781443109383
9781443109413
9781443109420
9781443109444
9781443109451
9781443109468
9781443109475
9781443109499
9781443109505
9781443109512
9781443109529
9781443109543
9781443109550
9781443109598
9781443109611
9781443109864
9781443109956
9781443111447
9781443111492
9781443111508
9781443111522
9781443111591
9781443111737
9781443111829
9781443111911
9781443112000
9781443113199
9781443113366
9781443113557
9781443113571
9781443113700
9781443113892
9781443114028
9781443114035
9781443114059
9781443114066
9781443114097
9781443114110
9781443114349
9781443114462
9781443114639
9781443114868
9781443116053
9781443116091
9781443116206
9781443116237
9781443116459
9781443116695
9781443116718
9781443116732
9781443116800
9781443116817
9781443116879
9781443116909
9781443118019
9781443118026
9781443118033
9781443118040
9781443118057
9781443118064
9781443118071
9781443118088
9781443118095
9781443118101
9781443118118
9781443118125
9781443118132
9781443118149
9781443118156
9781443118163
9781443118170
9781443118187
9781443118408
9781443118477
9781443118538
9781443118620
9781443118682
9781443118705
9781443118712
9781443118811
9781443118910
9781443119399
9781443119535
9781443119627
9781443119641
9781443119672
9781443119719
9781443120128
9781443120272
9781443120340
9781443120531
9781443120548
9781443120586
9781443120593
9781443120609
9781443120616
9781443120784
9781443120791
9781443120821
9781443120838
9781443120852
9781443120906
9781443120913
9781443120920
9781443122467
9781443124867
9781443125246
9781443125291
9781443125468
9781443125543
9781443125550
9781443125604
9781443125611
9781443125628
9781443125635
9781443125642
9781443125666
9781443125673
9781443125680
9781443125697
9781443125703
9781443125710
9781443125727
9781443125734
9781443125741
9781443125758
9781443125772
9781443125796
9781443125925
9781443125932
9781443126045
9781443126380
9781443126397
9781443126458
9781443126601
9781443126656
9781443126687
9781443126908
9781443126939
9781443126953
9781443126977
9781443128469
9781443128902
9781443128957
9781443129015
9781443129329
9781443129381
9781443129510
9781443129756
9781443129800
9781443129879
9781443129916
9781443129985
9781443130004
9781443132015
9781443132046
9781443132053
9781443132077
9781443132091
9781443132107
9781443132121
9781443132138
9781443132152
9781443132169
9781443132176
9781443132183
9781443132206
9781443132602
9781443132619
9781443132664
9781443132923
9781443132954
9781443132978
9781443132985
9781443133227
9781443133296
9781443134156
9781443134200
9781443134491
9781443134668
9781443134705
9781443134712
9781443134729
9781443134736
9781443134743
9781443134750
9781443134767
9781443134774
9781443134781
9781443134798
9781443134804
9781443134811
9781443134828
9781443134835
9781443134842
9781443134859
9781443134866
9781443134873
9781443134880
9781443134989
9781443136051
9781443136112
9781443136150
9781443136648
9781443136655
9781443136662
9781443136679
9781443136716
9781443136730
9781443136747
9781443136754
9781443136761
9781443136778
9781443136785
9781443136808
9781443136815
9781443136822
9781443136907
9781443136969
9781443138062
9781443138109
9781443138123
9781443138178
9781443138321
9781443138338
9781443138345
9781443138352
9781443138369
9781443138376
9781443138383
9781443138390
9781443138406
9781443138413
9781443138420
9781443138437
9781443138451
9781443138468
9781443138475
9781443138482
9781443138499
9781443138536
9781443138741
9781443138772
9781443142830
9781443142885
9781443143028
9781443143141
9781443143288
9781443143370
9781443143394
9781443143417
9781443143431
9781443143493
9781443145060
9781443145084
9781443145190
9781443145206
9781443145213
9781443145237
9781443145329
9781443145466
9781443145602
9781443145664
9781443145695
9781443145725
9781443145763
9781443145831
9781443145930
9781443145992
9781443146104
9781443146289
9781443146371
9781443147200
9781443147255
9781443147279
9781443147286
9781443147385
9781443147392
9781443147446
9781443147453
9781443147460
9781443147491
9781443147514
9781443147644
9781443147910
9781443147989
9781443148139
9781443148160
9781443148399
9781443148627
9781443148665
9781443149020
9781443149037
9781443149051
9781443149198
9781443149624
9781443149655
9781443149761
9781443149839
9781443150002
9781443151092
9781443151368
9781443151382
9781443151399
9781443151405
9781443151504
9781443151511
9781443151528
9781443151535
9781443151542
9781443151566
9781443151627
9781443151634
9781443151641
9781443151665
9781443151672
9781443151740
9781443151757
9781443151887
9781443151894
9781443151917
9781443152723
9781443152747
9781443153287
9781443153355
9781443153379
9781443153416
9781443153492
9781443153607
9781443153713
9781443153768
9781443154185
9781443154246
9781443154529
9781443154635
9781443154697
9781443154703
9781443154710
9781443154727
9781443154734
9781443154741
9781443154758
9781443154765
9781443154796
9781443154802
9781443154833
9781443154864
9781443154970
9781443154994
9781443155137
9781443155175
9781443155243
9781443155526
9781443155908
9781443155953
9781443155984
9781443157346
9781443157537
9781443157551
9781443157957
9781443159050
9781443159081
9781443159098
9781443159166
9781443159401
9781443159463
9781443159647
9781443159692
9781443160001
9781443160032
9781443160063
9781443160070
9781443160124
9781443160162
9781443160209
9781443160230
9781443160339
9781443160469
9781443160490
9781443160544
9781443160551
9781443160612
9781443160957
9781443163224
9781443163378
9781443163552
9781443163606
9781443163668
9781443163705
9781443163729
9781443163767
9781443164016
9781443164139
9781443164290
9781443164610
9781443164627
9781443165174
9781443165181
9781443165235
9781443165242
9781443165327
9781443165334
9781443165471
9781443165693
9781443165716
9781443165761
9781443165853
9781443168182
9781443168458
9781443168465
9781443168540
9781443168595
9781443168656
9781443168779
9781443168786
9781443168847
9781443168854
9781443168946
9781443168953
9781443169134
9781443169462
9781443169479
9781443169523
9781443169851
9781443169912
9781443169967
9781443169974
9781443170055
9781443170130
9781443170543
9781443170888
9781443173018
9781443173025
9781443173032
9781443173049
9781443173124
9781443173186
9781443173520
9781443173643
9781443173766
9781443173872
9781443173940
9781443173995
9781443174138
9781443174244
9781443174374
9781443174459
9781443174527
9781443175203
9781443175241
9781443175265
9781443175302
9781443175340
9781443175432
9781443175913
9781443175944
9781443175999
9781443176101
9781443176125
9781443176255
9781443176293
9781443176316
9781443176422
9781443176484
9781443176606
9781443176668
9781443176743
9781443176774
9781443177269
9781443177603
9781443177634
9781443177900
9781443180214
9781443180245
9781443180252
9781443180269
9781443180283
9781443180320
9781443180368
9781443180566
9781443180979
9781443180993
9781443181006
9781443181013
9781443181020
9781443181044
9781443181051
9781443181068
9781443181464
9781443181570
9781443181754
9781443181761
9781443181785
9781443181792
9781443181846
9781443181945
9781443182096
9781443182249
9781443182355
9781443182539
9781443182560
9781443182812
9781443182836
9781443185240
9781443185295
9781443185639
9781443185646
9781443185660
9781443185684
9781443185707
9781443185714
9781443185721
9781443185738
9781443185752
9781443185769
9781443185776
9781443185806
9781443185844
9781443185868
9781443187374
9781443187480
9781443187695
9781443189569
9781443190381
9781443191159
9781443191425
9781443191487
9781443191517
9781443191524
9781443191807
9781443192132
9781443193504
9781443193733
9781443194365
9781443195157
9781443195348
9781443196109
9781443196246
9781443196512
9781443197014
9781443197632
9781443198165
9781443198301
9781443198820
9781443403962
9781443404341
9781443406048
9781443407076
9781443408899
9781443410472
9781443410830
9781443410953
9781443411134
9781443412308
9781443413305
9781443416917
9781443418652
9781443420747
9781443422888
9781443422963
9781443424325
9781443424455
9781443424981
9781443426343
9781443428835
9781443430449
9781443432443
9781443434843
9781443447768
9781443453462
9781443453479
9781443456364
9781443465038
9781443469043
9781443469753
9781443471190
9781443880145
9781444001808
9781444102116
9781444105223
9781444108675
9781444110586
9781444112818
9781444115581
9781444117363
9781444118414
9781444122268
9781444123746
9781444135015
9781444143805
9781444144932
9781444145199
9781444163520
9781444168105
9781444170085
9781444172249
9781444179798
9781444180787
9781444181043
9781444704211
9781444706796
9781444716245
9781444744187
9781444900736
9781444901573
9781444902037
9781444919882
9781444931457
9781444934908
9781444943900
9781444948424
9781444956177
9781444956207
9781445106045
9781445114729
9781445119601
9781445129259
9781445130453
9781445132402
9781446900567
9781446904404
9781446925843
9781446925867
9781447209645
9781447238034
9781447266518
9781447289593
9781447293491
9781447901662
9781447909446
9781447912606
9781447923817
9781447929444
9781447933205
9781447933557
9781447942184
9781447964759
9781451609189
9781451612363
9781451613285
9781451628494
9781451647372
9781451660579
9781451673999
9781451752151
9781454911920
9781454913436
9781454915522
9781454921462
9781454921844
9781454925651
9781454938248
9781455521722
9781456269654
9781456277123
9781456287634
9781460751077
9781460752692
9781460753972
9781460754009
9781460754504
9781460754511
9781460754665
9781460754801
9781460755419
9781460756102
9781460756478
9781460756492
9781460756904
9781460756980
9781460757635
9781460757833
9781460757932
9781460759028
9781460759653
9781460759998
9781460760017
9781460760765
9781460760819
9781460761090
9781460761113
9781460761137
9781460761229
9781460762233
9781460763216
9781460764015
9781460765845
9781465410658
9781471113628
9781471116018
9781471136986
9781471137280
9781471138690
9781471141539
9781471152610
9781471155833
9781471157585
9781471184505
9781471609817
9781471802935
9781471836770
9781471836916
9781471837593
9781471860805
9781471861017
9781471865992
9781471866593
9781471867880
9781471890758
9781472215437
9781472219664
9781472228222
9781472239815
9781472394255
9781472910325
9781472915818
9781472922908
9781472974259
9781473229464
9781473607774
9781473614031
9781473617261
9781473625969
9781473636811
9781473679290
9781473687721
9781473691575
9781474600323
9781474622219
9781474823166
9781475479775
9781476538761
9781476728322
9781476746265
9781476751634
9781476756400
9781476767567
9781476778198
9781476790800
9781476794105
9781478921523
9781481423663
9781481447287
9781481451901
9781481456364
9781481460644
9781481479752
9781481480291
9781481487009
9781481490191
9781481498906
9781484721988
9781486009831
9781486905119
9781486905133
9781486906116
9781486906680
9781486907069
9781486924790
9781488617492
9781488621833
9781488621871
9781489216083
9781489220134
9781489226556
9781489245472
9781489250643
9781489251022
9781489252760
9781489252821
9781489254542
9781489256522
9781489263513
9781489270832
9781489276810
9781489280923
9781489294302
9781489296825
9781501105548
9781501117404
9781501118876
9781501122484
9781501127120
9781501135491
9781501136313
9781501140273
9781501147128
9781501168406
9781501175688
9781501177590
9781503739833
9781506716046
9781509805426
9781509867493
9781510405226
9781510414235
9781510416413
9781510417144
9781510417427
9781510417632
9781510419872
9781510421332
9781510421516
9781510429253
9781510429314
9781510434929
9781510457164
9781510477551
9781510478176
9781510478183
9781524701741
9781524701765
9781524704186
9781524716448
9781524718619
9781524718756
9781524764050
9781524764814
9781524766252
9781524766665
9781524768034
9781524768065
9781524768249
9781524770785
9781524772161
9781524772635
9781524783860
9781524784461
9781524788537
9781524790905
9781526302908
9781526308665
9781526313362
9781526624901
9781526626301
9781526639769
9781526848697
9781529003956
9781529032802
9781529089479
9781529119831
9781529119848
9781529119855
9781529125108
9781529125146
9781529135350
9781529304732
9781529338171
9781533906267
9781534402393
9781534410251
9781534412880
9781534432598
9781534460041
9781534483224
9781534486553
9781538112199
9781547606061
9781551440958
9781551990231
9781552201107
9781552201268
9781552681268
9781552681282
9781552681299
9781552681374
9781552681381
9781552681398
9781552681404
9781552682289
9781552682296
9781552682760
9781552682777
9781552684122
9781552684597
9781552685020
9781552685129
9781552685143
9781552685150
9781552685167
9781552685174
9781552685198
9781552685211
9781552685235
9781552685259
9781552685273
9781552685358
9781552685365
9781552685372
9781552685402
9781552685419
9781552685433
9781552685440
9781552685457
9781552685471
9781552685495
9781552685501
9781552685518
9781552685600
9781552685808
9781552685891
9781552686546
9781552688786
9781552688816
9781552688847
9781552688946
9781552688960
9781552688984
9781552689134
9781552689165
9781552787557
9781553350132
9781553373629
9781553377122
9781553377160
9781553632764
9781553881247
9781553881254
9781553881261
9781553881278
9781554480692
9781554482399
9781554482559
9781554482603
9781554482610
9781554482627
9781554482634
9781554482658
9781554482689
9781554482702
9781554482726
9781554482788
9781554482825
9781554482887
9781554482900
9781554482924
9781554482948
9781554482955
9781554482986
9781554482993
9781554483020
9781554483051
9781554483099
9781554483136
9781554483181
9781554483310
9781554483327
9781554483334
9781554483341
9781554483358
9781554483389
9781554483426
9781554483440
9781554483457
9781554483471
9781554483488
9781554483495
9781554484614
9781554487073
9781554487172
9781554487196
9781554487219
9781554487233
9781554487271
9781554487288
9781554487295
9781554487301
9781554487318
9781554487325
9781554487332
9781554487349
9781554487356
9781554487363
9781554680221
9781554680351
9781554682973
9781554683529
9781554684236
9781554684380
9781554686643
9781554686698
9781554686704
9781554687503
9781554688258
9781554688562
9781554689828
9781554751297
9781554770410
9781554770427
9781554770434
9781554770465
9781554770489
9781554770496
9781554770502
9781554770540
9781554770564
9781554770588
9781554770595
9781554770625
9781554770656
9781554770670
9781554770694
9781554770823
9781554770830
9781554770847
9781554770892
9781554770915
9781554770939
9781554770991
9781554771011
9781554771028
9781554771059
9781554771080
9781554771264
9781554771301
9781554771356
9781554771431
9781554771493
9781554771530
9781554771554
9781554771608
9781554771615
9781554771646
9781554771653
9781554771660
9781554771738
9781554771745
9781554771752
9781554771790
9781554771806
9781554771813
9781554771837
9781554771899
9781554771936
9781554771943
9781554771981
9781554775804
9781554776085
9781554779970
9781555121532
9781555201678
9781555253097
9781555253240
9781555421212
9781555421984
9781555422301
9781555422936
9781555424398
9781555426248
9781555426323
9781555426668
9781555427283
9781555427849
9781555428020
9781555428600
9781555429706
9781555610999
9781556110283
9781556110337
9781556110573
9781556110689
9781556111785
9781556113024
9781556113581
9781556151774
9781556152788
9781556156441
9781556156625
9781556156816
9781556158889
9781556231070
9781556231841
9781556233777
9781556236143
9781556236341
9781556239687
9781556481031
9781556482151
9781556482298
9781556482366
9781556707117
9781557046178
9781557048264
9781557380579
9781557380678
9781557380951
9781557381583
9781557382597
9781557382726
9781557383266
9781557384249
9781557384577
9781557384997
9781557385376
9781557387783
9781557388926
9781557730268
9781557733351
9781557733832
9781557734105
9781557734280
9781557734525
9781557735287
9781557735799
9781557736499
9781557736581
9781557736901
9781557737731
9781557738264
9781557738646
9781557738950
9781557738974
9781557780102
9781557784698
9781557834331
9781557862020
9781557862136
9781557862570
9781557862587
9781557863423
9781557864857
9781557864932
9781557880000
9781557883537
9781557883872
9781558061033
9781558061279
9781558281233
9781558281318
9781558283060
9781558284043
9781558284449
9781558284555
9781558284821
9781558285651
9781558285729
9781558285736
9781558508118
9781558510098
9781558510463
9781558514058
9781558514454
9781558584877
9781558994355
9781559342131
9781559344869
9781559349666
9781559349765
9781559580366
9781559580755
9781559581080
9781559581264
9781559581301
9781559581783
9781559582940
9781559583244
9781559583640
9781559584005
9781559585620
9781559586108
9781559586252
9781559586702
9781559586986
9781559702423
9781559942218
9781559942454
9781559943024
9781559943543
9781559943550
9781559945905
9781560250852
9781560251408
9781560550440
9781560819035
9781561010677
9781561036646
9781561341238
9781561342785
9781561380077
9781561380978
9781561381449
9781561381517
9781561382071
9781561382293
9781561383191
9781561383801
9781561383818
9781561385546
9781561385775
9781561387601
9781561387953
9781562010379
9781562012717
9781562012854
9781562013110
9781562052287
9781562053635
9781562053796
9781562056834
9781562057282
9781562057299
9781562058746
9781562514303
9781562514723
9781562515010
9781562517489
9781562518400
9781562611149
9781562612849
9781562612887
9781562613105
9781562764623
9781562823030
9781563901607
9781563968372
9781563970184
9781563970191
9781565290969
9781565294189
9781565295322
9781565299252
9781565651593
9781565651692
9781565652163
9781565653092
9781565653177
9781565653818
9781565654624
9781565656376
9781565658417
9781565659063
9781565659360
9781565659384
9781566041393
9781566090254
9781566091794
9781566260558
9781566260978
9781566261265
9781566261296
9781566261616
9781566511124
9781566915502
9781567047042
9781567047066
9781567317008
9781567611151
9781567615081
9781567616484
9781568211619
9781568213781
9781568213996
9781568216737
9781568300221
9781568302751
9781568302874
9781568360041
9781568362120
9781568362656
9781568362755
9781568363042
9781568523767
9781568658377
9781568840437
9781568842318
9781568844664
9781568844817
9781568844947
9781568845883
9781568846088
9781568846262
9781568846507
9781568846989
9781568847818
9781568847955
9781568848815
9781568849089
9781569245699
9781569711149
9781569711347
9781569711590
9781569711903
9781569713020
9781569719688
9781570280092
9781570280856
9781570280986
9781570281419
9781570281679
9781570352287
9781570398179
9781570420269
9781570424366
9781570640940
9781570641329
9781570644559
9781570644641
9781570826207
9781570826894
9781570827228
9781570827754
9781570829383
9781571452283
9781572122185
9781572122901
9781572317017
9781572318694
9781572323582
9781572323742
9781572326248
9781572570085
9781572577411
9781572579804
9781572970076
9781572970328
9781572973558
9781573227599
9781573310529
9781573310758
9781573310970
9781573313063
9781573928724
9781575130651
9781575131023
9781575210070
9781575212555
9781575840079
9781575841991
9781575842875
9781575843445
9781575843674
9781575843964
9781575844008
9781575844022
9781575844121
9781575846538
9781575848372
9781575848389
9781575849294
9781576070383
9781576603024
9781576733615
9781577687603
9781577689874
9781578400737
9781578400751
9781578401611
9781578562848
9781578562862
9781578567324
9781578701476
9781578701643
9781579542054
9781579544928
9781579908522
9781580082068
9781580170468
9781580622431
9781580622967
9781580629607
9781580650434
9781580761277
9781580801324
9781580910026
9781581052084
9781581052268
9781581055764
9781581840063
9781581840070
9781581840193
9781581840216
9781582343884
9781582344058
9781582345772
9781582348995
9781582349794
9781582349800
9781582460451
9781583334201
9781584710691
9781585771356
9781585771370
9781586531157
9781586531225
9781586634278
9781586681418
9781587133213
9781587142499
9781587143915
9781587612541
9781588167002
9781588452795
9781588454447
9781588454461
9781588454492
9781588454515
9781588454522
9781588600042
9781588940179
9781589865495
9781591745761
9781591920564
9781592730094
9781592771837
9781593070113
9781593072155
9781593073183
9781593073336
9781593078751
9781593079512
9781593079628
9781593091996
9781593094669
9781593377335
9781593600358
9781593600532
9781594378195
9781594378416
9781594482373
9781594577437
9781595080660
9781595081759
9781595082183
9781595084767
9781595822697
9781595822789
9781595824752
9781595825032
9781595825810
9781595826336
9781595826572
9781595828026
9781595828491
9781595828705
9781595828965
9781596090309
9781596092020
9781597070133
9781598201284
9781598205992
9781598208771
9781598693393
9781598696844
9781598802597
9781598803266
9781598803273
9781598803341
9781598805727
9781598806724
9781598806793
9781598808704
9781599901381
9781599906867
9781599909882
9781600571763
9781600591297
9781600940286
9781601069627
9781601573292
9781601573339
9781601573858
9781601574213
9781601574275
9781601574343
9781601574541
9781601574602
9781603801775
9781603963213
9781604695113
9781605291345
9781605356198
9781605771038
9781607514190
9781607517054
9781607519041
9781608192793
9781608199990
9781610037679
9781611292763
9781611298086
9781611974256
9781612370088
9781612383231
9781612387000
9781612387895
9781614792192
9781615231843
9781615235476
9781615239504
9781615646364
9781616059019
9781616551230
9781616647490
9781616648879
9781616959555
9781617937149
9781617959141
9781618530738
9781618531964
9781622098378
9781624902048
9781626725904
9781629533926
9781632457295
9781635874419
9781640380554
9781644213551
9781665900225
9781665914147
9781665922524
9781668011201
9781668011560
9781681190495
9781681193632
9781681194400
9781681195414
9781681198798
9781681440620
9781682980200
9781683311829
9781683312635
9781684641413
9781685951504
9781740092869
9781740095907
9781740096164
9781740099783
9781740311366
9781740510042
9781740510813
9781740511230
9781740511568
9781740512091
9781740512855
9781740513197
9781740513562
9781740513630
9781740513760
9781740513821
9781740513890
9781740518871
9781740519021
9781740519168
9781741031089
9781741660081
9781741660463
9781741661217
9781741661491
9781741662764
9781741664508
9781741664812
9781741664843
9781741664904
9781741665635
9781741667363
9781741668476
9781741692341
9781741693416
9781741696905
9781741697032
9781741697551
9781741698336
9781741800623
9781742036106
9781742036304
9781742036427
9781742340159
9781742340531
9781742450902
9781742460727
9781742610184
9781742610450
9781742612546
9781742612805
9781742613376
9781742664156
9781742751993
9781742756714
9781742757094
9781742759623
9781742761930
9781742762005
9781742762517
9781742763422
9781742765129
9781742765785
9781742766027
9781742766362
9781742767383
9781742768618
9781742769370
9781742830278
9781742832876
9781742833187
9781742834184
9781742835716
9781742990316
9781742991627
9781742992563
9781742992778
9781742993133
9781742993423
9781742994147
9781742995113
9781742997445
9781742997582
9781742997681
9781742997896
9781742998428
9781742998480
9781742998534
9781742999791
9781742999845
9781742999920
9781742999937
9781743201503
9781743201657
9781743205532
9781743205549
9781743208076
9781743516935
9781743516959
9781743517000
9781743519486
9781743533031
9781743535660
9781743537411
9781743540107
9781743547359
9781743549148
9781743566619
9781743568019
9781743568071
9781743568262
9781743568507
9781743622438
9781743623879
9781743625743
9781743626399
9781743693339
9781743811252
9781743812365
9781743813348
9781743816394
9781743816417
9781743818084
9781743832165
9781743832295
9781743832325
9781743832684
9781743832837
9781743832967
9781743833803
9781743833889
9781743834060
9781743834077
9781743834275
9781743834923
9781743836033
9781743836408
9781743836415
9781743837146
9781743837375
9781743837429
9781743837825
9781743837832
9781743838082
9781743838310
9781743839010
9781760150594
9781760150730
9781760151874
9781760152673
9781760153878
9781760155414
9781760157449
9781760159511
9781760159580
9781760176181
9781760273026
9781760273125
9781760273903
9781760273910
9781760274535
9781760274795
9781760276270
9781760277093
9781760279356
9781760552213
9781760553562
9781760553708
9781760554224
9781760554583
9781760555313
9781760555474
9781760557256
9781760559113
9781760559441
9781760660833
9781760660840
9781760661618
9781760661878
9781760661892
9781760661908
9781760662783
9781760662813
9781760662837
9781760662844
9781760664046
9781760664312
9781760665203
9781760665548
9781760665821
9781760667276
9781760668242
9781760668259
9781760668266
9781760668433
9781760668662
9781760668723
9781760668730
9781760668792
9781760668914
9781760669195
9781760669898
9781760782139
9781760783693
9781760784287
9781760786052
9781760787394
9781760787684
9781760853228
9781760857219
9781760861063
9781760861117
9781760861179
9781760868901
9781760892371
9781760892463
9781760892685
9781760892692
9781760892944
9781760893323
9781760893361
9781760893965
9781760894382
9781760894450
9781760894498
9781760894634
9781760894962
9781760896492
9781760896621
9781760896737
9781760897093
9781760898922
9781760899127
9781760899189
9781760970048
9781760971045
9781760971595
9781760972295
9781760972387
9781760973131
9781760973193
9781760973377
9781760973452
9781760973605
9781760974053
9781760974435
9781760974480
9781760975098
9781760975173
9781760975180
9781760975357
9781760975548
9781760975937
9781760976071
9781760976606
9781760977368
9781760977740
9781760978310
9781760978419
9781760979225
9781760979423
9781760979430
9781760979621
9781760980511
9781760981938
9781760981969
9781760984984
9781760986131
9781760986612
9781760987916
9781760988012
9781760988043
9781760988432
9781760989736
9781761040610
9781761041099
9781761041310
9781761041419
9781761042232
9781761043727
9781761043994
9781761044632
9781761044922
9781761045257
9781761045455
9781761045523
9781761045868
9781761046209
9781761046506
9781761047916
9781761048531
9781761048838
9781761102240
9781761102448
9781761103070
9781761105364
9781761109898
9781761120619
9781761120893
9781761121029
9781761121210
9781761122262
9781761122644
9781761123665
9781761124907
9781761124914
9781761126215
9781761126222
9781761126505
9781761127038
9781761127366
9781761127526
9781761127809
9781761128387
9781761128448
9781761128523
9781761128660
9781761129254
9781761129377
9781761129391
9781761129599
9781761129780
9781761200137
9781761200212
9781761200601
9781761200779
9781761200861
9781761200922
9781761201530
9781761201547
9781761201554
9781761201936
9781761202261
9781761202414
9781761202643
9781761202872
9781761203640
9781761203800
9781761203992
9781761204029
9781761204036
9781761204630
9781761204661
9781761204678
9781761205002
9781761205545
9781761206269
9781761206351
9781761207488
9781761207815
9781761207914
9781761208201
9781761208409
9781761209185
9781761209796
9781761209802
9781761260780
9781761263811
9781761263903
9781761266379
9781761290053
9781761290244
9781761290282
9781761290312
9781761290329
9781761290466
9781761290701
9781761291784
9781761292248
9781761292835
9781761292842
9781761292910
9781761292958
9781761293146
9781761293160
9781761293245
9781761294358
9781761294600
9781761294976
9781761295065
9781761295898
9781761296727
9781761297267
9781761297472
9781761298080
9781761298745
9781761340444
9781770252394
9781770499881
9781770499935
9781770580190
9781770580213
9781770580220
9781770580237
9781770580244
9781770580251
9781770580268
9781770580275
9781770580305
9781770580312
9781770580336
9781770580343
9781770580350
9781770580367
9781770580381
9781770580398
9781770580435
9781770580459
9781770580466
9781770580480
9781770580749
9781770580787
9781770580794
9781770580817
9781770580909
9781770581425
9781770581449
9781770581456
9781770581470
9781770581487
9781770581562
9781770581616
9781770581814
9781770582262
9781770582309
9781770582323
9781770582354
9781770582385
9781770582408
9781770582477
9781770582538
9781770582620
9781770582651
9781770582675
9781770582699
9781770582729
9781770583078
9781770583092
9781770583115
9781770583139
9781770583184
9781770583207
9781770583214
9781770583221
9781770583269
9781770583276
9781770583306
9781770583337
9781770583351
9781770586345
9781770586574
9781770586598
9781770586697
9781770586703
9781770586710
9781770587014
9781770587021
9781770587762
9781770587779
9781770587809
9781770587854
9781770587878
9781770587892
9781770588226
9781770589247
9781770589377
9781770589384
9781770589391
9781772755053
9781775430674
9781775430988
9781775431114
9781775432548
9781775432630
9781775433071
9781775433101
9781775433422
9781775433842
9781775433958
9781775434023
9781775434245
9781775434757
9781775435136
9781775435174
9781775435266
9781775435273
9781775435365
9781775435723
9781775435860
9781775436003
9781775436188
9781775436324
9781775436560
9781775436904
9781775437048
9781775437123
9781775437338
9781775437482
9781775437512
9781775437574
9781775437604
9781775437697
9781775438120
9781775535126
9781775537090
9781775541318
9781775541325
9781776094127
9781776570027
9781776957002
9781779040114
9781780050706
9781780161075
9781780162614
9781780302621
9781781342077
9781781620267
9781782435921
9781782745341
9781782746348
9781782748946
9781782748953
9781783250868
9781783417391
9781784041274
9781784299590
9781784420376
9781784756284
9781784871345
9781784982249
9781785152382
9781786073013
9781786078520
9781786140005
9781786326461
9781786327574
9781786691286
9781786783233
9781786901026
9781787269576
9781787300279
9781787301399
9781787301849
9781787462205
9781787581166
9781787631892
9781787633513
9781788284455
9781788430722
9781789464610
9781789475876
9781789508215
9781800268722
9781800589315
9781800589407
9781800589667
9781803373300
9781803378480
9781838860783
9781838862442
9781838937614
9781840000160
9781840003192
9781840029079
9781840720754
9781840721782
9781840722970
9781840729559
9781840913651
9781840916454
9781841100005
9781841101934
9781841120904
9781841127767
9781841131528
9781841193212
9781841381480
9781841656755
9781841742861
9781841760407
9781841811093
9781841880846
9781841912974
9781842020401
9781842021002
9781842021613
9781842122778
9781842126158
9781842126837
9781842126929
9781842550465
9781843401209
9781843401698
9781843402725
9781843403418
9781843404880
9781843405351
9781843431008
9781843621683
9781843711100
9781843981831
9781844035427
9781844080052
9781844136100
9781844165162
9781844166350
9781844193097
9781844211784
9781844213337
9781844214822
9781844224401
9781844224517
9781844300327
9781844430932
9781844432103
9781844433544
9781844435944
9781844436125
9781844437740
9781844439652
9781844439867
9781844567478
9781844792184
9781844795574
9781844795826
9781844796694
9781844797523
9781844831265
9781844880201
9781844880331
9781844880584
9781844880652
9781844881567
9781844882182
9781844882847
9781844883394
9781844884889
9781845065058
9781845280178
9781845763152
9781845935436
9781846050398
9781846100284
9781846314773
9781846462252
9781846462641
9781846462931
9781846462955
9781846464362
9781846531149
9781846531545
9781846550898
9781846559259
9781846574320
9781846580024
9781846583780
9781846584602
9781846584619
9781846584664
9781846587702
9781846588730
9781846689307
9781846802997
9781846803635
9781846905483
9781846905513
9781846908798
9781847060310
9781847370891
9781847371874
9781847372710
9781847376343
9781847380302
9781847380371
9781847380883
9781847381217
9781847381477
9781847382573
9781847384904
9781847384966
9781847387486
9781847388438
9781847389251
9781847443892
9781847760951
9781847762153
9781847763181
9781847764249
9781847764362
9781847767189
9781847924360
9781847926890
9781847940377
9781847942777
9781847947147
9781847960238
9781848351004
9781848549050
9781848570870
9781848571624
9781848698833
9781848795372
9781848891586
9781848892224
9781848980747
9781848983984
9781848988514
9781849016193
9781849072199
9781849073189
9781849073561
9781849073745
9781849073783
9781849593946
9781849595933
9781849830287
9781850070917
9781850081890
9781850085577
9781850294979
9781850298427
9781850432111
9781850511267
9781850520696
9781850630777
9781851521005
9781851522545
9781851526987
9781851527892
9781851583935
9781852100476
9781852102203
9781852102371
9781852103088
9781852103255
9781852104887
9781852105037
9781852105969
9781852106201
9781852106515
9781852108816
9781852108984
9781852109271
9781852109523
9781852109882
9781852210397
9781852210755
9781852300104
9781852301378
9781852302603
9781852304751
9781852307073
9781852308278
9781852309145
9781852830304
9781852832551
9781852833053
9781852839420
9781852930837
9781852930905
9781852931117
9781852933241
9781853156199
9781853810503
9781853810558
9781853811272
9781853812385
9781853812491
9781853816659
9781854090188
9781854091314
9781854091420
9781854091697
9781854092618
9781854092786
9781854094582
9781854094858
9781854095046
9781854330444
9781854330925
9781854441331
9781854710505
9781854710741
9781854711106
9781854711403
9781854711489
9781854712288
9781854712431
9781854712752
9781854714114
9781854715036
9781854870001
9781854870346
9781854871015
9781854871312
9781854872388
9781854900982
9781854901019
9781854903167
9781855100060
9781855100268
9781855380707
9781855385061
9781855541719
9781855544383
9781855850156
9781855850521
9781855850859
9781855850897
9781855859586
9781855859883
9781855920095
9781855926349
9781856137065
9781856448826
9781856750684
9781856751391
9781856752152
9781856869508
9781857021486
9781857022391
9781857023510
9781857023558
9781857025439
9781857231045
9781857231489
9781857233094
9781857321753
9781857324464
9781857324518
9781857497014
9781857588637
9781857886061
9781857970012
9781857974379
9781857980257
9781857981490
9781857982497
9781857984682
9781857987850
9781857989441
9781857990058
9781857996586
9781857999150
9781858090054
9781858281100
9781858283234
9781858340289
9781858756059
9781859062258
9781859062319
9781859960110
9781859982839
9781859987315
9781859988718
9781860468926
9781860469275
9781860490347
9781860584275
9781860591228
9781861000170
9781861000705
9781861590640
9781861687166
9781861990624
9781862046337
9781862047235
9781862130098
9781862305625
9781862562967
9781862919747
9781863253185
9781863253499
9781863253635
9781863710640
9781863710893
9781863711777
9781863712286
9781863717410
9781863730631
9781863780353
9781863780858
9781863781862
9781863881814
9781863881838
9781863881876
9781863881883
9781863881975
9781863882095
9781863883344
9781863883351
9781863885492
9781863885553
9781863886062
9781863886093
9781863886574
9781863886673
9781863886802
9781863950336
9781863950664
9781863954815
9781863955171
9781863955225
9781863959834
9781863964272
9781865041223
9781865043999
9781865046754
9781865047546
9781865047553
9781865047577
9781865047584
9781865047638
9781865047669
9781865047676
9781865047683
9781865047690
9781865047713
9781865047737
9781865047744
9781865048079
9781865048512
9781865048529
9781865048710
9781865048758
9781865048925
9781865049946
9781865156385
9781867202400
9781867204282
9781867208006
9781867208099
9781867208150
9781867208266
9781867209799
9781867209942
9781867214076
9781867223788
9781867225409
9781867230847
9781867232384
9781867233725
9781867234647
9781867237754
9781867246978
9781867247623
9781867255697
9781867256038
9781867260233
9781867270430
9781868487608
9781868910786
9781868914715
9781869411206
9781869411923
9781869412456
9781869413705
9781869414740
9781869416218
9781869416355
9781869416522
9781869416836
9781869417437
9781869418236
9781869419097
9781869419370
9781869430047
9781869430290
9781869431464
9781869432072
9781869432263
9781869435004
9781869435622
9781869435981
9781869437169
9781869437220
9781869439675
9781869441791
9781869441814
9781869442132
9781869442187
9781869442279
9781869442354
9781869442422
9781869442453
9781869442552
9781869442583
9781869442637
9781869442644
9781869443344
9781869443368
9781869443429
9781869443481
9781869443528
9781869443542
9781869443603
9781869443610
9781869443696
9781869443740
9781869443870
9781869443993
9781869444068
9781869444075
9781869444242
9781869444273
9781869444556
9781869444655
9781869444686
9781869444693
9781869444709
9781869444747
9781869444754
9781869444792
9781869444945
9781869444976
9781869444990
9781869445300
9781869445454
9781869445461
9781869445508
9781869445515
9781869445836
9781869445911
9781869445935
9781869445966
9781869445973
9781869445980
9781869446017
9781869446024
9781869446154
9781869446161
9781869446727
9781869446758
9781869446765
9781869446796
9781869446802
9781869446819
9781869446840
9781869446857
9781869446918
9781869448837
9781869449001
9781869449018
9781869449025
9781869449032
9781869449087
9781869449117
9781869449124
9781869449186
9781869449193
9781869449216
9781869449254
9781869449315
9781869449360
9781869449469
9781869449490
9781869449513
9781869449520
9781869449537
9781869449551
9781869449605
9781869449629
9781869449674
9781869449681
9781869449698
9781869449704
9781869449735
9781869449810
9781869449834
9781869449865
9781869500573
9781869501419
9781869502195
9781869502355
9781869502492
9781869502652
9781869503512
9781869503659
9781869504335
9781869504502
9781869505066
9781869505806
9781869506865
9781869509132
9781869509996
9781869540043
9781869586249
9781869586331
9781869586737
9781869587161
9781869587796
9781869588090
9781869588151
9781869588441
9781869588809
9781869588847
9781869588892
9781869589868
9781869589943
9781869620868
9781869700058
9781869700065
9781869700072
9781869700089
9781869700096
9781869700362
9781869700690
9781869700737
9781869700768
9781869700782
9781869700850
9781869700928
9781869700942
9781869700966
9781869701178
9781869701185
9781869701215
9781869701222
9781869701246
9781869705855
9781869705909
9781869706159
9781869706166
9781869706180
9781869706197
9781869706227
9781869706234
9781869706272
9781869706289
9781869706296
9781869706302
9781869706371
9781869710675
9781869711191
9781869711337
9781869711603
9781869713591
9781869713973
9781869797478
9781869799649
9781869799830
9781870031936
9781870555623
9781870630177
9781870630436
9781870630887
9781870652032
9781871217049
9781871217957
9781871341010
9781873576281
9781873576533
9781873576687
9781875471119
9781875857548
9781876288518
9781876485153
9781877258367
9781877258510
9781877295881
9781877371035
9781877551895
9781878058379
9781878093646
9781878574190
9781878739681
9781878975539
9781878990051
9781881089810
9781881991489
9781883323752
9781883323905
9781883553777
9781883672225
9781883684136
9781885305305
9781885478832
9781888534122
9781892975027
9781892975188
9781892975485
9781892975492
9781892975775
9781894413404
9781894786959
9781895892260
9781897096130
9781897096147
9781897096192
9781897096253
9781897553497
9781897580639
9781897635377
9781897954850
9781898099109
9781898683308
9782010000232
9782010000867
9782010001031
9782010001369
9782010002489
9782010004933
9782010005190
9782010006241
9782010006326
9782010006371
9782010007811
9782010008832
9782010009310
9782010009877
9782010010095
9782010010231
9782010010248
9782010011078
9782010011405
9782010011900
9782010012006
9782010012105
9782010012167
9782010012266
9782010012440
9782010013454
9782010013713
9782010013874
9782010013898
9782010014062
9782010014185
9782010014222
9782010015953
9782010016462
9782010017582
9782010017698
9782010017841
9782010018060
9782010018114
9782010019562
9782010020841
9782010022753
9782010023231
9782010023279
9782010023989
9782010024856
9782010025099
9782010026553
9782010026799
9782010027680
9782010027796
9782010027871
9782010027970
9782010028816
9782010029080
9782010029233
9782010029998
9782010030789
9782010030901
9782010031922
9782010032202
9782010032813
9782010033308
9782010033339
9782010033568
9782010033773
9782010034589
9782010036422
9782010036873
9782010037382
9782010037641
9782010037801
9782010038761
9782010038983
9782010039140
9782010039324
9782010040672
9782010040832
9782010041303
9782010043208
9782010043956
9782010044236
9782010044700
9782010044946
9782010045196
9782010045226
9782010045806
9782010045875
9782010045981
9782010046230
9782010047145
9782010047862
9782010047916
9782010048715
9782010048883
9782010049088
9782010050008
9782010050510
9782010050701
9782010050923
9782010051852
9782010052064
9782010053788
9782010054013
9782010055591
9782010055607
9782010058448
9782010059193
9782010061158
9782010061318
9782010061684
9782010061714
9782010062070
9782010062964
9782010063213
9782010063411
9782010063718
9782010064289
9782010064678
9782010065415
9782010065637
9782010065675
9782010066016
9782010066153
9782010066160
9782010066870
9782010067020
9782010067327
9782010067570
9782010067976
9782010069093
9782010069123
9782010069390
9782010069468
9782010070204
9782010070310
9782010071010
9782010071041
9782010071539
9782010071874
9782010072178
9782010072918
9782010073823
9782010073885
9782010074103
9782010075025
9782010075650
9782010075827
9782010075957
9782010076275
9782010076800
9782010076831
9782010077210
9782010077654
9782010077678
9782010078330
9782010078460
9782010078590
9782010078712
9782010078828
9782010078873
9782010078958
9782010079016
9782010079078
9782010079191
9782010079610
9782010080067
9782010080173
9782010081040
9782010081163
9782010081521
9782010081538
9782010081675
9782010082047
9782010082535
9782010082771
9782010082955
9782010084904
9782010085000
9782010085123
9782010085284
9782010085314
9782010086168
9782010086236
9782010086748
9782010086984
9782010087288
9782010087387
9782010087509
9782010088162
9782010088315
9782010088476
9782010088537
9782010088834
9782010088902
9782010089411
9782010090097
9782010090523
9782010090967
9782010091117
9782010091162
9782010091636
9782010091674
9782010092176
9782010092213
9782010092589
9782010093159
9782010093449
9782010093555
9782010093593
9782010093951
9782010094347
9782010094484
9782010094521
9782010094989
9782010095191
9782010095481
9782010096044
9782010096129
9782010096556
9782010097416
9782010097591
9782010097843
9782010098635
9782010098888
9782010099472
9782010099878
9782010099991
9782010100192
9782010101021
9782010102011
9782010102059
9782010102844
9782010102936
9782010102967
9782010103216
9782010104183
9782010104343
9782010104657
9782010106224
9782010106316
9782010106439
9782010106743
9782010107016
9782010107207
9782010109843
9782010109850
9782010109966
9782010109973
9782010110016
9782010110382
9782010110528
9782010111808
9782010112393
9782010112744
9782010112812
9782010113796
9782010114236
9782010114366
9782010115035
9782010115141
9782010115769
9782010116056
9782010116087
9782010116094
9782010116506
9782010116827
9782010117121
9782010117145
9782010117633
9782010117992
9782010118388
9782010118449
9782010118531
9782010118593
9782010118609
9782010118975
9782010119194
9782010119552
9782010120039
9782010120930
9782010121227
9782010121715
9782010122569
9782010122712
9782010122798
9782010124037
9782010124341
9782010124693
9782010125553
9782010125768
9782010126017
9782010126680
9782010127564
9782010128318
9782010129889
9782010130021
9782010130304
9782010130373
9782010131561
9782010132377
9782010133909
9782010134357
9782010135309
9782010135637
9782010135675
9782010136252
9782010136269
9782010136399
9782010137280
9782010137686
9782010138416
9782010139161
9782010139659
9782010140334
9782010140822
9782010140839
9782010140884
9782010142345
9782010142369
9782010142727
9782010142901
9782010143397
9782010143434
9782010143601
9782010143724
9782010143892
9782010144530
9782010145391
9782010145544
9782010145728
9782010146350
9782010146374
9782010146930
9782010147562
9782010147722
9782010148149
9782010148286
9782010149368
9782010149504
9782010149764
9782010149801
9782010150241
9782010150388
9782010151255
9782010152016
9782010153280
9782010153402
9782010153471
9782010153501
9782010153839
9782010153853
9782010154355
9782010154799
9782010154874
9782010154997
9782010155383
9782010156168
9782010156298
9782010156731
9782010156786
9782010157585
9782010159916
9782010160127
9782010160295
9782010160608
9782010160929
9782010161131
9782010162145
9782010162299
9782010162633
9782010162671
9782010163173
9782010163340
9782010164590
9782010165023
9782010165061
9782010165559
9782010165818
9782010167409
9782010167560
9782010167829
9782010167980
9782010168130
9782010168352
9782010168772
9782010169144
9782010169458
9782010169700
9782010170133
9782010170614
9782010171161
9782010171383
9782010171864
9782010173059
9782010173622
9782010174032
9782010174087
9782010174360
9782010174537
9782010174650
9782010174889
9782010178054
9782010178344
9782010178481
9782010178658
9782010180828
9782010180859
9782010181085
9782010181184
9782010181917
9782010182044
9782010182389
9782010182549
9782010182631
9782010182846
9782010182860
9782010183041
9782010183225
9782010183478
9782010183676
9782010183690
9782010184031
9782010184550
9782010184659
9782010184833
9782010185731
9782010185878
9782010185908
9782010185922
9782010186554
9782010186912
9782010187193
9782010187841
9782010187940
9782010188176
9782010188268
9782010188923
9782010189197
9782010189265
9782010189302
9782010189340
9782010189937
9782010190063
9782010190360
9782010190902
9782010190919
9782010191312
9782010191688
9782010191886
9782010191947
9782010192630
9782010193132
9782010193279
9782010193309
9782010193545
9782010193637
9782010193743
9782010194054
9782010194160
9782010195198
9782010195679
9782010196270
9782010196478
9782010196508
9782010196928
9782010197185
9782010197260
9782010197536
9782010198403
9782010198427
9782010198496
9782010199134
9782010199387
9782010199585
9782010199899
9782010199943
9782010200885
9782010200908
9782010201530
9782010202407
9782010202940
9782010202971
9782010203206
9782010203244
9782010203282
9782010203312
9782010203817
9782010204357
9782010204876
9782010205408
9782010205729
9782010205927
9782010206214
9782010206511
9782010206948
9782010207112
9782010207556
9782010207648
9782010208379
9782010208492
9782010208683
9782010209260
9782010209826
9782010210723
9782010212000
9782010212109
9782010212154
9782010212277
9782010212802
9782010213144
9782011158338
9782011158352
9782011158574
9782011159236
9782011159649
9782011159670
9782011160928
9782011161017
9782011165619
9782011165855
9782011166319
9782011167064
9782011167583
9782011167644
9782011167774
9782011183194
9782011204950
9782011250261
9782011250681
9782011251039
9782011251190
9782011251473
9782011251800
9782011254337
9782011254634
9782011255037
9782011350978
9782011351982
9782011352163
9782011353030
9782011353061
9782011353733
9782011356772
9782011401113
9782011403032
9782011404176
9782011449177
9782011450647
9782011450791
9782011451200
9782011451484
9782011451491
9782011451569
9782011452139
9782011452412
9782011452948
9782011453358
9782011454256
9782011455567
9782011456465
9782011456700
9782011457592
9782011458001
9782011458827
9782011458964
9782011461629
9782011461872
9782011462756
9782011549877
9782011550040
9782011550095
9782011550330
9782011550866
9782011551122
9782011551818
9782011554536
9782011555892
9782011559678
9782011600561
9782011601476
9782011601711
9782011601834
9782011601858
9782011601902
9782011602084
9782011602664
9782011602763
9782011602794
9782011603098
9782011603104
9782011603968
9782011604453
9782011607621
9782011607676
9782011607737
9782011607959
9782011608222
9782011608239
9782011608796
9782011608802
9782011608857
9782011609366
9782011609380
9782011614766
9782011614780
9782011622242
9782011666420
9782011666857
9782011667014
9782011667359
9782011667724
9782011667908
9782011668424
9782011669247
9782011669759
9782011669902
9782011670434
9782011671219
9782011671226
9782011671295
9782011673947
9782011674043
9782011674135
9782011674456
9782011674531
9782011674791
9782011675224
9782011675712
9782011675958
9782011676009
9782011677365
9782011677853
9782011678287
9782011678935
9782011678973
9782011679543
9782011680761
9782011681041
9782011681140
9782011681560
9782011683397
9782011684707
9782011685322
9782011685384
9782011685421
9782011687562
9782011687753
9782011688378
9782011690388
9782011691552
9782011693501
9782011694096
9782011695338
9782011695628
9782011696687
9782011696793
9782011696878
9782011697264
9782011697288
9782011697493
9782011697509
9782011697646
9782011698513
9782011698827
9782011698919
9782011699251
9782011699398
9782011699497
9782011699602
9782011699619
9782011699664
9782011700254
9782011700506
9782011700568
9782011700681
9782011700704
9782011701107
9782011703446
9782011703767
9782011703859
9782011704023
9782011704115
9782011704580
9782011704597
9782011704955
9782011705808
9782011706003
9782011706492
9782011706829
9782011707178
9782011707215
9782011707581
9782011708342
9782011708823
9782011709424
9782011709455
9782011709837
9782011709844
9782011709981
9782011710123
9782011710376
9782011710444
9782011710499
9782011710901
9782011711038
9782011711281
9782011711588
9782011711687
9782011712165
9782011712592
9782011713636
9782011713681
9782011713872
9782011714237
9782011714589
9782011775825
9782011775900
9782011775948
9782011776013
9782011776020
9782011776198
9782011800107
9782011800435
9782011800671
9782011800916
9782011800947
9782011801449
9782011801470
9782011801814
9782011802705
9782011802767
9782011802835
9782011802842
9782011802941
9782011804594
9782011805720
9782011806895
9782011806918
9782011808813
9782011810328
9782011812094
9782011812155
9782011825087
9782011825100
9782011956736
9782011956743
9782011956958
9782012000742
9782012001244
9782012002777
9782012003231
9782012003613
9782012003811
9782012003859
9782012003873
9782012004825
9782012005822
9782012005983
9782012006027
9782012006058
9782012006133
9782012006348
9782012006393
9782012007697
9782012008113
9782012008601
9782012009004
9782012010468
9782012010888
9782012011199
9782012012837
9782012012943
9782012013278
9782012014145
9782012014671
9782012015227
9782012016057
9782012016224
9782012016484
9782012016514
9782012017092
9782012017948
9782012018990
9782012019485
9782012019850
9782012020191
9782012020573
9782012020788
9782012020917
9782012021044
9782012021969
9782012023864
9782012027688
9782012029231
9782012029705
9782012030763
9782012031333
9782012031876
9782012035676
9782012036727
9782012036826
9782012038592
9782012039537
9782012040939
9782012041806
9782012041837
9782012042032
9782012043213
9782012044210
9782012044333
9782012044654
9782012045316
9782012045460
9782012045941
9782012046894
9782012047983
9782012048416
9782012049031
9782012092273
9782012092280
9782012092808
9782012093669
9782012093775
9782012094390
9782012094871
9782012095076
9782012095397
9782012095427
9782012096295
9782012096639
9782012096707
9782012096875
9782012097520
9782012097551
9782012097605
9782012097674
9782012097711
9782012098602
9782012099487
9782012099715
9782012099975
9782012200876
9782012200968
9782012201439
9782012202863
9782012230187
9782012230323
9782012230712
9782012233232
9782012234390
9782012234932
9782012236400
9782012236691
9782012237179
9782012237247
9782012237254
9782012237360
9782012237384
9782012237995
9782012238671
9782012238787
9782012239227
9782012239524
9782012239654
9782012239982
9782012240049
9782012240124
9782012240254
9782012240469
9782012240575
9782012241251
9782012242067
9782012242173
9782012243217
9782012243347
9782012243538
9782012243743
9782012243750
9782012244818
9782012245068
9782012246027
9782012246157
9782012247246
9782012247499
9782012247734
9782012247895
9782012249066
9782012249462
9782012249615
9782012250680
9782012250765
9782012250895
9782012251281
9782012251502
9782012251823
9782012252523
9782012252561
9782012252592
9782012252783
9782012253018
9782012253643
9782012253766
9782012253773
9782012254114
9782012254237
9782012254350
9782012254367
9782012254527
9782012254558
9782012254749
9782012255258
9782012255609
9782012255777
9782012255852
9782012256040
9782012256057
9782012256118
9782012256156
9782012256293
9782012256934
9782012256941
9782012257351
9782012258105
9782012258341
9782012260115
9782012260856
9782012261655
9782012262263
9782012262904
9782012263321
9782012264335
9782012264533
9782012264588
9782012264670
9782012264687
9782012265042
9782012265073
9782012265097
9782012265110
9782012266438
9782012266612
9782012266681
9782012267787
9782012268883
9782012269255
9782012271302
9782012271845
9782012272316
9782012274204
9782012274884
9782012276024
9782012276277
9782012302303
9782012302402
9782012302600
9782012302815
9782012303034
9782012303072
9782012303089
9782012303140
9782012303324
9782012303850
9782012305151
9782012305229
9782012306660
9782012306882
9782012307186
9782012307704
9782012307834
9782012308411
9782012308435
9782012309081
9782012309289
9782012310322
9782012311121
9782012311183
9782012311244
9782012312517
9782012312555
9782012314740
9782012315655
9782012316959
9782012317116
9782012317291
9782012318151
9782012318250
9782012318311
9782012318373
9782012319783
9782012349858
9782012349988
9782012350144
9782012350991
9782012351141
9782012351158
9782012351387
9782012352001
9782012352414
9782012352421
9782012352933
9782012353398
9782012353824
9782012354401
9782012355149
9782012355712
9782012356177
9782012356757
9782012357846
9782012359093
9782012359642
9782012360228
9782012361072
9782012361096
9782012361157
9782012361751
9782012361812
9782012361843
9782012361867
9782012361928
9782012362321
9782012362925
9782012362932
9782012363663
9782012364318
9782012364479
9782012364967
9782012365216
9782012365223
9782012365681
9782012366251
9782012366312
9782012367241
9782012367364
9782012368095
9782012368446
9782012368538
9782012370180
9782012370487
9782012370852
9782012370944
9782012370982
9782012371057
9782012371125
9782012371347
9782012371378
9782012371897
9782012371941
9782012373129
9782012373211
9782012373860
9782012374249
9782012374508
9782012374690
9782012375963
9782012376052
9782012376830
9782012376946
9782012377592
9782012377998
9782012381148
9782012381216
9782012381230
9782012381261
9782012381360
9782012381629
9782012381995
9782012382848
9782012383746
9782012383838
9782012384392
9782012385009
9782012388468
9782012400412
9782012400429
9782012400887
9782012401204
9782012401327
9782012401334
9782012401488
9782012401495
9782012401532
9782012401693
9782012402140
9782012402508
9782012403260
9782012403321
9782012403376
9782012404137
9782012404205
9782012405738
9782012405950
9782012406438
9782012406469
9782012407589
9782012407794
9782012408180
9782012408647
9782012421257
9782012421523
9782012422346
9782012422964
9782012423350
9782012424449
9782012424661
9782012426023
9782012426122
9782012426405
9782012426597
9782012427068
9782012427259
9782012427747
9782012427952
9782012428461
9782012428584
9782012429437
9782012429550
9782012429710
9782012429802
9782012431010
9782012431621
9782012431843
9782012432383
9782012432901
9782012432987
9782012433144
9782012433212
9782012433434
9782012433762
9782012434219
9782012435261
9782012435322
9782012436244
9782012436282
9782012436428
9782012436855
9782012437432
9782012437586
9782012437838
9782012438088
9782012439146
9782012439290
9782012439375
9782012439405
9782012439665
9782012439993
9782012440081
9782012440364
9782012440562
9782012440883
9782012441514
9782012442245
9782012442672
9782012443136
9782012443433
9782012444072
9782012444089
9782012444546
9782012444829
9782012444836
9782012445048
9782012445130
9782012445215
9782012445871
9782012445932
9782012446571
9782012446786
9782012447134
9782012447431
9782012448223
9782012448278
9782012448384
9782012448476
9782012448483
9782012448728
9782012448858
9782012449510
9782012450172
9782012450295
9782012450677
9782012450844
9782012451025
9782012451094
9782012451216
9782012451223
9782012451346
9782012452169
9782012452336
9782012452503
9782012452640
9782012452978
9782012453180
9782012453210
9782012453616
9782012453722
9782012453739
9782012453760
9782012453838
9782012453937
9782012454316
9782012455283
9782012455436
9782012455627
9782012455757
9782012455832
9782012455863
9782012455894
9782012455962
9782012456211
9782012456273
9782012456419
9782012456433
9782012456525
9782012456686
9782012456709
9782012456754
9782012458024
9782012458277
9782012458666
9782012526921
9782012600546
9782012601833
9782012602588
9782012602823
9782012655546
9782012705395
9782012706675
9782012709126
9782012787896
9782012788503
9782012788596
9782012788862
9782012789081
9782012789166
9782012789326
9782012789494
9782012789531
9782012790353
9782012790377
9782012790506
9782012790773
9782012791015
9782012791053
9782012791541
9782012791565
9782012791671
9782012791725
9782012791732
9782012791909
9782012792265
9782012792562
9782012792593
9782012792685
9782012793033
9782012793071
9782012793262
9782012793286
9782012793385
9782012793392
9782012793699
9782012793958
9782012793989
9782012794320
9782012794412
9782012794429
9782012794597
9782012794689
9782012794757
9782012794887
9782012804609
9782012804630
9782012805750
9782012813885
9782012814356
9782012814837
9782012814929
9782012900011
9782012904835
9782012904859
9782012905030
9782012905634
9782012906365
9782012913677
9782012913790
9782012914155
9782012914377
9782012914513
9782012915602
9782012915855
9782012916357
9782012916890
9782012917057
9782012918771
9782012918962
9782012918979
9782012919105
9782012919518
9782012919662
9782012919693
9782012920408
9782012990630
9782013200899
9782013202091
9782013210423
9782013210584
9782013211154
9782013212441
9782013213738
9782013213820
9782013213875
9782013213929
9782013214353
9782013215909
9782013216685
9782013217187
9782013217743
9782013218764
9782013219723
9782013220026
9782013220064
9782013220699
9782013220736
9782013220750
9782013220811
9782013220835
9782013220934
9782013221405
9782013221931
9782013222112
9782013222167
9782013222211
9782013224710
9782013226165
9782013226325
9782013227032
9782013228879
9782013234016
9782013234085
9782013234153
9782013236416
9782013236492
9782013236577
9782013237772
9782013238342
9782013238571
9782013239691
9782013239714
9782013239752
9782013239790
9782013285117
9782013285261
9782013301985
9782013304054
9782013304092
9782013304665
9782013350518
9782013820301
9782013831475
9782013831758
9782013904520
9782013905374
9782013907231
9782013910286
9782013912051
9782013912068
9782013912112
9782013914208
9782013914321
9782013918213
9782013918800
9782013919005
9782013932400
9782013932462
9782013932479
9782013932493
9782013932585
9782013932639
9782013933278
9782013934992
9782013935104
9782013937344
9782013937887
9782013938372
9782013938396
9782013938785
9782013938792
9782013938822
9782013940788
9782013941815
9782013942768
9782013944601
9782013945226
9782013958608
9782013958981
9782013959032
9782013959551
9782013959667
9782013960236
9782013962650
9782013962865
9782013962964
9782013963145
9782013964364
9782013964562
9782013964968
9782013964999
9782013973434
9782013978866
9782013980623
9782013980999
9782013981187
9782013981552
9782013981644
9782013982030
9782013982559
9782013982672
9782013982726
9782013982740
9782013983778
9782013983860
9782013983877
9782013983891
9782013990189
9782013990424
9782014006032
9782014006087
9782014006421
9782014006483
9782014008043
9782014008401
9782014008449
9782014008531
9782014009194
9782014010695
9782014010718
9782014012736
9782014014150
9782014016017
9782014016161
9782014016185
9782014018158
9782014600926
9782014601060
9782014601275
9782014601404
9782014601688
9782014601695
9782014601756
9782014601787
9782014602449
9782014626278
9782014627480
9782014627848
9782014627855
9782014628142
9782014629491
9782014630091
9782014632002
9782014632286
9782014632415
9782014632477
9782014635393
9782014635553
9782014635713
9782014635751
9782014637137
9782014639148
9782014640540
9782014640878
9782014640939
9782014641752
9782014642704
9782014642834
9782014642858
9782014643510
9782014645309
9782014645453
9782014647747
9782014651744
9782015135380
9782015135410
9782015135519
9782016206119
9782016206225
9782016206508
9782016206522
9782016206751
9782016206812
9782016207420
9782016207468
9782016207611
9782016207871
9782016208281
9782016208397
9782016208588
9782016208885
9782016209011
9782016209059
9782016209561
9782016210451
9782016210628
9782016210857
9782016210956
9782016211083
9782016211212
9782016211304
9782016211311
9782016211533
9782016212066
9782016212097
9782016251379
9782016251508
9782016251775
9782016252130
9782016252277
9782016256374
9782016256565
9782016257746
9782016257883
9782016258149
9782016258156
9782016260241
9782016261910
9782016261941
9782016261965
9782016263693
9782016263884
9782016264089
9782016264171
9782016264584
9782016265307
9782016265369
9782016265567
9782016265864
9782016265949
9782016266748
9782016266779
9782016266939
9782016266960
9782016268827
9782016268896
9782016268933
9782016269961
9782016270844
9782016274187
9782016275344
9782016275900
9782016276709
9782016276815
9782016276969
9782016277157
9782016277331
9782016277515
9782016279250
9782016279809
9782016280331
9782016281994
9782016282410
9782016284193
9782016284216
9782016285442
9782016285794
9782016286470
9782016287729
9782016287866
9782016288351
9782016288535
9782016290842
9782016291108
9782016291146
9782016291191
9782016291238
9782016293256
9782016293416
9782016293454
9782017004448
9782017005469
9782017006039
9782017006916
9782017009450
9782017009580
9782017010067
9782017012917
9782017013068
9782017013358
9782017017424
9782017019879
9782017019923
9782017019930
9782017019985
9782017019992
9782017020042
9782017020219
9782017020325
9782017020493
9782017020547
9782017020707
9782017020745
9782017020790
9782017021124
9782017021254
9782017021285
9782017021322
9782017021766
9782017021902
9782017021964
9782017022527
9782017022664
9782017023210
9782017023531
9782017024217
9782017024545
9782017024743
9782017024910
9782017024989
9782017025702
9782017027942
9782017027966
9782017028284
9782017030065
9782017032335
9782017032359
9782017032540
9782017032618
9782017033615
9782017034902
9782017035008
9782017035015
9782017035114
9782017035336
9782017035411
9782017035503
9782017040125
9782017040569
9782017040873
9782017040941
9782017040958
9782017040972
9782017042686
9782017042716
9782017043508
9782017043638
9782017043645
9782017043850
9782017044482
9782017044567
9782017044741
9782017045335
9782017045656
9782017046011
9782017046318
9782017047025
9782017047117
9782017047315
9782017047360
9782017048435
9782017048541
9782017050179
9782017050742
9782017051640
9782017052234
9782017053040
9782017053897
9782017054566
9782017054726
9782017057222
9782017057444
9782017057840
9782017057932
9782017059547
9782017060369
9782017062554
9782017063599
9782017063742
9782017063865
9782017064084
9782017064145
9782017066446
9782017066477
9782017067658
9782017067955
9782017068983
9782017069027
9782017071624
9782017071891
9782017073697
9782017074779
9782017074786
9782017074878
9782017075042
9782017075097
9782017076018
9782017076322
9782017076346
9782017076360
9782017076506
9782017076513
9782017076605
9782017077725
9782017080039
9782017080268
9782017080480
9782017083948
9782017084426
9782017084594
9782017085089
9782017085645
9782017086925
9782017087038
9782017087168
9782017087199
9782017089001
9782017089353
9782017090250
9782017090298
9782017090816
9782017091486
9782017092032
9782017092995
9782017094005
9782017094029
9782017094289
9782017094418
9782017094425
9782017094968
9782017095606
9782017097457
9782017097563
9782017097709
9782017099673
9782017100683
9782017100829
9782017101307
9782017101482
9782017101536
9782017101727
9782017106937
9782017107019
9782017108696
9782017109822
9782017111160
9782017114185
9782017114239
9782017114598
9782017114604
9782017114628
9782017116592
9782017118619
9782017119005
9782017119340
9782017120803
9782017123583
9782017123668
9782017124047
9782017124085
9782017124108
9782017124115
9782017124146
9782017128038
9782017129424
9782017129868
9782017129936
9782017130581
9782017130604
9782017132462
9782017133650
9782017134176
9782017134312
9782017134787
9782017134886
9782017135395
9782017135517
9782017135753
9782017135777
9782017138174
9782017138433
9782017139171
9782017139492
9782017140061
9782017140078
9782017140092
9782017140252
9782017140320
9782017140399
9782017141129
9782017141280
9782017141945
9782017141969
9782017143673
9782017143796
9782017144403
9782017145059
9782017145066
9782017145653
9782017146384
9782017146452
9782017146513
9782017153887
9782017153917
9782017154648
9782017159759
9782017160847
9782017160984
9782017162100
9782017162353
9782017163978
9782017164050
9782017164104
9782017164296
9782017164326
9782017164456
9782017165170
9782017166696
9782017166719
9782017166726
9782017166801
9782017166863
9782017167211
9782017167273
9782017168478
9782017168522
9782017170181
9782017170204
9782017170259
9782017170266
9782017170310
9782017170341
9782017170365
9782017170389
9782017170396
9782017170426
9782017170440
9782017171058
9782017171089
9782017171584
9782017171713
9782017171720
9782017171737
9782017171775
9782017171867
9782017172147
9782017172291
9782017172307
9782017172451
9782017173670
9782017174677
9782017174691
9782017174790
9782017175339
9782017175360
9782017177968
9782017178309
9782017178545
9782017179177
9782017179207
9782017179269
9782017180012
9782017180555
9782017181064
9782017181156
9782017181163
9782017181187
9782017181286
9782017181354
9782017181552
9782017186809
9782017186823
9782017186847
9782017186878
9782017186885
9782017186892
9782017186939
9782017186953
9782017186960
9782017187004
9782017187028
9782017187073
9782017187813
9782017187837
9782017187868
9782017188186
9782017188261
9782017188858
9782017191728
9782017193036
9782017193371
9782017193401
9782017193494
9782017194514
9782017194521
9782017194545
9782017194637
9782017197515
9782017197522
9782017199847
9782017199861
9782017199908
9782017199939
9782017199984
9782017201267
9782017208792
9782017209959
9782017210580
9782017213635
9782017214267
9782017215257
9782017216025
9782017224938
9782017857945
9782017857952
9782017860907
9782017863427
9782017866664
9782017866855
9782017866862
9782017867005
9782017867968
9782017868453
9782017868477
9782017868712
9782017868729
9782017870661
9782017870708
9782017870760
9782017870838
9782017870845
9782017870937
9782017871316
9782017872016
9782017872245
9782017872320
9782017872467
9782017872740
9782017873327
9782017876069
9782017881087
9782017881339
9782017892649
9782019104467
9782019104849
9782019104863
9782019104986
9782019110062
9782019124601
9782019451479
9782019451486
9782019451530
9782019451547
9782019451561
9782019452209
9782019452698
9782019452742
9782019452803
9782019453190
9782019453206
9782019453794
9782019454630
9782019456658
9782019456702
9782019456719
9782019457334
9782019457488
9782019457501
9782019457570
9782019457969
9782019457983
9782019458034
9782019458041
9782019458553
9782019458621
9782019458706
9782019459581
9782019459604
9782019459970
9782019460273
9782019460280
9782019460389
9782019461935
9782019461959
9782019461980
9782019462031
9782019462147
9782019462215
9782019462239
9782019462437
9782019463359
9782019464301
9782019466633
9782019496579
9782019496937
9782019497873
9782019497927
9782020003162
9782020003254
9782020003315
9782030201664
9782034512605
9782040174125
9782047201992
9782057027100
9782067159549
9782082006071
9782092225011
9782092662038
9782213000565
9782213001678
9782213002507
9782213003115
9782213003221
9782213004112
9782213004563
9782213005461
9782213006635
9782213006758
9782213007946
9782213014227
9782213014692
9782213014715
9782213014838
9782213016023
9782213016436
9782213016863
9782213017174
9782213017204
9782213017655
9782213018041
9782213018386
9782213018645
9782213018652
9782213019000
9782213019024
9782213019147
9782213019789
9782213019833
9782213019888
9782213020105
9782213020112
9782213021027
9782213021294
9782213021409
9782213021485
9782213021645
9782213022635
9782213023090
9782213023786
9782213024042
9782213024066
9782213024684
9782213025612
9782213026152
9782213026312
9782213027319
9782213027326
9782213027470
9782213027715
9782213027838
9782213027937
9782213028279
9782213028576
9782213028842
9782213029061
9782213029160
9782213029269
9782213029290
9782213031491
9782213592138
9782213592558
9782213593395
9782213593449
9782213593661
9782213594057
9782213594354
9782213594804
9782213594941
9782213595597
9782213595764
9782213595795
9782213595856
9782213596754
9782213596969
9782213597096
9782213597379
9782213597935
9782213597997
9782213598512
9782213598574
9782213599380
9782213600161
9782213600420
9782213600550
9782213601380
9782213601526
9782213601823
9782213601977
9782213601991
9782213602356
9782213602721
9782213602868
9782213603421
9782213603667
9782213603841
9782213604114
9782213604145
9782213604909
9782213605432
9782213605944
9782213605999
9782213606378
9782213606606
9782213607344
9782213607818
9782213608105
9782213608655
9782213608976
9782213609010
9782213609058
9782213609157
9782213609270
9782213609638
9782213609744
9782213609829
9782213609874
9782213611013
9782213611709
9782213611839
9782213611884
9782213612898
9782213613604
9782213613635
9782213613888
9782213614960
9782213614984
9782213615134
9782213615202
9782213615486
9782213616063
9782213616360
9782213616513
9782213618289
9782213618982
9782213619057
9782213619392
9782213619422
9782213619538
9782213620183
9782213620626
9782213621395
9782213621548
9782213622224
9782213622361
9782213622620
9782213622736
9782213623269
9782213623818
9782213624075
9782213624778
9782213625027
9782213625133
9782213625935
9782213625959
9782213625966
9782213626048
9782213626666
9782213627243
9782213627472
9782213627984
9782213628394
9782213628653
9782213628769
9782213628783
9782213628844
9782213629711
9782213630304
9782213630649
9782213630939
9782213631387
9782213631462
9782213632148
9782213632339
9782213633299
9782213633916
9782213634371
9782213634500
9782213634630
9782213634920
9782213635279
9782213635361
9782213635385
9782213635705
9782213637730
9782213637921
9782213637938
9782213638027
9782213638294
9782213642697
9782213642703
9782213642987
9782213643380
9782213644134
9782213651347
9782213651378
9782213651606
9782213651729
9782213654768
9782213654812
9782213655413
9782213655840
9782213655987
9782213661391
9782213661971
9782213662787
9782213666587
9782213666648
9782213666686
9782213668215
9782213670829
9782213671215
9782213671451
9782213672458
9782213677637
9782213677750
9782213677828
9782213678542
9782213681115
9782213681276
9782213681436
9782213682105
9782213682242
9782213685670
9782213685861
9782213685908
9782213686165
9782213686363
9782213686684
9782213686745
9782213686837
9782213687124
9782213687278
9782213687520
9782213693736
9782213693958
9782213700472
9782213700649
9782213700939
9782213701325
9782213702261
9782213704760
9782213704937
9782213704975
9782213705033
9782213705354
9782213705477
9782213705651
9782213705859
9782213705958
9782213706160
9782213706207
9782213706276
9782213709383
9782213709437
9782213709451
9782213710334
9782213711379
9782213711966
9782213712161
9782213712390
9782213712574
9782213712727
9782213712840
9782213713014
9782213713243
9782213713298
9782213713342
9782213713359
9782213716473
9782213716589
9782213716633
9782213716657
9782213716718
9782213716725
9782213716817
9782213716954
9782213717708
9782213717791
9782213717821
9782213718194
9782213718354
9782213720494
9782213720746
9782213720760
9782213721361
9782213721606
9782213722337
9782213722504
9782213724973
9782213725093
9782213725307
9782216113972
9782217250010
9782218732058
9782220025292
9782220088112
9782220096896
9782220097565
9782220097756
9782220097916
9782225822216
9782226011060
9782226106865
9782226166760
9782226171375
9782230000364
9782230001156
9782230001316
9782230001415
9782230002412
9782230003686
9782230004133
9782230004263
9782230004386
9782230004850
9782230005840
9782230006007
9782230006175
9782230006762
9782230007158
9782230007196
9782230008131
9782230008889
9782230009220
9782230009244
9782230009473
9782230010196
9782230010578
9782230010868
9782230012381
9782230013531
9782230014606
9782230015351
9782230015719
9782230016655
9782230017546
9782230017560
9782230017645
9782230017683
9782230018284
9782230018888
9782230019403
9782230019670
9782230020119
9782230020539
9782230020720
9782230020805
9782230021154
9782230021390
9782234018358
9782234021341
9782234021914
9782234024397
9782234045118
9782234047655
9782234047976
9782234048430
9782234049338
9782234049727
9782234050419
9782234050433
9782234051331
9782234051386
9782234052901
9782234053670
9782234054677
9782234055247
9782234057234
9782234059900
9782234059917
9782234063945
9782234079083
9782234080874
9782234083509
9782234087491
9782234088115
9782234088481
9782234089006
9782234089976
9782234090620
9782234091405
9782234092266
9782234092624
9782234092990
9782234093652
9782234093782
9782234094574
9782245005941
9782245006047
9782245007419
9782245010075
9782245011447
9782245013205
9782245018323
9782246002284
9782246003175
9782246009498
9782246026945
9782246144243
9782246190622
9782246253310
9782246269328
9782246320036
9782246340638
9782246347231
9782246354024
9782246381518
9782246387510
9782246390428
9782246427711
9782246436119
9782246447818
9782246456520
9782246457527
9782246459118
9782246488613
9782246495512
9782246497417
9782246506317
9782246516415
9782246540717
9782246541912
9782246543510
9782246556329
9782246560913
9782246571315
9782246576211
9782246579014
9782246602316
9782246603719
9782246620716
9782246625711
9782246629016
9782246649410
9782246663416
9782246669319
9782246669814
9782246682318
9782246686613
9782246695912
9782246701910
9782246726814
9782246737711
9782246752813
9782246770916
9782246771616
9782246783251
9782246784456
9782246784999
9782246786917
9782246787044
9782246787105
9782246787310
9782246794905
9782246799375
9782246800248
9782246801252
9782246805250
9782246807247
9782246807445
9782246811237
9782246811794
9782246811961
9782246812920
9782246814931
9782246815143
9782246815204
9782246815433
9782246815952
9782246816201
9782246816317
9782246816379
9782246816454
9782246816461
9782246816492
9782246816508
9782246816515
9782246816553
9782246816560
9782246816652
9782246817697
9782246818014
9782246818670
9782246820796
9782246821137
9782246821335
9782246821885
9782246821960
9782246822851
9782246823094
9782246823131
9782246823605
9782246824350
9782246824411
9782246824473
9782246824510
9782246827481
9782246829836
9782246829942
9782246830016
9782246830030
9782246830184
9782246830412
9782246830948
9782246831686
9782246831730
9782246831853
9782246832553
9782246833260
9782246833529
9782246850977
9782246851684
9782246852353
9782246852384
9782246852445
9782246852735
9782246852926
9782246853015
9782246854685
9782246855637
9782246856825
9782246857518
9782246860068
9782246860273
9782246862451
9782253001829
9782253005193
9782253009191
9782253016472
9782253017844
9782253022695
9782253028437
9782253040514
9782253044758
9782253045328
9782253045465
9782253055099
9782253056638
9782253057499
9782253058083
9782253058298
9782253062769
9782253064343
9782253064572
9782253066668
9782253066767
9782253067603
9782253068280
9782253068907
9782253068983
9782253069027
9782253069249
9782253069379
9782253069478
9782253070054
9782253071211
9782253071327
9782253071723
9782253073161
9782253074113
9782253074359
9782253077404
9782253077558
9782253078210
9782253078364
9782253078432
9782253078555
9782253078678
9782253079422
9782253082248
9782253082255
9782253082392
9782253082705
9782253082965
9782253083054
9782253083214
9782253083306
9782253083399
9782253083450
9782253083511
9782253083719
9782253084716
9782253084730
9782253084938
9782253085843
9782253085966
9782253086031
9782253086062
9782253086406
9782253088059
9782253088158
9782253088288
9782253088523
9782253089278
9782253089872
9782253091738
9782253091769
9782253091905
9782253093138
9782253096399
9782253099697
9782253101277
9782253101925
9782253103462
9782253103516
9782253103837
9782253103936
9782253104414
9782253104445
9782253104469
9782253104551
9782253104568
9782253104599
9782253104612
9782253107231
9782253107460
9782253107491
9782253108139
9782253113164
9782253116462
9782253118572
9782253120797
9782253121671
9782253123989
9782253128311
9782253128793
9782253130123
9782253130192
9782253130840
9782253130895
9782253130925
9782253131403
9782253131618
9782253131984
9782253132264
9782253132356
9782253132530
9782253132684
9782253132707
9782253132998
9782253133896
9782253143086
9782253156321
9782253156581
9782253160922
9782253161080
9782253162865
9782253166191
9782253166481
9782253167013
9782253169499
9782253175704
9782253175865
9782253175933
9782253176817
9782253180050
9782253181477
9782253181521
9782253181538
9782253181620
9782253181637
9782253181682
9782253182665
9782253183051
9782253183273
9782253183549
9782253183785
9782253183853
9782253184201
9782253184522
9782253185802
9782253186052
9782253186069
9782253186151
9782253188179
9782253188391
9782253188414
9782253188469
9782253189688
9782253189695
9782253189749
9782253195283
9782253237105
9782253238010
9782253238072
9782253238232
9782253238447
9782253240358
9782253240662
9782253240686
9782253241072
9782253241904
9782253241997
9782253242499
9782253242550
9782253242703
9782253242772
9782253257509
9782253257516
9782253257592
9782253257868
9782253257943
9782253259350
9782253259558
9782253260288
9782253260400
9782253260424
9782253260547
9782253260578
9782253260639
9782253260653
9782253262268
9782253262282
9782253820192
9782253820352
9782253820376
9782253904311
9782253904786
9782253905639
9782253905677
9782253905783
9782253907213
9782253934530
9782253934554
9782253934561
9782253936947
9782253939665
9782253941057
9782253942160
9782253942467
9782253942986
9782253943075
9782253943297
9782253943310
9782253943488
9782265056800
9782268000022
9782268005829
9782268005881
9782268006840
9782268006857
9782268006864
9782268007281
9782268007342
9782268008325
9782268008462
9782268008486
9782268009117
9782268009230
9782268009490
9782268011455
9782268011783
9782268011998
9782268012025
9782268012285
9782268012339
9782268012438
9782268012568
9782268013275
9782268013350
9782268013367
9782268013725
9782268014562
9782268014869
9782268015132
9782268015224
9782268015347
9782268015538
9782268015545
9782268015583
9782268015620
9782268015804
9782268015859
9782268015866
9782268016078
9782268016467
9782268016658
9782268016665
9782268016887
9782268016900
9782268016962
9782268016993
9782268017099
9782268017167
9782268017341
9782268017426
9782268017464
9782268017860
9782268018089
9782268018133
9782268018942
9782268019017
9782268019130
9782268019680
9782268019871
9782268019987
9782268019994
9782268020297
9782268020389
9782268020549
9782268020600
9782268021034
9782268021317
9782268021546
9782268021607
9782268021720
9782268021751
9782268021812
9782268021966
9782268022062
9782268022147
9782268022260
9782268022598
9782268022895
9782268023113
9782268023793
9782268023816
9782268023922
9782268024226
9782268024462
9782268024684
9782268024813
9782268025476
9782268025537
9782268025544
9782268025568
9782268025605
9782268025780
9782268025810
9782268025865
9782268025919
9782268025988
9782268026084
9782268026145
9782268026206
9782268026381
9782268026572
9782268026732
9782268026756
9782268026916
9782268026947
9782268026961
9782268027005
9782268027043
9782268027241
9782268027340
9782268027913
9782268027920
9782268027999
9782268028262
9782268028286
9782268028309
9782268028330
9782268028385
9782268028422
9782268028774
9782268028866
9782268028873
9782268028880
9782268029009
9782268029467
9782268029498
9782268029566
9782268029832
9782268030425
9782268030524
9782268030586
9782268030913
9782268031040
9782268031118
9782268031156
9782268031378
9782268031972
9782268032320
9782268032443
9782268032672
9782268032832
9782268033020
9782268033150
9782268033259
9782268033266
9782268033310
9782268033471
9782268033617
9782268033624
9782268033822
9782268033990
9782268034133
9782268034287
9782268034317
9782268034362
9782268034379
9782268034614
9782268034720
9782268034836
9782268035741
9782268035826
9782268035864
9782268035888
9782268035895
9782268035901
9782268036021
9782268036069
9782268036106
9782268036144
9782268036175
9782268036281
9782268036359
9782268037028
9782268037080
9782268037158
9782268037356
9782268037561
9782268037615
9782268037646
9782268037707
9782268037752
9782268037783
9782268037868
9782268038018
9782268038179
9782268038186
9782268038322
9782268038346
9782268038360
9782268038469
9782268038544
9782268038582
9782268038674
9782268039497
9782268039510
9782268039527
9782268039602
9782268039824
9782268039855
9782268039961
9782268040110
9782268040240
9782268040288
9782268040301
9782268040356
9782268040479
9782268040486
9782268040677
9782268040745
9782268040820
9782268040912
9782268041230
9782268041506
9782268041568
9782268041605
9782268041711
9782268041759
9782268041773
9782268041902
9782268042145
9782268042152
9782268042206
9782268042251
9782268042268
9782268042305
9782268042312
9782268042367
9782268042466
9782268042497
9782268042916
9782268042930
9782268042992
9782268043357
9782268043456
9782268043500
9782268043692
9782268043791
9782268043982
9782268044002
9782268044033
9782268044040
9782268044118
9782268044132
9782268044224
9782268044279
9782268044385
9782268044453
9782268044460
9782268044859
9782268044972
9782268045047
9782268045207
9782268045290
9782268045313
9782268045351
9782268045375
9782268045399
9782268045559
9782268045597
9782268045672
9782268045870
9782268046082
9782268046105
9782268046136
9782268047195
9782268047218
9782268047287
9782268047317
9782268047560
9782268047676
9782268047737
9782268047959
9782268048475
9782268049212
9782268049267
9782268049274
9782268049281
9782268049311
9782268049359
9782268049403
9782268049540
9782268049588
9782268049649
9782268049656
9782268049786
9782268049953
9782268049977
9782268049991
9782268050089
9782268050355
9782268050492
9782268050591
9782268050652
9782268050737
9782268050928
9782268051086
9782268051147
9782268051154
9782268051253
9782268051390
9782268051444
9782268051581
9782268051628
9782268051673
9782268051758
9782268052007
9782268052045
9782268052090
9782268052137
9782268052151
9782268052311
9782268052496
9782268052762
9782268052779
9782268052830
9782268053103
9782268053110
9782268053141
9782268053202
9782268053332
9782268053349
9782268053417
9782268053530
9782268053547
9782268053592
9782268053950
9782268054124
9782268054148
9782268054155
9782268054162
9782268054261
9782268054322
9782268054353
9782268054780
9782268055022
9782268055121
9782268055480
9782268056128
9782268056135
9782268056371
9782268056425
9782268056517
9782268056890
9782268057170
9782268057590
9782268057903
9782268057965
9782268057972
9782268058009
9782268058177
9782268058245
9782268058375
9782268058436
9782268058450
9782268058627
9782268058672
9782268058719
9782268058825
9782268058870
9782268058955
9782268059235
9782268059266
9782268059297
9782268059334
9782268059846
9782268059914
9782268059938
9782268059983
9782268060682
9782268060927
9782268060958
9782268061023
9782268061092
9782268061122
9782268061153
9782268061306
9782268061337
9782268061344
9782268061474
9782268061511
9782268061788
9782268061917
9782268061924
9782268061948
9782268062006
9782268062068
9782268062211
9782268062228
9782268062266
9782268062334
9782268062365
9782268062396
9782268062594
9782268062624
9782268062839
9782268062853
9782268062990
9782268063119
9782268063379
9782268063430
9782268063478
9782268063539
9782268063546
9782268063584
9782268063812
9782268063836
9782268064017
9782268064079
9782268064086
9782268064093
9782268064291
9782268064369
9782268064390
9782268064437
9782268064451
9782268064482
9782268064505
9782268064673
9782268064840
9782268064987
9782268064994
9782268065038
9782268065106
9782268065199
9782268065205
9782268065236
9782268065519
9782268065533
9782268065601
9782268065663
9782268065762
9782268065861
9782268066028
9782268066257
9782268066301
9782268066516
9782268066578
9782268066721
9782268066776
9782268066783
9782268066820
9782268066929
9782268067148
9782268067285
9782268067469
9782268067551
9782268067759
9782268067940
9782268067964
9782268068176
9782268068220
9782268068374
9782268068572
9782268068657
9782268068732
9782268068916
9782268069302
9782268069418
9782268069524
9782268069609
9782268069944
9782268070032
9782268070124
9782268070384
9782268070391
9782268070469
9782268070544
9782268070858
9782268070971
9782268071312
9782268071404
9782268071428
9782268071756
9782268071916
9782268072098
9782268072159
9782268073002
9782268073224
9782268074153
9782268074351
9782268074450
9782268075136
9782268075358
9782268075419
9782268075570
9782268075662
9782268075853
9782268076072
9782268076157
9782268076232
9782268076300
9782268076317
9782268076386
9782268076393
9782268079196
9782268081687
9782268081731
9782268084978
9782268086804
9782268089867
9782268089911
9782268089942
9782268090559
9782268090597
9782268090924
9782268094830
9782268094854
9782268096247
9782268096414
9782268096452
9782268096667
9782268096827
9782268097848
9782268098135
9782268099293
9782268099613
9782268100647
9782268100920
9782268101002
9782268101477
9782268101484
9782268101569
9782268101620
9782268101897
9782268102443
9782268102658
9782268102726
9782268102788
9782268102818
9782268102832
9782268102856
9782268103174
9782268103471
9782268103495
9782268103525
9782268103853
9782268103877
9782268103921
9782268104416
9782268104775
9782268105109
9782268105116
9782268105192
9782268105215
9782268105444
9782268105475
9782268105857
9782268105871
9782268106175
9782268106328
9782268106564
9782268106588
9782268106632
9782268106984
9782268107028
9782268107370
9782268107417
9782268107653
9782268108179
9782268108209
9782268108322
9782268108582
9782268108599
9782280008464
9782280271226
9782280307536
9782280312080
9782280313445
9782280325202
9782280333412
9782280337687
9782280342117
9782280345293
9782280348461
9782280351331
9782280360968
9782280362207
9782280367660
9782280367929
9782280368025
9782280368131
9782280368537
9782280368544
9782280368551
9782280368582
9782280368698
9782280368728
9782280368964
9782280368971
9782280369084
9782280369152
9782280369596
9782280369633
9782280369930
9782280370011
9782280376822
9782280376846
9782280377461
9782280378659
9782280379359
9782280379373
9782280379472
9782280379533
9782280379618
9782280379632
9782280379915
9782280379953
9782280380348
9782280380461
9782280380478
9782280380669
9782280380737
9782280380751
9782280380805
9782280381246
9782280381314
9782280381383
9782280381536
9782280382113
9782280382458
9782280382649
9782280382694
9782280382977
9782280383059
9782280383073
9782280383271
9782280383455
9782280383745
9782280385442
9782280385794
9782280385817
9782280385831
9782280386203
9782280389600
9782280389686
9782280389945
9782280390149
9782280390217
9782280391573
9782280411684
9782280412209
9782280412971
9782280412988
9782280413466
9782280413961
9782280413992
9782280414210
9782280414333
9782280414395
9782280414470
9782280414555
9782280415156
9782280415637
9782280416023
9782280416238
9782280416504
9782280416597
9782280416665
9782280416856
9782280416931
9782280416979
9782280417044
9782280418751
9782280418799
9782280419673
9782280420044
9782280420129
9782280420662
9782280420815
9782280432948
9782280433174
9782280433204
9782280436212
9782280436359
9782280437219
9782280437394
9782280437516
9782280438025
9782280438230
9782280438780
9782280440370
9782280440417
9782280440448
9782280444613
9782280444972
9782280445917
9782280446389
9782280448352
9782280448802
9782280449120
9782280449335
9782280450348
9782280453813
9782280454100
9782280454469
9782280454490
9782280455053
9782280455916
9782280456654
9782280456869
9782280457460
9782280458467
9782280458931
9782280459662
9782280459853
9782280459945
9782280459983
9782280460071
9782280461108
9782280461412
9782280461641
9782280462822
9782280462846
9782280463478
9782280465199
9782280465991
9782280467346
9782280467780
9782280468558
9782280469371
9782280469630
9782280472203
9782280472418
9782280472432
9782280472555
9782280474665
9782280476959
9782280480277
9782302000124
9782302000551
9782302001275
9782302001695
9782302001770
9782302001909
9782302002241
9782302002333
9782302002364
9782302002500
9782302002951
9782302003033
9782302003088
9782302003156
9782302003606
9782302003828
9782302004023
9782302004467
9782302004788
9782302005563
9782302005570
9782302005693
9782302007437
9782302008939
9782302009356
9782302009523
9782302010796
9782302010857
9782302011069
9782302012486
9782302012844
9782302012929
9782302013056
9782302013513
9782302013902
9782302014381
9782302015241
9782302015289
9782302015968
9782302015975
9782302016170
9782302016484
9782302017092
9782302017276
9782302017306
9782302017375
9782302017627
9782302018136
9782302018327
9782302018594
9782302019034
9782302019614
9782302019898
9782302020078
9782302020245
9782302020924
9782302024120
9782302024304
9782302025417
9782302025448
9782302027237
9782302030596
9782302031005
9782302031371
9782302036260
9782302036314
9782302036918
9782302037267
9782302037489
9782302037588
9782302037649
9782302037670
9782302038363
9782302040816
9782302041356
9782302042292
9782302042322
9782302042667
9782302043084
9782302043640
9782302043688
9782302044814
9782302044869
9782302044951
9782302045019
9782302046078
9782302046412
9782302046450
9782302046528
9782302046573
9782302046948
9782302047464
9782302047662
9782302047754
9782302047907
9782302047969
9782302048140
9782302048492
9782302048621
9782302048874
9782302050518
9782302050570
9782302052093
9782302053687
9782302053915
9782302053922
9782302054189
9782302056343
9782302057845
9782302059603
9782302059627
9782302059641
9782302059870
9782302062115
9782302062504
9782302062917
9782302062948
9782302063624
9782302063723
9782302063907
9782302064089
9782302064164
9782302064188
9782302064911
9782302064973
9782302065000
9782302065512
9782302066236
9782302067905
9782302068469
9782302068520
9782302068605
9782302069664
9782302069701
9782302069749
9782302069893
9782302069923
9782302069978
9782302070066
9782302070998
9782302071100
9782302071353
9782302071391
9782302071421
9782302071575
9782302072541
9782302073913
9782302074453
9782302075436
9782302075443
9782302075597
9782302076150
9782302076396
9782302076471
9782302076488
9782302076495
9782302076501
9782302076679
9782302077461
9782302077522
9782302077591
9782302077621
9782302077645
9782302077669
9782302077706
9782302077713
9782302077737
9782302078031
9782302078758
9782302078864
9782302078949
9782302080379
9782302080461
9782302080485
9782302080492
9782302080577
9782302081680
9782302081949
9782302083066
9782302083080
9782302083134
9782302083158
9782302083165
9782302083288
9782302089181
9782302089259
9782302089266
9782302089310
9782302089327
9782302089372
9782302089419
9782302089563
9782302089648
9782302089693
9782302089709
9782302089723
9782302090231
9782302090279
9782302090477
9782302090545
9782302090873
9782302090910
9782302091108
9782302091153
9782302091160
9782302091252
9782302091269
9782302091344
9782302091412
9782302091542
9782302091702
9782302091795
9782302091887
9782302091962
9782302092310
9782302092815
9782302092891
9782302093126
9782302093164
9782302093737
9782302093751
9782302094031
9782302094086
9782302094239
9782302094390
9782302094758
9782302095021
9782302095038
9782302095052
9782302095069
9782302095212
9782302095342
9782302095724
9782302095908
9782302095977
9782302096530
9782302096608
9782302096684
9782302096899
9782302097049
9782302097292
9782310005913
9782310006071
9782310006088
9782310011242
9782310012089
9782310012324
9782310013147
9782310016971
9782310017183
9782310017794
9782310018289
9782310018401
9782310019330
9782310019767
9782310021234
9782310021241
9782310021500
9782310021630
9782310021654
9782310021685
9782310021906
9782310022200
9782310022255
9782310022569
9782310022996
9782310023818
9782310024228
9782310024327
9782310024594
9782310024686
9782310025089
9782310025317
9782310026192
9782310026406
9782310026666
9782310026697
9782310026963
9782310027076
9782310027168
9782310028417
9782310028424
9782310029087
9782310029285
9782310029322
9782310029391
9782310029469
9782310029476
9782310029544
9782310029568
9782310029902
9782310030250
9782310030274
9782310030663
9782310030670
9782310032520
9782310032551
9782310033060
9782310033190
9782310034753
9782310035224
9782310035446
9782310035583
9782310035712
9782310035736
9782310035743
9782310036153
9782310037037
9782310037518
9782310037853
9782310038355
9782310038379
9782310038386
9782310038607
9782310038805
9782310039215
9782310039536
9782310039598
9782310040334
9782310041430
9782310041508
9782310041768
9782310041782
9782310042499
9782310042581
9782310042635
9782310042703
9782310043083
9782310043106
9782310043403
9782310043489
9782310043519
9782310043656
9782310044899
9782310045209
9782310045650
9782310045698
9782310045742
9782310045933
9782310045988
9782310046039
9782310046169
9782310046671
9782310047005
9782310047241
9782310047272
9782310047371
9782310047487
9782310047913
9782310047920
9782310047937
9782310048545
9782310048613
9782310049283
9782310049306
9782310049641
9782310049702
9782310050258
9782310050265
9782310050722
9782310051118
9782310051163
9782310051224
9782310052863
9782310053129
9782310053341
9782326000216
9782326000698
9782326001183
9782326001299
9782326001411
9782326002067
9782326002234
9782326002777
9782326002883
9782326002975
9782326003033
9782326003040
9782350170039
9782350170824
9782350171173
9782350171685
9782350276366
9782350279473
9782350490038
9782350490304
9782350490335
9782350490366
9782350490410
9782350490526
9782350490991
9782350491011
9782350491073
9782350491097
9782350787848
9782350788340
9782350788357
9782350788470
9782350910437
9782351000564
9782351002711
9782351005057
9782351007693
9782351008775
9782351780442
9782351781067
9782351782101
9782351782163
9782351782200
9782351782507
9782351782651
9782351782880
9782351785102
9782351786062
9782351786109
9782351786130
9782351786161
9782351786222
9782351786246
9782351786352
9782351786383
9782351786703
9782351786819
9782351787151
9782351787212
9782351787304
9782351787700
9782351787731
9782351787816
9782351788066
9782351788356
9782351788417
9782351788578
9782351788967
9782352164241
9782352167877
9782352168461
9782352880028
9782352880035
9782352880097
9782352880134
9782352880189
9782352880202
9782352880240
9782352880387
9782352880448
9782352880837
9782352880950
9782352881001
9782352881056
9782352881117
9782352881131
9782352881155
9782352881292
9782352881452
9782352881698
9782352881704
9782352881858
9782352882176
9782352882206
9782352882244
9782352882275
9782352882305
9782352882312
9782352882589
9782352882787
9782352882824
9782352882961
9782352883166
9782352883357
9782352883548
9782352883661
9782352883838
9782352884095
9782352884194
9782352884248
9782352884279
9782352884897
9782352884903
9782352884958
9782352884972
9782352885023
9782352885030
9782352885078
9782352885108
9782352885122
9782352885429
9782352885474
9782352885511
9782352885542
9782352887201
9782352887263
9782352887416
9782352887423
9782352887539
9782352887645
9782352887775
9782352887836
9782352887881
9782352887904
9782352887942
9782352888215
9782352888307
9782352888321
9782352888352
9782352888390
9782352888437
9782352888758
9782352942009
9782352943327
9782352943341
9782352945710
9782352946694
9782352948582
9782352948728
9782352948834
9782352949077
9782352949381
9782353480166
9782353480555
9782353481217
9782353481279
9782353481460
9782353481521
9782353481538
9782353481576
9782353481583
9782353481798
9782353481941
9782353482108
9782353482160
9782353482276
9782353482283
9782353482344
9782353482375
9782353482405
9782353482429
9782353482443
9782353482467
9782353482474
9782353482481
9782353482504
9782353482528
9782353482740
9782353482757
9782354081645
9782354081676
9782354081829
9782354082826
9782354083496
9782354083533
9782354085148
9782354085162
9782354085445
9782354085872
9782354086121
9782354086275
9782354086657
9782354086961
9782354087357
9782354087401
9782354087524
9782354087814
9782354087982
9782354089153
9782354089405
9782354089726
9782354850142
9782354850197
9782354850227
9782354850333
9782354850364
9782354850418
9782354850449
9782354850708
9782354850920
9782354850937
9782354851026
9782354851057
9782354851149
9782354851170
9782354851200
9782354851248
9782354851262
9782354851903
9782354851934
9782354852023
9782354852320
9782354852375
9782354852412
9782354852535
9782354852542
9782354852672
9782354852795
9782354853105
9782354853129
9782354853136
9782354853396
9782354853440
9782354853549
9782354853655
9782354853662
9782354853693
9782354853730
9782354853860
9782354853914
9782354853945
9782354853976
9782354854515
9782354854645
9782354854676
9782354854850
9782354854904
9782354854973
9782354855024
9782354855116
9782354855222
9782354855284
9782354855345
9782354855369
9782354855420
9782354855451
9782354855468
9782354855482
9782354855505
9782354855567
9782354855598
9782354855628
9782354855666
9782354855697
9782354855741
9782354855758
9782354855765
9782354855772
9782354855796
9782354855802
9782354855819
9782354855833
9782354855857
9782354855888
9782354855925
9782354855949
9782354855987
9782354855994
9782354856007
9782354856045
9782354856069
9782354856076
9782354856144
9782354856151
9782354856168
9782354856199
9782354856212
9782354856229
9782354856298
9782354856304
9782354856311
9782354856564
9782354856731
9782354856762
9782354856793
9782354856830
9782354857202
9782354857226
9782354857240
9782354857301
9782354857332
9782354857424
9782355230004
9782355740626
9782355740923
9782355741753
9782355742583
9782355742828
9782355743092
9782355743115
9782355743139
9782355743160
9782355743276
9782355743474
9782355743511
9782355744624
9782355744631
9782355744785
9782355744860
9782355745065
9782355745379
9782356416407
9782356740052
9782356740151
9782356740175
9782356740366
9782356740694
9782356740847
9782356740854
9782356740977
9782356741066
9782356741097
9782356741257
9782356741264
9782356741295
9782356741301
9782357106215
9782357106338
9782358310031
9782358310147
9782358310154
9782358310161
9782358310345
9782358310406
9782358310413
9782358310420
9782358310437
9782358310444
9782358310468
9782358310482
9782359850628
9782359851021
9782359851564
9782359851618
9782359851779
9782359852042
9782360400454
9782360402281
9782361832124
9782361833930
9782361834654
9782361835507
9782363159038
9782363159632
9782363580023
9782363580047
9782363580221
9782363580283
9782363580344
9782363580450
9782363580467
9782363580597
9782363580610
9782363581167
9782363581297
9782363581310
9782363581440
9782363581556
9782363581730
9782363581976
9782363581983
9782363582027
9782363582102
9782363582508
9782363582744
9782363582812
9782363582904
9782363583079
9782363583116
9782363583130
9782363583185
9782363583406
9782363583475
9782363583482
9782363583512
9782363583529
9782363583536
9782363583574
9782363583611
9782363583666
9782363583673
9782363583697
9782363583727
9782363583758
9782363583772
9782363583789
9782363583796
9782363583802
9782363583857
9782364752818
9782364753327
9782364753389
9782364753693
9782364754195
9782364754263
9782364754348
9782364754423
9782364754461
9782364754508
9782364754522
9782364754546
9782364754676
9782364754706
9782366510065
9782366510218
9782366510737
9782366511239
9782366511406
9782366580495
9782366580778
9782366581010
9782366581324
9782366581706
9782366583038
9782366584356
9782368450789
9782368451410
9782368451434
9782368451472
9782368452592
9782368452677
9782368452752
9782368452813
9782368452851
9782368452875
9782368781135
9782369120025
9782369120117
9782369120131
9782369120193
9782369120315
9782369120490
9782369120599
9782369740186
9782369740933
9782369741053
9782369741138
9782369741473
9782369741558
9782369742302
9782369742388
9782369742401
9782369742425
9782369742616
9782369742746
9782369742883
9782369743200
9782369743293
9782369743514
9782369743644
9782369743804
9782369743958
9782369743972
9782369744009
9782369747321
9782369747345
9782369747789
9782369747949
9782369748090
9782369748106
9782369748649
9782369748793
9782369748885
9782369748953
9782369749028
9782370114037
9782370117007
9782370117045
9782370117120
9782371260153
9782371260382
9782371260924
9782371261211
9782371262331
9782371262478
9782371262515
9782371262652
9782371263024
9782371264304
9782371265097
9782371681545
9782371771901
9782371774117
9782371774179
9782371774308
9782371774315
9782371774339
9782371774384
9782371774391
9782371774407
9782371774537
9782371774551
9782371774575
9782371774599
9782371774605
9782371774636
9782371774650
9782371774674
9782371774681
9782371774735
9782371774759
9782371774766
9782371774780
9782371774797
9782371774803
9782371774810
9782371774834
9782371774889
9782371774902
9782371774919
9782371774926
9782371774933
9782371774940
9782371774964
9782371775008
9782371775039
9782371775077
9782371775084
9782371775091
9782371775107
9782371775114
9782371775138
9782371775169
9782371775190
9782371775244
9782371775251
9782371775268
9782371775305
9782371775336
9782371775350
9782371775381
9782371775398
9782371775404
9782371775411
9782371775435
9782371775503
9782371775510
9782371775541
9782371775558
9782371775565
9782371775589
9782371775596
9782371775671
9782371775718
9782371775732
9782371775763
9782371775794
9782371775800
9782371775862
9782371775879
9782371775909
9782371775923
9782371775985
9782371776005
9782371776036
9782371776067
9782371776104
9782371776142
9782371776159
9782371776166
9782371776180
9782371776197
9782371776258
9782371776265
9782371776272
9782371776302
9782372090148
9782372090353
9782372090360
9782372090391
9782372090414
9782372090483
9782372090513
9782372090544
9782372090551
9782372090599
9782372090629
9782372090643
9782372090728
9782372090797
9782372090803
9782372090810
9782372090858
9782372090865
9782372090896
9782372090902
9782372090919
9782372090940
9782372090964
9782372090971
9782372090988
9782372090995
9782372091015
9782372091022
9782372091039
9782372091046
9782372091053
9782372091077
9782372091084
9782372091183
9782372240468
9782372241274
9782372241489
9782372241519
9782372241670
9782372242226
9782372242356
9782372860024
9782372861052
9782372861472
9782372862394
9782372862509
9782372862547
9782373200300
9782373490022
9782373490244
9782373490350
9782373490398
9782373490459
9782373490886
9782373491203
9782373491364
9782373491371
9782373492057
9782373492620
9782373492835
9782373493207
9782373493429
9782373493627
9782373494082
9782373495164
9782373495652
9782373495720
9782373495911
9782373495966
9782373495973
9782373496659
9782373496680
9782373496789
9782373496819
9782373497229
9782373497328
9782373497342
9782373497526
9782373497885
9782373497939
9782373498288
9782374180250
9782374180496
9782374180571
9782374180618
9782374180632
9782374180755
9782374180786
9782374180809
9782374180823
9782374180830
9782374181028
9782374181097
9782374181127
9782374181172
9782374181257
9782374181264
9782374181288
9782374181295
9782374181301
9782374181318
9782374181325
9782375480144
9782375740453
9782375740514
9782375740538
9782375740651
9782375740736
9782375741290
9782375741825
9782375741863
9782375742501
9782375743348
9782375746707
9782375747698
9782375790335
9782375790472
9782375790809
9782375791554
9782375791585
9782375791646
9782375791790
9782375791882
9782375791981
9782375792070
9782375792100
9782375792193
9782375792391
9782376320036
9782376320135
9782376320388
9782376320548
9782376410010
9782376500889
9782376522034
9782376528173
9782376710004
9782376710073
9782376710318
9782376710622
9782376710738
9782376710745
9782376711636
9782376711735
9782376711995
9782376712596
9782376712633
9782376713173
9782376713234
9782376713241
9782376714231
9782376920144
9782376921059
9782376921158
9782376921257
9782376922131
9782376922155
9782376923091
9782376923190
9782376970033
9782376971016
9782376971313
9782376971351
9782376971757
9782376972112
9782376972259
9782376972785
9782376972877
9782376972891
9782376973027
9782376973171
9782376973270
9782376973317
9782377400027
9782377400126
9782377400164
9782377400492
9782377400515
9782377400522
9782377609154
9782377609239
9782377770342
9782377773398
9782377773404
9782378150211
9782378150587
9782378150631
9782378150822
9782378151362
9782378151386
9782378151539
9782378151645
9782378151713
9782378151911
9782378340834
9782378870065
9782378870119
9782378870201
9782378870294
9782378870300
9782378870539
9782378870607
9782378870720
9782378870799
9782378870904
9782378870935
9782378871048
9782378871109
9782378871253
9782378871451
9782378871635
9782378871765
9782378871826
9782378871932
9782378872052
9782378872090
9782378872120
9782378872243
9782378872311
9782378872373
9782378872434
9782378872571
9782378872595
9782378872663
9782378872731
9782378872809
9782378872892
9782378872953
9782379640476
9782379640483
9782379640896
9782379641404
9782379641442
9782379791628
9782379796180
9782379796203
9782379796500
9782379797040
9782379797873
9782379870569
9782379870644
9782379870842
9782379871399
9782379871498
9782379871559
9782379871573
9782379871719
9782379871740
9782379871795
9782379871832
9782379871986
9782379872129
9782379872389
9782379872402
9782379872426
9782380177206
9782380460049
9782380460094
9782380460148
9782380460322
9782380460346
9782380460407
9782380460797
9782380460841
9782380460940
9782380461022
9782380461039
9782380461060
9782380461121
9782380461350
9782380461404
9782380461510
9782380750508
9782380750638
9782380750713
9782380751420
9782380751529
9782380751581
9782380751765
9782380751932
9782380752137
9782380752212
9782380753349
9782380754926
9782380755152
9782380755176
9782380755718
9782380755831
9782380756432
9782380756593
9782380757071
9782380757637
9782380757699
9782381220079
9782381220109
9782381220949
9782381221373
9782381222530
9782381223353
9782381223735
9782381224633
9782381225166
9782381225173
9782381225937
9782381570006
9782381571102
9782381571867
9782381572406
9782382030233
9782382030479
9782382030653
9782382030790
9782382120064
9782382120095
9782382120118
9782382120125
9782382120132
9782382120286
9782382120316
9782382120569
9782382120729
9782382120774
9782382122105
9782382122112
9782382122129
9782382122136
9782382122167
9782382122204
9782382122259
9782382122310
9782382122341
9782382122402
9782382122457
9782382122549
9782382122617
9782382122631
9782382122655
9782382122693
9782382122754
9782382124017
9782382124055
9782382670491
9782382810064
9782382810071
9782382810293
9782382810316
9782382810385
9782382810545
9782382810736
9782382810828
9782382810972
9782382811436
9782382811535
9782382811559
9782382811788
9782382811931
9782382880432
9782382880449
9782382880494
9782382880678
9782382881262
9782382881279
9782382990292
9782382990322
9782382990537
9782382990612
9782382991060
9782383380207
9782383380504
9782383380573
9782383381372
9782384402335
9782385060015
9782390141846
9782390142287
9782413000297
9782413000426
9782413000662
9782413000686
9782413000792
9782413000808
9782413000822
9782413001560
9782413001638
9782413001782
9782413001898
9782413002024
9782413002697
9782413002864
9782413003526
9782413003830
9782413005032
9782413005049
9782413005292
9782413005339
9782413007098
9782413007265
9782413007838
9782413008002
9782413008088
9782413008095
9782413008101
9782413008651
9782413008989
9782413010005
9782413010296
9782413010302
9782413010340
9782413010357
9782413010395
9782413010593
9782413010791
9782413010920
9782413010944
9782413011002
9782413011026
9782413011088
9782413011286
9782413012863
9782413012924
9782413012955
9782413013075
9782413013129
9782413013174
9782413013402
9782413013426
9782413013457
9782413013495
9782413013600
9782413013648
9782413013655
9782413015536
9782413015604
9782413016618
9782413016861
9782413016908
9782413016946
9782413017097
9782413017479
9782413018315
9782413018575
9782413018742
9782413019336
9782413019350
9782413019589
9782413019633
9782413019657
9782413019688
9782413019695
9782413019718
9782413019756
9782413019800
9782413019817
9782413019916
9782413020004
9782413020172
9782413021902
9782413021919
9782413022237
9782413022459
9782413022480
9782413022534
9782413022541
9782413022695
9782413022749
9782413022756
9782413023968
9782413024002
9782413024125
9782413024156
9782413024293
9782413024491
9782413024569
9782413024613
9782413024750
9782413024804
9782413024910
9782413025054
9782413026495
9782413026587
9782413026600
9782413027072
9782413027508
9782413027737
9782413027744
9782413028284
9782413028307
9782413028574
9782413028857
9782413030294
9782413030317
9782413036647
9782413036715
9782413036906
9782413037323
9782413037385
9782413037675
9782413037736
9782413037880
9782413038092
9782413038306
9782413038498
9782413038825
9782413039068
9782413039082
9782413039204
9782413039488
9782413039532
9782413039617
9782413039785
9782413039884
9782413040071
9782413040118
9782413040149
9782413040286
9782413040422
9782413040651
9782413040736
9782413040743
9782413040774
9782413040989
9782413040996
9782413041047
9782413041078
9782413041085
9782413041542
9782413041641
9782413041672
9782413041702
9782413041733
9782413041832
9782413041948
9782413042167
9782413042303
9782413042372
9782413042389
9782413042525
9782413042563
9782413042648
9782413042716
9782413042747
9782413042846
9782413042945
9782413043102
9782413043287
9782413043690
9782413043843
9782413043867
9782413043942
9782413044062
9782413044598
9782413044680
9782413044819
9782413044840
9782413044864
9782413045007
9782413045106
9782413045304
9782413045397
9782413045410
9782413045489
9782413045496
9782413045588
9782413045854
9782413046219
9782413046349
9782413046479
9782413046608
9782413046691
9782413047100
9782413047186
9782413048237
9782413049289
9782413075882
9782413077732
9782413077749
9782415000608
9782415000691
9782415000813
9782415000967
9782415001063
9782415001285
9782415001513
9782415002022
9782415002084
9782415002145
9782415002169
9782415002381
9782415002466
9782415002503
9782415002893
9782415003111
9782415003463
9782415003494
9782415003524
9782415003586
9782415003715
9782415003784
9782415003906
9782415004057
9782415004279
9782415004330
9782415004521
9782415005603
9782490522613
9782490522651
9782490522996
9782491652012
9782491652029
9782492108013
9782492547003
9782492547195
9782492547324
9782492547539
9782492547591
9782492547607
9782492547720
9782492547898
9782501000109
9782501000611
9782501001656
9782501001984
9782501003506
9782501003902
9782501005258
9782501005555
9782501006194
9782501006354
9782501009065
9782501010405
9782501013406
9782501013536
9782501014519
9782501016780
9782501017176
9782501019019
9782501019804
9782501028134
9782501028158
9782501028455
9782501028950
9782501029216
9782501029865
9782501030281
9782501030533
9782501036962
9782501037235
9782501037440
9782501037501
9782501038232
9782501039055
9782501039611
9782501041034
9782501041324
9782501041379
9782501042581
9782501043892
9782501044363
9782501045735
9782501049504
9782501054225
9782501054997
9782501055406
9782501062374
9782501062411
9782501065504
9782501075145
9782501076869
9782501082846
9782501085656
9782501087407
9782501092692
9782501096362
9782501097413
9782501099394
9782501099837
9782501099875
9782501100212
9782501101172
9782501104562
9782501104647
9782501109581
9782501110105
9782501112109
9782501112123
9782501112444
9782501112697
9782501112796
9782501112925
9782501113021
9782501113304
9782501113403
9782501113717
9782501114868
9782501115261
9782501115278
9782501116664
9782501116688
9782501116732
9782501117067
9782501117104
9782501117227
9782501117388
9782501117746
9782501117975
9782501118170
9782501118347
9782501118729
9782501118798
9782501118965
9782501119689
9782501119818
9782501120296
9782501120487
9782501120579
9782501120760
9782501120838
9782501120944
9782501121002
9782501121439
9782501121972
9782501122023
9782501122719
9782501122757
9782501122849
9782501122870
9782501124157
9782501124355
9782501124409
9782501124690
9782501124782
9782501125185
9782501125741
9782501125963
9782501126564
9782501126649
9782501128377
9782501128469
9782501128681
9782501128834
9782501128858
9782501128896
9782501129299
9782501129336
9782501129367
9782501129442
9782501130196
9782501130738
9782501131278
9782501131322
9782501132701
9782501133098
9782501133128
9782501133142
9782501133210
9782501133241
9782501134224
9782501134415
9782501135559
9782501136518
9782501136631
9782501137676
9782501137799
9782501138475
9782501138505
9782501138659
9782501138949
9782501138970
9782501139533
9782501139885
9782501140690
9782501140805
9782501141215
9782501141246
9782501141833
9782501142274
9782501142359
9782501142434
9782501142489
9782501143950
9782501144070
9782501144254
9782501144834
9782501145008
9782501145480
9782501145497
9782501146869
9782501147019
9782501147385
9782501147453
9782501147705
9782501147729
9782501147736
9782501147781
9782501148078
9782501148474
9782501148726
9782501148917
9782501149044
9782501149662
9782501149761
9782501149778
9782501149877
9782501149969
9782501149983
9782501150118
9782501150156
9782501150286
9782501150705
9782501150828
9782501150842
9782501150903
9782501150941
9782501151788
9782501152211
9782501152792
9782501152877
9782501152884
9782501152945
9782501153072
9782501153089
9782501153843
9782501154079
9782501154093
9782501154635
9782501154659
9782501155090
9782501156356
9782501156486
9782501157070
9782501157452
9782501157490
9782501157629
9782501157681
9782501158077
9782501158121
9782501158282
9782501158954
9782501158961
9782501158992
9782501159067
9782501159074
9782501159111
9782501159692
9782501160308
9782501160742
9782501161169
9782501161305
9782501161329
9782501161435
9782501161558
9782501161602
9782501161749
9782501162036
9782501162081
9782501162548
9782501162739
9782501163217
9782501163248
9782501163316
9782501163385
9782501163415
9782501163545
9782501163552
9782501163804
9782501163910
9782501165907
9782501166058
9782501166089
9782501166454
9782501166553
9782501166584
9782501166942
9782501167475
9782501168465
9782501168595
9782501168731
9782501170789
9782501170802
9782501170857
9782501171557
9782501171564
9782501172424
9782501172875
9782501173650
9782501173704
9782501174305
9782501174312
9782501175647
9782501175937
9782501175951
9782501177047
9782501177122
9782702100615
9782702101711
9782702101995
9782702103081
9782702103579
9782702104255
9782702104354
9782702104460
9782702104798
9782702105177
9782702105344
9782702105351
9782702108420
9782702109250
9782702112335
9782702112649
9782702112823
9782702113042
9782702113080
9782702113394
9782702113691
9782702113950
9782702114162
9782702115015
9782702115305
9782702116876
9782702116951
9782702117361
9782702118528
9782702118696
9782702118757
9782702119433
9782702119617
9782702119631
9782702119860
9782702120644
9782702121665
9782702121757
9782702123089
9782702123225
9782702123515
9782702123829
9782702123935
9782702124024
9782702124857
9782702124871
9782702125878
9782702126349
9782702126691
9782702126790
9782702126868
9782702127537
9782702127674
9782702127728
9782702128633
9782702128800
9782702128817
9782702129111
9782702129173
9782702129678
9782702130063
9782702130438
9782702130568
9782702130766
9782702131022
9782702131060
9782702131152
9782702131169
9782702131268
9782702131442
9782702131725
9782702131732
9782702131909
9782702132388
9782702132425
9782702132890
9782702133071
9782702133231
9782702133392
9782702133460
9782702133743
9782702133774
9782702134160
9782702134535
9782702134610
9782702134634
9782702134641
9782702134818
9782702134856
9782702135075
9782702135105
9782702135198
9782702135396
9782702135471
9782702135549
9782702135747
9782702135778
9782702135808
9782702135815
9782702135822
9782702136225
9782702136393
9782702136409
9782702136478
9782702136645
9782702136713
9782702136874
9782702137093
9782702137338
9782702137352
9782702137499
9782702137628
9782702137680
9782702137758
9782702138052
9782702138564
9782702138571
9782702138632
9782702138663
9782702138724
9782702138946
9782702139103
9782702139141
9782702139356
9782702139714
9782702139912
9782702139967
9782702140499
9782702140710
9782702140918
9782702141274
9782702142448
9782702142899
9782702143100
9782702144305
9782702144473
9782702144534
9782702153741
9782702153956
9782702154427
9782702157046
9782702157336
9782702157558
9782702158913
9782702160299
9782702160404
9782702160411
9782702160466
9782702160756
9782702160763
9782702162965
9782702163191
9782702163719
9782702163740
9782702165034
9782702166444
9782702166901
9782702166949
9782702167564
9782702180037
9782702180235
9782702180389
9782702182918
9782702184097
9782702185124
9782702185797
9782702187586
9782702188309
9782702188323
9782702191347
9782702191354
9782702418147
9782702419724
9782702422076
9782702422175
9782702426296
9782702431191
9782702432877
9782702434444
9782702434468
9782702435069
9782702437056
9782702439234
9782702440094
9782702440780
9782702442500
9782702448502
9782702448588
9782702448694
9782702448809
9782702448960
9782702449080
9782702449134
9782702449325
9782702449424
9782702449455
9782702449608
9782702449837
9782702449875
9782702449899
9782702449943
9782702450819
9782702450871
9782702479681
9782702479995
9782702480465
9782702497494
9782702497548
9782702497630
9782702813249
9782702890004
9782704211425
9782704211791
9782704212712
9782709514859
9782709515689
9782709613163
9782709617314
9782709620789
9782709622554
9782709625692
9782709626064
9782709626927
9782709627320
9782709628112
9782709629232
9782709633413
9782709642880
9782709643849
9782709643887
9782709649209
9782709650366
9782709657457
9782709657464
9782709658638
9782709659765
9782709659819
9782709660891
9782709661409
9782709662376
9782709662437
9782709662604
9782709662659
9782709663212
9782709665483
9782709666008
9782709666077
9782709666978
9782709667906
9782709668675
9782709668705
9782709668736
9782709669344
9782709669481
9782709670142
9782709670166
9782711204823
9782714419163
9782720201851
9782720201974
9782720202148
9782720202193
9782720213625
9782720213878
9782720214059
9782720214530
9782720214554
9782720214639
9782720214912
9782720215353
9782720215469
9782720215681
9782720215742
9782723427876
9782723433143
9782723436168
9782723439534
9782723442152
9782723445849
9782723448574
9782723451079
9782723453684
9782723453738
9782723460590
9782723464246
9782723464567
9782723469296
9782723470636
9782723471916
9782723475990
9782723478311
9782723481564
9782730800112
9782731603408
9782731604665
9782731605655
9782731607628
9782731611410
9782731613230
9782731613599
9782731616279
9782731617689
9782731618198
9782731619157
9782731620016
9782731620054
9782731620917
9782731621266
9782731622263
9782731622836
9782731622928
9782731623307
9782731623314
9782731623444
9782731623451
9782731623468
9782731623475
9782731623482
9782731625790
9782731628463
9782731628494
9782731633429
9782731635409
9782731635973
9782731636147
9782731637373
9782731643091
9782731644357
9782731645026
9782731645453
9782731647884
9782731662184
9782731662375
9782731662672
9782731665208
9782731667240
9782731669602
9782731671148
9782731674576
9782731675863
9782731684025
9782731688405
9782731695960
9782731696059
9782731698664
9782733301333
9782733301678
9782733301913
9782733302170
9782733302385
9782733302439
9782733302460
9782733302637
9782733302910
9782733303573
9782733303993
9782733304778
9782733304945
9782733305348
9782733305836
9782738100320
9782738100467
9782738100719
9782738100979
9782738101501
9782738101747
9782738101938
9782738102027
9782738102232
9782738102607
9782738102621
9782738102683
9782738103291
9782738103314
9782738103413
9782738103666
9782738103864
9782738104014
9782738104120
9782738104380
9782738105103
9782738105158
9782738105264
9782738105301
9782738105592
9782738105783
9782738105851
9782738105967
9782738106100
9782738106193
9782738106537
9782738106582
9782738106995
9782738107053
9782738107091
9782738107169
9782738107831
9782738108012
9782738108050
9782738108524
9782738108531
9782738108791
9782738109149
9782738109866
9782738109927
9782738110107
9782738110169
9782738110206
9782738110268
9782738110282
9782738110336
9782738110398
9782738110718
9782738111043
9782738111395
9782738111463
9782738111661
9782738111807
9782738111944
9782738112026
9782738112149
9782738112392
9782738112460
9782738112507
9782738112897
9782738112958
9782738113375
9782738113405
9782738113887
9782738113962
9782738114068
9782738114365
9782738114426
9782738114570
9782738115195
9782738115416
9782738115423
9782738115638
9782738116208
9782738116338
9782738116345
9782738116420
9782738116611
9782738116642
9782738117038
9782738117151
9782738117342
9782738117403
9782738118097
9782738118523
9782738118561
9782738118936
9782738119100
9782738119131
9782738119643
9782738119704
9782738120250
9782738120502
9782738120588
9782738120748
9782738120816
9782738120823
9782738120960
9782738121479
9782738121509
9782738121677
9782738121752
9782738121820
9782738121967
9782738122841
9782738122889
9782738123039
9782738123046
9782738123404
9782738123480
9782738123831
9782738123886
9782738124364
9782738124395
9782738124531
9782738124562
9782738125200
9782738125224
9782738125385
9782738125507
9782738125804
9782738125996
9782738126252
9782738126382
9782738126412
9782738126436
9782738126443
9782738126467
9782738126474
9782738126528
9782738126870
9782738127051
9782738127891
9782738128256
9782738128560
9782738129161
9782738129444
9782738129567
9782738129857
9782738129963
9782738130211
9782738130280
9782738130372
9782738130426
9782738130457
9782738130563
9782738130617
9782738130648
9782738130730
9782738130792
9782738130884
9782738130921
9782738131171
9782738131492
9782738131676
9782738132147
9782738132772
9782738132857
9782738132987
9782738133281
9782738133410
9782738133700
9782738133861
9782738134073
9782738134202
9782738134295
9782738134707
9782738134752
9782738134783
9782738134820
9782738135322
9782738135636
9782738135735
9782738135834
9782738135995
9782738136442
9782738137913
9782738138095
9782738138187
9782738139115
9782738139269
9782738139368
9782738141392
9782738141552
9782738143402
9782738143587
9782738143914
9782738144683
9782738144713
9782738144881
9782738145079
9782738145109
9782738145543
9782738145765
9782738145949
9782738146229
9782738146342
9782738146427
9782738146526
9782738146786
9782738147400
9782738147790
9782738148094
9782738148216
9782738148278
9782738148322
9782738148384
9782738148414
9782738148445
9782738148650
9782738148742
9782738149008
9782738149213
9782738149558
9782738149916
9782738149923
9782738150288
9782738150370
9782738150516
9782738150639
9782738150981
9782738151117
9782738151292
9782738151322
9782738151353
9782738151414
9782738151629
9782738151865
9782738151988
9782738152046
9782738152251
9782738152282
9782738152732
9782738152763
9782738152978
9782738153067
9782738153302
9782738153470
9782738153722
9782738153906
9782738154088
9782738154385
9782738154958
9782738155016
9782738155078
9782738155221
9782738155290
9782738155924
9782738155955
9782738155986
9782738156150
9782738156365
9782738156938
9782738157485
9782738157492
9782738157652
9782738157744
9782738157775
9782738161093
9782738204677
9782744000904
9782744001413
9782744003141
9782744004414
9782744005497
9782744009662
9782744009778
9782744010842
9782744011078
9782744012341
9782744013591
9782744013942
9782744014451
9782744015182
9782744015465
9782744017414
9782744018343
9782744019661
9782744020421
9782744021411
9782744025297
9782744060045
9782744060489
9782744060861
9782744060915
9782744061530
9782744062001
9782744062155
9782744062254
9782744062742
9782744063978
9782744064470
9782744065125
9782744065439
9782744065477
9782744065743
9782744066269
9782744066900
9782744066986
9782744067358
9782744067563
9782744067778
9782744067785
9782744067853
9782744067860
9782744067891
9782744067914
9782744068041
9782744068126
9782744068195
9782744068256
9782744070518
9782744071478
9782744071836
9782744071942
9782744072000
9782744072093
9782744072185
9782744072253
9782744072437
9782744072703
9782744073298
9782744073670
9782744073700
9782744074608
9782744075001
9782744075063
9782744075933
9782744080296
9782744081026
9782744082108
9782744091513
9782744091681
9782744092749
9782744093135
9782744093142
9782744094569
9782744094859
9782744095443
9782747055710
9782747059312
9782747072519
9782747072793
9782749601397
9782750702199
9782752301178
9782753102514
9782753103320
9782753103535
9782753105331
9782753105560
9782753105966
9782753800052
9782753800144
9782754100854
9782754101110
9782754102551
9782754103954
9782754104524
9782754105408
9782754105613
9782754105873
9782754105941
9782754106047
9782754106177
9782754106337
9782754106764
9782754107457
9782754108126
9782754108140
9782754108355
9782754108393
9782754109468
9782754109512
9782754110006
9782754110051
9782754110228
9782754110440
9782754110464
9782754110471
9782754110549
9782754110679
9782754110709
9782754110716
9782754110877
9782754110907
9782754110921
9782754111072
9782754111256
9782754111324
9782754111348
9782754111591
9782754111645
9782754111768
9782754111812
9782754111829
9782754111843
9782754111980
9782754112109
9782754112192
9782754112406
9782754112659
9782754112826
9782754114448
9782754114493
9782754114554
9782754114660
9782754114783
9782754114899
9782754700535
9782754704618
9782754713856
9782754713924
9782754725941
9782754726047
9782754727259
9782754733465
9782754735322
9782754736701
9782754737821
9782754740647
9782754746441
9782754747905
9782754749107
9782754754989
9782755500240
9782755500325
9782755500356
9782755500561
9782755500592
9782755505702
9782755505726
9782755505771
9782755506013
9782755506228
9782755507201
9782755507218
9782755507393
9782755507713
9782755507751
9782755508284
9782755508338
9782755508345
9782756001357
9782756001661
9782756002347
9782756002644
9782756003238
9782756003559
9782756003740
9782756003818
9782756003863
9782756004495
9782756004747
9782756005423
9782756005430
9782756005478
9782756006222
9782756006390
9782756007281
9782756007328
9782756007359
9782756008738
9782756008844
9782756008851
9782756009100
9782756009186
9782756009537
9782756009612
9782756009643
9782756010731
9782756010861
9782756010922
9782756010984
9782756011479
9782756011493
9782756012711
9782756012728
9782756012803
9782756013008
9782756013176
9782756013220
9782756013305
9782756013664
9782756013862
9782756013947
9782756015279
9782756015286
9782756015521
9782756015880
9782756015927
9782756016849
9782756017143
9782756017303
9782756017389
9782756017396
9782756017730
9782756017952
9782756017969
9782756018041
9782756018713
9782756019307
9782756019369
9782756019567
9782756019604
9782756019970
9782756020273
9782756020327
9782756020433
9782756020464
9782756020891
9782756020914
9782756021270
9782756021478
9782756022000
9782756022673
9782756023236
9782756024363
9782756024752
9782756025070
9782756025216
9782756025650
9782756025889
9782756025896
9782756025926
9782756025933
9782756026206
9782756026824
9782756026848
9782756026855
9782756027111
9782756027562
9782756028514
9782756028835
9782756028941
9782756029092
9782756029948
9782756031408
9782756032320
9782756032627
9782756032634
9782756033136
9782756035109
9782756035116
9782756035512
9782756036908
9782756037073
9782756037134
9782756038933
9782756039312
9782756039350
9782756039374
9782756039589
9782756040455
9782756041018
9782756041261
9782756041292
9782756041544
9782756041704
9782756042169
9782756042596
9782756043319
9782756047232
9782756047744
9782756047829
9782756051550
9782756051581
9782756052342
9782756052984
9782756053134
9782756053608
9782756054056
9782756054438
9782756054490
9782756055053
9782756055398
9782756055459
9782756056029
9782756056043
9782756056746
9782756056883
9782756056920
9782756056944
9782756056982
9782756057514
9782756057538
9782756060309
9782756060781
9782756061825
9782756062259
9782756062266
9782756062273
9782756062921
9782756063539
9782756063577
9782756064611
9782756064789
9782756064864
9782756065496
9782756066271
9782756066325
9782756066394
9782756068046
9782756068718
9782756069036
9782756069074
9782756069418
9782756069425
9782756070377
9782756070391
9782756070407
9782756070469
9782756071800
9782756071992
9782756072159
9782756072395
9782756072548
9782756074788
9782756075419
9782756076287
9782756076447
9782756076669
9782756076751
9782756078397
9782756079400
9782756080475
9782756080482
9782756080819
9782756081465
9782756081526
9782756081571
9782756081878
9782756081885
9782756083834
9782756083971
9782756085401
9782756085432
9782756086712
9782756090962
9782756094915
9782756095073
9782756095103
9782756095127
9782756095134
9782756095790
9782756097466
9782756097558
9782756098906
9782756098944
9782756099118
9782756099811
9782756099927
9782756800653
9782758001409
9782758002000
9782758002871
9782758002994
9782758003403
9782758003861
9782758004332
9782758004592
9782758004714
9782758005087
9782758005193
9782758005261
9782758005278
9782758005322
9782758005391
9782758005551
9782758005599
9782758005681
9782758005940
9782758006039
9782758006091
9782758006374
9782758006381
9782758006671
9782758006688
9782758006763
9782758006909
9782758006954
9782758006992
9782758007029
9782758007333
9782758007852
9782758007944
9782758008132
9782758008576
9782758008712
9782758008842
9782758008958
9782758008989
9782758009290
9782758009306
9782758009436
9782758009528
9782758009702
9782758009801
9782758010180
9782758010258
9782758010449
9782758010524
9782758010708
9782758010722
9782758010838
9782758010906
9782758010968
9782758011033
9782758011132
9782758011217
9782758011255
9782758011446
9782758011736
9782758700036
9782758700043
9782758700180
9782758700265
9782758700326
9782758700609
9782758700715
9782758700777
9782758700821
9782758701064
9782758701101
9782758701248
9782758701262
9782758701682
9782758701781
9782758701989
9782758702030
9782758702054
9782758702160
9782758702207
9782758702245
9782758702337
9782758702375
9782758702429
9782758702436
9782759500017
9782759500550
9782759500567
9782759501328
9782759502431
9782759505128
9782759505142
9782759505173
9782759505180
9782759505371
9782759505531
9782759505555
9782759505579
9782759505586
9782759505593
9782759505609
9782759505661
9782759506163
9782759506200
9782759507887
9782759508358
9782759508426
9782759508877
9782759509423
9782759509430
9782759509478
9782759509560
9782759509577
9782759509584
9782759509591
9782761306799
9782761310734
9782761312899
9782761314800
9782761322164
9782761323543
9782761324366
9782761325264
9782761325745
9782761325882
9782761326377
9782761327572
9782761328524
9782761330596
9782761335515
9782761337564
9782761345705
9782761345712
9782761347624
9782761353373
9782761353717
9782761358705
9782761358712
9782761359184
9782761385114
9782761385121
9782761391832
9782761395229
9782761397568
9782761398527
9782761399289
9782762513936
9782765002932
9782765102847
9782765103745
9782765105060
9782765105350
9782765105473
9782765105909
9782765106029
9782765106975
9782766101719
9782809407495
9782809408997
9782809412864
9782809420456
9782809424683
9782809426151
9782809426588
9782809428209
9782809431407
9782809431780
9782809433463
9782809434347
9782809436112
9782809446210
9782809446241
9782809446524
9782809446630
9782809448047
9782809448092
9782809449594
9782809449648
9782809450071
9782809450460
9782809451092
9782809451214
9782809451399
9782809453638
9782809454567
9782809454697
9782809455601
9782809455625
9782809455977
9782809456509
9782809456585
9782809456691
9782809457346
9782809457704
9782809460452
9782809460490
9782809460612
9782809462456
9782809462715
9782809462869
9782809463408
9782809463453
9782809464177
9782809464306
9782809465174
9782809465358
9782809465570
9782809465747
9782809465945
9782809466102
9782809466720
9782809466744
9782809466997
9782809468663
9782809468847
9782809469509
9782809469554
9782809469981
9782809470017
9782809470468
9782809470901
9782809470918
9782809471144
9782809471151
9782809471335
9782809471342
9782809473001
9782809473025
9782809473056
9782809473094
9782809473100
9782809473377
9782809474190
9782809474671
9782809474718
9782809475081
9782809475890
9782809475975
9782809476019
9782809476156
9782809476316
9782809476323
9782809476941
9782809476965
9782809477030
9782809477092
9782809477146
9782809477290
9782809477405
9782809477443
9782809477481
9782809477559
9782809477696
9782809477764
9782809478020
9782809478037
9782809478051
9782809478334
9782809478549
9782809478679
9782809478693
9782809479119
9782809479270
9782809479522
9782809480047
9782809480528
9782809481303
9782809482164
9782809482195
9782809482256
9782809483666
9782809483796
9782809483826
9782809483949
9782809483987
9782809484342
9782809486452
9782809486469
9782809486506
9782809486582
9782809487015
9782809487152
9782809487206
9782809487350
9782809487374
9782809487398
9782809487466
9782809487565
9782809487688
9782809487725
9782809488012
9782809488036
9782809488265
9782809488869
9782809489255
9782809489293
9782809489521
9782809489538
9782809489583
9782809489590
9782809489682
9782809490497
9782809490770
9782809490800
9782809490831
9782809491104
9782809491371
9782809491579
9782809491913
9782809492774
9782809493313
9782809493658
9782809493702
9782809493863
9782809493870
9782809494051
9782809494334
9782809494990
9782809495263
9782809495270
9782809495287
9782809495294
9782809495300
9782809495386
9782809495553
9782809495614
9782809495645
9782809495652
9782809495874
9782809495904
9782809496338
9782809496666
9782809496697
9782809496796
9782809496802
9782809496819
9782809496888
9782809497106
9782809497137
9782809497908
9782809497939
9782809497960
9782809498004
9782809498264
9782809498271
9782809498370
9782809498455
9782809498479
9782809498509
9782809498547
9782809498561
9782809498660
9782809498967
9782809499025
9782809499063
9782809499087
9782809499094
9782809499407
9782809499421
9782809499858
9782809499889
9782809499926
9782809681482
9782810000579
9782810002436
9782810002450
9782810003273
9782810003846
9782810003891
9782810004478
9782810004515
9782810004652
9782810004720
9782810004874
9782810005543
9782810005734
9782810006458
9782810006656
9782810006748
9782810006847
9782810007080
9782810007516
9782810007592
9782810007653
9782810007738
9782810007776
9782810007998
9782810008339
9782810008605
9782810009336
9782810009350
9782810009428
9782810009503
9782810009831
9782810009848
9782810010004
9782810010042
9782810010080
9782810010165
9782810010189
9782810010318
9782810010417
9782810010585
9782810010691
9782810010752
9782810010820
9782810010837
9782810010899
9782810011018
9782810011025
9782810011131
9782810011285
9782810011308
9782810011520
9782810011575
9782810011582
9782810426102
9782810426164
9782810428618
9782810428656
9782810428663
9782810428694
9782811201135
9782811202606
9782811203559
9782811204129
9782811204884
9782811207083
9782811209483
9782811210953
9782811211165
9782811211288
9782811211493
9782811212087
9782811212100
9782811212230
9782811212674
9782811212803
9782811212896
9782811213374
9782811213497
9782811213527
9782811213831
9782811213893
9782811214753
9782811215101
9782811215279
9782811215569
9782811216283
9782811216580
9782811217037
9782811217761
9782811218096
9782811218119
9782811219222
9782811219260
9782811219604
9782811219642
9782811221010
9782811221546
9782811222123
9782811222154
9782811222512
9782811222949
9782811223793
9782811223908
9782811229061
9782811231286
9782811231408
9782811232962
9782811233303
9782811233723
9782811234959
9782811235222
9782811235840
9782811235888
9782811235970
9782811238599
9782811238667
9782811239718
9782811239992
9782811602352
9782811605063
9782811605278
9782811607258
9782811609283
9782811610371
9782811610623
9782811614539
9782811615178
9782811615284
9782811615604
9782811616106
9782811616335
9782811616441
9782811616519
9782811618186
9782811618223
9782811618452
9782811619268
9782811619640
9782811622756
9782811625474
9782811625542
9782811628826
9782811628833
9782811628864
9782811630027
9782811630560
9782811631390
9782811631772
9782811632946
9782811633837
9782811633912
9782811634452
9782811634865
9782811635220
9782811637019
9782811637903
9782811638733
9782811640040
9782811640521
9782811641603
9782811643379
9782811645434
9782811645632
9782811647223
9782811649272
9782811651008
9782811651725
9782811651749
9782811651756
9782811651763
9782811651770
9782811652210
9782811652340
9782811653071
9782811653538
9782811653804
9782811654115
9782811654276
9782811654566
9782811654603
9782811654849
9782811654894
9782811656027
9782811656584
9782811657147
9782811657154
9782811657161
9782811657178
9782811657284
9782811657314
9782811657949
9782811658175
9782811658311
9782811658724
9782811659073
9782811659653
9782811659820
9782811660017
9782811660260
9782811660338
9782811660819
9782811661120
9782811661403
9782811661571
9782811661632
9782811663964
9782811664541
9782811664794
9782811665142
9782811665159
9782811665364
9782811665555
9782811665968
9782811666125
9782811666361
9782811666538
9782811666729
9782811667320
9782811667764
9782811667788
9782811667917
9782811667955
9782811668297
9782811668570
9782811668716
9782811669645
9782811669676
9782811669782
9782811670108
9782811670146
9782811670368
9782811670375
9782811670528
9782811670542
9782811671174
9782811671181
9782811671211
9782811671273
9782811671280
9782811671327
9782811671693
9782811672232
9782811672270
9782811673710
9782811673758
9782811674397
9782811677053
9782811677169
9782811677343
9782811677572
9782811677879
9782812302169
9782812303548
9782812306785
9782812307492
9782812310102
9782812311147
9782812311659
9782812312328
9782812312830
9782812313370
9782812313431
9782812313837
9782812314063
9782812314230
9782812314872
9782812315350
9782812315619
9782812315817
9782812315961
9782812316258
9782812316784
9782812316821
9782812316852
9782812317132
9782812317156
9782812317514
9782812317552
9782812317620
9782812317743
9782812317774
9782812317842
9782812319099
9782812319884
9782812320705
9782812320729
9782812320989
9782812321139
9782812321368
9782814591189
9782814591547
9782814592971
9782814595941
9782814597112
9782818500200
9782818500590
9782818500675
9782818500682
9782818500729
9782818500774
9782818500781
9782818500804
9782818501016
9782818501023
9782818501139
9782818501191
9782818501252
9782818501269
9782818501283
9782818501429
9782818501474
9782818502068
9782818502198
9782818502211
9782818502280
9782818502396
9782818502839
9782818502860
9782818503300
9782818503560
9782818503621
9782818503638
9782818503775
9782818503805
9782818503812
9782818503874
9782818503997
9782818504239
9782818504864
9782818504925
9782818504956
9782818505106
9782818505823
9782818505861
9782818505892
9782818505984
9782818506042
9782818506158
9782818506219
9782818506264
9782818506370
9782818506585
9782818506691
9782818506745
9782818506752
9782818506837
9782818506950
9782820301390
9782820302458
9782820305503
9782820306371
9782820306791
9782820307026
9782820307637
9782820316783
9782820317308
9782820318831
9782820320155
9782820320254
9782820320315
9782820321602
9782820321749
9782820321992
9782820322371
9782820323101
9782820323590
9782820323620
9782820324573
9782820324689
9782820324801
9782820324894
9782820324986
9782820325099
9782820325143
9782820325204
9782820325396
9782820325488
9782820327109
9782820327840
9782820328182
9782820328250
9782820328458
9782820328755
9782820329431
9782820332356
9782820332561
9782820332868
9782820333070
9782820335685
9782820337870
9782820337887
9782820337917
9782820337986
9782820338228
9782820338310
9782820338372
9782820338402
9782820338501
9782820340160
9782820340559
9782820341112
9782820341280
9782820343055
9782820343581
9782820343918
9782820344021
9782820347343
9782820515964
9782822402996
9782822403009
9782822900768
9782822901192
9782822901345
9782822902373
9782822902632
9782822902663
9782822902922
9782822903028
9782823101591
9782823102338
9782823104196
9782823107272
9782823108972
9782823109573
9782823110685
9782823110890
9782823111392
9782823112269
9782823112412
9782823112528
9782823117820
9782823118643
9782823121520
9782823123487
9782823124323
9782823125474
9782823125719
9782823126389
9782823126532
9782823126945
9782823127157
9782823127256
9782823127942
9782823128130
9782823128734
9782823129182
9782823129496
9782823129526
9782823129533
9782823129717
9782823129991
9782823130188
9782823130539
9782823130546
9782823130560
9782823130973
9782823131130
9782823131147
9782823131536
9782823131666
9782823131789
9782823131901
9782823131918
9782823132311
9782823132373
9782823132427
9782823132670
9782823132731
9782823133011
9782823133158
9782823133530
9782824601779
9782824601809
9782824601915
9782824601977
9782824602318
9782824602325
9782824602332
9782824602479
9782824602769
9782824602806
9782824602851
9782824603063
9782824603124
9782824603186
9782824603216
9782824603292
9782824603490
9782824603643
9782824603698
9782824603704
9782824603827
9782824603902
9782824603995
9782824604077
9782824604084
9782824604121
9782824604145
9782824604169
9782824604329
9782824604459
9782824604480
9782824604657
9782824604770
9782824604893
9782824605029
9782824605197
9782824605524
9782824605609
9782824606125
9782824606149
9782824606163
9782824606187
9782824606507
9782824606514
9782824606668
9782824606705
9782824606798
9782824606859
9782824607016
9782824607122
9782824607221
9782824607405
9782824607528
9782824607535
9782824608037
9782824608211
9782824608488
9782824608518
9782824608631
9782824609010
9782824609393
9782824609423
9782824609508
9782824609515
9782824609744
9782824609812
9782824610290
9782824610306
9782824610429
9782824610702
9782824610740
9782824610825
9782824611020
9782824611068
9782824611396
9782824611440
9782824611495
9782824611501
9782824611617
9782824611679
9782824611693
9782824611808
9782824611860
9782824611952
9782824612003
9782824612362
9782824612386
9782824612515
9782824613345
9782824613383
9782824613413
9782824613420
9782824613444
9782824613680
9782824613710
9782824613857
9782824613864
9782824614090
9782824614151
9782824614595
9782824614717
9782824614755
9782824614793
9782824614809
9782824614861
9782824614922
9782824615134
9782824615165
9782824615264
9782824615776
9782824615899
9782824615929
9782824615943
9782824616025
9782824616032
9782824616049
9782824616384
9782824616391
9782824616513
9782824616605
9782824616629
9782824616643
9782824616827
9782824616926
9782824616971
9782824617022
9782824617053
9782824617114
9782824617121
9782824617176
9782824617268
9782824617596
9782824617640
9782824617701
9782824617824
9782824617855
9782824618111
9782824618258
9782824618319
9782824618593
9782824618609
9782824618623
9782824618852
9782824618937
9782824618968
9782824619194
9782824619453
9782824619514
9782824619583
9782824619637
9782824619835
9782824619996
9782824620039
9782824620053
9782824620107
9782824620121
9782824620145
9782824620176
9782824620251
9782824620558
9782824620657
9782824620824
9782824645643
9782831517858
9782840550297
9782840550495
9782840552116
9782840552161
9782840552727
9782840554172
9782840554578
9782840555148
9782840555599
9782840556527
9782840556732
9782840558101
9782840558606
9782840558897
9782841290598
9782841292844
9782841296064
9782841297573
9782841297979
9782841298013
9782841298150
9782842050467
9782842051198
9782842051266
9782842051792
9782842053604
9782842053772
9782842053901
9782842053918
9782842054687
9782842054892
9782842055394
9782842055684
9782842056001
9782842056254
9782842056643
9782842056704
9782842056803
9782842056896
9782842056964
9782842056988
9782842057138
9782842057220
9782842058135
9782842058708
9782842058838
9782842058944
9782842059187
9782842059408
9782842059491
9782842059545
9782842059811
9782842110185
9782842110505
9782842110710
9782842111526
9782842111601
9782842111625
9782842111878
9782842112189
9782842212469
9782842213480
9782842213558
9782842213732
9782842214012
9782842214708
9782842215224
9782842215286
9782842215309
9782842215316
9782842215866
9782842215927
9782842216160
9782842216290
9782842216399
9782842216443
9782842216535
9782842216986
9782842217303
9782842217525
9782842217716
9782842217730
9782842218577
9782842218621
9782842218645
9782842219161
9782842219253
9782842219581
9782842610623
9782842611217
9782842611255
9782842612924
9782842613624
9782842613952
9782842776329
9782842776985
9782842777845
9782842777944
9782842778958
9782844870612
9782845383302
9782845650060
9782845651913
9782845652224
9782845654716
9782845654822
9782845657441
9782845801448
9782845801493
9782845801561
9782845801578
9782845801677
9782845802230
9782845802247
9782845802353
9782845802773
9782845803237
9782845803749
9782845805286
9782845805378
9782845805385
9782845807617
9782845807884
9782845809093
9782845820043
9782845820616
9782845822078
9782845822467
9782845822931
9782845823068
9782845823082
9782845823136
9782845823433
9782845999350
9782845999633
9782846120036
9782846120692
9782846120722
9782846121163
9782846121187
9782846160247
9782846160872
9782846343251
9782846343398
9782846343480
9782846343534
9782846344470
9782846344555
9782846345873
9782847890563
9782847891096
9782847891218
9782847891935
9782847891966
9782847892147
9782847893472
9782847898620
9782848102719
9782848590042
9782848590080
9782848590189
9782848590202
9782848590226
9782848590882
9782848591056
9782848591063
9782848591391
9782848591582
9782848591995
9782848592015
9782848592053
9782848592114
9782848592138
9782848592152
9782848592220
9782848592343
9782848592435
9782848680002
9782848680057
9782848680224
9782848680361
9782848680705
9782848681450
9782848681702
9782848681719
9782848681917
9782848682266
9782848682310
9782848682419
9782848682556
9782848682594
9782848682761
9782848682860
9782848682914
9782848683065
9782848684635
9782848685793
9782848685816
9782848686059
9782848686561
9782848686660
9782848687315
9782848687889
9782848688312
9782848689289
9782848931340
9782848931449
9782848932736
9782849460412
9782849460542
9782849460764
9782849460986
9782849463888
9782849464076
9782849464144
9782849467947
9782849468135
9782849468760
9782849469323
9782849469347
9782849530511
9782849530733
9782849530870
9782849531204
9782849531402
9782849531563
9782849531594
9782849531679
9782849531716
9782849531778
9782849532065
9782849532089
9782849532140
9782849532171
9782849532300
9782849532461
9782849532492
9782849532553
9782849532607
9782849532683
9782849532805
9782849532812
9782849532850
9782849532867
9782849532935
9782849533000
9782849533109
9782849533154
9782849533253
9782849533260
9782849533321
9782849533338
9782849533376
9782849533406
9782849533567
9782849533628
9782849533635
9782849533642
9782849533765
9782849533802
9782849533819
9782849533871
9782849533901
9782849533918
9782849533925
9782849533949
9782849534076
9782849534083
9782849534144
9782849534182
9782849534205
9782849534250
9782849534373
9782849534397
9782849534403
9782849534434
9782849534441
9782849534458
9782849534472
9782849654408
9782849657133
9782849657331
9782849657898
9782849659793
9782850258374
9782850363603
9782850552137
9782850552311
9782850552380
9782850552458
9782850552588
9782850691492
9782850692338
9782850692710
9782850694486
9782850694493
9782850694738
9782850694806
9782850697364
9782850698552
9782850710193
9782850710438
9782850710605
9782850710742
9782850710957
9782850711015
9782850711169
9782850711190
9782850711220
9782850711435
9782850711589
9782850711671
9782850711763
9782850711947
9782850882166
9782850886492
9782850887734
9782850889219
9782851082732
9782851082992
9782851083159
9782851084194
9782851201140
9782851207197
9782851207371
9782851208002
9782851208583
9782851209009
9782851209092
9782851209153
9782851209269
9782851209320
9782852323704
9782853760379
9782863740309
9782863741108
9782863742310
9782863743669
9782863743720
9782863744581
9782863744789
9782863748619
9782863748763
9782863910016
9782863917893
9782863919040
9782863919347
9782863919552
9782863919934
9782864392040
9782864392385
9782864392620
9782864970545
9782864970941
9782864971665
9782864971870
9782864971955
9782864972495
9782866790172
9782866790257
9782866790424
9782866790813
9782866790950
9782866791025
9782866791094
9782866791223
9782866791605
9782866791681
9782866791704
9782866791735
9782866791797
9782866791896
9782866791971
9782866792206
9782866792237
9782866792367
9782866792602
9782866792664
9782866792701
9782866792732
9782866792749
9782866792763
9782866792770
9782866792978
9782866793142
9782866793227
9782866793340
9782866793487
9782866793555
9782866793647
9782866793678
9782866793685
9782866793746
9782866793777
9782866793784
9782866793814
9782866793838
9782866794019
9782866794071
9782866794125
9782866794149
9782866794200
9782866794231
9782866794330
9782866794347
9782866794408
9782866794415
9782866794491
9782866794590
9782866794620
9782866794651
9782866794675
9782866794729
9782866794804
9782866794811
9782866794835
9782866794880
9782866794897
9782866795054
9782866795061
9782866795085
9782866795115
9782866795146
9782866795160
9782866795191
9782866795306
9782866795474
9782866795597
9782866795603
9782866795665
9782866795672
9782866795689
9782866795894
9782872656820
9782872850297
9782875800541
9782875801661
9782875801784
9782875802552
9782875803979
9782875804310
9782875804372
9782875804556
9782875804631
9782875805089
9782875805386
9782875805423
9782875806253
9782875806550
9782875806819
9782875806925
9782875806932
9782875806956
9782875807731
9782875808011
9782875808097
9782875808332
9782875808387
9782875808578
9782877060158
9782877060189
9782877060219
9782877060301
9782877061247
9782877061360
9782877061438
9782877061575
9782877062268
9782877062503
9782877062541
9782877062626
9782877062787
9782877063531
9782877063647
9782877063685
9782877064002
9782877064507
9782877064606
9782877064996
9782877065214
9782877065269
9782877065610
9782877066198
9782877066440
9782877066624
9782877067645
9782877067744
9782877067874
9782877068031
9782877068369
9782877068550
9782877068765
9782877069519
9782877069601
9782877069908
9782877069953
9782877645935
9782877646192
9782877647854
9782877648424
9782877648769
9782877649759
9782879511405
9782888901129
9782888901518
9782888903574
9782888903796
9782888904052
9782888904076
9782888904236
9782888904243
9782888904465
9782888904588
9782888904915
9782888905042
9782888905370
9782888905721
9782888905752
9782888906797
9782888906803
9782888906810
9782888907022
9782888907121
9782888907176
9782888907275
9782888907480
9782888907794
9782888908746
9782888908821
9782888908838
9782888908975
9782888909576
9782888909583
9782888909781
9782888909903
9782888909910
9782889320196
9782889320356
9782889320486
9782889320745
9782889320981
9782889321254
9782889321414
9782889321704
9782889321780
9782889321872
9782889322039
9782889322626
9782889322800
9782889325009
9782889325511
9782889325559
9782889325573
9782889325603
9782889325740
9782889325764
9782889325825
9782889330164
9782889330416
9782889330867
9782889330911
9782889331093
9782889340330
9782889340354
9782889369874
9782890211230
9782892941531
9782893106151
9782893106175
9782893108865
9782894611128
9782894613122
9782894613726
9782894614051
9782894614075
9782894614099
9782894614112
9782894614709
9782894616604
9782894616789
9782894617854
9782894618332
9782894619179
9782894619636
9782895078616
9782896465194
9782896465828
9782896880065
9782896885572
9782897443986
9782898020636
9782902123629
9782902302109
9782902302116
9782902302123
9782902302871
9782903951023
9782903951207
9782903951368
9782904255090
9782904255236
9782904255502
9782904255540
9782904255595
9782904255649
9782904255731
9782906539006
9782907763219
9782909034782
9782909034881
9782909034973
9782909264202
9782910233440
9782910233815
9782910565633
9782910565886
9782910998035
9782910998080
9782910998134
9782910998189
9782910998431
9782911725678
9782911825040
9782911825095
9782911825101
9782911825163
9782911825194
9782913563117
9782913567009
9782913567108
9782913907157
9782913907195
9782913907201
9782913907331
9782913907478
9782913907539
9782913907928
9782914203999
9782915076158
9782915238006
9782915238044
9782915238303
9782915320008
9782915320411
9782915320565
9782915320640
9782915320800
9782915320930
9782915320947
9782915831009
9782915831016
9782915831092
9782915831153
9782915831191
9782915831252
9782915831269
9782915831320
9782915831399
9782915831474
9782915831566
9782915831573
9782915831603
9782915831696
9782915831726
9782915831757
9782915831856
9782915831887
9782916307657
9782916400198
9782916518114
9782916518206
9782916518251
9782916966076
9782916966083
9782916966090
9782916966151
9782916966182
9782916966229
9782916966243
9782916966267
9782917237182
9782917237618
9782917237663
9782917237762
9782917237847
9782917237939
9782917280065
9782918414162
9782918414209
9782918414322
9782918414513
9782918414711
9782918414735
9782918414797
9782918414858
9782918541165
9782918541226
9782919341047
9782919341085
9782919341122
9782919341214
9782919341221
9782919341320
9782919341351
9782919341429
9782919341481
9782919341498
9782919341542
9782919341580
9782919341641
9782919341702
9782919658053
9782919658060
9782919658077
9782919658107
9782919658176
9782919658183
9782919658190
9782919658442
9782919658459
9782919658466
9782920660335
9782930150055
9782931063002
9782951860568
9782951985186
9782952044288
9782952317320
9782952382663
9782953022483
9782953147650
9782953366310
9782953366334
9782954149844
9782954449920
9782955290002
9782955290033
9782955290095
9782955479308
9782955561508
9782956102670
9783050009209
9783050010632
9783055007064
9783055007071
9783055007101
9783055012686
9783055013898
9783055016417
9783068002025
9783125353596
9783125890503
9783190017782
9783190017799
9783190118717
9783190125777
9783190215775
9783190215782
9783190216550
9783190316243
9783190316656
9783190518241
9783190615780
9783190716845
9783191417512
9783192711909
9783193818515
9783194210028
9783194329591
9783198795866
9783198895863
9783217005303
9783319658469
9783319688169
9783328105466
9783433009093
9783433018132
9783433024263
9783442464425
9783446135758
9783446141995
9783468493263
9783468520600
9783505072673
9783505087097
9783505094347
9783507719101
9783526401988
9783526504405
9783527175642
9783527200054
9783527200085
9783527260591
9783527260676
9783527261598
9783527263400
9783527267774
9783527270545
9783527277049
9783527278633
9783527279845
9783527281084
9783527284191
9783527284719
9783527284726
9783527292103
9783527294268
9783527295623
9783527299058
9783527303793
9783527304219
9783527307081
9783527317974
9783527318872
9783527324309
9783527334988
9783527337941
9783527406333
9783527407217
9783527409600
9783527503292
9783527503452
9783527506798
9783527507023
9783527507214
9783527507405
9783527507535
9783527508051
9783527508082
9783527509294
9783527510641
9783527530489
9783527700417
9783527702411
9783527702442
9783527703609
9783527703654
9783527703784
9783527704040
9783527704798
9783527705207
9783527705658
9783527705900
9783527706181
9783527706648
9783527707102
9783527707577
9783527708536
9783527708611
9783527709052
9783527709724
9783527709779
9783527710133
9783527710386
9783527710522
9783527710591
9783527710607
9783527711284
9783527711543
9783527711666
9783527712304
9783527712847
9783527712922
9783527713332
9783527713752
9783527713950
9783527714988
9783527715329
9783527715701
9783527716760
9783527717309
9783527719716
9783540033011
9783540052043
9783540073253
9783540074489
9783540078852
9783540085430
9783540091493
9783540091530
9783540104001
9783540107729
9783540117070
9783540122722
9783540132295
9783540161684
9783540188049
9783540189879
9783540421894
9783540504450
9783540523055
9783540523345
9783540557159
9783540583172
9783540610465
9783540636885
9783540904915
9783540906872
9783540962403
9783540966876
9783540967118
9783540969754
9783540977933
9783574602818
9783704240347
9783749900213
9783749901098
9783749903641
9783764311278
9783764325619
9783773555274
9783822814376
9783827007421
9783827011138
9783827014139
9783827050199
9783827051882
9783827054074
9783827257598
9783827266835
9783827269652
9783827318541
9783827324368
9783827328045
9783827330147
9783827370723
9783827370952
9783827371508
9783827371546
9783827371577
9783827372055
9783827372420
9783827372451
9783827372697
9783827373304
9783827373533
9783833302183
9783834803047
9783837120394
9783868940510
9783868940718
9783868940992
9783868941258
9783868941616
9783868941906
9783868942293
9783868943085
9783868943092
9783868943283
9783868943313
9783868943702
9783868948110
9783868948226
9783868948240
9783868948288
9783868949001
9783868949087
9783894324681
9783895780943
9783895782169
9783895782459
9783895783425
9783906127217
9783921305799
9783926537041
9783927266278
9783931141929
9783941986060
9783945252994
9783959672238
9783959672375
9783959673112
9783959673761
9783959673976
9783962442538
9784591129708
9784770010100
9784770017420
9784770020574
9784770021359
9784770022998
9784770023889
9784770026880
9784770028945
9784770030337
9784894716575
9784895013475
9784901492263
9785001014669
9785001014676
9785001014997
9785001015543
9785001015581
9785001015659
9786000265601
9786054248841
9786054248896
9786054691296
9786054691302
9786054691319
9786057988331
9786057988409
9786057988614
9786070114717
9786070115295
9786070117336
9786070120060
9786070215803
9786071100726
9786071101839
9786071102577
9786071102782
9786071107480
9786071108869
9786071110114
9786071111098
9786071114624
9786071115058
9786071123299
9786071127136
9786071128713
9786071130693
9786071133649
9786071134660
9786071506467
9786073106795
9786073108324
9786073108713
9786073111683
9786073118491
9786073125109
9786073136822
9786073138314
9786073139946
9786073141697
9786073147583
9786073156066
9786073162777
9786073166119
9786073182195
9786073184113
9786073188180
9786073195355
9786073197281
9786073207157
9786073233828
9786073240727
9786073800914
9786073802925
9786073803601
9786073804196
9786073804493
9786073804707
9786073810661
9786073812139
9786073814348
9786074265248
9786074294736
9786074299847
9786074385038
9786074630954
9786074631029
9786074634631
9786074635171
9786074635669
9786074636611
9786074637823
9786074638158
9786074639124
9786074639148
9786074804812
9786075273525
9786075290591
9786075290836
9786075291017
9786075300221
9786075400440
9786075400518
9786075401027
9786075402024
9786075402048
9786075405520
9786075408699
9786075501772
9786075503257
9786075503264
9786075620411
9786075621593
9786075662626
9786076000281
9786076210154
9786076210246
9786076210314
9786076211861
9786076211885
9786076211984
9786076212103
9786076212943
9786076212950
9786076216309
9786076216316
9786076216361
9786076216385
9786076216590
9786076216712
9786076216996
9786076217078
9786076217658
9786076218389
9786076218709
9786076219812
9786077353485
9786077356189
9786716011721
9787111193487
9787111490685
9787115137722
9787115210876
9787119038544
9787208043114
9787301026557
9787301087275
9787302115403
9787302141891
9787302154846
9787305105654
9787308114295
9787501013524
9787501014569
9787501016075
9787501016501
9787501020195
9787501022205
9787501023134
9787501026722
9787501026982
9787501027477
9787538253153
9787560078748
9788200184959
9788200215066
9788200216520
9788327616289
9788327621948
9788327658135
9788327663702
9788327688392
9788327688446
9788371848353
9788375580549
9788375582550
9788375588002
9788375757767
9788376218199
9788377398777
9788378139256
9788382500806
9788389371515
9788401015885
9788401017513
9788401021275
9788401021817
9788401023323
9788401024467
9788401026836
9788401028663
9788401059490
9788401335051
9788401336942
9788401337505
9788401339035
9788401339202
9788401339226
9788401339615
9788401342417
9788401342448
9788401343032
9788401347368
9788401352263
9788401352966
9788401353420
9788401353437
9788401354182
9788401382680
9788401382734
9788401382864
9788401382895
9788401382949
9788401386787
9788401387746
9788401387777
9788401387906
9788401387982
9788401388750
9788401389177
9788401389887
9788401390821
9788402420404
9788402420763
9788402421449
9788402421937
9788402422002
9788402422033
9788402422491
9788402422606
9788402422682
9788402423054
9788402424709
9788402424969
9788402426178
9788402426536
9788403011366
9788403013018
9788403013858
9788403014459
9788403094253
9788403095854
9788403096370
9788403097100
9788403097124
9788403097421
9788403098572
9788403098961
9788403099029
9788403099074
9788403099234
9788403099944
9788403099982
9788403100763
9788403101104
9788403101388
9788403500686
9788403501164
9788403512627
9788403515369
9788403521377
9788403522220
9788403596184
9788403600010
9788403601727
9788410214408
9788411412360
9788412417913
9788413070858
9788413072999
9788413075433
9788413140759
9788413141312
9788413141442
9788413144146
9788413220215
9788413284804
9788413480336
9788413485850
9788413752259
9788413752266
9788415235545
9788415420545
9788415420606
9788415426233
9788415426455
9788415451105
9788415579137
9788415580331
9788415580416
9788415580591
9788415580676
9788415580843
9788415656692
9788415656814
9788415729303
9788415961031
9788415961116
9788415961376
9788415961499
9788415961741
9788415989004
9788415991748
9788416075416
9788416220083
9788416220311
9788416220403
9788416240227
9788416240364
9788416310036
9788416310067
9788416310098
9788416310128
9788416430000
9788416449934
9788416498352
9788416498413
9788416548644
9788416548880
9788416653935
9788416712434
9788416712960
9788416712977
9788416859061
9788416859238
9788416859870
9788416863204
9788416930531
9788416930753
9788416931071
9788416983063
9788417001162
9788417001179
9788417092894
9788417125042
9788417216115
9788417216658
9788417222178
9788417222222
9788417222338
9788417222604
9788417222697
9788417222857
9788417222864
9788417424114
9788417444051
9788417444075
9788417444235
9788417444242
9788417444563
9788417444679
9788417627140
9788417627201
9788417627560
9788417627881
9788417630300
9788417671563
9788417671570
9788417752750
9788417771157
9788417809089
9788417809447
9788417809515
9788417809836
9788417909390
9788417909437
9788417909574
9788417909673
9788417921064
9788417921385
9788417922108
9788417922733
9788417922863
9788417992781
9788418006081
9788418033001
9788418033049
9788418033124
9788418033339
9788418033810
9788418033834
9788418038105
9788418038242
9788418051098
9788418054006
9788418062049
9788418132049
9788418132209
9788418132230
9788418132247
9788418132292
9788418132315
9788418132964
9788418173936
9788418174797
9788418174803
9788418174889
9788418174933
9788418174995
9788418196126
9788418196201
9788418196287
9788418196539
9788418226007
9788418226267
9788418226311
9788418226465
9788418226885
9788418279782
9788418279799
9788418279829
9788418356018
9788418483554
9788418483561
9788418594502
9788418620041
9788418623462
9788418637124
9788418637148
9788418637193
9788418637216
9788418637278
9788418637353
9788418850011
9788418850134
9788418915574
9788419013699
9788419013712
9788419013781
9788419013927
9788419169808
9788419259387
9788419346117
9788420401317
9788420401324
9788420401386
9788420405650
9788420405667
9788420405872
9788420407630
9788420407876
9788420409764
9788420410784
9788420411026
9788420411071
9788420414454
9788420416717
9788420418124
9788420419275
9788420420486
9788420421384
9788420421469
9788420421483
9788420421490
9788420421612
9788420421827
9788420422664
9788420422725
9788420423005
9788420423265
9788420423272
9788420423494
9788420424644
9788420426808
9788420426853
9788420427980
9788420428116
9788420428468
9788420429915
9788420430270
9788420430874
9788420430942
9788420430959
9788420431246
9788420431611
9788420432649
9788420434964
9788420436494
9788420440231
9788420440699
9788420441665
9788420442990
9788420443171
9788420444352
9788420446455
9788420451046
9788420451565
9788420452708
9788420456843
9788420457031
9788420458267
9788420460710
9788420463360
9788420463377
9788420465623
9788420465982
9788420466033
9788420466729
9788420467160
9788420467863
9788420467887
9788420468136
9788420468662
9788420468778
9788420469126
9788420470153
9788420470368
9788420470382
9788420471068
9788420471761
9788420472119
9788420472973
9788420473284
9788420474083
9788420474762
9788420478425
9788420478722
9788420479088
9788420480244
9788420480466
9788420480701
9788420480756
9788420481098
9788420481418
9788420481777
9788420483351
9788420487694
9788420487793
9788420526058
9788420531830
9788420532332
9788420535418
9788420537078
9788420537634
9788420538372
9788420539003
9788420540078
9788420540474
9788420541976
9788420551999
9788420557335
9788423528431
9788423637911
9788425337291
9788425341090
9788425341915
9788425343056
9788425343964
9788425344046
9788425344114
9788425345425
9788425345937
9788425345975
9788425346026
9788425346316
9788425346439
9788425347184
9788425347733
9788425347740
9788425347818
9788425349959
9788425350283
9788425350351
9788425350702
9788425351136
9788425351198
9788425353123
9788425358616
9788426401021
9788426405654
9788426406248
9788426409300
9788426409928
9788426415233
9788426416247
9788426417312
9788426419460
9788426420022
9788426422422
9788426424563
9788426427885
9788427200142
9788427200258
9788427201125
9788427202238
9788427203150
9788427203266
9788427203778
9788427203822
9788427204102
9788427204171
9788427208612
9788427208964
9788427213548
9788427213845
9788427214385
9788427217713
9788427219830
9788427220324
9788427220348
9788427220454
9788427220560
9788427220638
9788427220669
9788427220676
9788427221109
9788427222540
9788427222847
9788427223615
9788427223707
9788427223738
9788427223783
9788427225947
9788427234659
9788427248809
9788427274006
9788427286207
9788429469233
9788430600489
9788430601806
9788430602315
9788430602544
9788430602643
9788430603244
9788430603466
9788430603602
9788430604968
9788430605095
9788430605613
9788430605996
9788430606023
9788430607723
9788430616930
9788430625062
9788434057203
9788434885325
9788437201115
9788437201139
9788437224756
9788439701026
9788439703198
9788439709282
9788439710868
9788439714132
9788439720867
9788439722205
9788439725107
9788439726708
9788439730231
9788439730965
9788439734031
9788439734994
9788439735328
9788439736851
9788439742067
9788440635716
9788440641434
9788440641946
9788440643780
9788440643803
9788440644909
9788440646460
9788440649645
9788440660794
9788440681133
9788440689023
9788440692658
9788440699633
9788447312399
9788447312405
9788447312436
9788447312443
9788447312450
9788447312498
9788447313396
9788447313440
9788447313914
9788448101473
9788448109967
9788448111830
9788448118464
9788448119072
9788448124960
9788448129545
9788448134112
9788448137540
9788448142803
9788448146337
9788448148942
9788448161002
9788448166502
9788448176662
9788448176983
9788448177362
9788448180546
9788448180805
9788448183790
9788448183837
9788448183943
9788448184353
9788448190996
9788448196561
9788448198626
9788448601041
9788448609290
9788448609481
9788448610456
9788448611347
9788448611361
9788448611736
9788448611941
9788448612160
9788448614072
9788448614249
9788448615956
9788448615963
9788448618278
9788448618315
9788448622459
9788448622480
9788448626112
9788448817350
9788448822156
9788448822354
9788448823207
9788448823917
9788448824280
9788448824457
9788448824471
9788448830847
9788448831882
9788448833299
9788448833312
9788448833695
9788448834425
9788448836177
9788448836542
9788448838393
9788448839079
9788448840624
9788448841935
9788448842925
9788448842956
9788448843571
9788448843984
9788448844424
9788448844691
9788448845780
9788448846039
9788448847326
9788448847395
9788448847470
9788448847524
9788448848521
9788448848545
9788448848859
9788448849368
9788448849948
9788448849986
9788448850036
9788448850197
9788448850838
9788448851637
9788448851903
9788448852269
9788448852320
9788448852733
9788448853457
9788448854225
9788448854270
9788448854430
9788448854522
9788448854652
9788448855529
9788448855765
9788448855963
9788448856380
9788448857264
9788448857370
9788448858704
9788448858803
9788448859312
9788448859817
9788448860264
9788448860509
9788448860523
9788448861506
9788466301510
9788466301688
9788466303439
9788466304788
9788466305181
9788466305495
9788466306171
9788466306188
9788466306805
9788466307109
9788466307239
9788466307369
9788466308717
9788466308779
9788466313148
9788466314541
9788466314664
9788466315098
9788466315166
9788466315210
9788466315227
9788466315470
9788466317986
9788466318204
9788466318365
9788466318624
9788466319270
9788466319355
9788466319553
9788466320238
9788466320245
9788466320863
9788466321020
9788466321389
9788466321440
9788466321990
9788466322379
9788466322393
9788466322522
9788466323222
9788466323437
9788466323444
9788466323710
9788466323758
9788466323772
9788466324021
9788466324069
9788466324199
9788466324274
9788466324427
9788466324618
9788466324922
9788466325028
9788466325271
9788466325318
9788466325509
9788466325905
9788466326575
9788466326902
9788466327435
9788466327954
9788466328005
9788466328548
9788466329828
9788466330619
9788466331708
9788466331746
9788466332262
9788466332545
9788466334204
9788466334488
9788466334495
9788466336093
9788466337755
9788466337762
9788466339490
9788466339513
9788466339728
9788466341684
9788466344340
9788466345927
9788466347556
9788466352383
9788466353731
9788466353755
9788466354837
9788466356770
9788466357807
9788466358804
9788466359344
9788466359801
9788466364843
9788466364928
9788466368346
9788466368438
9788466368841
9788466369411
9788466369480
9788466383257
9788466602792
9788466605083
9788466609050
9788466609111
9788466609753
9788466612937
9788466613620
9788466613811
9788466614030
9788466614337
9788466615037
9788466616980
9788466617499
9788466617765
9788466618151
9788466619516
9788466619974
9788466620093
9788466620222
9788466620406
9788466620772
9788466620789
9788466621649
9788466621953
9788466622653
9788466623117
9788466623148
9788466623643
9788466623889
9788466623919
9788466623926
9788466624206
9788466625111
9788466625661
9788466625739
9788466625838
9788466625968
9788466625999
9788466626132
9788466626538
9788466626569
9788466626637
9788466626750
9788466626873
9788466626941
9788466627306
9788466627313
9788466627429
9788466627443
9788466627498
9788466627702
9788466628259
9788466628365
9788466628846
9788466628914
9788466629140
9788466629195
9788466629386
9788466629522
9788466629584
9788466629713
9788466629904
9788466629928
9788466630054
9788466630665
9788466630825
9788466631839
9788466632027
9788466632683
9788466633208
9788466633284
9788466634823
9788466636209
9788466637138
9788466637541
9788466637930
9788466637978
9788466638005
9788466638340
9788466638548
9788466638968
9788466639156
9788466639828
9788466640138
9788466640541
9788466640596
9788466641562
9788466642804
9788466644815
9788466645355
9788466646383
9788466646734
9788466647571
9788466647977
9788466648301
9788466648684
9788466648950
9788466649810
9788466649902
9788466649926
9788466650830
9788466651882
9788466652018
9788466652087
9788466653114
9788466653572
9788466653657
9788466653664
9788466654043
9788466654098
9788466654616
9788466654913
9788466654951
9788466655491
9788466655507
9788466656375
9788466657570
9788466658669
9788466658706
9788466659260
9788466659604
9788466661140
9788466661195
9788466661324
9788466662130
9788466662727
9788466662970
9788466663830
9788467247961
9788467263213
9788467360813
9788467377866
9788467392029
9788468781587
9788468789545
9788468791043
9788474100884
9788474101294
9788474103106
9788474109245
9788474109641
9788476153697
9788476157688
9788476158500
9788476159897
9788478710164
9788478710768
9788478710799
9788478713110
9788478713486
9788478713745
9788478713790
9788478714377
9788478714681
9788478715374
9788478716432
9788478716807
9788478717347
9788478717354
9788478717804
9788478718092
9788478718863
9788478718894
9788478886951
9788478887903
9788478888269
9788478888795
9788478889259
9788478889464
9788478889488
9788478889549
9788478889693
9788479013639
9788479014131
9788479014186
9788479014285
9788479014568
9788479015398
9788479016487
9788479016531
9788479016807
9788479017255
9788479017941
9788479018160
9788479018184
9788479018658
9788479018801
9788479019020
9788479019556
9788479019822
9788479421793
9788479422578
9788479422707
9788479425722
9788481041354
9788482642635
9788482643984
9788482644103
9788482645087
9788482646091
9788482646862
9788482649696
9788482983455
9788482986043
9788482986616
9788482987187
9788482987750
9788483066867
9788483068106
9788483068151
9788483068434
9788483068731
9788483222034
9788483232552
9788483233030
9788483236222
9788483237267
9788483237465
9788483238707
9788483239278
9788483239568
9788483460405
9788483460634
9788483461044
9788483461747
9788483461778
9788483461877
9788483462157
9788483462164
9788483462201
9788483462980
9788483463628
9788483465189
9788483465462
9788483465585
9788483465967
9788483465998
9788483466056
9788483466285
9788483466803
9788483466995
9788483467176
9788483467398
9788483467671
9788483467725
9788483468418
9788483468616
9788483468647
9788483468739
9788483469125
9788483469279
9788483469354
9788483469415
9788483469422
9788483469521
9788483650134
9788483650905
9788483651445
9788483651773
9788483651940
9788483652305
9788483652336
9788483656143
9788483657898
9788483658741
9788484412441
9788484412526
9788484412601
9788484412861
9788484413714
9788484413929
9788484414117
9788484414339
9788484414537
9788484415039
9788484415183
9788484415190
9788484415329
9788484415954
9788484415978
9788484416234
9788484416739
9788484416845
9788484417088
9788484417866
9788484418146
9788484419075
9788484419143
9788484419723
9788484453680
9788484880714
9788484881025
9788484881438
9788486491932
9788486491994
9788488791061
9788488791641
9788488791993
9788489662773
9788489662810
9788489662971
9788490064924
9788490320440
9788490320488
9788490320624
9788490322130
9788490322284
9788490322581
9788490322680
9788490322789
9788490324622
9788490328750
9788490329795
9788490360132
9788490362617
9788490363485
9788490363522
9788490363874
9788490368060
9788490368374
9788490431504
9788490431597
9788490431641
9788490432150
9788490432723
9788490432907
9788490434741
9788490435076
9788490438411
9788490439890
9788490622186
9788490622346
9788490622490
9788490623060
9788490623589
9788490623954
9788490624005
9788490624265
9788490625446
9788490625774
9788490627068
9788490627105
9788490628904
9788490701225
9788490701478
9788490701942
9788490703359
9788490704080
9788490705971
9788490706220
9788490706503
9788490707302
9788490707449
9788490707470
9788490707678
9788490708583
9788490708651
9788490708866
9788490709054
9788490709245
9788490709283
9788490709382
9788490709429
9788490709443
9788491052517
9788491292142
9788491294313
9788491394662
9788491396925
9788491397748
9788491884231
9788492567126
9788492567249
9788492617517
9788492691432
9788492691555
9788492691760
9788492833207
9788492833412
9788492833757
9788492966813
9788493722838
9788493924232
9788493961329
9788494192852
9788494785290
9788495040282
9788495616012
9788495616968
9788496284357
9788496284777
9788496546011
9788496546042
9788496546455
9788496546646
9788496581258
9788496581470
9788496581609
9788496581920
9788496735286
9788496778016
9788496778023
9788496778108
9788496778115
9788496778139
9788496778160
9788496778177
9788496778382
9788496778870
9788496939318
9788496939745
9788496940130
9788496940369
9788496940567
9788496940628
9788497164818
9788497590570
9788497590617
9788497591317
9788497592130
9788497592574
9788497592796
9788497592963
9788497593625
9788497593922
9788497594134
9788497594592
9788497594776
9788497595568
9788497598750
9788497599108
9788497892438
9788497930628
9788497931991
9788497932011
9788497932226
9788497932264
9788497932639
9788497934152
9788497935227
9788497935616
9788497936583
9788497936620
9788497937788
9788497937849
9788497938204
9788498380491
9788498380507
9788498381573
9788498382464
9788498382655
9788498383492
9788498383904
9788498384765
9788498385168
9788498386936
9788498387179
9788498387322
9788498387599
9788498389326
9788498485110
9788498671223
9788498672213
9788498672329
9788498673456
9788498675467
9788498675634
9788498720105
9788498720167
9788498720280
9788498720532
9788498720907
9788498720914
9788498721454
9788498722130
9788498722581
9788498722697
9788498722994
9788498723717
9788498723748
9788498724097
9788498724318
9788498724523
9788498724639
9788498724677
9788498724820
9788498724899
9788498724936
9788498725315
9788498725476
9788498725490
9788498725704
9788498725780
9788498725926
9788498726305
9788498726466
9788498727432
9788498728088
9788498728262
9788498728552
9788498728583
9788498728682
9788498729504
9788498729559
9788499082202
9788499082219
9788499082349
9788499082431
9788499082486
9788499082592
9788499083063
9788499083346
9788499083445
9788499083698
9788499083858
9788499083940
9788499086125
9788499086651
9788499086774
9788499088020
9788499089379
9788499180618
9788499181295
9788499181776
9788499182155
9788499182643
9788499182988
9788499186221
9788499186481
9788499188126
9788499189123
9788499891286
9788499892092
9788499892108
9788499892498
9788499893914
9788499894010
9788499894263
9788499894485
9788499894874
9788499895253
9788499895260
9788499895598
9788499895635
9788499895956
9788499897202
9788499897530
9788499899848
9788499920061
9788499921235
9788499921334
9788499921495
9788499926117
9788499926568
9788499927749
9788499928081
9788499928326
9788499928494
9788526704039
9788539823499
9788543015101
9788569809265
9788576050186
9788576050315
9788576051565
9788576057079
9788578275365
9788587918017
9788595083318
9788805055470
9788808091741
9788815063700
9788817122573
9788838600388
9788838600494
9788838600937
9788838601552
9788838601583
9788838601590
9788838602757
9788838603815
9788838604089
9788838604195
9788838604720
9788838604898
9788838606489
9788838607035
9788838607110
9788838607141
9788838607875
9788838608209
9788838608483
9788838608964
9788838616259
9788838616679
9788838616884
9788838616983
9788838623998
9788838626609
9788838626920
9788838627439
9788838627620
9788838628283
9788838629068
9788838636387
9788838636691
9788838637483
9788838639234
9788838639302
9788838639494
9788838641695
9788838643538
9788838643873
9788838644115
9788838644412
9788838644467
9788838644603
9788838644719
9788838644979
9788838646089
9788838646140
9788838650109
9788838650567
9788838654671
9788838654749
9788838655371
9788838655388
9788838655395
9788838655555
9788838655647
9788838656187
9788838656613
9788838657399
9788838657566
9788838660122
9788838660368
9788838660641
9788838660702
9788838661099
9788838661143
9788838661341
9788838661631
9788838661792
9788838662744
9788838662904
9788838662966
9788838663086
9788838663130
9788838663277
9788838663307
9788838663352
9788838663437
9788838663901
9788838664021
9788838664113
9788838664311
9788838665332
9788838665356
9788838665431
9788838665592
9788838665615
9788838666216
9788838666469
9788838666612
9788838667886
9788838667893
9788838668272
9788838668722
9788838668739
9788838668838
9788838670534
9788838670640
9788838670800
9788838671180
9788838671678
9788838672101
9788838672712
9788838672804
9788838673139
9788838673948
9788838674112
9788838674136
9788838674181
9788838674198
9788838674280
9788838674532
9788838674624
9788838674631
9788838674785
9788838674815
9788838674822
9788838674969
9788838675102
9788838675249
9788838694431
9788838694660
9788838695568
9788838697326
9788838697364
9788838698729
9788838699276
9788838699726
9788839529626
9788839535429
9788839536365
9788839536402
9788841870747
9788842401254
9788849300451
9788854401129
9788854402454
9788854404434
9788854404793
9788863648713
9788865180044
9788865180051
9788865180068
9788865181461
9788865181713
9788865181959
9788865182970
9788865183113
9788865183168
9788865183359
9788865183663
9788865183670
9788865183724
9788865184493
9788865188941
9788865189030
9788865189054
9788865189245
9788865189320
9788865189597
9788865189610
9788865189658
9788865189672
9788865189856
9788867742523
9788867742585
9788869050510
9788869053054
9788869053962
9788869055096
9788869055188
9788869055737
9788869056505
9788869056864
9788869056888
9788869056970
9788869058462
9788869058578
9788869058660
9788869058752
9788869058837
9788869059124
9788869059469
9788869059506
9788869059636
9788869059827
9788869102493
9788871401003
9788871920900
9788871921211
9788871921341
9788871921389
9788871921518
9788871921792
9788871921839
9788871921853
9788871921921
9788871921945
9788871921983
9788871922089
9788871922096
9788871922218
9788871922249
9788871922270
9788871922294
9788871922317
9788871922379
9788871922423
9788871922553
9788871922591
9788871922706
9788871922720
9788871922737
9788871922805
9788871922812
9788871922829
9788871922836
9788871922911
9788871922997
9788871923017
9788871923086
9788871923192
9788871923215
9788871923222
9788871923321
9788871923345
9788871923413
9788871923444
9788871923482
9788871923604
9788871923611
9788871923635
9788871923642
9788871923659
9788871923666
9788871923727
9788871923741
9788871923826
9788871923871
9788871923949
9788871923956
9788871924021
9788871924069
9788871924113
9788871924212
9788871924274
9788871924298
9788871924304
9788871924403
9788871924496
9788871924588
9788871924595
9788871924670
9788871924779
9788871924847
9788871924878
9788871924892
9788871924939
9788871925004
9788871925042
9788871925189
9788871925202
9788871925288
9788871925332
9788871925387
9788871925400
9788871925448
9788871925493
9788871925530
9788871925561
9788871925684
9788871925738
9788871925875
9788871925943
9788871925974
9788871926056
9788871926094
9788871926124
9788871926261
9788871926384
9788871926452
9788871926513
9788871926568
9788871926636
9788871927572
9788871927626
9788871927640
9788871927718
9788871927725
9788871927763
9788871927787
9788871927893
9788871927916
9788871928111
9788871928852
9788871928890
9788871929422
9788871929484
9788871929583
9788871929750
9788871929873
9788871929903
9788877000224
9788882434953
9788888800028
9788888800042
9788888800318
9788888800370
9788888802022
9788888802053
9788888802060
9788888802077
9788888802091
9788888802114
9788888802138
9788888802145
9788888802190
9788888802206
9788888802213
9788888802220
9788888802237
9788888802244
9788888802268
9788888802275
9788888802299
9788888802305
9788888802329
9788888802336
9788888802343
9788888802367
9788888802381
9788888802398
9788888802404
9788888802428
9788888802503
9788888803272
9788888808048
9788888809182
9788888809540
9788888809847
9788888812045
9788888812069
9788888812076
9788888812151
9788888812175
9788888812182
9788888812205
9788888812250
9788888813004
9788888813011
9788888813059
9788888813066
9788888813110
9788888813127
9788888813264
9788888813424
9788888818306
9788888819143
9788888819167
9788888819181
9788888819587
9788888828053
9788888828695
9788888828855
9788888828923
9788888828992
9788888829425
9788888829791
9788888829876
9788888829890
9788888829944
9788888829999
9788888831053
9788888833095
9788888833606
9788888833941
9788888835068
9788888835105
9788888835136
9788888835143
9788888835181
9788888835228
9788888835235
9788888835303
9788888835310
9788888835402
9788888835440
9788888838236
9788888838366
9788888838380
9788888842042
9788888843179
9788888843193
9788888843261
9788888843285
9788888843292
9788888845241
9788888845265
9788888845272
9788888845371
9788888845548
9788888848006
9788888848020
9788888848099
9788888848129
9788888849188
9788888849218
9788888849294
9788888850009
9788888850252
9788888850436
9788888852829
9788888857046
9788888857091
9788888857190
9788888857343
9788888857350
9788888857503
9788888857527
9788888857565
9788888857572
9788888858197
9788888858685
9788888859057
9788888859712
9788888860015
9788888860053
9788888860077
9788888860473
9788888860480
9788888860640
9788888860824
9788888861074
9788888861081
9788888861135
9788888861241
9788888861258
9788888861319
9788888861418
9788888861500
9788888862088
9788888865096
9788888865225
9788888865379
9788888865485
9788888865522
9788888865560
9788888865591
9788888865942
9788888867069
9788888867113
9788888867137
9788888897356
9788888996561
9788888996684
9788888996950
9788888997667
9788888997919
9788891900913
9788891901231
9788891901385
9788891901408
9788891901446
9788891901507
9788891901811
9788891902368
9788891902481
9788891902504
9788891902641
9788891902689
9788891902719
9788891903044
9788891903068
9788891903303
9788891903341
9788891903693
9788891904089
9788891905000
9788891905017
9788891905048
9788891905628
9788891905857
9788891906137
9788891907141
9788891907189
9788891907578
9788891907875
9788891907936
9788891908049
9788891908087
9788891908209
9788891908407
9788891908445
9788891908476
9788891910875
9788891911285
9788891914606
9788891915146
9788891916563
9788891916617
9788891921185
9788891921765
9788901162898
9788925536286
9788925539607
9788993158335
9789026522666
9789027451606
9789043008297
9789043010146
9789043010511
9789043011303
9789043011617
9789043012942
9789043014205
9789043014502
9789043015776
9789043016438
9789043016711
9789043021180
9789043021463
9789043021548
9789043021937
9789043021951
9789043030410
9789043035187
9789043037556
9789043038836
9789043095044
9789054449270
9789056913694
9789062557998
9789123943043
9789402700473
9789402700916
9789402702811
9789402702989
9789402705942
9789402707403
9789402707458
9789402708196
9789402708783
9789402708868
9789402710519
9789402710700
9789402711363
9789402711370
9789402712087
9789402716405
9789402730005
9789500730754
9789500752107
9789500754965
9789500755269
9789500756815
9789501184570
9789505112845
9789505117253
9789506445492
9789507829451
9789562390385
9789562394574
9789562398480
9789562581684
9789562912303
9789574934928
9789574936748
9789576964541
9789582400606
9789584100160
9789585245518
9789585428706
9789585446465
9789585458505
9789585846272
9789587587623
9789588618814
9789589007778
9789589506011
9789620050565
9789620053450
9789620056697
9789622171978
9789676530769
9789676530998
9789676533418
9789681902353
9789681904463
9789681904692
9789681905545
9789681906528
9789681906931
9789681908096
9789681908287
9789681909253
9789681909451
9789681912338
9789681913014
9789681913458
9789682435096
9789682521614
9789684444133
9789700507620
9789700517919
9789700518060
9789701012581
9789701029282
9789701033395
9789701034408
9789701039625
9789701044292
9789701049211
9789701058824
9789701064054
9789701703687
9789701703892
9789702009962
9789702605966
9789702606901
9789702611561
9789702615156
9789702904571
9789702906643
9789702909927
9789705802676
9789705803260
9789706136381
9789706434135
9789706434814
9789706438645
9789706439420
9789706750174
9789707702677
9789707802353
9789707804586
9789707808782
9789708102506
9789715503174
9789718605004
9789768139894
9789780545987
9789810188740
9789810713584
9789810730666
9789810745134
9789810758028
9789810799342
9789810801557
9789810844516
9789810865597
9789810868741
9789810949907
9789810983512
9789810992736
9789811157479
9789811157493
9789812476661
9789812530554
9789813026476
9789814333108
9789814526920
9789814577373
9789814670234
9789814714525
9789814729017
9789814738675
9789814742559
9789814742610
9789835600357
9789835600401
9789835600487
9789862480069
9789870407843
9789870743828
9789871997107
9789872087418
9789873650260
9789873952425
9789873987229
9789873987472
9789875663770
9789875667266
9789875668287
9789875668546
9789877370249
9789877388169
9789877690118
9789877690125
9789877690194
9789877690729
9789877690767
9789877690835
9789877691252
9789877692136
9789882061286
9789942057693
9789942191533
9789971511807
9789971513061
9789978074527
9789978075258
9789978075265
9789978295557
9789978297766
9789990367379
9789990371024
9789991280035
9789991601908
9789992436172
9789993074519
9789993269793
9789994217489
9789994249473
9789994577842
9789994607662
9789994628001
9789995690342
9789997410740
9789997489685
9789997496270
9789997507198
9789997527271
9789997530288
9789998956940
9789999227582
9791259850249
9791259850416
9791259851444
9798717553490