9788181461155
9788170593072
9788174360403
9788179927649
9788179928882
9788179928486
9788179923146
9789350252437
9788122436990
9788178692746
9788187879077
9788178354002
9788121204637
9788131912102
9789351480068
9788124802564
9788175543720
9788124602829
9788124607282
9788188867547
9788179927557
9788170305293
9788177692990
9788121505192
9788121208246
9788126512614
9789352533152
9788179929988
9789386450784
9788171568079
9788121207744
9788178691114
9788121920926
9788129105394
9788123923291
9788126903429
9788121509718
9788170491217
9788174791979
9788120343795
9788124606568
9788173055942
9788187431008
9789381345146
9788122411997
9788170593270
9788120813755
9788191077308
9788170893080
9789389195033
9789381141281
9788175418097
9788174871152
9788183612760
9788170493723
9788126918188
9788121268714
9788123770178
9788124607411
9789382363095
9788178800882
9788184822908
9788183245371
9788178740614
9788180692727
9788121506656
9788170493686
9789353905200
9788172764555
9789386870896
9789386618139
9788175966321
9789389136463
9788170193074
9788174872029
9788185063942
9788125900511
9789351484479
9789380183022
9788174791207
9788126712755
9788184488159
9789385160073
9788194800279
9788121213325
9789388292894
9788174871930
9788184571455
9788170593300
9788123742021
9789388333337
9789350004708
9789385160738
9788120341722
9788124802830
9788184821673
9788122611885
9788131235133
9788191063615
9788181431332
9788180692741
9788170493563
9788180692437
9788121507950
9788188575442
9788121296212
9788171396054
9789380076744
9788185002521
9788171880904
9788129113214
9789388333580
9788192179827
9789388247825
9788185674407
9789386682680
9788170663782
9788123753614
9788171640645
9788188575138
9788174876089
9788121110037
9789351484165
9788178357140
9789350579176
9789350000427
9789388247597
9788170585305
9788123746951
9788126728923
9788170493273
9788178842936
9788181290397
9789350001561
9789350002070
9788170493556
9788180692888
9788123754277
9788188583034
9788126712069
9788171563715
9788174363107
9789350002131
9789350002124
9788184571738
9788177421026
9788126912483
9788178843025
9788181290519
9788178694603
9788185113234
9789352766734
9788123754185
9789381325353
9788184572933
9788171420216
9788192093574
9789381084199
9788170493501
9788170583141
9788178842974
9788171396467
9788185822150
9788178842646
9788129130945
9789390366019
9788188789498
9788120815483
9788170352013
9788170557258
9788178355863
9788180691744
9788178355979
9788180691768
9788178845180
9788177143201
9788170302261
9788185047355
9788187134145
9788170355953
9788187134183
9788187644163
9788123701844
9789383649976
9789384168841
9788194643395
9788171561124
9788124804445
9788124803066
9789383206209
9789353490782
9788185861098
9788185891064
9788120815797
9788178843810
9788183860352
9789382332138
9788126920389
9789380027784
9788126909834
9788181294982
9788178845579
9789386680921
9788171547616
9789385606359
9789386682086
9788171393992
9788170820673
9788170222613
9788170494355
9788190786225
9788121201469
9788120815919
9788170195436
9789384168278
9789353870362
9788124803950
9788170303695
9788170195467
9789350008539
9788170494317
9788174872081
9789350480502
9788126909292
9788187134657
9788125014355
9789389577013
9789386667182
9789350007204
9788170302087
9788188683505
9788170228721
9788170494072
9788178356471
9788170841418
9789352666683
9788122415193
9788126712885
9788170494003
9788188683000
9788183631426
9789351866473
9788126908981
9788123796116
9788183823241
9788171565863
9788170185864
9789350005125
9788126910021
9788183823180
9788126900053
9788126917273
9788126927180
9789350486139
9788194739869
9789394902855
9788123701103
9789350007532
9788180692000
9788173719936
9788181292650
9789350650752
9788123748580
9788181430410
9788178356037
9789382332848
9788194284673
9789389577112
9788125016977
9789350007570
9788123748344
9788187498650
9788184805765
9789386245533
9788170559603
9788190917315
9788126920471
9788123777818
9788183640022
9788175100015
9788178844350
9788181292131
9789382460831
9788123701127
9789388247566
9789352825769
9788172244224
9789381043073
9789351483137
9789383684670
9788187358442
9788183617819
9788174350633
9788178359823
9788174871718
9788178358819
9789385719257
9788122407570
9788175417274
9789380138596
9789381043004
9789381031667
9788185381848
9789380138558
9788188225002
9788178834221
9788121266949
9789388008792
9788181435255
9788120727632
9789388020053
9789390011223
9788185378350
9788185378336
9788122404166
9788173413797
9788126926565
9788176223133
9788173911972
9788171021642
9788174091673
9788120811485
9788123771939
9788178358192
9789388434164
9788171880003
9789353497279
9789387944503
9788171512645
9789327276794
9788178358284
9788126925858
9788192814179
9789387968493
9788171564453
9788170492191
9788126441471
9788172237615
9789351287667
9788122400724
9789380138626
9789385144677
9788126913459
9788176673099
9789351281498
9789390625994
9788193058985
9789351284604
9788170352297
9788172765606
9789389203424
9788175417144
9788170553489
9788171698264
9788184956894
9788127202118
9789322008277
9788185304465
9788121916714
9789380066707
9788193388921
9788178359373
9788178832258
9788170221241
9788170173977
9788121267304
9788187374336
9788172245870
9789322008390
9788123752518
9789322008406
9789386191120
9789386768544
9788122424058
9788122424041
9788126923687
9788173054044
9789385144295
9788170173809
9788126920037
9788171565351
9789386799579
9788170221500
9789388020176
9788170795452
9788172765545
9788173053733
9789383692668
9788130402062
9788131917015
9789380138510
9788178359113
9788185220079
9788171789238
9788178359199
9788174872135
9788122422894
9788170302643
9788188140985
9789382536994
9789381226285
9788187981770
9789382563228
9788184572216
9788171789702
9788175411371
9789326350105
9788187332862
9789389231274
9788174791061
9789389600193
9788185141534
9789386863584
9789389832389
9788129113313
9788124610138
9788122435184
9788178842400
9788181439598
9788181439253
9788121932103
9788192446752
9789353766771
9788170187271
9788180699191
9789351868491
9788121930710
9788170493235
9788174874191
9788171091515
9788122315219
9788184950021
9789383260935
9788185616131
9789389136371
9788178357775
9788171563784
9789386863034
9788185141527
9788131902868
9788170555179
9788123751931
9788174878731
9788185002354
9788174354907
9788123746555
9788192229072
9788178357225
9788170333173
9788126465262
9788171690190
9788124607466
9788180699986
9789390660902
9789354350849
9788181439659
9788187326359
9788180693885
9788175416246
9789388241380
9789385494222
9788178543833
9788194954286
9789383723836
9789351776512
9788174878755
9788171096725
9788185616551
9788192512112
9788180694646
9788120834231
9788170554844
9788193654293
9788124601242
9789350501474
9788131421475
9789351280880
9788178358116
9789350570234
9788188425709
9789350501481
9789389243314
9788123752136
9788126463879
9788187392750
9788185170336
9788185170367
9788170589747
9788174790835
9788172931124
9789382536260
9788173053450
9789351868675
9789354792311
9788170005476
9789383723201
9788175054370
9788187392583
9789385719417
9789354795039
9788178358055
9788188449231
9789386071903
9788122315622
9789385496172
9788170356370
9788175417496
9788187392934
9788174871305
9789387809826
9788126728343
9788123771489
9788187886303
9788187897019
9788180694783
9788170588955
9788187332442
9788126919840
9789387889736
9789350571606
9788185170244
9788185538013
9788183285384
9788187332312
9788126925223
9789382396475
9788123771656
9788173053207
9789381063224
9788176502696
9789392510588
9788181296474
9789387648067
9788170001140
9789355212481
9789381709917
9789380828411
9788124607305
9788121235228
9789351211716
9788189632304
9788123763750
9788179929056
9788189981518
9788189981488
9788189981464
9788189981457
9789380409610
9789387648227
9788178271644
9789353172626
9788180317392
9788186103456
9789380405834
9789380403038
9788171201419
9788178271316
9788189983543
9788121209120
9788172700416
9788124607572
9788188965960
9788189640538
9788186937754
9789350724149
9788170551881
9788170174943
9788170551294
9788170001850
9788172335779
9789387587687
9788186895351
9788126422180
9788189235550
9789385285028
9788123767208
9788123761787
9788173159343
9789352296323
9789380772615
9788176465229
9788176467711
9788171199921
9788123717920
9788181581778
9789355213150
9788120803503
9788186505649
9789380823324
9788171567348
9789350724606
9788179929995
9788121210997
9788174733856
9788189005726
9788171209477
9788176466585
9788184574944
9788176470872
9788172700539
9788121210164
9788126901562
9788123767611
9789350025079
9789388789783
9788190007733
9788170188858
9789383098965
9789380829616
9788174873415
9788170339427
9788123720104
9788121210287
9788186098226
9788123709222
9788174877963
9788173048913
9788179922538
9788124108635
9788180319693
9788123720203
9788174354853
9788170000273
9788123787282
9788121263573
9788170185444
9789350024812
9788183746618
9788121223812
9789386283597
9789352101849
9788174353160
9788186953631
9788186098288
9788131606643
9789384721565
9789392186714
9789380359977
9788170495833
9788123763743
9788170494997
9789380829302
9789381991633
9789391490317
9788170594260
9788179925942
9788176460095
9788183744812
9788171202232
9788178881805
9788176460071
9788180318450
9788170305460
9789389563504
9789381703359
9788189999636
9788179755372
9788131909218
9789391370008
9788126014118
9789350025413
9788124606292
9789381620328
9788179925294
9788170185321
9789380829449
9788179321263
9788176467704
9788126536047
9788121210942
9788171243167
9788175680272
9788186339336
9788174877789
9789352296729
9788174733337
9788171230679
9789382993032
9788186771853
9788179507032
9788189833381
9788122308242
9789350142936
9788180310515
9789381867136
9788171243433
9788170280040
9788179507674
9788174870452
9788182040342
9788189833985
9788172680800
9788131602720
9788124101049
9788189850029
9788123781471
9789350729878
9788123765556
9788130906157
9788186239179
9788126720101
9788123758381
9788124607091
9789381867167
9788186339251
9789385285691
9789386473394
9788124607008
9788171241736
9789350980767
9788120834934
9788123759180
9789383838882
9789352210190
9788178350080
9788123759104
9788121210539
9788189182199
9788181980502
9788170020240
9789350142059
9788179105566
9788121205085
9788171198160
9788189182885
9788172336929
9788189798291
9788178220987
9788182742000
9788179941348
9788123714974
9788121210461
9789352210138
9788189798666
9788170007142
9789381867266
9789350140383
9788180312571
9788186232873
9788189886929
9788126903283
9788124606117
9788170495628
9789387324572
9789394902749
9788178845999
9788178293967
9789380009049
9788131609484
9788189059002
9788189738556
9789387587250
9788130909264
9789350293621
9789386535214
9788170249580
9789388689373
9788176461221
9789350725733
9789387472471
9788123725253
9789389563238
9789390749799
9788170551416
9789350026908
9788170601135
9788170551409
9788122300895
9788186470510
9788170495772
9788170307853
9788189059682
9788186230763
9788126418978
9788171510368
9788178127378
9788175412934
9789350728581
9788182500174
9789383838547
9788122311778
9789350728000
9788123758374
9788170281344
9789386473950
9788189107376
9789383045037
9789350144831
9788123711430
9788176467476
9788182471184
9788131607190
9788186419540
9788183741378
9789388689526
9789387324480
9788176466820
9789350145050
9788126702992
9789350145258
9789391950736
9788189886561
9788181840103
9788174876461
9788120817470
9788173155284
9789385492204
9788180566776
9789350023013
9788123763279
9788175246331
9788174764928
9788182052369
9788186660119
9788121202022
9788126900800
9789382059837
9789380227337
9788181520043
9789380283265
9788128813269
9788178241401
9788178235509
9788178354170
9788178354255
9788190676618
9788178354378
9789392186233
9789383110605
9788172763701
9788182051720
9789350022412
9788180690617
9788126901203
9789350023259
9788184575750
9788170594536
9788173200748
9789350023839
9788120717817
9788120840669
9788170195221
9788178242521
9789351485254
9788190256254
9789351654841
9788172760670
9788184575859
9788184620900
9789381574294
9789386606051
9788171423354
9788170308478
9788185891811
9788189485498
9788170001669
9788180563331
9788178846316
9788175418318
9788175418271
9789352293667
9788176465847
9788190402958
9789380727202
9788170001652
9788172338794
9788170460503
9788190586405
9788174790552
9789384535759
9788126904204
9789350851715
9788126902255
9788121239165
9788183077224
9788178355016
9788178355047
9789388789004
9789395737470
9788123768502
9789384588335
9788170222880
9788185952215
9788170008101
9789350760567
9789390923571
9788179775653
9789350021439
9789350021422
9788182051553
9788182051515
9788123739212
9788177693225
9788121108416
9788125913627
9788185972152
9788185891941
9788126917075
9789386906588
9788179916346
9788174362315
9788173047084
9789350022085
9788178354477
9789350682586
9788184430202
9788181501080
9788174870896
9788181501004
9789383793259
9789381506943
9788123737966
9788126407354
9788120722033
9789352664283
9788180619854
9789350466742
9788124109656
9789352292660
9788179911990
9789390378982
9789390834723
9788171691753
9789353240295
9789381608050
9788171569328
9788171207855
9788126404766
9788176371124
9788186732274
9788126414062
9789350468319
9788124605516
9788188934461
9788172731724
9788167330161
9788175411449
9788170224181
9788170594468
9789386397942
9788174875839
9788184083071
9788185990972
9788183703048
9788126436675
9788121209304
9789392099021
9789384456191
9788130923758
9788175418189
9788178846095
9788124605738
9788124607480
9789387146785
9789350722114
9788190117692
9789390620234
9788177690590
9789389000443
9788186017203
9788175413801
9788123779980
9789380655079
9788122311341
9788189497354
9788184030051
9788186019504
9788174792167
9788185891620
9788189491789
9788123722900
9789350023990
9788121211451
9788178355498
9788190738606
9788123779973
9789351247029
9788121211499
9788179922019
9788179860496
9789385909078
9788184050714
9788172338718
9788176372862
9789352664832
9788126436590
9788126916641
9789350680841
9789350760000
9788173913440
9788171569366
9789352661343
9788170354673
9788129135759
9789380222097
9788184620382
9788123762418
9788178353159
9788126914401
9788126903412
9788125053972
9789350025543
9788128808494
9788173031106
9788189766825
9788189766016
9788193338988
9788186505540
9788120818415
9788124601341
9788120804609
9788122435948
9788126902019
9788120349025
9788173049163
9788125044956
9788124603482
9788183280273
9789381450529
9788173046551
9788170301929
9788126917747
9788179930854
9788176760386
9788173051623
9789385509636
9788124608319
9788173047763
9788173045493
9788190363488
9788188452699
9789351526377
9788170304531
9788120834729
9789382891130
9788126713967
9788131918500
9788175413085
9789353225391
9788170589136
9788175101746
9788170001331
9788170495482
9789353249618
9789350800591
9788170352358
9788170557319
9789351482666
9788195280629
9788175102538
9788175414440
9788170351221
9788170001362
9788170353379
9788176111652
9788122409826
9788178541808
9788170557586
9788122310450
9788126920419
9789380070650
9788195099597
9788173045707
9789389742411
9788170586975
9788122312126
9788122310931
9788170305040
9789388409292
9788170558033
9788176673266
9788170357032
9789380578811
9789351481508
9788170492740
9789351301196
9788126715909
9788195061716
9788195099573
9788122311631
9788170586876
9788173157103
9789350761861
9789389137361
9789350872291
9789351302032
9789388789561
9788126910991
9788194867807
9789389915341
9788126918430
9788170521822
9788177080094
9789388333504
9789351367833
9788175416956
9789350907306
9789388753494
9788170305880
9789374734933
9788126912100
9788176015448
9789351482192
9788175102583
9788175417052
9789351482154
9789380076461
9788175414365
9788177213614
9788170491491
9788175100794
9788121506670
9788174360731
9789351480525
9788178244921
9788170359173
9789390678839
9788122311259
9788175413726
9788178224442
9788174368096
9789351482482
9788122412383
9788194843832
9788194846895
9788122311235
9789353902032
9788170556831
9788174351777
9789388333436
9788173420337
9788126908189
9788175413559
9788173049446
9789353242428
9789352763849
9789351480242
9788175100091
9788170556275
9788170814351
9788170583622
9788126902170
9788174369963
9788170495642
9789353223199
9789380704067
9789350145708
9789350760406
9789388766067
9789352762866
9789351306641
9789352293445
9789351865254
9788126929436
9789351481232
9789351482055
9788175414099
9789380677682
9789351481331
9788131300787
9788174354716
9789351481355
9788170495543
9788178222431
9788170801931
9788170551539
9788173810398
9788175416482
9788126921614
9789351482109
9789350980040
9788175101425
9788176466516
9789351482086
9789352294305
9788121262798
9789389412246
9788170462514
9788175416260
9789352803279
9788121297905
9789390547586
9788170555568
9788121297868
9788174368065
9788173809361
9788126909421
9789350291320
9788126728831
9788126927807
9788122412666
9788131918692
9789351482574
9788177211658
9789352828883
9788126919086
9788178355641
9788175100695
9788176370615
9789350024041
9789350024096
9788175411883
9789351246824
9788177696820
9788126724994
9789350024195
9789350024232
9789351484240
9789350025208
9788176495530
9788121507660
9788126910175
9789390923502
9788122202694
9789388937764
9789350024270
9788170000006
9788177696356
9789390678433
9788126901272
9789350002216
9788121501699
9789394534483
9788176224130
9788121508186
9788121236645
9789350023440
9788126910182
9788178356778
9789350002506
9789380839585
9788178353753
9788126901265
9789350002360
9788176495004
9789350002339
9789380326610
9788121219648
9788178357089
9789350024324
9789350000892
9788173046339
9788176373319
9789390425297
9789352701902
9788175415874
9789390620128
9788175415003
9789351484110
9788126919260
9788178357461
9788170494843
9788170358060
9788177868326
9789351484080
9788126926879
9789350025178
9789351280354
9789351243533
9788170350392
9788173292309
9788178357201
9789390625307
9788175412071
9788170000082
9788122314144
9789350024485
9788178357218
9789350024553
9789350024560
9789351246534
9789352701315
9788170358190
9789380870779
9789350400401
9788178357249
9788178357256
9788175100534
9789351485346
9789351485360
9788175410473
9788175101074
9789351247500
9789388982481
9789350021118
9788176240673
9788173719233
9788126900244
9789350008188
9788126920259
9788170494577
9789351249917
9789389577501
9789350021323
9788170460534
9789380027210
9789350021446
9789351484721
9789351484714
9789350007402
9788178356167
9788175418219
9789388982689
9789351710394
9788175411234
9789350468913
9789390620470
9789352665181
9788175415638
9789355181046
9789350680476
9789350020258
9788175411296
9788126904518
9788178355481
9789380852768
9788178355825
9788170490975
9789380188089
9788175100664
9789380852720
9788175411579
9788126717361
9788176482509
9788126903900
9788175411838
9788126928866
9789352663484
9788121502184
9788170620136
9788175102095
9788178354101
9789395737586
9789380297248
9789350642511
9789380852119
9789380864099
9788176494557
9788177694925
9788126723393
9788170494713
9789380849355
9789350004340
9789380262697
9789351248262
9789350483121
9789355180919
9789351484653
9788170494126
9788176225045
9789380186498
9788120045644
9788121238816
9789351481966
9789390971497
9789351249344
9789380186122
9789350465028
9788173201172
9788126904112
9789351484622
9789380183084
9788175410848
9789350022160
9788176495745
9788170744061
9789380070582
9788178359465
9788170350828
9788170350835
9788170492092
9788175300293
9788175100268
9789350728697
9788126928682
9788175418714
9789352708628
9788170334811
9789350502907
9788170590712
9788170495284
9789350512562
9788175412972
9788178210001
9789389967289
9788175101357
9788170358824
9788176467339
9789388892179
9789322008437
9788173047688
9789351483588
9788131917893
9789389520705
9788175102248
9788176221306
9788122305173
9789350726303
9788131903490
9789352872022
9788122306262
9789350727638
9789350095652
9788121265478
9789350097847
9788170796879
9789354655319
9788173200311
9788175264335
9788175102422
9789354420139
9788176463362
9788126918041
9788175991521
9789350729755
9788126902927
9788170351092
9788176212687
9789380070414
9789381043158
9788173045752
9788121923293
9789351288022
9788178540337
9788126715923
9789353764234
9788170590040
9788121924573
9789350142004
9789389719437
9788178359663
9788170590231
9789351483212
9788178350929
9788178359762
9789353221553
9788170799085
9788122308358
9788122407532
9789350141632
9789390660056
9788170590453
9788170800057
9789381043066
9788174450999
9788195501526
9789353221669
9789354421754
9788126907700
9788170350545
9789350726099
9789350726020
9788178358079
9789351941699
9789351711391
9788170001034
9789352645022
9788178358130
9788176222457
9788177869385
9789350025710
9789350025734
9789350501566
9788173292972
9788170302810
9788175412279
9789380409481
9788177907650
9789353497224
9789351281115
9789350025604
9789380359830
9789351483915
9788176496964
9788131905173
9789350501382
9789388434355
9788175417502
9789380359342
9788131909300
9789350025444
9789390425846
9788170491941
9789390620081
9788131901700
9789380359670
9788175101876
9788170494935
9788176222549
9788126910069
9789351529514
9789351281153
9789351941491
9788178359175
9788178358994
9789350026700
9788178359007
9789327227949
9788120727755
9788174363862
9788122404173
9788126922758
9788126719181
9788126918911
9789350027011
9788131914229
9789350027035
9788121220156
9788170354000
9788178359137
9789350027257
9789380049830
9788175412408
9789350502013
9789380828107
9789388423489
9788173293306
9789350501733
9789380823355
9789350026403
9789380816456
9789350725115
9788170307952
9788131805688
9789351134848
9788122007688
9788170592174
9789390259816
9788173293351
9789351483809
9789351485643
9788126730773
9789390425969
9788170358695
9788126920372
9788173043819
9788123713946
9788171197392
9788179104347
9788170280095
9788121109604
9788189850692
9788173912092
9788123779522
9788189833879
9788184958669
9788184958706
9788179105504
9789381867181
9789381867273
9789381867303
9789383684137
9788189798284
9788189798062
9788189766733
9788189766634
9788123750453
9788120806115
9789385995781
9788179321355
9788179480144
9788121210546
9788179480236
9788185002767
9788179506516
9788124611593
9788170212034
9788124610640
9788189886134
9788124609187
9788181431813
9788181431462
9789383811885
9789383811458
9789382848882
9788189973018
9788170196792
9788171196876
9788189914479
9788178989952
9789385957093
9789383784257
9788121109154
9788120834477
9788170007005
9788181431394
9788189886738
9788189886721
9788171197071
9789383723713
9789383723447
9789383723195
9789383723140
9789383723119
9788186800096
9789383723102
9788189757687
9788185002934
9789392186981
9788172451486
9789387464605
9789383625550
9788171783007
9788183306782
9789392186677
9789383625277
9788172454616
9788123721392
9788183306751
9788170162551
9788189491802
9788189491697
9788189491208
9788121209632
9788187498070
9788181901705
9788120807075
9789386473691
9788189485047
9789383468720
9788171205608
9788171784295
9788185141541
9788181333650
9788186791462
9788185141619
9789387436329
9788185141626
9788171782338
9788181430397
9788181901309
9789383635771
9788189750565
9788179508084
9788185028811
9788170172888
9788189750251
9788124803943
9788124803974
9788179551837
9788123714981
9788181430694
9788185047171
9788121109970
9788174733528
9788171198818
9789383649983
9788185047515
9788120806634
9788128811821
9788123749693
9788123758336
9788171394272
9788187498957
9788123719290
9789386054821
9789383649327
9788125026518
9789381991688
9788126705184
9789387648487
9788183305938
9788186937495
9788123704685
9788121211666
9788129101808
9788171560974
9789385606274
9789381448915
9789385606281
9788190651011
9789385606366
9788184571332
9788186937761
9789387671454
9788183610575
9788127218720
9789384053116
9788186937198
9788190611671
9788121211611
9788186921524
9788181434494
9788172762513
9788183602877
9788170006138
9788183602785
9788183602730
9788183602594
9788172762117
9789382536291
9788171563326
9788123798288
9788121211772
9788123703343
9789387774162
9788170289470
9788170183846
9788191019131
9788171104055
9788123907642
9788171104710
9788183619240
9788171565443
9788123700113
9789392510892
9788121211833
9788186953662
9788123701592
9788181436009
9788178844640
9789385509087
9788184503456
9788190887700
9788171565252
9788172764128
9789392510557
9788123702902
9789387698307
9788121206204
9789385509384
9788183614078
9788171512966
9788181434487
9789383838639
9789386546371
9788190205474
9788121207416
9788190117685
9788123708485
9788190109864
9788129311023
9788123708577
9788171510474
9788187393443
9788184574814
9788190082365
9788181432308
9788121211345
9788174876294
9788174876249
9788171193660
9789383968367
9788123709192
9789383963393
9789383963355
9788190004695
9789388326940
9789382848677
9788183563987
9788170194606
9788171195602
9788124608876
9788187393641
9788183600606
9788183600620
9788183600804
9788183601153
9789381523445
9789384053024
9789381523469
9788172761882
9788183602181
9788186921517
9788170225799
9788183602099
9788181433664
9789381574102
9788172761424
9788184573008
9788171512034
9788181433466
9788183601887
9788183601801
9788170285021
9788181582386
9788183601597
9788190256278
9788123706795
9788184573473
9788183601498
9788172760564
9788170284963
9788190235570
9788123707013
9788174878458
9788125037057
9788191038873
9788188714117
9788126012992
9788126409761
9788172330514
9788172080532
9789386906168
9788123740546
9788174829047
9789386906137
9788188792207
9788180691683
9788187812890
9789386906106
9788182881006
9788188683970
9788188583829
9789386906076
9788174879295
9788186732663
9788186098912
9788174879288
9788170117841
9788126467037
9789386300546
9789382901365
9788188643684
9788123741642
9789382337379
9788188583867
9788186732861
9788186098035
9788123767871
9789386283764
9788125912118
9788183150590
9789386906847
9788123736815
9788180590368
9789382898559
9788180614736
9788174877475
9788185972220
9788123737928
9788185972299
9788170222972
9789383110100
9788128832802
9789382281832
9788185972619
9788187812425
9788121202848
9788121208895
9788187812449
9788125924005
9788188808830
9788181290076
9788123768007
9788181290052
9788180960185
9788182902374
9788182747289
9788186211403
9789382281597
9788182055230
9788188230082
9788186469866
9788186469941
9789382396673
9788126050987
9788123744360
9788188140992
9788188086160
9789386768889
9788188071371
9788123745282
9788120819771
9788174831163
9788172247461
9788186219904
9789386768612
9788123763941
9788182051768
9788186562123
9788180697418
9788172054540
9788126121816
9788182052499
9788187943389
9788172054823
9788180697630
9788186569894
9788126401901
9789386702258
9788123764429
9789386826121
9788188280162
9788123765686
9789382395461
9789386867261
9788170118435
9789386322173
9788186263068
9788186265048
9788186265062
9788171309511
9788180693816
9788172053192
9788173913587
9789386863805
9789386863577
9789386348777
9788171413843
9788182570900
9788188449149
9788182560512
9789391950064
9788123764948
9788180695124
9789386835567
9788188353064
9788182473904
9789386439116
9788170110163
9788183150699
9788123762050
9788179771969
9788189233563
9789383285761
9788171820832
9788174871589
9788189297008
9789387324794
9788182040366
9788123772257
9788185381121
9788181293114
9788171209798
9788182040410
9788181292902
9789387324527
9789386200556
9789386200877
9788189233471
9788189233464
9789386200617
9789386200631
9788171829668
9788189233297
9788189233235
9789386200853
9788186771983
9788128817830
9788171240234
9788171240333
9788185425344
9788125040361
9788186782835
9788170119746
9788123760025
9788171786091
9789386071828
9788179860052
9788185170237
9788174871725
9788181295361
9789386473585
9788185179087
9788130016238
9789387409804
9788170008132
9789387409606
9788185211343
9789383392889
9789387409392
9788185211596
9788123749341
9788185211633
9789383359950
9789386473554
9789383359417
9788171788965
9788189430542
9788121209236
9789386473479
9788185267081
9788171820320
9788170112563
9788185484686
9788174821331
9788120809352
9788174877369
9789386228635
9788125059448
9788125059653
9788185753874
9788174877376
9789386228727
9788180317507
9788174877413
9788183240253
9788188965984
9788182040991
9788120826601
9788183223683
9788181292681
9789383247035
9788182041011
9789386245069
9788186771518
9789387195035
9789386262042
9788182041059
9788185861142
9788187779940
9789383202997
9788170119029
9788185891545
9789386262356
9788185749563
9788129107978
9788185749501
9788174790248
9788171880805
9788179941737
9788179941768
9788180222313
9788174871282
9788128821165
9788189131241
9788181292292
9788189129040
9788123727639
9788185616186
9788185616223
9788185616230
9789392040672
9788174790224
9788170229568
9788183283854
9788189093181
9788181292223
9788120830936
9788185622149
9788170221906
9788170119333
9788174791238
9788185636979
9788183250542
9788123771038
9788191038217
9789386418487
9788173031151
9788171021024
9788184301526
9789384502102
9789387944855
9788120841055
9788184302011
9788192744902
9788171021727
9788173915024
9788193842508
9788184400564
9788170302100
9789387894488
9788124604281
9788184354294
9788178842745
9788192648293
9788171640904
9788194222712
9788174875815
9788184354164
9788184354140
9788126930869
9788170184652
9788178842929
9788170188483
9788183820936
9788171641741
9788124601808
9788124606018
9789381325339
9789385285660
9788126712908
9789384649715
9788193750117
9788171640713
9788193797860
9788193766934
9788192970509
9788126709397
9788183821889
9789388211284
9788126440115
9788171640768
9789381234587
9788123928524
9788171680993
9788121103855
9788187368885
9788173040931
9788181467805
9788187358732
9788184353488
9788124600559
9788174875877
9788178842288
9788178842363
9788192229058
9788187368113
9788178842448
9788124601204
9789384502362
9789387799165
9788187368380
9789384502348
9789388292443
9788194116462
9788124601136
9788174351456
9788120836143
9789385144400
9788178841878
9788192624488
9788192512181
9788124601419
9788124607220
9788171641093
9788187332961
9788170186922
9788120774605
9789381234914
9789384588120
9788193969274
9788124603260
9789385144356
9788192512143
9788171641161
9789384571818
9788126711925
9788194160557
9788170946311
9788171567645
9788124603109
9788184353662
9788171640478
9788170821380
9788171640461
9788126712960
9788126707225
9788187138976
9788192022123
9788174350220
9788121206761
9788122421637
9789388326926
9788124108345
9788129516664
9788184030044
9788187332244
9788124605943
9788187075950
9789384898236
9788178831022
9788123912523
9788174875228
9789385000195
9788171011360
9788171672929
9788193317969
9788174505569
9788131608968
9789388144346
9789381325902
9788124605622
9789381384060
9788126707430
9788129511768
9789381226360
9788123911625
9788124605608
9788193431122
9788183640114
9788123755618
9788184030273
9788123755670
9788172765651
9788187332404
9788124605790
9788124113448
9788172765248
9788184030334
9788124602775
9788183640138
9788193569597
9788126707829
9789385161551
9788187330394
9788171641819
9789388172868
9788183990738
9788181439499
9789391734299
9788187075769
9788121101707
9788173042447
9789388020336
9788187108467
9788120815001
9788174873224
9788124604687
9788171568369
9788174792020
9788193698648
9789388020152
9788122414646
9788183822343
9788183740081
9788124604625
9788181436641
9788171569830
9789391125271
9788170004899
9788178831831
9788178843148
9789391759667
9789388172004
9789385160042
9789385285103
9788192066950
9788174875211
9788172930578
9788171096794
9788170302353
9788193284179
9788183990950
9789384721213
9788120801226
9788171020607
9788172764586
9788170173960
9788121511025
9788126916948
9788126917488
9788178352145
9788121206563
9788179918234
9788123770727
9788179252970
9788173047978
9788120338548
9788126927531
9788120333550
9788170490869
9788122422023
9788170302483
9788120801745
9788121903394
9788174363206
9788120801967
9788124600597
9788186471074
9788170821434
9788176760546
9788122434330
9788125063223
9788170242666
9788176760553
9788176760584
9788176760560
9788176760577
9788173048906
9788126916368
9788178352763
9788171512492
9788176211802
9788126917686
9788183822077
9789389136012
9789381620335
9788122204278
9788122436730
9789352763368
9788121509688
9788173049439
9789381406779
9788190227247
9789387669208
9789380828190
9788123764399
9788188458110
9788187326816
9788183284424
9788120737389
9788193753712
9789382901495
9788126452897
9788125047056
9788170307822
9788182040496
9788176223041
9788123748320
9788126708444
9788171245413
9789386799678
9788193654217
9788172053826
9788131609835
9788170593904
9788173053696
9788178190655
9788122308266
9788185616087
9788170110439
9789354895845
9788126523115
9789352876877
9788183227346
9788174874924
9788174879059
9789386473172
9788170493846
9788180317569
9788180312038
9789352820238
9788173049651
9789385160011
9788170591894
9788123727752
9788180310775
9788177211771
9788126900824
9789386223456
9789380076546
9788120829800
9788180317361
9788126723010
9788180314049
9788170228158
9788125060482
9788126906499
9788180316319
9788120808904
9789350332511
9788170301387
9788178062068
9788180317026
9788174873910
9788170002949
9788123748245
9788183822107
9788186339176
9789382245209
9788171300235
9789352669813
9788177543988
9788174874993
9788174350961
9788170350385
9788122418712
9788176224161
9788180315626
9788170112518
9788180695353
9789380138640
9788171640591
9789352667192
9788181292001
9788174368102
9788123748269
9788176492324
9788121507219
9788121205672
9789388933292
9788173193170
9789389136098
9789380515496
9788126906222
9789354894572
9788171881024
9788172053697
9788183249164
9788170302124
9788170593805
9788126906871
9788177907513
9788180317293
9788181438645
9788170119517
9788122414479
9789352664450
9788131906293
9788171208760
9788170558019
9789387330863
9789389136302
9788121205580
9788172055042
9788184030389
9788170118008
9788126929740
9789391950859
9788176221498
9789389136258
9788121200554
9788173043765
9788185320021
9788173914201
9788185328188
9788126728299
9788176465441
9788121227865
9788130901152
9788123723907
9789382186229
9788124602799
9788170001508
9788120734456
9788179922415
9788120808072
9788122311297
9789351284642
9788120811249
9788171207374
9788120831919
9788181294531
9789387383449
9789390924509
9788171207565
9788170590217
9788121209281
9788193451892
9789351284543
9788178224480
9788170590071
9788193457863
9789354470790
9788170820734
9788189430313
9788176220798
9789381031308
9789354470905
9789380118215
9788187967040
9788185220307
9789380118611
9788121227520
9789385161605
9788182040373
9788171821600
9788125044932
9788177542066
9789350502648
9788174790057
9788122310429
9788122419122
9788180696862
9788170003151
9789388874915
9788189182205
9788174871435
9788185445564
9788185475202
9788170110507
9788122421453
9788120746619
9788126727445
9788124602478
9789380027265
9788124602812
9788170302230
9788171640652
9788170224235
9789390678211
9789354894114
9788183285025
9788173045721
9788122310528
9788193560983
9789352665518
9788170115236
9788172765996
9789350502891
9788125040675
9788184030228
9789350291894
9789391123499
9788172861599
9788173142628
9788121229142
9789386397706
9789386768445
9788121613262
9788170493204
9788184020816
9788170004264
9788179940594
9789386768520
9789389341102
9788174790026
9788170119616
9788176466912
9788182054806
9788170589501
9788122414400
9788170591375
9788177213874
9788182747951
9789386348364
9788170226925
9789380076713
9788170114284
9788173200663
9788171641208
9788186030516
9788177690705
9788194873648
9789357941747
9788121203890
9789357942317
9788124603130
9788120812154
9789385144196
9788175054943
9789386906212
9788170495079
9789350468746
9789390652181
9788120758742
9789350641712
9789380031675
9788126903399
9789381141649
9788126712618
9789380188171
9789388292726
9788170111290
9789350500477
9788170493983
9788126903719
9788123739588
9788177692679
9788123765594
9788170308775
9788128834134
9788172052546
9788172052317
9788182991767
9788181469663
9789352761272
9788172015121
9788121510776
9789350466766
9788186004357
9789351246985
9788170583172
9788170495178
9788174874122
9788180698798
9789389391985
9789380227566
9788123768083
9788180690624
9788126475490
9788187812487
9788186732984
9788188583836
9788188789795
9788121204019
9788121204354
9788186732397
9788194838128
9788186117200
9789350484685
9788172051129
9789351211709
9789380183954
9788174790620
9789350485460
9788170593287
9789355212580
9789355212887
9789386300881
9788177666441
9788171414338
9788176460781
9788182748156
9789382337386
9789355213730
9788182747968
9788170586364
9788176461085
9788172210793
9789350488713
9789351131496
9788123741482
9788122412369
9788176460743
9788171308156
9788126467181
9788187812838
9789381141540
9788194117988
9789381141458
9788123740980
9788170111467
9789350500194
9788188719273
9788124600795
9788180691966
9789380188041
9788188583881
9789389012620
9788188583942
9788170223184
9788123754314
9789391950767
9789381141212
9788188583973
9788182880962
9788174877581
9788186117040
9789389004465
9789355212399
9788172050962
9788123739526
9788176466141
9788174790644
9788185891163
9788126710010
9789387164789
9788170593652
9788172080563
9788173049675
9788186771341
9788181291226
9788174874849
9788185891040
9788126930616
9788185891132
9788126927425
9788188569540
9789380114040
9788181290830
9788183821650
9788186265666
9788173151033
9788178794266
9788188934775
9788185891255
9789380336145
9788188934621
9788185891286
9788185891323
9788193817308
9789380076676
9788170494188
9788181291448
9788170495376
9788170089520
9789380359922
9789390971626
9789386348326
9788183224055
9788120825437
9788176463966
9788129518088
9788188643387
9788172314019
9788188569113
9788176463652
9788174870155
9788180319624
9788188569236
9788176463461
9788170111269
9789380336923
9788178543161
9789386245656
9788183220477
9788175364448
9789380076614
9788171302017
9789382281238
9789350501054
9788183152037
9789380076690
9788188575244
9788176466219
9788125914273
9789386262516
9788183075756
9788170112105
9789386906816
9788131214619
9788170186649
9789383147960
9788183071888
9788121265515
9789386906700
9789389053777
9788170117742
9788123754130
9789351247913
9788122205831
9788171640959
9788123738420
9788126922451
9789388333634
9789381182123
9788121101233
9788176462624
9788186230787
9788170587460
9788121238007
9788170119012
9788177420739
9788123762340
9788124604359
9788120823723
9788126904587
9788188934447
9788170814313
9788123734828
9788177696615
9788126902187
9788121512442
9788170813842
9788174365958
9788170494461
9788170495321
9789380326313
9788131105450
9788176462914
9788131257630
9788170223641
9788123735238
9788177695762
9788170494478
9788188575169
9788126921966
9789383166053
9788123736501
9789382281122
9788191038293
9788120721401
9789391234911
9788192484136
9788181432230
9788129300928
9788122315004
9788170491415
9788124608081
9788190012799
9788174872661
9788190044301
9788178357560
9788178352930
9789386582133
9788171095728
9788192381909
9789350025222
9788178842011
9789353225803
9788129200495
9788172110871
9788181432216
9788178357744
9788174872395
9788126921133
9789385909368
9789390542871
9788121103916
9788172700652
9789380829326
9788126419890
9788174872333
9789351505921
9789383968404
9788181432599
9788123781518
9789380837123
9788122314274
9788126433476
9788172760458
9789380070674
9788175418226
9789350023952
9788120836310
9789386560148
9789352211234
9789388434980
9788190245722
9788170184454
9789353245191
9788121297974
9789350024058
9788187393252
9789353227524
9789350024102
9788170303466
9788123787985
9789381588475
9788181432810
9789350024256
9788124607510
9789383992515
9788172735838
9789381607688
9789381607961
9788178842479
9788175052734
9788123786926
9788126419562
9788124608890
9788184952209
9788184303278
9788129120298
9788181840110
9788175414044
9788183451048
9789384588342
9789353494568
9788120804241
9788189917968
9789387409088
9788120834491
9789380772141
9788183531399
9789350726273
9788170006961
9788124606414
9789353495237
9788184822922
9789384588427
9788181840141
9789390085620
9788184840865
9788120834255
9788124606407
9788189886752
9788126719327
9788124610107
9788192648255
9788192648262
9788175970144
9789390547906
9788174504975
9789394902633
9788170006947
9788178841809
9789383838592
9789381709962
9789381709436
9788170555766
9788176760393
9789383838486
9788178352503
9788170555735
9788129129277
9788130908601
9788170303138
9789350025758
9789350025741
9789352290468
9788181840011
9789380828206
9788120813281
9789350026144
9788178982281
9789383838134
9788131600559
9789350726129
9788174872258
9788172149383
9789352290864
9788192570242
9788124609453
9789380823041
9789380076218
9789384588304
9788124609576
9789385945069
9788187368359
9788190271301
9788183601665
9789350002308
9788187392064
9788120835276
9788187392057
9789350009123
9789350723234
9788122438758
9788183640954
9788171105076
9789350722862
9788126901500
9789384346928
9788184430035
9788123702896
9789351869542
9789350009734
9789387693692
9788123704166
9788175416369
9788130917207
9788123704265
9789350002179
9788192075228
9789380069050
9789384225438
9788123705040
9788187392330
9788178356907
9788121298155
9788184404661
9788172763718
9788120835115
9788190830546
9788126901487
9788190277600
9788175415805
9788123906867
9789391123413
9789350722947
9788184500394
9788121918787
9788171104451
9788171565818
9789351940869
9789350005149
9789390378487
9788191063639
9788131611845
9788191033618
9789380864068
9788170554110
9788120345799
9788175415591
9789381406496
9789350722886
9788170002093
9789351941453
9788120345782
9788175415973
9788183616898
9788174369369
9788178843186
9788123701608
9788171565344
9789350002438
9788181436443
9789350008232
9788187392347
9788178846279
9788178355436
9788121211550
9789350000168
9788170463047
9789352202089
9788170304173
9788178842707
9788178357188
9788187392767
9788123791845
9789350022658
9788175417465
9788171512362
9788171100293
9789381325155
9789380049847
9788187032786
9789385721076
9788172761677
9788178353883
9789380009575
9789351710790
9788190359931
9789380864983
9788121501675
9788184353464
9788120803060
9788170490739
9789350725078
9788187392989
9788124606933
9788181581976
9788192235806
9788172762049
9788171100460
9789350022221
9789350722763
9788171107162
9789381458143
9788171160860
9788178355207
9788171541133
9788178842950
9788190646703
9789350723722
9789350001899
9789390358977
9788183641036
9789381467824
9788175416901
9788183610643
9789350001783
9788183602570
9788181436757
9789352101870
9788124607442
9788127233792
9788173716232
9789350021750
9788178842899
9789390356652
9788176673129
9789380009605
9788124607329
9788171513123
9788121924528
9789350022184
9789350027790
9789351483601
9788184952971
9788178270524
9788175050112
9789350170694
9788126908752
9788187332619
9788189886301
9789383625598
9788170351771
9788171566143
9789388022149
9789350171486
9788120832602
9788174791504
9788171780624
9788128812354
9789387462274
9788179860328
9788179755785
9788170001829
9788171787074
9788174871923
9788171419227
9788130905099
9788173156274
9789387471924
9788174871916
9788181437884
9788172455200
9788123749419
9788181437853
9788171787470
9788174875600
9788131911082
9788178359045
9788172765354
9789380026893
9788171020669
9789387409934
9788170594871
9788130905037
9788121226394
9788187498841
9788193427675
9788178280530
9788170359081
9788193115565
9788121296649
9788121266345
9789388691871
9789383649501
9788174368416
9789383649464
9788170557111
9788193131404
9789351480808
9789385285417
9788125020882
9788122427424
9788173862533
9788185057354
9789383625468
9789353904654
9788171020904
9788170224433
9788125036999
9788131918456
9789385254994
9788126722495
9789322008819
9788120800793
9788187570387
9788126700097
9789380677408
9789388753951
9788121207850
9788170797074
9788178236629
9788170226307
9789383625420
9788183745789
9788171205646
9789382577713
9789350683293
9788179759585
9788170306627
9788126578061
9788126700028
9788170306634
9788124106938
9788172361143
9788123774145
9788170188278
9789350728741
9789351361633
9788174873590
9788185133881
9789382035206
9789389373080
9789383625314
9789393768834
9788123721163
9789381234280
9788126701407
9788181500311
9788126722396
9789385285097
9788174363152
9788185119526
9788126700929
9789351363439
9789388753692
9789322008970
9788171786312
9789354229282
9788179757475
9789350178898
9789393768285
9788120806788
9789350178690
9788124104941
9788126918539
9788174878588
9789382059349
9789388020091
9789353165574
9788193052792
9788189798024
9789351287339
9788124800911
9789350140659
9788173862724
9788170280057
9789353764142
9788121220248
9788183703642
9789382579021
9789383684991
9788179320747
9788120805828
9789350726556
9788120805682
9789327263336
9789350684207
9788185002330
9788179321690
9788124802625
9789388423557
9788183703666
9788181840165
9788170005452
9788175413399
9788178359526
9789351482468
9789351482772
9789351483236
9789386652454
9788170001706
9788170551737
9788189833763
9788120351813
9789351483366
9788131100493
9788170556688
9788181437747
9788124801598
9788126703135
9788184301595
9788181431059
9788189833893
9788120841185
9789381867150
9788130201665
9789352296088
9788124605707
9788184984538
9788171198108
9789350141885
9788179501948
9788174352316
9788178834405
9788181500090
9788178358185
9789351481676
9788189886189
9788192693910
9788178230603
9789352296972
9788122311617
9789384699093
9788170172871
9789381842157
9789381887264
9788189884840
9788170005391
9788128809170
9788179508695
9788173919916
9788123778402
9788124020234
9788170119845
9788193052723
9788175051126
9789350181348
9788179918050
9788170304821
9788176467025
9788124803325
9788124605776
9788175051980
9789352294824
9789327251760
9788185002811
9788124802892
9789350143353
9789350143520
9788187075684
9789350140161
9788129118905
9789351481867
9789383684083
9788126719815
9788174873613
9788176110082
9789351483762
9789350143865
9789350144114
9788170492467
9788189221065
9788131727256
9788122435580
9788170492122
9789391125042
9788121919586
9789381620274
9788120315761
9788124602805
9788176760522
9788174792044
9788184950007
9788178222387
9788187879701
9789385509223
9788173048111
9789351480532
9788178352107
9789388247092
9788120808515
9788120831452
9788189182236
9788171565856
9788121918534
9788122432589
9788122202649
9788178061665
9788120728875
9788122436808
9788171102761
9789385509247
9788170493310
9788121208543
9788178692999
9788126928101
9788174368195
9788186239124
9788120810433
9788174790606
9788121906661
9788182040229
9788176466998
9789386473653
9788170113614
9788181500083
9789350722923
9789350683019
9788126403011
9788170116868
9789350683286
9788126405497
9789382951254
9789350726860
9788126901845
9789391950651
9789386450104
9789386560698
9788170113843
9788170552024
9788123756103
9788170117445
9788120815742
9788171399918
9789350727560
9788186798027
9789386493903
9789350726112
9789382901600
9788126917174
9788181500809
9788181840042
9789350726549
9788176466158
9788121801270
9788126414390
9788174369079
9788181500830
9788176467469
9788131911594
9789386606815
9788172150600
9788121205764
9788176466684
9788170114857
9789374734636
9789350723425
9789350723463
9788123758602
9788172141295
9789380031088
9788182051492
9788170113829
9788176465946
9788120817708
9788170225201
9789350854037
9789386556479
9789386473813
9788126429608
9788120815247
9788174792037
9789350682012
9788186732076
9788187138082
9789380009599
9788170116295
9788176466783
9788175101647
9788172110956
9788123755427
9788170115151
9788123761732
9788176467001
9789386062352
9789386410696
9788171562626
9789351865827
9788183611299
9788129521699
9788129523396
9788184571370
9788175416840
9788175417038
9788171513468
9789351777472
9788123791142
9789351775607
9789351774013
9788175417175
9788121500029
9788175417380
9788171512300
9788126920990
9788183602136
9788175417823
9789385606175
9788171694075
9788171512041
9789384344306
9788175415362
9789384463151
9789384463038
9788183640381
9788183640176
9788121299558
9788183640107
9788183630795
9788183619844
9789351941583
9788184502992
9788170354208
9788184514476
9788183616034
9789384346911
9788171563968
9789384344375
9788175416222
9789351868118
9788175418035
9788170490708
9788184407761
9789351502500
9789383838608
9788124608937
9788126910540
9788171425723
9789385909757
9788170174707
9789351485421
9788124609194
9789385909979
9789351485278
9789383811359
9788175962040
9788124609491
9789351485131
9789351485117
9788124609583
9789351484912
9789353490294
9789390095025
9789353338527
9788123781686
9789394902947
9788123781693
9788170182979
9788171511617
9788174872739
9788171511518
9788175418165
9788183601214
9788121503358
9788183600187
9789353246129
9788131900239
9788124607640
9788124608036
9788124608043
9788174876287
9788171695034
9788170491620
9788124608500
9788174876454
9788171428267
9788126914623
9788174873248
9789386397997
9788170187677
9788121268752
9788170358398
9788175410725
9788171569939
9789352666980
9788183990486
9788183990554
9789352666843
9789352876372
9788170356035
9788171569793
9788171569748
9788183990943
9789352879045
9788124605288
9789352665068
9788126920549
9789384850692
9789352947614
9788175362697
9788124603789
9788174875372
9789352704743
9789352766888
9788124602782
9788183850865
9788183860550
9789352825844
9788124601877
9789352828531
9788183822053
9788173807466
9788171641567
9788131602058
9789390660513
9788170356790
9788183820530
9788173806216
9788183820226
9788170357636
9789385144462
9788170187486
9789353022815
9788173914713
9788184403077
9789395737302
9789352291830
9789353224646
9788184303582
9788184305067
9788184305531
9789384502935
9788170189657
9788175414389
9788175414396
9789353228552
9789385385100
9789352210701
9788124607039
9789353229436
9788171567584
9788174360991
9788184401417
9789390425280
9788183641050
9788184303247
9789352294725
9789353025014
9788184301601
9788129511294
9788129511218
9789352661169
9788120343443
9788124108550
9788174875495
9788175412316
9788124104347
9788183741606
9788174875518
9789385285356
9789385285363
9788126912445
9788170359098
9788184193848
9789352296538
9789352296385
9788170188810
9788175413719
9788121109185
9789383762521
9789383723904
9789383166275
9788185944821
9788121510202
9788185952031
9788126904136
9788129105172
9788126922253
9788185971032
9788170494676
9788170494706
9788126903931
9788120821453
9788121203364
9788172019242
9788176299138
9788174870841
9788186004043
9788121203500
9788171415328
9788170494782
9788126921652
9788170222811
9788182901384
9788183151740
9788126906758
9788121508087
9788125056805
9789386228772
9788173291432
9789355180889
9788175102057
9788170222439
9788183222501
9788183221382
9788170494171
9788123768670
9788121509596
9788170494201
9788170494232
9788185861357
9788126905515
9788185861449
9788185891200
9788174366863
9789355203168
9788175971851
9788186230886
9789386322203
9788182665477
9788186265970
9788176464017
9788186318799
9788176464031
9788120820128
9788176464413
9788172053802
9788176464635
9788182470071
9788174870001
9788182054905
9788123763828
9788173158995
9789386397805
9788176465496
9788182053786
9788182053557
9788186265208
9788186230770
9788186098479
9788120821026
9788186098622
9788186098806
9788176460118
9788186098868
9788176460224
9788182880863
9788182749696
9788171414871
9788129104014
9789351131502
9788171414147
9788131906071
9788170118442
9788182747227
9788121512008
9788173200366
9789390696772
9788123765631
9788186230237
9788185689999
9788170493372
9789394534995
9789383649587
9788126909247
9789383649341
9789351480945
9789386054296
9789351480358
9788123777337
9788126908554
9788174363039
9788129524935
9788170492603
9789351369875
9789350643365
9789351309796
9788123774190
9788120832251
9789383513307
9788185141329
9788176125888
9788171784363
9788125014348
9789386050007
9788173292231
9788120832855
9788183423434
9789351483342
9789351483199
9788171421367
9789353577391
9788124801116
9788131902394
9788124801833
9789383684410
9788171421046
9789386001429
9789351482420
9788185002774
9788185019161
9788185026091
9788123778488
9788129524065
9788185047164
9789383652136
9789354352447
9788171784387
9788176127660
9789383468560
9788171821310
9788123772165
9788170221562
9789351282037
9789386200334
9788170493228
9788173293290
9788171857159
9788131903889
9789389600568
9788183285438
9788121200844
9789354911187
9789386215307
9788183281850
9788176223089
9789351280040
9788170493242
9788176223195
9788176221443
9788185301815
9789351282815
9788130019840
9788171784585
9788174876867
9788120832237
9789389742718
9789389742084
9788171788118
9788125039594
9788126907854
9788185211206
9788171820702
9789383391592
9789389688528
9789354470110
9788171788750
9789383331925
9788176220842
9788121265492
9788171820689
9789382622062
9788170555520
9788190358057
9788126464890
9788126718184
9789386863140
9788123742519
9789387894136
9788123709680
9788189110079
9788192637631
9788180694752
9788172701574
9789386863645
9788123729800
9788180313189
9788188569519
9788126725441
9789386863126
9788172312718
9788180313288
9788178836928
9788174790118
9788189999292
9788170300250
9788170001928
9789381620441
9788188322893
9788192648217
9788172312275
9788180311222
9788170592419
9788121232876
9788172312206
9788180695018
9788126464067
9789393267474
9788178086538
9789381320099
9788122314380
9788178842325
9789386867254
9788178357454
9788120808652
9788178842462
9788170307877
9788189059293
9788188575497
9788170289586
9788178842639
9788192291109
9788122303490
9788180314124
9789382381846
9788178842059
9788121243360
9789387809703
9789350500934
9789389109207
9789391123420
9788122306248
9788170228295
9789389104578
9788178357799
9788178352824
9788178841960
9788178357768
9788170229544
9788180313356
9788128025860
9788188575404
9789350500750
9788178836201
9788192702605
9788122316322
9788170111009
9788178359168
9788123710822
9789350026113
9788193165300
9788121209045
9788170229780
9788121209021
9788172237066
9788187967576
9788179940471
9789380118642
9788178359069
9788178359052
9788171209811
9788179940204
9789350290798
9788122431049
9789350462454
9789386682963
9788187879763
9788170111207
9788178359335
9788189973322
9788120800878
9788121209113
9789386702487
9788189973353
9788189973360
9788189973384
9788189235345
9788170589464
9789381748299
9789387324442
9789381709283
9788170307372
9789386768704
9788172245344
9788170593928
9789380578545
9788170001232
9788172700430
9788172700508
9788178835204
9788121230872
9789386771650
9788170110361
9788178358383
9789350025642
9788170006626
9788126705528
9788120602533
9788192923024
9789386768568
9789387968707
9788170227564
9788126450664
9788126727735
9789387968769
9788178960296
9788170001270
9788178358826
9789388874793
9788121208987
9789387648418
9788170601838
9788171020980
9788178358963
9788123708607
9789388933452
9789387324985
9789382281207
9788188965632
9788178356051
9789382300199
9788188965335
9789386906403
9789386906427
9788131963890
9788188965700
9789350008218
9788190402903
9789350022313
9788123739694
9788177692464
9788178845074
9788126475087
9789350007457
9789388937573
9788177690668
9789392757464
9788178356464
9788170308270
9789380864013
9788126717330
9789350007051
9789380854960
9789392510618
9788180690938
9789350022764
9788170000860
9789389000030
9788174790583
9789381523551
9788177867701
9789350339039
9789386870674
9788172763268
9788122300222
9788178355603
9788188934515
9788177697247
9788172763244
9789387023659
9789380297033
9788123734774
9788188867806
9788177696028
9788123735504
9789380297040
9788171162123
9789380302218
9788170593560
9788178355627
9788180381720
9788123738529
9788123739496
9788180400407
9788123739380
9788178355801
9788123703374
9789350356319
9789380336473
9789381484357
9788171164004
9788123703657
9788177698053
9788172762582
9788123704197
9788171162413
9789381571200
9789350005033
9789350004982
9789350334157
9789381325209
9788178842752
9788178842776
9789350001134
9788121211505
9789350485712
9789350485651
9788190205481
9788189005948
9789381325261
9789350484951
9789380849041
9789380849072
9788126724062
9789381325179
9789350486047
9788191038279
9789350000137
9788170593027
9788123708522
9788128014284
9788171100170
9788178842684
9789350000069
9789382337423
9789380183107
9789381607596
9789382337287
9789350024294
9788178842691
9789382237013
9788121211406
9788173049842
9789350001844
9789382337072
9789350335604
9789350480588
9789350335499
9788190327220
9788170308256
9789380849096
9788188789757
9788170303589
9788173046681
9789380849119
9789382332121
9789350023167
9788126717279
9789350022863
9789390971657
9788122500097
9789386906113
9789380849089
9788122439939
9788123741055
9788171307166
9789392757815
9788192061580
9788192067025
9788170593317
9788189005542
9789350002322
9789350002315
9788188683413
9788120802711
9788172760700
9788192083902
9788172230562
9789380636252
9788120811744
9788123752334
9788181436382
9788121213226
9788170554318
9788173040412
9788174351302
9788178244938
9788123752211
9789387457836
9788123720968
9788194876717
9788126701667
9788126711840
9788194876953
9789387457706
9788123752549
9788176503099
9788120768468
9788189750411
9788181436870
9788194116288
9788170003366
9788176502481
9788187368250
9788121206990
9788126722303
9788189750619
9789350143971
9789387462342
9788174760579
9788189750572
9788126920105
9788187368960
9788181435385
9788126923809
9788121220262
9789388211055
9788126715480
9788120807037
9788121225403
9789350142707
9788178350288
9788193772126
9788126708888
9788181433671
9789380637549
9789389203073
9788181432780
9788181432292
9789380076140
9789350142462
9788193838211
9788187392538
9788123721415
9788170305071
9788189497125
9788173045295
9788181434869
9788181434685
9789350173275
9788187392408
9788193943526
9788171203208
9788193890295
9788170225737
9788126710461
9788120739970
9789392186240
9789350142790
9788122416138
9788189750404
9788126712359
9788173042591
9788126713981
9788181460653
9788181439925
9788170820901
9789391642068
9788126702961
9788176495608
9788123754215
9788178271019
9788121213448
9788170552048
9789388753548
9788121244886
9788194340102
9788194427308
9789380031651
9788178790916
9788194442929
9788120806689
9788194458890
9788179754542
9788189643102
9788171201433
9788189632052
9789388326001
9788178271156
9788170113393
9788126702794
9788170305347
9788121210416
9788123754994
9788170113171
9788126440696
9788172612313
9788178270821
9788194186618
9788126714759
9789389243123
9788181437761
9788126714919
9788178270289
9788181437754
9788189750268
9788194283799
9788187332671
9789389231472
9788176500555
9788170305224
9788194160540
9789391080563
9788170552093
9789350144534
9788181437914
9788121222495
9788171202553
9789389243918
9788194739883
9788126721207
9789380032566
9788126722266
9788189750206
9789382579175
9789350571842
9789350145142
9788121213394
9788174733375
9788187330509
9788170555599
9789350142516
9789350463369
9788126719631
9788181292094
9788126719334
9788126704460
9789380076423
9788187644620
9788174353290
9788189886196
9788120803596
9789389152135
9788126707355
9788171329052
9789350182895
9788172863326
9788179860885
9788193613337
9788123749006
9788177211238
9788181294210
9788189884604
9788172869748
9788177211184
9788181294302
9788189884147
9788175054288
9789350180600
9788121212601
9788123712901
9788126718764
9788181291967
9788120705654
9788178230412
9788193484876
9789389136524
9788121210935
9788120732681
9788170112235
9788126718795
9788123747590
9788195706051
9788181290793
9788123747545
9788123723280
9788193439456
9788120804258
9788187812166
9788123723273
9788126707416
9788193462119
9788170111702
9788189899349
9788189430467
9788181291523
9788189449001
9789313196303
9789387383777
9788126707614
9788120804920
9788189886837
9788181291714
9789350140239
9788170594802
9788174791467
9788177080056
9788126703012
9788178351117
9788181430656
9788178541440
9788170301271
9788171197941
9788189833497
9789382460923
9788189973179
9788126924561
9788121207683
9788189297107
9789350141397
9789381864180
9788175054455
9789350178348
9788189833244
9789390923731
9789388134408
9788121225915
9789388766005
9789380076911
9788123722467
9788123751092
9788171395446
9789390923977
9788122409840
9788177421552
9789350140253
9788195099511
9788170112006
9788179860403
9788189958565
9788189850128
9789393768674
9788189835125
9788181334374
9788126934997
9788178540894
9788189962814
9788170002604
9788126728817
9788178351230
9789387330931
9788121209205
9789350140888
9788172932190
9788179925881
9788189973131
9788121939188
9788177421200
9789381063132
9788195106349
9788181333636
9788126707218
9788189850289
9788121509343
9788176760539
9788171568741
9788122435900
9789385676178
9788120346659
9788174790927
9788120337947
9788128801945
9788120834262
9788128832796
9788189906511
9788179252949
9788174366764
9788121919432
9788126928989
9789351480372
9788131908365
9788186230404
9788124607589
9788121208734
9788124603765
9788125036586
9788187393603
9788171102730
9788126915675
9788123011202
9788122436723
9789381620304
9788173055386
9788170432418
9788121211796
9788173045677
9788189906153
9788120328679
9788178350561
9788177693300
9788121205665
9788173048036
9788191067323
9789381458136
9788170004318
9788122312577
9788129516794
9789350093481
9789350073421
9788174875259
9788171197200
9788124610350
9788179101667
9789383723669
9789381841136
9788171569694
9788172861926
9788122407716
9788172770358
9788123779683
9788171011858
9789381043011
9789350027363
9789384850593
9788120804906
9788171012091
9788126704972
9789351484325
9788124605394
9789352665310
9788175412927
9788120346543
9788170173793
9788189833923
9789352876358
9788175054417
9788183990820
9789352666546
9789389995022
9788129117823
9788124800034
9789350140475
9788171010127
9788193622216
9788183990936
9788126933471
9789390032532
9788126708321
9789351483717
9788193607534
9789350140093
9788126707867
9788172920357
9788178510477
9788172866495
9788122407600
9789350027110
9788172765668
9788184822670
9789350026595
9789387587892
9789381234143
9789390620111
9788120834545
9789388134439
9788189973186
9788171568789
9789352641000
9788175412255
9788120800489
9789390620043
9788174873453
9789388070980
9788178831473
9788189973377
9789388070492
9788189973407
9788189973414
9789388070362
9788178359243
9788170005025
9789350026229
9788171569199
9788126910366
9789353450663
9788170304388
9788171569458
9788126719228
9789385957277
9788193457870
9789350027059
9788193451830
9788178990224
9788193449400
9789384753436
9788170206804
9788178359601
9788193372821
9788175965461
9788120721210
9788126718986
9788174350312
9789390620296
9788184050813
9789380995939
9789380995731
9788189955359
9788178359458
9788183990714
9788172680183
9789394902374
9788189750633
9788124803929
9788170815075
9789351481546
9789350144664
9789390660803
9788194756064
9789350144442
9788183821476
9788122412406
9788124803493
9788194799801
9788126920440
9789388271066
9788173805509
9788183820165
9788194092179
9789388333474
9788124803448
9788194081951
9788126715336
9788122411942
9788126715343
9788126909957
9788173808364
9788170357308
9788126714728
9788170187028
9789381120002
9789352766444
9788125011606
9788173044014
9788183860246
9788179752302
9788121213608
9788183860734
9788183861625
9788183823395
9788122311723
9788178798264
9788175082694
9788189738662
9788194407140
9788171649181
9788129520937
9788126714506
9788194284642
9789350145241
9788178798240
9788171641727
9788126930340
9788121268776
9788120346703
9788124803233
9788175054677
9788121212816
9788124604441
9789350142134
9788170358374
9788170187882
9788124801796
9789352669783
9788175977501
9788126708581
9788175410336
9788124801628
9788124604595
9788171640317
9788170002710
9788120834026
9788129521507
9788171690800
9788175976412
9788174350688
9788178351056
9788171569977
9788175054493
9789353765712
9788170998426
9788178350097
9788176016278
9788194871439
9788173804373
9788178692241
9788189750671
9788174355348
9788126912995
9788120775565
9788122417418
9788124603932
9789351482239
9789387477216
9788175054745
9789389915709
9788179504666
9788174874597
9788175054776
9788172612818
9789352701841
9788170219699
9788173030406
9788171640829
9788122410976
9788193243640
9788170302728
9789388542104
9788175417946
9788170463542
9788121211536
9789390176656
9788178353913
9788173046803
9788191009293
9788178353920
9788175417557
9789390378104
9788121214346
9788123706504
9788183619042
9789385721007
9789381523650
9788184502961
9788123701424
9788190894500
9789350007594
9788175053083
9788170353188
9789350022429
9788171512409
9788190887731
9788175417939
9788123718101
9788123710631
9788173046780
9788178353807
9789350023570
9788178353821
9788178842806
9788178842943
9789350023488
9788175415188
9789350001820
9788121212076
9788184409703
9788175418127
9789385492723
9788183640640
9788183640602
9788184480269
9789350002841
9788183602037
9789350002919
9789352019403
9788183860000
9789380852003
9788121219631
9788178353869
9789350008010
9788178356006
9789350008263
9788123702292
9788183610339
9788183612159
9789384343309
9789351866152
9789384301569
9789350021392
9789381448120
9789350021309
9789385606236
9788170002000
9788183611329
9789350020586
9789390356959
9788170005995
9789381448908
9788123705545
9789381448946
9788184571011
9788190692922
9788175416710
9789384109103
9788172763541
9788171547623
9789351867159
9788178355702
9788190599023
9789381523124
9788175417250
9788190809504
9789350008614
9789390366705
9789350008904
9788121211581
9789350009130
9788123703473
9789390315598
9788183602556
9788190454674
9788123704043
9788123798844
9788123706344
9788171163601
9788172762346
9789381506684
9789351774808
9788175053366
9788123705903
9788123703794
9789351775805
9789350023716
9789393768155
9789352102396
9788121214223
9788129507730
9788126705276
9789384649265
9788123781501
9788173718878
9788184301199
9789387968080
9789387968004
9788170300304
9788172700645
9788175542488
9788170282853
9788170189138
9788124606346
9788171696031
9789387894273
9789385909313
9788172701536
9788124608739
9788174872456
9789384588663
9788172701543
9788170189503
9788171567980
9788178352589
9789353335366
9789385909535
9789352533046
9788171425044
9788171568383
9789327216295
9788178359076
9788124020791
9788123780542
9789384699970
9788171196272
9788170005322
9788129508980
9789387968509
9788171196012
9788129137494
9789353222208
9788183705851
9788178834696
9789387980440
9788184200805
9788178358796
9789387648432
9789352296552
9789352293612
9788184303155
9789380839202
9788124606438
9788123923055
9788175052710
9788124606902
9789392820304
9788123708515
9788170664697
9788192227573
9788124607534
9788129523501
9788124607145
9788174875921
9788175414679
9788190161749
9788175414754
9788190205436
9789380834023
9789380834580
9788183600644
9789350000618
9789350024072
9788170284642
9788171511464
9788171190850
9789381316993
9788192275901
9788192304731
9788120840645
9788172701550
9789352292592
9789332550124
9788171194438
9788178837512
9788123709185
9788178837956
9788178838359
9788175414174
9788178841618
9788123709161
9788122314526
9789393111463
9788171193516
9788123708652
9788122434071
9788172702342
9788121104043
9789390542260
9788174875884
9788178352978
9788170006527
9788128811838
9788170113416
9788121210324
9788188583041
9789389520934
9789351067948
9788172317584
9788176461924
9788121208796
9788186230183
9789389012927
9788186230299
9789390971169
9788175101227
9788170228325
9788176462631
9789390696970
9788176462761
9788188575152
9788174353818
9789382396338
9788177564075
9789355620286
9788186569146
9789382363064
9789383098132
9788172050948
9788176460651
9788186117101
9789350484401
9789350485620
9789351139423
9788182748927
9788188661329
9789351133612
9789382337171
9789382337263
9788123742083
9788123766553
9788188583911
9788174870599
9789350500224
9789350501184
9788170223832
9788121512596
9788120820258
9788122006919
9788126902767
9788170223986
9788182055155
9788126902750
9788126727667
9788126727766
9789386768377
9789386768346
9788126926138
9788187981732
9788170590705
9789382968665
9788121208369
9788126449866
9788170110590
9789386397812
9788186470466
9789386768780
9788123743127
9788177543292
9788188569137
9788182650183
9788172313937
9788131937884
9789390961832
9788126030132
9788188353033
9788172311544
9788174870032
9788123742939
9788126452958
9788170223955
9788172310509
9788174367952
9788170495598
9789386799593
9788186103029
9788186098974
9789380186504
9789383110872
9788180568299
9788180590429
9788170494591
9788185952475
9788126904143
9788170110033
9788123737669
9789380262772
9788170118947
9788180615764
9788185952680
9789390696321
9788185952857
9788126904105
9788126922260
9788185972213
9788123737737
9788126477388
9788185944166
9788170110026
9789388937726
9788123733166
9788185891057
9788172334482
9788170494294
9788171888573
9789350402887
9788122300246
9789380336008
9788171970001
9788177697148
9789387023734
9789350460955
9788183151108
9788170222859
9788185891743
9788120809895
9788183070164
9788188827695
9788170593362
9788126477067
9789386283702
9788177690248
9789350468289
9789394407190
9788176381161
9788188808410
9788177690095
9789350468739
9788172050672
9789351243496
9789380206462
9788186098608
9788186098653
9788186098707
9788182881068
9788176460156
9788170110064
9789386906342
9788123740065
9788170118701
9788174879530
9788185972459
9788121202312
9789386906571
9788177692495
9788121203036
9788177692204
9788185990095
9788120352643
9788125933120
9788180690587
9789388998680
9789350467312
9788123768014
9788177691221
9789350467497
9788126903498
9788176465557
9788186569535
9788172335113
9788187392477
9788126901753
9788181577702
9789350723449
9788123756349
9789380026022
9788126425570
9788126901678
9788126730674
9788187392033
9788121206549
9788170116684
9789389203820
9788126901401
9788181436689
9789380066189
9788187032731
9789393863959
9788174792211
9789382711322
9788170110996
9788170117094
9788123750941
9788123750958
9788181432001
9789380076195
9789380005874
9788187393658
9788126730049
9788172111311
9788181433435
9788186921197
9789382474159
9789382536000
9788170554691
9789382711766
9788186921500
9788187392668
9789350724422
9789350722183
9788187368724
9788123756110
9788173056666
9788131001899
9788120816176
9789382579700
9788170114819
9788181439918
9789380027869
9789350640395
9788171396337
9788181460769
9789350642375
9788170113744
9788170113690
9788170113409
9789382618003
9788123755144
9788120814042
9788170113423
9788123755434
9788187107408
9788131000007
9788170552185
9788173919848
9788181437525
9788181437716
9788126439188
9788170552581
9789380026886
9788126900978
9789350570135
9788123755502
9788187077367
9788123752976
9789389253344
9789350683026
9788187332466
9788123753324
9789380027463
9788170556428
9788170556503
9789380076232
9788170551102
9788170336105
9788170584636
9788187812821
9789386450326
9788187812814
9788181290120
9788174450319
9788171411511
9789382898528
9788187780397
9789393768551
9789386463173
9788120350632
9788172080594
9788187746591
9788186771525
9788123761824
9789386440884
9788174830197
9789380076881
9788187943051
9788170111030
9788176465748
9789386410726
9788172237196
9789350904862
9788170118039
9789386702845
9788187928034
9789357941853
9788120350557
9789356844360
9788170589235
9789357940009
9788170227045
9788170227038
9788187886242
9788177213904
9789386682437
9789350726686
9788176466639
9789390900381
9789350728918
9788170557371
9788181334060
9789386473783
9789386473790
9788177143225
9788181334404
9788172155735
9789350728024
9788181895486
9788177143065
9789350727836
9788130908281
9788123750347
9789386655882
9788186798096
9788174878595
9789380076331
9789350729373
9788177211283
9789389137668
9788170559863
9788123748535
9788170558149
9788186775257
9788181293961
9788170551669
9788170558095
9788123749358
9788172081737
9789350729779
9788170557852
9789350729663
9789389166101
9788177210958
9788181294968
9788123733142
9788126474752
9788125904359
9788179923733
9789351283898
9788185288994
9788173049576
9788170001614
9788185301143
9789388789769
9789351282792
9788176221832
9788176221337
9788120328235
9788189261306
9788176221719
9788170229797
9788179940181
9788174871657
9788123773278
9788170220688
9789386150813
9789351284239
9788171208296
9788171789085
9788170594383
9789386141415
9788170001621
9789380651187
9789388789516
9788171788644
9789383391479
9788179917770
9789387409156
9789383392032
9788185381138
9788173293481
9788170351023
9788185616315
9788123727714
9788176222754
9789387242388
9788185616216
9788185616254
9788123728117
9788185616360
9788175102187
9788176222914
9789351280132
9788120808294
9788170307846
9789351280002
9788183281270
9788126907250
9788121232548
9788122308600
9788121232500
9788180222351
9788121200813
9789354894053
9788180222290
9789354795435
9788130703862
9788128818295
9788179941522
9789388874250
9788170307419
9788189233310
9788170119593
9788170001355
9788126543953
9789387409521
9788126519064
9789351422570
9788170305545
9788120832480
9789387464308
9789387462670
9789351434238
9789383625543
9789383625390
9788185137377
9788121506892
9788170305743
9788123776378
9788170351443
9788172450182
9788176123204
9788123720432
9788171781522
9788121210249
9789351480129
9789383625567
9788126702138
9788171771783
9788123719498
9788178270784
9788123719429
9788185063997
9788170305415
9788129110367
9788126908813
9788178271057
9788123777696
9789386050526
9789389915228
9789350174913
9789389719826
9788185170329
9788185170114
9789386071897
9788179860342
9789383441754
9789351289180
9788179860373
9788174871732
9788172361235
9788170306795
9789351288107
9788170594680
9788170594666
9789350180594
9788179860809
9788170001768
9788121226301
9789350179147
9788170306672
9788178235493
9788179860045
9789350178645
9788170492733
9789350178591
9789350178294
9789389832860
9789382114642
9789354353086
9788123722436
9789350176306
9788185141336
9789350643297
9788183281218
9788126700257
9788129106032
9789386235022
9788174871237
9788170119258
9788180317316
9788180318009
9789350335703
9788170493754
9788180315411
9788123771205
9789380359335
9788188965427
9789386231604
9789389577266
9789350335482
9788178062181
9788171245598
9788180317880
9788120827547
9788125054351
9788176224420
9789350332399
9788125059073
9788121201063
9788171880928
9788174790323
9789380403076
9788180317675
9788183240505
9788121208932
9788176223447
9788180317637
9788170001133
9789388933476
9788121508582
9789380403168
9788120829459
9789387192461
9788170221951
9789392012037
9789389563986
9789389587548
9788170229377
9788185749174
9788176240789
9788180317132
9788174877420
9789382281429
9788185674339
9789350401064
9789350335420
9788120813939
9788122435344
9788184485929
9788121208772
9788186470480
9788131734483
9789353763411
9788120803244
9789385273711
9788121506243
9788121209052
9788122309041
9788194653851
9789352767052
9789385031519
9789352531653
9788128836145
9788120816831
9788121911429
9789392834172
9788128824807
9789391125592
9788122435788
9788126918294
9788126928613
9789382887423
9788178353173
9788173870446
9788121209526
9788177082272
9788170118893
9789381864104
9788120813724
9788170003618
9789381063521
9789386228833
9788170173724
9788120718838
9789392099298
9788121266000
9789380005478
9789390366200
9788120813663
9789390971398
9788121238526
9789382246701
9788120805507
9788121265942
9789387409866
9788121202428
9789383441198
9788121202435
9788120717145
9789381406786
9788170002017
9789394200029
9789389714135
9788170001164
9789383391851
9788170300991
9788121202510
9789386473264
9788120716247
9788132107507
9789381212158
9789352874248
9789393768773
9789386906595
9789389188622
9788170272489
9789389967203
9789384344023
9789380076249
9789390696352
9789389742657
9788121265980
9788170218821
9788120834224
9789394534353
9789383111961
9789386667540
9789394902961
9788170183532
9788120803039
9789380677392
9789381448137
9789353578114
9789391080877
9788170001904
9789390923700
9788170285946
9789387146068
9788170113089
9789393863478
9788170304142
9788120825017
9789381467848
9788121295499
9789382281177
9789380359687
9788121224406
9789387023604
9788121201223
9788120833371
9789380336831
9789383625291
9788121213455
9789389915464
9789386054517
9788170006206
9789382616726
9789390678297
9789352774937
9789352776146
9789380031385
9789381506608
9789383197330
9788170003052
9789383684007
9789352808311
9789380027845
9788170006107
9789393863409
9789388292931
9789391125868
9789390166923
9789383684380
9789389867343
9789388753968
9789382536635
9789353764814
9789380070261
9788170116882
9789388753982
9789388247627
9788120719897
9789393986153
9788170117155
9789388241816
9789354353413
9788170288039
9789386001368
9788121206426
9789386582935
9789393768919
9789386001993
9788120353060
9788121225021
9789382563204
9788121213257
9788170187462
9789387457669
9788120817371
9789354350078
9789383684182
9789387496743
9789380852157
9789385160950
9789391759254
9789393863249
9789393768643
9788120804739
9788170189947
9788170112372
9789389000559
9789385755958
9788120820388
9789353270018
9789393768452
9788170221791
9789353224271
9788170005551
9789389109757
9789353224387
9789386863942
9789386867018
9789382993186
9789355210845
9789383098453
9789353225476
9789389598025
9789385909375
9789389053067
9788120324978
9789353224172
9789387894075
9789381351529
9789387968424
9789387968240
9789394902671
9789386200297
9789386200594
9788121230223
9789386799654
9789392210037
9788170354666
9789386338624
9788120841048
9788120810518
9788170194644
9789353222802
9789382193012
9788170119524
9789385755910
9788170001263
9789386316103
9788121201018
9789385854569
9789381325193
9788120834842
9788121242264
9788121204569
9789381325346
9789386871626
9789380864440
9789380183220
9789355213501
9789380183565
9789388933117
9789380534305
9789386871664
9789395737005
9789380183701
9789386871879
9789380534435
9789355213037
9789380186054
9788120321953
9789390477463
9789384502904
9788170194569
9789384502850
9788170307723
9788170303459
9789394902695
9789390696802
9788170330134
9788120836907
9789353227159
9788121208819
9789353229313
9780198602279
9780198605201
9780198607397
9780198608998
9780198610465
9780198611059
9780198612308
9780198612315
9780198645078
9780198706656
9780198710134
9780198710226
9780198710899
9780198715788
9780198715863
9780198720119
9780198720454
9780198720591
9780198722540
9780198730408
9780198730644
9780198740278
9780198740360
9780198740988
9780198741664
9780198753605
9780198761143
9780198762232
9780198763208
9780198768463
9780198770473
9780198770527
9780198770596
9780198771685
9780198771883
9780198771975
9780198772477
9780198772729
9780198774075
9780198774914
9780198780267
9780198794028
9780198799795
9780198811299
9780198811503
9780198812340
9780198813002
9780198815334
9780198826910
9780198830634
9780198838555
9780198850632
9780198853800
9780198853923
9780198858423
9780198870395
9780198870968
9780198880097
9780198880530
9780198880554
9780198880769
9780198911043
9780198932635
9780199000333
9780199002108
9780199002375
9780199003297
9780199003327
9780199003341
9780199003631
9780199006915
9780199007417
9780199007530
9780199007905
9780199008346
9780199008414
9780199009367
9780199010998
9780199013128
9780199013319
9780199015214
9780199016136
9780199018581
9780199018987
9780199019137
9780199020737
9780199021352
9780199025398
9780199025411
9780199026050
9780199026654
9780199033874
9780199037445
9780199038374
9780199039609
9780199068593
9780199100095
9780199100439
9780199100545
9780199100712
9780199101061
9780199101108
9780199101115
9780199101139
9780199102808
9780199102938
9780199103157
9780199103188
9780199103751
9780199104277
9780199104819
9780199105212
9780199105465
9780199107674
9780199108435
9780199109814
9780199110094
9780199110988
9780199111022
9780199111077
9780199113491
9780199115839
9780199118540
9780199118571
9780199120123
9780199120130
9780199120734
9780199121441
9780199121465
9780199122035
9780199122059
9780199122080
9780199126347
9780199127900
9780199128938
9780199129171
9780199129379
9780199131938
9780199132690
9780199132768
9780199132782
9780199133376
9780199133659
9780199133703
9780199133888
9780199136087
9780199141524
9780199142293
9780199143313
9780199143320
9780199143344
9780199144037
9780199144044
9780199144228
9780199146703
9780199147984
9780199148110
9780199151530
9780199151547
9780199153220
9780199153442
9780199153510
9780199155187
9780199156436
9780199157501
9780199157518
9780199157693
9780199158102
9780199158546
9780199158645
9780199158775
9780199158812
9780199158829
9780199158874
9780199159246
9780199159277
9780199160730
9780199161942
9780199163830
9780199164448
9780199166381
9780199170043
9780199170210
9780199170227
9780199170302
9780199170319
9780199170548
9780199170623
9780199170968
9780199171002
9780199171200
9780199171323
9780199171415
9780199172085
9780199173778
9780199174546
9780199175260
9780199180066
9780199180486
9780199181582
9780199181605
9780199182565
9780199183241
9780199183272
9780199183333
9780199185900
9780199192557
9780199197309
9780199197668
9780199198757
9780199199143
9780199205035
9780199210275
9780199221165
9780199224869
9780199231232
9780199239559
9780199245079
9780199248070
9780199254996
9780199255269
9780199264100
9780199264216
9780199271030
9780199289073
9780199327218
9780199412051
9780199412792
9780199441266
9780199441273
9780199441365
9780199441402
9780199491476
9780199515417
9780199534401
9780199544257
9780199553082
9780199557462
9780199564491
9780199567621
9780199568475
9780199575916
9780199585113
9780199632046
9780199654239
9780199654253
9780199690930
9780199696062
9780900000003
9780900000225
9780900000782
9780900000973
9780900001017
9780900001062
9780900001277
9780900001376
9780900001567
9780900003165
9780900012228
9780900015434
9780900019258
9780900019517
9780900023033
9780900028052
9780900029141
9780900036262
9780900052354
9780900052422
9780900054747
9780900058882
9780900063060
9780900063107
9780900068270
9780900074042
9780900075117
9780900075179
9780900075209
9780900075407
9780900075513
9780900075667
9780900075865
9780900075889
9780900076039
9780900085031
9780900085123
9780900085154
9780900085239
9780900087608
9780900090004
9780900090745
9780900090967
9780900092008
9780900092237
9780900092305
9780900093029
9780900093159
9780900093197
9780900093425
9780900093531
9780900094606
9780900095948
9780900102721
9780900102738
9780900102745
9780900102851
9780900102943
9780900117053
9780900123443
9780900125133
9780900131042
9780900131301
9780900131448
9780900131691
9780900137228
9780900145575
9780900145629
9780900162220
9780900162718
9780900162725
9780900162824
9780900162879
9780900162930
9780900164002
9780900169007
9780900178030
9780900184048
9780900184253
9780900184499
9780900185618
9780900186820
9780900187254
9780900187278
9780900197796
9780900197932
9780900197956
9780900199332
9780900222115
9780900226137
9780900227165
9780900227332
9780900227592
9780900227691
9780900227783
9780900246876
9780900246999
9780900265181
9780900272233
9780900284519
9780900285233
9780900293023
9780900306044
9780900306464
9780900309021
9780900312175
9780900312243
9780900312397
9780900312526
9780900313219
9780900313370
9780900313394
9780900322020
9780900332203
9780900335327
9780900336386
9780900341335
9780900346064
9780900346361
9780900346873
9780900349447
9780900360312
9780900360435
9780900360466
9780900360473
9780900360763
9780900361999
9780900362361
9780900362415
9780900362712
9780900368400
9780900372179
9780900372827
9780900372872
9780900372902
9780900382420
9780900384943
9780900386183
9780900386626
9780900389030
9780900389054
9780900389245
9780900389306
9780900390005
9780900390036
9780900391118
9780900391255
9780900394140
9780900394218
9780900395796
9780900397202
9780900397233
9780900397462
9780900404269
9780900406164
9780900406546
9780900406720
9780900406768
9780900409196
9780900409349
9780900409417
9780900409516
9780900409837
9780900411144
9780900411236
9780900411779
9780900411908
9780900414008
9780900414091
9780900414213
9780900414329
9780900414343
9780900414398
9780900414558
9780900417252
9780900422300
9780900424007
9780900424250
9780900424731
9780900424984
9780900426551
9780900426650
9780900426667
9780900426698
9780900426919
9780900426940
9780900433016
9780900433023
9780900433450
9780900433795
9780900439049
9780900439568
9780900439599
9780900457197
9780900457562
9780900469435
9780900470165
9780900488153
9780900490316
9780900498138
9780900519017
9780900519093
9780900523038
9780900523144
9780900523403
9780900523656
9780900528446
9780900533112
9780900534294
9780900537288
9780900537325
9780900541087
9780900541797
9780900547485
9780900549311
9780900549342
9780900549724
9780900549854
9780900549892
9780900549908
9780900550010
9780900550034
9780900556524
9780900556609
9780900556715
9780900556814
9780900556999
9780900558191
9780900564000
9780900568060
9780900574566
9780900575075
9780900575099
9780900575976
9780900586903
9780900587139
9780900587306
9780900587351
9780900587580
9780900588112
9780900588310
9780900592164
9780900592317
9780900592416
9780900592546
9780900592713
9780900592799
9780900596162
9780900597015
9780900599910
9780900611070
9780900611643
9780900612329
9780900612688
9780900613494
9780900616822
9780900626197
9780900626692
9780900629143
9780900629655
9780900629952
9780900630194
9780900630682
9780900630736
9780900641657
9780900641787
9780900641947
9780900641978
9780900648250
9780900657634
9780900657719
9780900658327
9780900658358
9780900658365
9780900658563
9780900658655
9780900658679
9780900660559
9780900661389
9780900664045
9780900671326
9780900675768
9780900675935
9780900687150
9780900687174
9780900689062
9780900689635
9780900696022
9780900696671
9780900696848
9780900700507
9780900707018
9780900707612
9780900707766
9780900708695
9780900727481
9780900730009
9780900730207
9780900730443
9780900730481
9780900730610
9780900730689
9780900730733
9780900733116
9780900733130
9780900733147
9780900735387
9780900739064
9780900739224
9780900741241
9780900741715
9780900746178
9780900746284
9780900746376
9780900746475
9780900749544
9780900751653
9780900751929
9780900761355
9780900767425
9780900768873
9780900768934
9780900771347
9780900774300
9780900785078
9780900785177
9780900791178
9780900800191
9780900804076
9780900804243
9780900806384
9780900807213
9780900807343
9780900807510
9780900814426
9780900814501
9780900814518
9780900814556
9780900814570
9780900820137
9780900821110
9780900821509
9780900821547
9780900822032
9780900828843
9780900828966
9780900834202
9780900835063
9780900839405
9780900841118
9780900841330
9780900841521
9780900841644
9780900841798
9780900848513
9780900850912
9780900855429
9780900855658
9780900855894
9780900860133
9780900860720
9780900869075
9780900869242
9780900871283
9780900873249
9780900873447
9780900874116
9780900874222
9780900874253
9780900874512
9780900874604
9780900874710
9780900874727
9780900878985
9780900889691
9780900889783
9780900891052
9780900891229
9780900891427
9780900891595
9780900898594
9780900903359
9780900903755
9780900911217
9780900918209
9780900926266
9780900926280
9780900928215
9780900928468
9780900928918
9780900928970
9780900938573
9780900939945
9780900943270
9780900943348
9780900943478
9780900943546
9780900943584
9780900943737
9780900943973
9780900946745
9780900948077
9780900948152
9780900948510
9780900952005
9780900953866
9780900955099
9780900955129
9780900955211
9780900955297
9780900955327
9780900955495
9780900955600
9780900958014
9780900959028
9780900961076
9780900962004
9780900962141
9780900963216
9780900963308
9780900963315
9780900963339
9780900963346
9780900963728
9780900963766
9780900963896
9780900963971
9780900977183
9780900977374
9780900977404
9780900977688
9780900983894
9780900994050
9780900997099
9780900997358
9780901023452
9780901032102
9780901061546
9780901061690
9780901072184
9780901072252
9780901072399
9780901072627
9780901072672
9780901072702
9780901072986
9780901091086
9780901091505
9780901091710
9780901096623
9780901100214
9780901100481
9780901100580
9780901100979
9780901105066
9780901108814
9780901108937
9780901111050
9780901115010
9780901115485
9780901115508
9780901115522
9780901115560
9780901115577
9780901115799
9780901116901
9780901120755
9780901132000
9780901149183
9780901149237
9780901149350
9780901150240
9780901158062
9780901158222
9780901171511
9780901179340
9780901179760
9780901180469
9780901182005
9780901182029
9780901194060
9780901196170
9780901196675
9780901198167
9780901204547
9780901225344
9780901225368
9780901225696
9780901230140
9780901230423
9780901242242
9780901244192
9780901249241
9780901260888
9780901269539
9780901272805
9780901273130
9780901273147
9780901275349
9780901275455
9780901275608
9780901275752
9780901281227
9780901281401
9780901281876
9780901283047
9780901283160
9780901291103
9780901291547
9780901291776
9780901297143
9780901299635
9780901307354
9780901307750
9780901311146
9780901311344
9780901314192
9780901324214
9780901332370
9780901332516
9780901332653
9780901332714
9780901332806
9780901332905
9780901333049
9780901333094
9780901333186
9780901333322
9780901333452
9780901335289
9780901337474
9780901337894
9780901337986
9780901348449
9780901354631
9780901361592
9780901361608
9780901361615
9780901366535
9780901366856
9780901366955
9780901381118
9780901388292
9780901388582
9780901388599
9780901388629
9780901389701
9780901420046
9780901426918
9780901437945
9780901446022
9780901449108
9780901450340
9780901461155
9780901461162
9780901486318
9780901486523
9780901486714
9780901486868
9780901486929
9780901486967
9780901500380
9780901516268
9780901516404
9780901516442
9780901516961
9780901519689
9780901534316
9780901538147
9780901546944
9780901549082
9780901559708
9780901564399
9780901564405
9780901564511
9780901564566
9780901564597
9780901565082
9780901571007
9780901571045
9780901571052
9780901571090
9780901571335
9780901571342
9780901571441
9780901571700
9780901571908
9780901571939
9780901573483
9780901577245
9780901586513
9780901586575
9780901586728
9780901586872
9780901586988
9780901588012
9780901588098
9780901598561
9780901601087
9780901601100
9780901601131
9780901601155
9780901601322
9780901601629
9780901603029
9780901606372
9780901617163
9780901625540
9780901627674
9780901627704
9780901628442
9780901644091
9780901657206
9780901667106
9780901667243
9780901673312
9780901675002
9780901675156
9780901680365
9780901680655
9780901684592
9780901684790
9780901684806
9780901699589
9780901702326
9780901710307
9780901710604
9780901714121
9780901714503
9780901714558
9780901715524
9780901715548
9780901715562
9780901715593
9780901715777
9780901715807
9780901720023
9780901720573
9780901726162
9780901733092
9780901755070
9780901755933
9780901759078
9780901759399
9780901759764
9780901761149
9780901762207
9780901764737
9780901771414
9780901777324
9780901790040
9780901791061
9780901791450
9780901793041
9780901797438
9780901800039
9780901800275
9780901800961
9780901802569
9780901805102
9780901805126
9780901805430
9780901819475
9780901824608
9780901829801
9780901833785
9780901833945
9780901842176
9780901846006
9780901860101
9780901877239
9780901878465
9780901905406
9780901906106
9780901908186
9780901922304
9780901924407
9780901924445
9780901924544
9780901931184
9780901938053
9780901952875
9780901956538
9780901958044
9780901974006
9780901976352
9780901976741
9780901976819
9780901981387
9780901981745
9780901987822
9780901988515
9780902010116
9780902028036
9780902028227
9780902028609
9780902028623
9780902030718
9780902030794
9780902037083
9780902054691
9780902063136
9780902087149
9780902087415
9780902088139
9780902088535
9780902088603
9780902088856
9780902122567
9780902129092
9780902129351
9780902129443
9780902130821
9780902137080
9780902145078
9780902145696
9780902152199
9780902154070
9780902158221
9780902164338
9780902165243
9780902173644
9780902173859
9780902178151
9780902194427
9780902194625
9780902197251
9780902197459
9780902197572
9780902197817
9780902205109
9780902205574
9780902205727
9780902220287
9780902220881
9780902226913
9780902227040
9780902227071
9780902227118
9780902228443
9780902230033
9780902231825
9780902238084
9780902238428
9780902240179
9780902240230
9780902240438
9780902241428
9780902241466
9780902241589
9780902241626
9780902241794
9780902248038
9780902252080
9780902260214
9780902262003
9780902272095
9780902272811
9780902279087
9780902280069
9780902280229
9780902280564
9780902280724
9780902280939
9780902294028
9780902308442
9780902308633
9780902308855
9780902331624
9780902357204
9780902363052
9780902363168
9780902363205
9780902363496
9780902363731
9780902363762
9780902363830
9780902363854
9780902363885
9780902363939
9780902368200
9780902368255
9780902372054
9780902375314
9780902375420
9780902385252
9780902386129
9780902397828
9780902400191
9780902406636
9780902406797
9780902420069
9780902420199
9780902424036
9780902426054
9780902436213
9780902436398
9780902457980
9780902466005
9780902470309
9780902470620
9780902479005
9780902506381
9780902509733
9780902511217
9780902531611
9780902541092
9780902541290
9780902548244
9780902548800
9780902550148
9780902550520
9780902561618
9780902561625
9780902561649
9780902568228
9780902568235
9780902616233
9780902616370
9780902616936
9780902620544
9780902628632
9780902628786
9780902633469
9780902633742
9780902633759
9780902633940
9780902637030
9780902641006
9780902653313
9780902653641
9780902653863
9780902653931
9780902660236
9780902660267
9780902660434
9780902662582
9780902668010
9780902675599
9780902683075
9780902683778
9780902692152
9780902703124
9780902724020
9780902726437
9780902743120
9780902743304
9780902743328
9780902743397
9780902743601
9780902748309
9780902750005
9780902751224
9780902751248
9780902751323
9780902751392
9780902752764
9780902767492
9780902771888
9780902771949
9780902781016
9780902782099
9780902791015
9780902793453
9780902804067
9780902809314
9780902813199
9780902813205
9780902816121
9780902817746
9780902818118
9780902818255
9780902818378
9780902818385
9780902818590
9780902818613
9780902818699
9780902832176
9780902833029
9780902833326
9780902833586
9780902833807
9780902833944
9780902833951
9780902835047
9780902836013
9780902843547
9780902844124
9780902844308
9780902844438
9780902844469
9780902844605
9780902852495
9780902859159
9780902859524
9780902859753
9780902859944
9780902875135
9780902875173
9780902875258
9780902875319
9780902875517
9780902875784
9780902888043
9780902888142
9780902888210
9780902888685
9780902888692
9780902888814
9780902888821
9780902888920
9780902888999
9780902899414
9780902899704
9780902899957
9780902907065
9780902907164
9780902907188
9780902907300
9780902907430
9780902907591
9780902920798
9780902921115
9780902921214
9780902921221
9780902921818
9780902935013
9780902940093
9780902958142
9780902978072
9780902978089
9780902983991
9780902989689
9780902996779
9780902999084
9780903001069
9780903001458
9780903001571
9780903009140
9780903031578
9780903035033
9780903035088
9780903035125
9780903039086
9780903044011
9780903044059
9780903065276
9780903065368
9780903065443
9780903065887
9780903074537
9780903076265
9780903101622
9780903101912
9780903102186
9780903102360
9780903102551
9780903102568
9780903102636
9780903102681
9780903107013
9780903114134
9780903116046
9780903121934
9780903138536
9780903148658
9780903148672
9780903162821
9780903166126
9780903166423
9780903169059
9780903192255
9780903193139
9780903201056
9780903203012
9780903204156
9780903207201
9780903234016
9780903234207
9780903234238
9780903261135
9780903261296
9780903264167
9780903264280
9780903264341
9780903264358
9780903270076
9780903281065
9780903290272
9780903290319
9780903290395
9780903291088
9780903317894
9780903322256
9780903330107
9780903335119
9780903346023
9780903348003
9780903348423
9780903348539
9780903352321
9780903355148
9780903356091
9780903363181
9780903366106
9780903366182
9780903375290
9780903384025
9780903384131
9780903384216
9780903384353
9780903393379
9780903393706
9780903400169
9780903400268
9780903400510
9780903400572
9780903406000
9780903413077
9780903434027
9780903434065
9780903434706
9780903436045
9780903443258
9780903443432
9780903445276
9780903450089
9780903450249
9780903450911
9780903463171
9780903463300
9780903463836
9780903466202
9780903469029
9780903471565
9780903479141
9780903485210
9780903485234
9780903485333
9780903485708
9780903485951
9780903486347
9780903505741
9780903512039
9780903512299
9780903524155
9780903524186
9780903524209
9780903540063
9780903540629
9780903545525
9780903549011
9780903556774
9780903585286
9780903586108
9780903608329
9780903608442
9780903608718
9780903616218
9780903619011
9780903623049
9780903625418
9780903643009
9780903652445
9780903666152
9780903675000
9780903676137
9780903681063
9780903683821
9780903685528
9780903695015
9780903701013
9780903701112
9780903703628
9780903736237
9780903736305
9780903747059
9780903754026
9780903754149
9780903754361
9780903754446
9780903754972
9780903754996
9780903755177
9780903758611
9780903758963
9780903767255
9780903767330
9780903772105
9780903774338
9780903793100
9780903793339
9780903798075
9780903798242
9780903798372
9780903798433
9780903798921
9780903798969
9780903802055
9780903802109
9780903802147
9780903802208
9780903802291
9780903802314
9780903802499
9780903802604
9780903802697
9780903802741
9780903802758
9780903802796
9780903804035
9780903804172
9780903804196
9780903811217
9780903811231
9780903829007
9780903838016
9780903839006
9780903843041
9780903843188
9780903843225
9780903843263
9780903843331
9780903852074
9780903852418
9780903852616
9780903852791
9780903854504
9780903857062
9780903857666
9780903858021
9780903863001
9780903872591
9780903872690
9780903873093
9780903895040
9780903895095
9780903895132
9780903895224
9780903895477
9780903908108
9780903908252
9780903908306
9780903908658
9780903908764
9780903908962
9780903909891
9780903909976
9780903912020
9780903917025
9780903925273
9780903925495
9780903931335
9780903931540
9780903931588
9780903932233
9780903937306
9780903937665
9780903963824
9780903963978
9780903967235
9780903967457
9780903970068
9780903975254
9780903975315
9780903981118
9780903981125
9780903983198
9780903983235
9780903983686
9780903986175
9780903986267
9780903986311
9780903986335
9780903986472
9780903986656
9780903997485
9780903997584
9780903997744
9780903997867
9780903997973
9780904000078
9780904002096
9780904002638
9780904002836
9780904002942
9780904002980
9780904005059
9780904014266
9780904015294
9780904041040
9780904041170
9780904041620
9780904041804
9780904041811
9780904041866
9780904041897
9780904054125
9780904066357
9780904093964
9780904095395
9780904105018
9780904110104
9780904110319
9780904110661
9780904110845
9780904110968
9780904112009
9780904117004
9780904117349
9780904131079
9780904139518
9780904139723
9780904139983
9780904147117
9780904147735
9780904152050
9780904179613
9780904181593
9780904181814
9780904208504
9780904208955
9780904210095
9780904220070
9780904226003
9780904234022
9780904235135
9780904237405
9780904242188
9780904242300
9780904247428
9780904247565
9780904247657
9780904256451
9780904265279
9780904282696
9780904286410
9780904286496
9780904286663
9780904286786
9780904286878
9780904287240
9780904287578
9780904287684
9780904288049
9780904291025
9780904302141
9780904302479
9780904312058
9780904318166
9780904346022
9780904355031
9780904357875
9780904365108
9780904377026
9780904378146
9780904378498
9780904379358
9780904383867
9780904387025
9780904387377
9780904387568
9780904387605
9780904387797
9780904387827
9780904387957
9780904388213
9780904388299
9780904393712
9780904398229
9780904399219
9780904404210
9780904404623
9780904405200
9780904405675
9780904405682
9780904405941
9780904406092
9780904406207
9780904406313
9780904406320
9780904428254
9780904440072
9780904444131
9780904454239
9780904454611
9780904461596
9780904464108
9780904464122
9780904478006
9780904478181
9780904490237
9780904491012
9780904491371
9780904491401
9780904491531
9780904491609
9780904499049
9780904505856
9780904507041
9780904520880
9780904520934
9780904520965
9780904521993
9780904524345
9780904524437
9780904526165
9780904532043
9780904532401
9780904533439
9780904533682
9780904533750
9780904534085
9780904537000
9780904558623
9780904564228
9780904568288
9780904568318
9780904571042
9780904573107
9780904573688
9780904576047
9780904579208
9780904586022
9780904586039
9780904586046
9780904588194
9780904588538
9780904588576
9780904588729
9780904588880
9780904593181
9780904597011
9780904597493
9780904597622
9780904597882
9780904609370
9780904613186
9780904613216
9780904613247
9780904614022
9780904614077
9780904614299
9780904623963
9780904640045
9780904642049
9780904644517
9780904644524
9780904644876
9780904644890
9780904651126
9780904651447
9780904671186
9780904671193
9780904675238
9780904677584
9780904677706
9780904677874
9780904678024
9780904681451
9780904693362
9780904693416
9780904693553
9780904693706
9780904693744
9780904693799
9780904693935
9780904711158
9780904711653
9780904711691
9780904711776
9780904711806
9780904713152
9780904717334
9780904717471
9780904720273
9780904724493
9780904724806
9780904727043
9780904727463
9780904727937
9780904738001
9780904745016
9780904748000
9780904748383
9780904748499
9780904759105
9780904759419
9780904759518
9780904759587
9780904759723
9780904759853
9780904767216
9780904775648
9780904784213
9780904804409
9780904811124
9780904818260
9780904818277
9780904818451
9780904824001
9780904836158
9780904836363
9780904836639
9780904844115
9780904845464
9780904847338
9780904847390
9780904849387
9780904849400
9780904852851
9780904864311
9780904864953
9780904866049
9780904866681
9780904866957
9780904889185
9780904889574
9780904917000
9780904918052
9780904919271
9780904919554
9780904919745
9780904920192
9780904920239
9780904924633
9780904928082
9780904929270
9780904938197
9780904939279
9780904950939
9780904969108
9780904975161
9780904978063
9780904978186
9780904978230
9780904978353
9780904984972
9780904996418
9780905002002
9780905005065
9780905005300
9780905005355
9780905005645
9780905005997
9780905015125
9780905018027
9780905018171
9780905018485
9780905025001
9780905028286
9780905028880
9780905031347
9780905031682
9780905031835
9780905031866
9780905032276
9780905033136
9780905045085
9780905045627
9780905046136
9780905046150
9780905049458
9780905054124
9780905062167
9780905064017
9780905069005
9780905069012
9780905069272
9780905071039
9780905071084
9780905086002
9780905092102
9780905092461
9780905099187
9780905099620
9780905099910
9780905100364
9780905100685
9780905100913
9780905106045
9780905114682
9780905117713
9780905117751
9780905117782
9780905118772
9780905138619
9780905138756
9780905138770
9780905138978
9780905140438
9780905140834
9780905149097
9780905150055
9780905155265
9780905157054
9780905164991
9780905169682
9780905169828
9780905169941
9780905173801
9780905175096
9780905178059
9780905184074
9780905192291
9780905195094
9780905203553
9780905203966
9780905205618
9780905209289
9780905209364
9780905209418
9780905209999
9780905210131
9780905210667
9780905210926
9780905212005
9780905214160
9780905214429
9780905220512
9780905220567
9780905222523
9780905223131
9780905249124
9780905249421
9780905260006
9780905263571
9780905263663
9780905268484
9780905269030
9780905270005
9780905270272
9780905270586
9780905270920
9780905270968
9780905273082
9780905273556
9780905285320
9780905285481
9780905285900
9780905289601
9780905289748
9780905291017
9780905291062
9780905291260
9780905291321
9780905291666
9780905291710
9780905291901
9780905293004
9780905297170
9780905310107
9780905310183
9780905312729
9780905312743
9780905312804
9780905340111
9780905343105
9780905347547
9780905355375
9780905364018
9780905367064
9780905368122
9780905377155
9780905377537
9780905391151
9780905392196
9780905392226
9780905418216
9780905418377
9780905422282
9780905422619
9780905435060
9780905457031
9780905459240
9780905459295
9780905459387
9780905459462
9780905459851
9780905466125
9780905466484
9780905466705
9780905466934
9780905469119
9780905469805
9780905475141
9780905478258
9780905478456
9780905483139
9780905483177
9780905483344
9780905488950
9780905489537
9780905489728
9780905489780
9780905490014
9780905490267
9780905492223
9780905500041
9780905500737
9780905500744
9780905512013
9780905514017
9780905521503
9780905521534
9780905521800
9780905540078
9780905540092
9780905540320
9780905559728
9780905559735
9780905559858
9780905574066
9780905578163
9780905588001
9780905617244
9780905617411
9780905617657
9780905617800
9780905617817
9780905617879
9780905634173
9780905649047
9780905649252
9780905649467
9780905649689
9780905652665
9780905664095
9780905679068
9780905691077
9780905691169
9780905691268
9780905694412
9780905694832
9780905695112
9780905702193
9780905702841
9780905703190
9780905703596
9780905712185
9780905743431
9780905743899
9780905747033
9780905762135
9780905762302
9780905762951
9780905762968
9780905772387
9780905772394
9780905772431
9780905774060
9780905775012
9780905775791
9780905778082
9780905778235
9780905778457
9780905778617
9780905778778
9780905794051
9780905794099
9780905794112
9780905794204
9780905794532
9780905835921
9780905836218
9780905836706
9780905837291
9780905838021
9780905849126
9780905858111
9780905858142
9780905858371
9780905858395
9780905858401
9780905858449
9780905858456
9780905858920
9780905863184
9780905865027
9780905868042
9780905878034
9780905895000
9780905895659
9780905895697
9780905899008
9780905899817
9780905903217
9780905903309
9780905906096
9780905906638
9780905906683
9780905906782
9780905911052
9780905916118
9780905926056
9780905926070
9780905927923
9780905928012
9780905928036
9780905928555
9780905928906
9780905937205
9780905945095
9780905946153
9780905947006
9780905958224
9780905958699
9780905974057
9780905974316
9780905974453
9780905974460
9780905977065
9780905978055
9780905978079
9780905978291
9780905978604
9780905978772
9780905981031
9780905997001
9780905998039
9780905998053
9780905998664
9780906006573
9780906006597
9780906006900
9780906008065
9780906008201
9780906008478
9780906008584
9780906008607
9780906011843
9780906025222
9780906025338
9780906025345
9780906025437
9780906025550
9780906026106
9780906026441
9780906042113
9780906042168
9780906042212
9780906048054
9780906048634
9780906048917
9780906053140
9780906053270
9780906053959
9780906070062
9780906071090
9780906071182
9780906071496
9780906071861
9780906073339
9780906074145
9780906081044
9780906081075
9780906083260
9780906085226
9780906090107
9780906091098
9780906097090
9780906110614
9780906114124
9780906116173
9780906116203
9780906116241
9780906121092
9780906123096
9780906124055
9780906124079
9780906127988
9780906133095
9780906133101
9780906133217
9780906134191
9780906137239
9780906137260
9780906138694
9780906160084
9780906169285
9780906169490
9780906169544
9780906169650
9780906176009
9780906181232
9780906187302
9780906198889
9780906199008
9780906210000
9780906212905
9780906214350
9780906219416
9780906223024
9780906223147
9780906224069
9780906224687
9780906224878
9780906227022
9780906227305
9780906229149
9780906253366
9780906265239
9780906265338
9780906280508
9780906286012
9780906286203
9780906286340
9780906286357
9780906290071
9780906290255
9780906294031
9780906294123
9780906294291
9780906294413
9780906294550
9780906294604
9780906294628
9780906294642
9780906299036
9780906312490
9780906320068
9780906320457
9780906322291
9780906324196
9780906330425
9780906337523
9780906348192
9780906348444
9780906348451
9780906354032
9780906354063
9780906358740
9780906363003
9780906366035
9780906367100
9780906367407
9780906367421
9780906367452
9780906367476
9780906367551
9780906370414
9780906371763
9780906374160
9780906379011
9780906383001
9780906383179
9780906390023
9780906391563
9780906391655
9780906391709
9780906393055
9780906393406
9780906393970
9780906404041
9780906404126
9780906422007
9780906423004
9780906427149
9780906427538
9780906427910
9780906428085
9780906447253
9780906447314
9780906450000
9780906456408
9780906456422
9780906456866
9780906456910
9780906472163
9780906474259
9780906474785
9780906480090
9780906490068
9780906495254
9780906495308
9780906495506
9780906495575
9780906495643
9780906495698
9780906500064
9780906500217
9780906500286
9780906500330
9780906506028
9780906506127
9780906517468
9780906520437
9780906520451
9780906520529
9780906520758
9780906520987
9780906524039
9780906525180
9780906525210
9780906527634
9780906533031
9780906534625
9780906540060
9780906540770
9780906549155
9780906552087
9780906552094
9780906552179
9780906552346
9780906552421
9780906558577
9780906558669
9780906561072
9780906579046
9780906579343
9780906579817
9780906579930
9780906582015
9780906582282
9780906582480
9780906584347
9780906584569
9780906589854
9780906591031
9780906601464
9780906601877
9780906602348
9780906602584
9780906602645
9780906602737
9780906606063
9780906619063
9780906651049
9780906653012
9780906655085
9780906664148
9780906671580
9780906671672
9780906671696
9780906672044
9780906672495
9780906674413
9780906691861
9780906704141
9780906717431
9780906717844
9780906720011
9780906730638
9780906731109
9780906731116
9780906731352
9780906731932
9780906731949
9780906741375
9780906741429
9780906747117
9780906753187
9780906754863
9780906759189
9780906759196
9780906759820
9780906772461
9780906772515
9780906772539
9780906772614
9780906772713
9780906782590
9780906783030
9780906783436
9780906786437
9780906787007
9780906791127
9780906795361
9780906795712
9780906795996
9780906798386
9780906798454
9780906798508
9780906812679
9780906813201
9780906821534
9780906821824
9780906829110
9780906853047
9780906859018
9780906860526
9780906864807
9780906867068
9780906867136
9780906867211
9780906867396
9780906867433
9780906867495
9780906867532
9780906867648
9780906867655
9780906867761
9780906867792
9780906867891
9780906881026
9780906886212
9780906887677
9780906887905
9780906890288
9780906890431
9780906890547
9780906893012
9780906896037
9780906896075
9780906896426
9780906896457
9780906896631
9780906896730
9780906896761
9780906898000
9780906899328
9780906899687
9780906899830
9780906908310
9780906908563
9780906908846
9780906909003
9780906917176
9780906922033
9780906922057
9780906923276
9780906923757
9780906927236
9780906932063
9780906938225
9780906946503
9780906952016
9780906957011
9780906957028
9780906969342
9780906969410
9780906969731
9780906969915
9780906972083
9780906973325
9780906975275
9780906976005
9780906976234
9780906980187
9780906986011
9780906986066
9780906990001
9780906998007
9780907001003
9780907001010
9780907011361
9780907015390
9780907015970
9780907016304
9780907033141
9780907033271
9780907033660
9780907033967
9780907036050
9780907040231
9780907040699
9780907041269
9780907041276
9780907051695
9780907052470
9780907055198
9780907055235
9780907061175
9780907061229
9780907061533
9780907064879
9780907069317
9780907069379
9780907069676
9780907070573
9780907070665
9780907073086
9780907073093
9780907073413
9780907073512
9780907073628
9780907073659
9780907074120
9780907074199
9780907074854
9780907078326
9780907080855
9780907080978
9780907083047
9780907085553
9780907087076
9780907087120
9780907099314
9780907099345
9780907104094
9780907111191
9780907115021
9780907115144
9780907115182
9780907115755
9780907116592
9780907116639
9780907117759
9780907118008
9780907123439
9780907123736
9780907123958
9780907128007
9780907128144
9780907135098
9780907137054
9780907144595
9780907151289
9780907151340
9780907151432
9780907151715
9780907151722
9780907151739
9780907158202
9780907158943
9780907165248
9780907179016
9780907179085
9780907179511
9780907182177
9780907186212
9780907206255
9780907206903
9780907206941
9780907211013
9780907218098
9780907218111
9780907223016
9780907230076
9780907262190
9780907271222
9780907271246
9780907271529
9780907274414
9780907280071
9780907282204
9780907287094
9780907310297
9780907316398
9780907319023
9780907321453
9780907323945
9780907325208
9780907328018
9780907328179
9780907328186
9780907335085
9780907337232
9780907339229
9780907345282
9780907345374
9780907347033
9780907349037
9780907349129
9780907349389
9780907349945
9780907352136
9780907353065
9780907367116
9780907383178
9780907383321
9780907383352
9780907383390
9780907383475
9780907383918
9780907405009
9780907405016
9780907407126
9780907407522
9780907408604
9780907417149
9780907432364
9780907432623
9780907435167
9780907435198
9780907446040
9780907446149
9780907453086
9780907453109
9780907461005
9780907462156
9780907462644
9780907464068
9780907476160
9780907476177
9780907476306
9780907476429
9780907480044
9780907480068
9780907480174
9780907480259
9780907484424
9780907486343
9780907496113
9780907496496
9780907496762
9780907496861
9780907496892
9780907500186
9780907500285
9780907500582
9780907500834
9780907509028
9780907511014
9780907511434
9780907516002
9780907516040
9780907516262
9780907516477
9780907516897
9780907516965
9780907520375
9780907521228
9780907521426
9780907526315
9780907526452
9780907526643
9780907528128
9780907529293
9780907536703
9780907536802
9780907536901
9780907540380
9780907543480
9780907544005
9780907544159
9780907547419
9780907551850
9780907554509
9780907554721
9780907555001
9780907559801
9780907562337
9780907563655
9780907566571
9780907566656
9780907566748
9780907567608
9780907579328
9780907582267
9780907583080
9780907586043
9780907586197
9780907586265
9780907586272
9780907588047
9780907604051
9780907605478
9780907606697
9780907610250
9780907610748
9780907610953
9780907613077
9780907613114
9780907613138
9780907613145
9780907614159
9780907614661
9780907618041
9780907618225
9780907618270
9780907621232
9780907621416
9780907621584
9780907621966
9780907630166
9780907631118
9780907631262
9780907631415
9780907631705
9780907633532
9780907633600
9780907649755
9780907652007
9780907657019
9780907657040
9780907659945
9780907671046
9780907671060
9780907671084
9780907671190
9780907675655
9780907675686
9780907675891
9780907677468
9780907679257
9780907679509
9780907679516
9780907683131
9780907683179
9780907715412
9780907730125
9780907734116
9780907734307
9780907734369
9780907734383
9780907734390
9780907734529
9780907734598
9780907734628
9780907738220
9780907738978
9780907742593
9780907742845
9780907745051
9780907746027
9780907746096
9780907746157
9780907746379
9780907753049
9780907753070
9780907758259
9780907758280
9780907758747
9780907768036
9780907768159
9780907768289
9780907768432
9780907768791
9780907768814
9780907769330
9780907771005
9780907771494
9780907771517
9780907775140
9780907780663
9780907797432
9780907797708
9780907799399
9780907799511
9780907799566
9780907799634
9780907799788
9780907812715
9780907817550
9780907827160
9780907830481
9780907845218
9780907845249
9780907849100
9780907849520
9780907849933
9780907864004
9780907864448
9780907867012
9780907871057
9780907871453
9780907874058
9780907876069
9780907877417
9780907879091
9780907879671
9780907887003
9780907892021
9780907899020
9780907904656
9780907927297
9780907927617
9780907929093
9780907929185
9780907929192
9780907939009
9780907941149
9780907941156
9780907943006
9780907956068
9780907958055
9780907959021
9780907967187
9780907969228
9780907969273
9780907969495
9780907969709
9780907969921
9780907969945
9780907972150
9780907972532
9780907977247
9780907977292
9780907978176
9780908001149
9780908011285
9780908011483
9780908011957
9780908021277
9780908022168
9780908048120
9780908048182
9780908048199
9780908048267
9780908048656
9780908081028
9780908081035
9780908081660
9780908081912
9780908081929
9780908120116
9780908120871
9780908157020
9780908175338
9780908175369
9780908208012
9780908240784
9780908247226
9780908272457
9780908272617
9780908272693
9780908284801
9780908291168
9780908309146
9780908311279
9780908311866
9780908387700
9780908396085
9780908396610
9780908420612
9780908447053
9780908476640
9780908476770
9780908561117
9780908561230
9780908565184
9780908570171
9780908570263
9780908572113
9780908573257
9780908573592
9780908573660
9780908573677
9780908573745
9780908573936
9780908582365
9780908596195
9780908597291
9780908608508
9780908608607
9780908608638
9780908608676
9780908608751
9780908608867
9780908610495
9780908610952
9780908610990
9780908629510
9780908629626
9780908643325
9780908643547
9780908643639
9780908643738
9780908643882
9780908660230
9780908676057
9780908676477
9780908676880
9780908685486
9780908697472
9780908697731
9780908697946
9780908714094
9780908731053
9780908792016
9780908802029
9780908802227
9780908808274
9780908812233
9780908812530
9780908815784
9780908876143
9780908877171
9780908877508
9780908884469
9780908884568
9780908886005
9780908887071
9780908887194
9780908896301
9780908897001
9780908912360
9780908912452
9780908935345
9780908935512
9780908988761
9780908990481
9780908990603
9780908990948
9780909010478
9780909010812
9780909038465
9780909051082
9780909062057
9780909104047
9780909108090
9780909109004
9780909119003
9780909134020
9780909134105
9780909150754
9780909163044
9780909191283
9780909196721
9780909209162
9780909223120
9780909238056
9780909238216
9780909238308
9780909238711
9780909244170
9780909306199
9780909331689
9780909338046
9780909458072
9780909459130
9780909475444
9780909479145
9780909486464
9780909486495
9780909486884
9780909517397
9780909520168
9780909543662
9780909558314
9780909597085
9780909605148
9780909605483
9780909605551
9780909608552
9780909610043
9780909611248
9780909640057
9780909650315
9780909650612
9780909699338
9780909699666
9780909706463
9780909706609
9780909710804
9780909724689
9780909752347
9780909797171
9780909807160
9780909821012
9780909840020
9780909869199
9780909874216
9780909897284
9780909901516
9780909911386
9780909918101
9780909950170
9780909955502
9780909955816
9780909955960
9780909986629
9780909991708
9780910019217
9780910030182
9780910034081
9780910034371
9780910034678
9780910037457
9780910042765
9780910042901
9780910046985
9780910050456
9780910055055
9780910055338
9780910055987
9780910058865
9780910061322
9780910061360
9780910068482
9780910068741
9780910073226
9780910073288
9780910105026
9780910110471
9780910116664
9780910116862
9780910116985
9780910117005
9780910122924
9780910122979
9780910125000
9780910129497
9780910133265
9780910140164
9780910142823
9780910146685
9780910147057
9780910147217
9780910155175
9780910164054
9780910167901
9780910220866
9780910220927
9780910222051
9780910235235
9780910235310
9780910244565
9780910251525
9780910251648
9780910258272
9780910286879
9780910286886
9780910287012
9780910287135
9780910293471
9780910296113
9780910303422
9780910309080
9780910309165
9780910309349
9780910309684
9780910311359
9780910311489
9780910311670
9780910313322
9780910317504
9780910325479
9780910325523
9780910326094
9780910326261
9780910345040
9780910355001
9780910381079
9780910381178
9780910386357
9780910386586
9780910386876
9780910407106
9780910407519
9780910413343
9780910413923
9780910416184
9780910417099
9780910418003
9780910418300
9780910443050
9780910452588
9780910452656
9780910452779
9780910452915
9780910458115
9780910460118
9780910463096
9780910467087
9780910475297
9780910479097
9780910492126
9780910523172
9780910523233
9780910523561
9780910523868
9780910524124
9780910524209
9780910529006
9780910544238
9780910554558
9780910580984
9780910582643
9780910582667
9780910584098
9780910584395
9780910589178
9780910614696
9780910614801
9780910615013
9780910653459
9780910662130
9780910672498
9780910672696
9780910673006
9780910676236
9780910676724
9780910692151
9780910692977
9780910701518
9780910701600
9780910702140
9780910704427
9780910704694
9780910714112
9780910719056
9780910726580
9780910726726
9780910727006
9780910732277
9780910746106
9780910746120
9780910755047
9780910760119
9780910761574
9780910773003
9780910785013
9780910791663
9780910791700
9780910818285
9780910818650
9780910818810
9780910818889
9780910818896
9780910856416
9780910857796
9780910859189
9780910867016
9780910868990
9780910874205
9780910883139
9780910919043
9780910924016
9780910924924
9780910944342
9780910946100
9780910946247
9780910969031
9780910972062
9780910983143
9780910984577
9780910990097
9780910990578
9780910992121
9780910992220
9780910992299
9780910992404
9780911005288
9780911005325
9780911007220
9780911010145
9780911012224
9780911012842
9780911019155
9780911020045
9780911020052
9780911020113
9780911024265
9780911029338
9780911042252
9780911042344
9780911042481
9780911042672
9780911042719
9780911051933
9780911098051
9780911116724
9780911116816
9780911116953
9780911119022
9780911122053
9780911122183
9780911122435
9780911122909
9780911129090
9780911131130
9780911131161
9780911131246
9780911138061
9780911145083
9780911160260
9780911160543
9780911160598
9780911160895
9780911165012
9780911165227
9780911165654
9780911168471
9780911198027
9780911198874
9780911209426
9780911214482
9780911216578
9780911218367
9780911221145
9780911221442
9780911233254
9780911233681
9780911239423
9780911266092
9780911274165
9780911287240
9780911287264
9780911287318
9780911287486
9780911287639
9780911287738
9780911290455
9780911291230
9780911291285
9780911295443
9780911302141
9780911303032
9780911311396
9780911311426
9780911312652
9780911323047
9780911336597
9780911336603
9780911346152
9780911346169
9780911378047
9780911378498
9780911378658
9780911380170
9780911380491
9780911380828
9780911382259
9780911382433
9780911393033
9780911408317
9780911408812
9780911410310
9780911410327
9780911431070
9780911431421
9780911431445
9780911437294
9780911437317
9780911437386
9780911437713
9780911437997
9780911442083
9780911443097
9780911443202
9780911461183
9780911479003
9780911491012
9780911497069
9780911497175
9780911508079
9780911518535
9780911518757
9780911520613
9780911520705
9780911520989
9780911521597
9780911521689
9780911521757
9780911536935
9780911536973
9780911541090
9780911541878
9780911557275
9780911558593
9780911558692
9780911558968
9780911559019
9780911559033
9780911572063
9780911577426
9780911581102
9780911581232
9780911611212
9780911611250
9780911620047
9780911625103
9780911625189
9780911643329
9780911654103
9780911654134
9780911654325
9780911654646
9780911655049
9780911658804
9780911662245
9780911663037
9780911663761
9780911666038
9780911682199
9780911704600
9780911707168
9780911707526
9780911708042
9780911708059
9780911712957
9780911721515
9780911737011
9780911737028
9780911747201
9780911760040
9780911760064
9780911760088
9780911772876
9780911780703
9780911782059
9780911782257
9780911782417
9780911782646
9780911782868
9780911787009
9780911790511
9780911794328
9780911794618
9780911797145
9780911797367
9780911797817
9780911802146
9780911802474
9780911802672
9780911810790
9780911810813
9780911819038
9780911824445
9780911824735
9780911826012
9780911838428
9780911838503
9780911844092
9780911845242
9780911845716
9780911858303
9780911858365
9780911868449
9780911868616
9780911868623
9780911868876
9780911872057
9780911881127
9780911886542
9780911886702
9780911894509
9780911903492
9780911903614
9780911905014
9780911906196
9780911907032
9780911913019
9780911921564
9780911954395
9780911962185
9780911964011
9780911968033
9780911971941
9780911974010
9780911974034
9780911974058
9780911974201
9780911993202
9780911996210
9780911996227
9780911996548
9780912016115
9780912016122
9780912016153
9780912016627
9780912027012
9780912031002
9780912045641
9780912045665
9780912050249
9780912057019
9780912057040
9780912057323
9780912057842
9780912061146
9780912064055
9780912066158
9780912066820
9780912074047
9780912081076
9780912082004
9780912090214
9780912092416
9780912104607
9780912104867
9780912106854
9780912107301
9780912107356
9780912107653
9780912107813
9780912107967
9780912107998
9780912111148
9780912111773
9780912111865
9780912111872
9780912113333
9780912114491
9780912114576
9780912114705
9780912138046
9780912141152
9780912141176
9780912141183
9780912141404
9780912141596
9780912146201
9780912146270
9780912161327
9780912168005
9780912176284
9780912176307
9780912180632
9780912180717
9780912180748
9780912181028
9780912184074
9780912201214
9780912201757
9780912201795
9780912216126
9780912216157
9780912216249
9780912216300
9780912221038
9780912224015
9780912226064
9780912228068
9780912228372
9780912229041
9780912238470
9780912256085
9780912260136
9780912262239
9780912262314
9780912262574
9780912274034
9780912277226
9780912278018
9780912278889
9780912284095
9780912284262
9780912284330
9780912284590
9780912288208
9780912289090
9780912289120
9780912289953
9780912290072
9780912292519
9780912299594
9780912299778
9780912300153
9780912300337
9780912300382
9780912300719
9780912300740
9780912300757
9780912300986
9780912301402
9780912303307
9780912310466
9780912310718
9780912310794
9780912315164
9780912315195
9780912315454
9780912318004
9780912318011
9780912318165
9780912318264
9780912318431
9780912318554
9780912318561
9780912318578
9780912318646
9780912328294
9780912328362
9780912329000
9780912330051
9780912330129
9780912333304
9780912333465
9780912334424
9780912336381
9780912338132
9780912338552
9780912358406
9780912364018
9780912365183
9780912365381
9780912382135
9780912382333
9780912383231
9780912383460
9780912383774
9780912386072
9780912394145
9780912405698
9780912405988
9780912412108
9780912412115
9780912420080
9780912422503
9780912422947
9780912430003
9780912435039
9780912444352
9780912451596
9780912454047
9780912458106
9780912458212
9780912458601
9780912458663
9780912458946
9780912458991
9780912462073
9780912470238
9780912472171
9780912481210
9780912483016
9780912488011
9780912494302
9780912494494
9780912500492
9780912503332
9780912503622
9780912506036
9780912516592
9780912516608
9780912517018
9780912524276
9780912524399
9780912524535
9780912526201
9780912526546
9780912526744
9780912528038
9780912528175
9780912528472
9780912528588
9780912528601
9780912528625
9780912531007
9780912531014
9780912545004
9780912552408
9780912552552
9780912552774
9780912552958
9780912559124
9780912582191
9780912582443
9780912586236
9780912588506
9780912592251
9780912592787
9780912592817
9780912592831
9780912606019
9780912606170
9780912606248
9780912608600
9780912609058
9780912611013
9780912616148
9780912616575
9780912624006
9780912627755
9780912631271
9780912631288
9780912631318
9780912647111
9780912647128
9780912650081
9780912656366
9780912656922
9780912670027
9780912674483
9780912674698
9780912677576
9780912678436
9780912678757
9780912692067
9780912692340
9780912693125
9780912696546
9780912697963
9780912700458
9780912704494
9780912704784
9780912722047
9780912728216
9780912738147
9780912752129
9780912752198
9780912752358
9780912752419
9780912752631
9780912752679
9780912760230
9780912761336
9780912764450
9780912764573
9780912765174
9780912771076
9780912771113
9780912771175
9780912771205
9780912773063
9780912776767
9780912783413
9780912783475
9780912783499
9780912784014
9780912786193
9780912799261
9780912800240
9780912800738
9780912810416
9780912813325
9780912823140
9780912823362
9780912823522
9780912823560
9780912823621
9780912823683
9780912823812
9780912823829
9780912823836
9780912824192
9780912827094
9780912830025
9780912830094
9780912833125
9780912841199
9780912855417
9780912856087
9780912861555
9780912862415
9780912869100
9780912882864
9780912882949
9780912887302
9780912887449
9780912887753
9780912908045
9780912914589
9780912917016
9780912920030
9780912922010
9780912925592
9780912925820
9780912927695
9780912939018
9780912943121
9780912944180
9780912944791
9780912946221
9780912949253
9780912951157
9780912951188
9780912964300
9780912964539
9780912964621
9780912964799
9780912964904
9780912966144
9780912966212
9780912981000
9780912986142
9780912986166
9780912991009
9780913004456
9780913004586
9780913006535
9780913006719
9780913026182
9780913026595
9780913028308
9780913028827
9780913028988
9780913029206
9780913035009
9780913035450
9780913035863
9780913045145
9780913053003
9780913057247
9780913057452
9780913057643
9780913062173
9780913062272
9780913074121
9780913078570
9780913080092
9780913111208
9780913113165
9780913113820
9780913122570
9780913124178
9780913134283
9780913135006
9780913137000
9780913140383
9780913140413
9780913142004
9780913142042
9780913150528
9780913150702
9780913165577
9780913178614
9780913182635
9780913182901
9780913196137
9780913196298
9780913200032
9780913205020
9780913206034
9780913215012
9780913215456
9780913215579
9780913215685
9780913228043
9780913232408
9780913232545
9780913232989
9780913234136
9780913235546
9780913235744
9780913239087
9780913239698
9780913250143
9780913250204
9780913256398
9780913256787
9780913256947
9780913258828
9780913258934
9780913270707
9780913270820
9780913270851
9780913270868
9780913276457
9780913276471
9780913277126
9780913290064
9780913292471
9780913298077
9780913299104
9780913300299
9780913300442
9780913304358
9780913304389
9780913304402
9780913304556
9780913304563
9780913311004
9780913312483
9780913312612
9780913312698
9780913319154
9780913321546
9780913337523
9780913339015
9780913342022
9780913342718
9780913343555
9780913346129
9780913367896
9780913372616
9780913374351
9780913383131
9780913383155
9780913383285
9780913383346
9780913383827
9780913386088
9780913386507
9780913390047
9780913402054
9780913406359
9780913408582
9780913412022
9780913412527
9780913419045
9780913419076
9780913419311
9780913419373
9780913419427
9780913419533
9780913420263
9780913420973
9780913423110
9780913424230
9780913428009
9780913428160
9780913428429
9780913428481
9780913428726
9780913436004
9780913436264
9780913441749
9780913449257
9780913450437
9780913450888
9780913457122
9780913460443
9780913460504
9780913460726
9780913461815
9780913476659
9780913478103
9780913480274
9780913499030
9780913499184
9780913499306
9780913500248
9780913504741
9780913507155
9780913507605
9780913507704
9780913508046
9780913510209
9780913510476
9780913510582
9780913510704
9780913514047
9780913543184
9780913548110
9780913548189
9780913548271
9780913548288
9780913548615
9780913551004
9780913552261
9780913552346
9780913552391
9780913559192
9780913559208
9780913559635
9780913566022
9780913573242
9780913573396
9780913580684
9780913580691
9780913580844
9780913581025
9780913582466
9780913582633
9780913590997
9780913595992
9780913602454
9780913602515
9780913602713
9780913603000
9780913610046
9780913616048
9780913617069
9780913617076
9780913617168
9780913618073
9780913619018
9780913627112
9780913638040
9780913638071
9780913649138
9780913652336
9780913654477
9780913654781
9780913666692
9780913672167
9780913678152
9780913678176
9780913686119
9780913689493
9780913697078
9780913703137
9780913703151
9780913705858
9780913705872
9780913718124
9780913720356
9780913720707
9780913720790
9780913728307
9780913729069
9780913729175
9780913729748
9780913734629
9780913738023
9780913765180
9780913767139
9780913778180
9780913778845
9780913783009
9780913814949
9780913820407
9780913823002
9780913839911
9780913848012
9780913853320
9780913864135
9780913864753
9780913866009
9780913870495
9780913876152
9780913876169
9780913876244
9780913878194
9780913878262
9780913883112
9780913886014
9780913890295
9780913900000
9780913902073
9780913902790
9780913902882
9780913902950
9780913911006
9780913922842
9780913922910
9780913922996
9780913923429
9780913923566
9780913932117
9780913932483
9780913940501
9780913940716
9780913947005
9780913951057
9780913954058
9780913954317
9780913956151
9780913960127
9780913966099
9780913969069
9780913990094
9780913990964
9780914001034
9780914016304
9780914022251
9780914040156
9780914040453
9780914040514
9780914040545
9780914040859
9780914046059
9780914061168
9780914061205
9780914061991
9780914064282
9780914076698
9780914076896
9780914090724
9780914090816
9780914091943
9780914093060
9780914094012
9780914094043
9780914094050
9780914098256
9780914104070
9780914104131
9780914107019
9780914116110
9780914116172
9780914126034
9780914131786
9780914139126
9780914139997
9780914140030
9780914155300
9780914156147
9780914167020
9780914168126
9780914168645
9780914168836
9780914169048
9780914171065
9780914184140
9780914198017
9780914222064
9780914224129
9780914224273
9780914224334
9780914224365
9780914224372
9780914232391
9780914232841
9780914234692
9780914236283
9780914236405
9780914248026
9780914256229
9780914264095
9780914278160
9780914293637
9780914293651
9780914293712
9780914294566
9780914307822
9780914310006
9780914312154
9780914330295
9780914330332
9780914330486
9780914330523
9780914330684
9780914337164
9780914339298
9780914339489
9780914349006
9780914350057
9780914350293
9780914357407
9780914357520
9780914357575
9780914362180
9780914370680
9780914373476
9780914378594
9780914381013
9780914386124
9780914390978
9780914398042
9780914409359
9780914419006
9780914421238
9780914427261
9780914427360
9780914427391
9780914427995
9780914434269
9780914435549
9780914435570
9780914435617
9780914452324
9780914457244
9780914457367
9780914457398
9780914457473
9780914468035
9780914476672
9780914476856
9780914502036
9780914511045
9780914511151
9780914511212
9780914511229
9780914516156
9780914520078
9780914534181
9780914536017
9780914539117
9780914539193
9780914539223
9780914544272
9780914544418
9780914544449
9780914544562
9780914546344
9780914546627
9780914546948
9780914548911
9780914558033
9780914563013
9780914575047
9780914584957
9780914590156
9780914594079
9780914602545
9780914606017
9780914607007
9780914615354
9780914615361
9780914629221
9780914633105
9780914633204
9780914646105
9780914659150
9780914659402
9780914660255
9780914667070
9780914676263
9780914678274
9780914681069
9780914707028
9780914710448
9780914710523
9780914712503
9780914718338
9780914718840
9780914718956
9780914720072
9780914732365
9780914734055
9780914738015
9780914738107
9780914738749
9780914738763
9780914738961
9780914738992
9780914742159
9780914744979
9780914747031
9780914752141
9780914752332
9780914756965
9780914758044
9780914758167
9780914758938
9780914758990
9780914763031
9780914766063
9780914766377
9780914766797
9780914778578
9780914782223
9780914782247
9780914782308
9780914782360
9780914782452
9780914782537
9780914783305
9780914785088
9780914788300
9780914788447
9780914793069
9780914797814
9780914807025
9780914807070
9780914819066
9780914839064
9780914839446
9780914839729
9780914839750
9780914842682
9780914846086
9780914846666
9780914850830
9780914850878
9780914862321
9780914867197
9780914868057
9780914868088
9780914869009
9780914875017
9780914881599
9780914886037
9780914886181
9780914890034
9780914894049
9780914894537
9780914896012
9780914903000
9780914903079
9780914903536
9780914903895
9780914903932
9780914904892
9780914908265
9780914908746
9780914914006
9780914916000
9780914916123
9780914916543
9780914916550
9780914916802
9780914916864
9780914917182
9780914918387
9780914918462
9780914927358
9780914927389
9780914927631
9780914927839
9780914932062
9780914936916
9780914939153
9780914946052
9780914946151
9780914946250
9780914948049
9780914956198
9780914956235
9780914956372
9780914956419
9780914956501
9780914959007
9780914960102
9780914960218
9780914964018
9780914974017
9780914983026
9780914984016
9780914984382
9780914984627
9780914988120
9780914996187
9780915002122
9780915010042
9780915010103
9780915010295
9780915010462
9780915013142
9780915024018
9780915024292
9780915027996
9780915030231
9780915032099
9780915032693
9780915034093
9780915035502
9780915035908
9780915038169
9780915038350
9780915041046
9780915056095
9780915057009
9780915057108
9780915057573
9780915057603
9780915057696
9780915057818
9780915057825
9780915057993
9780915088263
9780915096046
9780915099436
9780915116027
9780915117185
9780915132287
9780915132478
9780915132799
9780915134199
9780915134823
9780915135028
9780915135134
9780915136001
9780915143047
9780915143108
9780915143252
9780915145492
9780915151165
9780915156009
9780915156443
9780915158096
9780915160600
9780915161003
9780915166787
9780915171002
9780915171132
9780915171194
9780915171323
9780915171705
9780915171712
9780915172214
9780915179695
9780915179725
9780915181100
9780915181179
9780915189052
9780915190065
9780915190706
9780915214433
9780915216932
9780915220304
9780915233090
9780915233182
9780915238255
9780915251018
9780915256167
9780915256242
9780915256310
9780915262021
9780915262076
9780915262229
9780915262403
9780915263035
9780915263271
9780915266234
9780915269129
9780915269150
9780915269235
9780915274109
9780915276561
9780915288373
9780915297160
9780915306312
9780915306688
9780915323135
9780915342105
9780915342310
9780915342488
9780915346035
9780915348350
9780915348466
9780915348510
9780915355167
9780915355280
9780915361120
9780915361304
9780915361458
9780915361922
9780915380640
9780915390052
9780915390304
9780915391271
9780915391387
9780915400102
9780915400683
9780915410606
9780915410842
9780915410897
9780915414703
9780915435005
9780915442157
9780915442560
9780915445141
9780915448517
9780915473007
9780915473946
9780915474097
9780915478149
9780915480203
9780915485109
9780915486120
9780915498307
9780915498611
9780915498635
9780915510276
9780915511136
9780915513611
9780915514212
9780915520541
9780915520572
9780915531110
9780915531653
9780915541133
9780915541140
9780915547135
9780915547302
9780915552207
9780915552443
9780915552702
9780915553006
9780915554324
9780915557028
9780915560011
9780915560189
9780915560219
9780915577330
9780915590858
9780915592357
9780915597055
9780915597277
9780915601011
9780915604234
9780915608232
9780915611270
9780915617036
9780915630042
9780915644223
9780915654154
9780915658374
9780915664016
9780915665235
9780915678044
9780915678051
9780915678075
9780915678297
9780915678761
9780915684441
9780915685158
9780915690022
9780915696864
9780915707300
9780915707454
9780915707546
9780915709885
9780915734214
9780915741137
9780915745203
9780915746675
9780915746729
9780915749157
9780915765102
9780915765331
9780915775095
9780915776078
9780915777099
9780915778522
9780915780044
9780915781010
9780915793310
9780915793389
9780915793594
9780915793983
9780915795000
9780915795017
9780915795307
9780915795444
9780915795970
9780915796786
9780915796809
9780915801329
9780915801350
9780915801800
9780915811267
9780915819454
9780915820030
9780915822256
9780915838080
9780915838516
9780915856008
9780915864119
9780915864270
9780915873135
9780915873173
9780915895007
9780915895021
9780915897018
9780915904006
9780915904211
9780915904334
9780915905324
9780915905744
9780915916269
9780915924332
9780915924509
9780915924905
9780915926268
9780915928040
9780915929061
9780915940028
9780915942190
9780915943609
9780915943869
9780915950089
9780915950843
9780915957194
9780915962310
9780915965083
9780915977000
9780915977123
9780915977147
9780915977352
9780915977673
9780915977970
9780915980833
9780915981007
9780915984220
9780915987023
9780915987313
9780915992324
9780915992584
9780915996100
9780915996124
9780916032197
9780916035136
9780916035235
9780916035273
9780916035471
9780916035679
9780916035945
9780916035969
9780916054502
9780916060084
9780916065003
9780916067083
9780916070038
9780916076245
9780916076344
9780916078041
9780916078355
9780916078386
9780916078393
9780916078416
9780916078584
9780916095291
9780916095444
9780916095550
9780916098063
9780916098872
9780916101206
9780916103460
9780916103941
9780916107000
9780916122522
9780916122539
9780916134419
9780916134648
9780916141035
9780916141240
9780916144449
9780916147105
9780916154028
9780916154103
9780916154158
9780916156770
9780916159061
9780916166045
9780916179571
9780916190170
9780916206284
9780916206338
9780916206826
9780916206925
9780916211431
9780916217082
9780916217365
9780916219147
9780916219215
9780916224028
9780916224134
9780916224714
9780916224837
9780916242015
9780916242732
9780916272463
9780916278717
9780916279134
9780916282004
9780916288273
9780916288570
9780916290757
9780916291174
9780916291419
9780916291792
9780916291877
9780916302092
9780916304195
9780916304324
9780916308858
9780916310059
9780916312114
9780916318390
9780916320027
9780916346577
9780916346850
9780916349080
9780916349783
9780916354091
9780916354381
9780916354756
9780916358082
9780916360511
9780916365370
9780916365431
9780916370060
9780916370077
9780916370084
9780916370152
9780916374921
9780916378639
9780916379131
9780916387167
9780916387488
9780916390044
9780916390419
9780916394011
9780916406295
9780916422219
9780916434250
9780916438623
9780916439460
9780916439484
9780916445225
9780916445294
9780916445362
9780916455019
9780916456078
9780916456207
9780916458140
9780916458171
9780916468804
9780916473051
9780916473181
9780916484002
9780916489144
9780916489366
9780916495008
9780916503093
9780916508401
9780916509026
9780916509316
9780916509385
9780916509668
9780916515829
9780916529000
9780916529062
9780916530013
9780916537005
9780916542177
9780916545031
9780916558307
9780916562038
9780916562052
9780916573812
9780916575267
9780916586973
9780916586980
9780916589813
9780916592745
9780916592806
9780916606336
9780916606374
9780916606473
9780916617264
9780916617622
9780916620455
9780916620530
9780916620721
9780916620998
9780916622459
9780916622657
9780916622725
9780916630300
9780916630386
9780916637040
9780916638122
9780916642358
9780916642518
9780916654238
9780916656089
9780916671617
9780916672300
9780916672430
9780916672706
9780916673086
9780916673260
9780916684143
9780916685942
9780916688110
9780916688486
9780916693138
9780916694098
9780916694333
9780916699123
9780916708122
9780916708153
9780916710385
9780916710712
9780916718060
9780916718077
9780916721046
9780916724771
9780916730253
9780916730772
9780916732370
9780916746155
9780916747183
9780916748128
9780916748753
9780916752477
9780916758370
9780916761028
9780916761509
9780916766313
9780916766504
9780916772307
9780916772468
9780916772697
9780916772802
9780916773076
9780916773656
9780916781088
9780916781248
9780916786328
9780916786823
9780916798017
9780916798079
9780916798093