9780915348350
9780915348466
9780915348510
9780915355167
9780915355280
9780915361120
9780915361304
9780915361458
9780915361922
9780915380640
9780915390052
9780915390304
9780915391271
9780915391387
9780915400102
9780915400683
9780915410606
9780915410842
9780915410897
9780915414703
9780915435005
9780915442157
9780915442560
9780915445141
9780915448517
9780915473007
9780915473946
9780915474097
9780915478149
9780915480203
9780915485109
9780915486120
9780915498307
9780915498611
9780915498635
9780915510276
9780915511136
9780915513611
9780915514212
9780915520541
9780915520572
9780915531110
9780915531653
9780915541133
9780915541140
9780915547135
9780915547302
9780915552207
9780915552443
9780915552702
9780915553006
9780915554324
9780915557028
9780915560011
9780915560189
9780915560219
9780915577330
9780915590858
9780915592357
9780915597055
9780915597277
9780915601011
9780915604234
9780915608232
9780915611270
9780915617036
9780915630042
9780915644223
9780915654154
9780915658374
9780915664016
9780915665235
9780915678044
9780915678051
9780915678075
9780915678297
9780915678761
9780915684441
9780915685158
9780915690022
9780915696864
9780915707300
9780915707454
9780915707546
9780915709885
9780915734214
9780915741137
9780915745203
9780915746675
9780915746729
9780915749157
9780915765102
9780915765331
9780915775095
9780915776078
9780915777099
9780915778522
9780915780044
9780915781010
9780915793310
9780915793389
9780915793594
9780915793983
9780915795000
9780915795017
9780915795307
9780915795444
9780915795970
9780915796786
9780915796809
9780915801329
9780915801350
9780915801800
9780915811267
9780915819454
9780915820030
9780915822256
9780915838080
9780915838516
9780915856008
9780915864119
9780915864270
9780915873135
9780915873173
9780915895007
9780915895021
9780915897018
9780915904006
9780915904211
9780915904334
9780915905324
9780915905744
9780915916269
9780915924332
9780915924509
9780915924905
9780915926268
9780915928040
9780915929061
9780915940028
9780915942190
9780915943609
9780915943869
9780915950089
9780915950843
9780915957194
9780915962310
9780915965083
9780915977000
9780915977123
9780915977147
9780915977352
9780915977673
9780915977970
9780915980833
9780915981007
9780915984220
9780915987023
9780915987313
9780915992324
9780915992584
9780915996100
9780915996124
9780916032197
9780916035136
9780916035235
9780916035273
9780916035471
9780916035679
9780916035945
9780916035969
9780916054502
9780916060084
9780916065003
9780916067083
9780916070038
9780916076245
9780916076344
9780916078041
9780916078355
9780916078386
9780916078393
9780916078416
9780916078584
9780916095291
9780916095444
9780916095550
9780916098063
9780916098872
9780916101206
9780916103460
9780916103941
9780916107000
9780916122522
9780916122539
9780916134419
9780916134648
9780916141035
9780916141240
9780916144449
9780916147105
9780916154028
9780916154103
9780916154158
9780916156770
9780916159061
9780916166045
9780916179571
9780916190170
9780916206284
9780916206338
9780916206826
9780916206925
9780916211431
9780916217082
9780916217365
9780916219147
9780916219215
9780916224028
9780916224134
9780916224714
9780916224837
9780916242015
9780916242732
9780916272463
9780916278717
9780916279134
9780916282004
9780916288273
9780916288570
9780916290757
9780916291174
9780916291419
9780916291792
9780916291877
9780916302092
9780916304195
9780916304324
9780916308858
9780916310059
9780916312114
9780916318390
9780916320027
9780916346577
9780916346850
9780916349080
9780916349783
9780916354091
9780916354381
9780916354756
9780916358082
9780916360511
9780916365370
9780916365431
9780916370060
9780916370077
9780916370084
9780916370152
9780916374921
9780916378639
9780916379131
9780916387167
9780916387488
9780916390044
9780916390419
9780916394011
9780916406295
9780916422219
9780916434250
9780916438623
9780916439460
9780916439484
9780916445225
9780916445294
9780916445362
9780916455019
9780916456078
9780916456207
9780916458140
9780916458171
9780916468804
9780916473051
9780916473181
9780916484002
9780916489144
9780916489366
9780916495008
9780916503093
9780916508401
9780916509026
9780916509316
9780916509385
9780916509668
9780916515829
9780916529000
9780916529062
9780916530013
9780916537005
9780916542177
9780916545031
9780916558307
9780916562038
9780916562052
9780916573812
9780916575267
9780916586973
9780916586980
9780916589813
9780916592745
9780916592806
9780916606336
9780916606374
9780916606473
9780916617264
9780916617622
9780916620455
9780916620530
9780916620721
9780916620998
9780916622459
9780916622657
9780916622725
9780916630300
9780916630386
9780916637040
9780916638122
9780916642358
9780916642518
9780916654238
9780916656089
9780916671617
9780916672300
9780916672430
9780916672706
9780916673086
9780916673260
9780916684143
9780916685942
9780916688110
9780916688486
9780916693138
9780916694098
9780916694333
9780916699123
9780916708122
9780916708153
9780916710385
9780916710712
9780916718060
9780916718077
9780916721046
9780916724771
9780916730253
9780916730772
9780916732370
9780916746155
9780916747183
9780916748128
9780916748753
9780916752477
9780916758370
9780916761028
9780916761509
9780916766313
9780916766504
9780916772307
9780916772468
9780916772697
9780916772802
9780916773076
9780916773656
9780916781088
9780916781248
9780916786328
9780916786823
9780916798017
9780916798079
9780916798093
9780920661130
9780920661536
9780920661611
9780920661796
9780920663233
9780920663370
9780920663523
9780920663547
9780920663653
9780920663691
9780920668641
9780920668962
9780920681053
9780920691489
9780920693001
9780920698082
9780920698273
9780920698426
9780920705018
9780920717226
9780920717943
9780920718889
9780920722954
9780920727072
9780920731932
9780920768105
9780920770047
9780920770269
9780920775172
9780920775462
9780920775660
9780920775684
9780920775721
9780920775820
9780920775929
9780920785003
9780920792193
9780920792384
9780920806647
9780920810545
9780920813232
9780920813270
9780920813669
9780920813911
9780920831151
9780920846025
9780920852002
9780920852262
9780920852385
9780920852422
9780920852842
9780920877500
9780920884300
9780920884379
9780920884522
9780920887127
9780920897096
9780920897133
9780920897140
9780920897416
9780920897515
9780920897522
9780920897737
9780920897867
9780920897980
9780920903391
9780920903438
9780920903933
9780920903957
9780920904282
9780920905647
9780920905746
9780920911044
9780920911648
9780920911679
9780920911709
9780920911747
9780920911839
9780920915615
9780920915714
9780920915745
9780920915776
9780920922798
9780920923061
9780920923115
9780920923122
9780920944233
9780920944585
9780920953143
9780920953303
9780920953464
9780920953488
9780920953525
9780920953570
9780920953723
9780920953730
9780920953884
9780920953938
9780920953945
9780920953976
9780920980576
9780920985441
9780920985625
9780920999158
9780921009184
9780921022022
9780921022046
9780921022107
9780921022138
9780921022152
9780921022183
9780921022213
9780921051572
9780921051640
9780921053866
9780921054085
9780921054160
9780921054269
9780921054283
9780921054344
9780921054399
9780921054443
9780921054740
9780921054757
9780921054986
9780921061120
9780921061175
9780921061700
9780921063001
9780921064152
9780921078050
9780921081043
9780921095316
9780921100157
9780921100560
9780921100720
9780921100805
9780921102199
9780921102229
9780921102236
9780921102274
9780921102434
9780921102663
9780921102687
9780921102786
9780921102816
9780921102946
9780921102984
9780921102991
9780921103011
9780921103035
9780921103172
9780921103394
9780921103462
9780921103646
9780921103721
9780921103769
9780921103837
9780921104124
9780921104155
9780921104179
9780921104209
9780921104216
9780921104223
9780921107132
9780921128151
9780921128298
9780921128359
9780921128397
9780921145318
9780921146308
9780921148173
9780921149484
9780921154006
9780921154013
9780921154044
9780921155096
9780921156529
9780921156598
9780921156734
9780921156741
9780921156758
9780921156833
9780921156857
9780921156888
9780921165019
9780921165071
9780921165200
9780921165255
9780921165316
9780921165361
9780921165422
9780921165651
9780921165699
9780921165729
9780921165873
9780921165897
9780921179009
9780921191292
9780921191759
9780921193050
9780921217022
9780921217381
9780921218920
9780921221005
9780921232001
9780921240013
9780921252351
9780921252719
9780921252955
9780921254331
9780921254508
9780921258056
9780921271123
9780921273028
9780921284567
9780921284659
9780921284932
9780921285038
9780921285137
9780921285229
9780921285458
9780921285496
9780921285700
9780921287018
9780921299080
9780921304036
9780921311232
9780921332053
9780921332107
9780921332251
9780921332305
9780921332435
9780921332534
9780921335313
9780921335399
9780921335436
9780921335566
9780921335870
9780921335948
9780921335962
9780921339021
9780921341505
9780921351061
9780921356134
9780921365006
9780921368045
9780921368212
9780921368588
9780921369141
9780921372011
9780921372028
9780921372066
9780921372080
9780921372127
9780921372134
9780921372226
9780921372721
9780921372776
9780921372844
9780921381068
9780921394310
9780921396208
9780921411550
9780921411604
9780921440185
9780921440611
9780921440833
9780921472186
9780921479345
9780921485032
9780921485377
9780921511311
9780921511601
9780921511946
9780921513209
9780921520023
9780921527046
9780921556176
9780921556190
9780921556237
9780921556299
9780921556398
9780921556626
9780921556671
9780921556756
9780921566106
9780921576006
9780921586043
9780921586135
9780921586296
9780921586371
9780921586470
9780921586593
9780921586807
9780921586876
9780921586890
9780921586944
9780921589686
9780921598206
9780921627265
9780921627500
9780921628699
9780921638124
9780921638186
9780921692119
9780921692270
9780921692362
9780921692379
9780921692683
9780921692874
9780921706120
9780921706144
9780921709497
9780921713180
9780921715047
9780921716167
9780921761006
9780921762027
9780921773702
9780921783602
9780921788041
9780921788249
9780921788263
9780921788393
9780921788607
9780921788720
9780921792031
9780921801979
9780921816201
9780921820178
9780921820390
9780921827290
9780921827344
9780921827504
9780921827573
9780921827634
9780921833420
9780921833710
9780921834007
9780921834076
9780921835325
9780921835707
9780921842460
9780921842583
9780921842590
9780921845386
9780921846048
9780921846079
9780921852278
9780921856047
9780921870371
9780921870500
9780921872030
9780921875048
9780921881223
9780921908098
9780921912118
9780921912231
9780921912248
9780921912262
9780921912286
9780921912361
9780921912392
9780921912606
9780921925781
9780921926085
9780921940029
9780921965060
9780921965091
9780921965473
9780921965497
9780921965534
9780921965589
9780921978299
9780921980025
9780921991908
9780921993018
9780921994008
9780922003099
9780922005017
9780922037148
9780922043057
9780922066032
9780922066155
9780922066391
9780922127054
9780922152858
9780922154616
9780922162062
9780922162086
9780922162765
9780922173068
9780922173099
9780922249008
9780922356072
9780922433063
9780922433117
9780922433858
9780922433971
9780922510016
9780922510047
9780922589364
9780922613885
9780922678051
9780922705320
9780922705443
9780922724079
9780922724222
9780922729784
9780922729869
9780922729920
9780922802180
9780922811342
9780922811571
9780922811717
9780922890545
9780922914197
9780922914364
9780922993093
9780922993178
9780922993208
9780922993819
9780923041007
9780923048907
9780923155001
9780923155209
9780923183233
9780923198015
9780923309534
9780923309725
9780923369576
9780923426965
9780923463861
9780923521691
9780923568269
9780923568467
9780923568658
9780923568870
9780923569204
9780923569471
9780923569488
9780923569532
9780923573218
9780923573393
9780923573447
9780923606671
9780923628406
9780923628444
9780923628604
9780923687328
9780923687458
9780923687519
9780923763145
9780923830007
9780923889210
9780923891800
9780923910228
9780923944483
9780923947019
9780923967345
9780923980351
9780924008108
9780924047732
9780924047749
9780924047923
9780924047992
9780924071171
9780924117121
9780924171246
9780924304293
9780924335273
9780924335372
9780924380020
9780924381263
9780924457074
9780924457845
9780924540073
9780924674105
9780924722332
9780924748530
9780924753008
9780924771514
9780924771934
9780924777110
9780924886102
9780924886294
9780924886317
9780924886874
9780924893094
9780924922046
9780924922237
9780924947049
9780924947148
9780925012036
9780925012050
9780925062468
9780925065148
9780925117601
9780925117656
9780925117786
9780925165138
9780925245014
9780925245045
9780925245120
9780925263018
9780925299406
9780925300003
9780925315182
9780925315427
9780925390158
9780925417183
9780925417268
9780925436078
9780925436160
9780925436573
9780925436672
9780925449030
9780925480651
9780925591166
9780925591319
9780925591395
9780925613042
9780925652140
9780925652164
9780925658029
9780925685070
9780925703019
9780925703095
9780925776006
9780925838018
9780925859112
9780925873491
9780925917003
9780925987181
9780926019010
9780926019645
9780926019751
9780926158085
9780926406995
9780926412149
9780926473126
9780926474024
9780926487307
9780926487505
9780926494541
9780926524194
9780926557338
9780926557383
9780926842038
9780926842335
9780926902701
9780926902817
9780927015066
9780927015202
9780927015295
9780927022026
9780927022149
9780927022163
9780927022262
9780927022576
9780927022668
9780927022729
9780927171137
9780927244527
9780927364041
9780927364058
9780927516600
9780927545396
9780927547123
9780927579025
9780927579223
9780927579254
9780927618021
9780927663199
9780927920018
9780927920186
9780927935012
9780927936194
9780927936255
9780927936330
9780927936569
9780928220049
9780928424645
9780929003641
9780929003702
9780929005270
9780929005393
9780929005553
9780929015064
9780929022024
9780929022062
9780929032801
9780929032870
9780929042015
9780929050232
9780929050249
9780929050270
9780929050317
9780929050362
9780929050393
9780929050416
9780929050423
9780929050508
9780929050591
9780929050669
9780929050690
9780929050805
9780929050829
9780929050942
9780929050973
9780929054001
9780929073392
9780929077031
9780929087535
9780929091204
9780929093024
9780929093147
9780929095455
9780929095462
9780929112510
9780929116051
9780929123028
9780929123134
9780929130033
9780929130064
9780929134000
9780929136097
9780929136172
9780929137148
9780929137193
9780929137469
9780929140216
9780929140230
9780929141152
9780929141169
9780929159003
9780929160009
9780929162010
9780929162140
9780929162515
9780929167046
9780929182209
9780929198040
9780929198088
9780929198095
9780929216515
9780929218038
9780929230139
9780929239958
9780929240497
9780929246062
9780929261188
9780929264417
9780929279060
9780929279671
9780929279756
9780929290003
9780929290041
9780929305172
9780929306391
9780929310190
9780929310862
9780929323121
9780929371351
9780929371535
9780929373218
9780929374048
9780929385303
9780929386010
9780929387956
9780929408187
9780929435213
9780929435381
9780929435398
9780929435435
9780929435817
9780929441146
9780929441733
9780929441887
9780929445007
9780929464008
9780929497242
9780929497556
9780929521312
9780929521541
9780929526287
9780929526317
9780929526355
9780929526768
9780929530055
9780929531052
9780929537016
9780929540375
9780929540665
9780929552019
9780929572000
9780929574011
9780929577036
9780929581613
9780929587752
9780929590127
9780929591018
9780929591728
9780929591735
9780929598017
9780929600741
9780929605234
9780929605593
9780929605630
9780929608853
9780929619118
9780929624006
9780929624037
9780929626222
9780929635064
9780929636016
9780929636382
9780929636993
9780929650623
9780929652054
9780929652474
9780929652542
9780929654867
9780929660028
9780929687117
9780929688947
9780929690100
9780929690131
9780929690209
9780929690216
9780929692661
9780929699110
9780929706207
9780929709123
9780929722207
9780929730073
9780929730363
9780929730684
9780929730981
9780929752075
9780929752082
9780929757445
9780929760247
9780929760605
9780929760896
9780929762005
9780929765471
9780929765785
9780929804071
9780929804170
9780929804187
9780929804323
9780929807041
9780929823430
9780929843322
9780929858159
9780929870601
9780929874395
9780929883083
9780929895864
9780929895956
9780929900018
9780929903002
9780929911182
9780929915074
9780929915753
9780929915906
9780929923154
9780929923192
9780929923260
9780929923864
9780929948058
9780929957050
9780929979021
9780929980034
9780929983110
9780929985121
9780929985213
9780929985596
9780929985626
9780929985633
9780929987002
9780930012335
9780930014162
9780930014681
9780930016166
9780930020064
9780930020118
9780930027261
9780930031688
9780930042387
9780930046255
9780930055011
9780930066185
9780930083151
9780930083168
9780930083342
9780930084028
9780930095017
9780930095086
9780930096816
9780930096830
9780930102005
9780930117023
9780930137137
9780930150013
9780930163174
9780930163334
9780930178024
9780930181000
9780930186098
9780930192129
9780930193348
9780930193386
9780930193645
9780930193867
9780930204266
9780930213008
9780930213060
9780930213411
9780930213428
9780930213664
9780930219000
9780930228811
9780930233310
9780930242671
9780930251000
9780930256081
9780930256098
9780930265069
9780930267131
9780930267391
9780930270070
9780930270223
9780930273132
9780930289119
9780930289782
9780930289904
9780930295011
9780930298074
9780930304881
9780930306267
9780930313326
9780930315436
9780930323721
9780930326043
9780930326050
9780930326111
9780930326166
9780930328009
9780930328061
9780930328085
9780930328344
9780930328528
9780930328726
9780930328863
9780930330514
9780930344092
9780930349004
9780930349042
9780930350024
9780930350277
9780930350604
9780930350710
9780930350727
9780930358020
9780930358174
9780930368470
9780930368890
9780930376055
9780930376062
9780930377021
9780930380182
9780930388164
9780930395018
9780930403539
9780930405236
9780930410292
9780930410704
9780930410728
9780930412067
9780930420024
9780930422011
9780930422127
9780930433000
9780930436124
9780930438012
9780930452247
9780930457013
9780930463052
9780930467753
9780930469672
9780930476090
9780930494209
9780930494551
9780930494643
9780930494988
9780930497002
9780930527389
9780930527396
9780930527808
9780930545277
9780930551001
9780930576004
9780930576325
9780930588229
9780930599379
9780930601003
9780930603038
9780930606206
9780930606244
9780930606466
9780930606497
9780930606503
9780930606855
9780930606992
9780930625788
9780930625900
9780930643003
9780930644116
9780930655198
9780930655327
9780930656010
9780930656546
9780930656621
9780930657413
9780930664213
9780930664275
9780930677039
9780930690533
9780930697013
9780930698003
9780930698379
9780930698393
9780930706173
9780930716011
9780930741181
9780930742102
9780930742287
9780930742317
9780930751418
9780930751470
9780930756659
9780930764418
9780930767013
9780930773007
9780930778064
9780930779054
9780930785147
9780930785192
9780930785208
9780930785222
9780930790325
9780930790332
9780930790370
9780930807283
9780930809287
9780930815318
9780930829049
9780930830090
9780930831028
9780930834081
9780930838010
9780930860011
9780930872014
9780930876050
9780930878153
9780930878498
9780930879006
9780930892395
9780930897925
9780930919382
9780930921064
9780930931612
9780930931735
9780930931810
9780930931858
9780930934231
9780930934323
9780930934545
9780930940034
9780930950392
9780930951290
9780930951429
9780930951436
9780930951733
9780930951962
9780930960018
9780930973353
9780930982065
9780930985035
9780930998028
9780931028786
9780931036101
9780931040023
9780931044021
9780931050114
9780931050169
9780931050633
9780931052040
9780931053870
9780931054174
9780931054372
9780931054464
9780931055836
9780931064395
9780931065064
9780931069062
9780931075018
9780931079047
9780931089701
9780931092015
9780931092848
9780931093074
9780931102127
9780931102707
9780931102769
9780931103049
9780931104336
9780931104442
9780931118005
9780931144042
9780931144417
9780931144516
9780931144578
9780931146084
9780931147753
9780931170041
9780931170294
9780931170768
9780931188503
9780931191213
9780931199073
9780931202513
9780931209505
9780931209703
9780931209864
9780931209918
9780931221170
9780931227035
9780931240010
9780931241284
9780931250293
9780931271205
9780931271809
9780931292163
9780931292224
9780931328060
9780931337093
9780931344015
9780931364006
9780931367212
9780931369292
9780931380013
9780931386060
9780931394089
9780931397080
9780931416101
9780931425356
9780931432019
9780931432170
9780931454110
9780931460135
9780931462306
9780931462443
9780931462481
9780931462535
9780931462740
9780931462832
9780931462887
9780931474200
9780931494444
9780931509025
9780931510304
9780931529702
9780931529757
9780931529979
9780931537332
9780931539220
9780931541605
9780931552076
9780931552113
9780931552168
9780931562310
9780931563263
9780931593581
9780931606250
9780931606274
9780931613173
9780931618284
9780931618437
9780931618499
9780931627040
9780931651335
9780931654626
9780931654701
9780931654992
9780931659072
9780931659607
9780931673115
9780931674167
9780931675072
9780931682803
9780931693038
9780931697531
9780931710520
9780931714351
9780931714474
9780931717918
9780931724589
9780931724626
9780931724732
9780931724770
9780931743009
9780931745973
9780931754081
9780931759307
9780931773051
9780931773075
9780931773952
9780931779060
9780931779336
9780931779404
9780931787430
9780931790713
9780931790720
9780931790942
9780931791017
9780931793028
9780931793059
9780931816581
9780931830105
9780931830228
9780931832970
9780931837043
9780931837623
9780931837784
9780931866807
9780931870019
9780931876134
9780931876219
9780931876554
9780931876660
9780931888076
9780931888090
9780931888144
9780931888366
9780931890154
9780931890208
9780931892721
9780931895043
9780931895500
9780931898013
9780931906121
9780931917431
9780931922299
9780931943003
9780931948060
9780931948077
9780931948275
9780931948558
9780931958007
9780931960574
9780931961007
9780931961106
9780931961137
9780931961182
9780931961595
9780931961953
9780931988301
9780931990069
9780931992315
9780932004963
9780932012692
9780932020598
9780932026262
9780932027092
9780932035028
9780932035103
9780932035196
9780932040589
9780932045119
9780932050267
9780932050366
9780932050434
9780932052261
9780932085320
9780932085597
9780932085887
9780932087539
9780932087607
9780932090126
9780932096258
9780932101334
9780932117175
9780932117267
9780932117298
9780932117540
9780932126016
9780932130198
9780932139160
9780932140012
9780932146106
9780932146182
9780932154293
9780932169266
9780932171153
9780932173041
9780932173218
9780932212177
9780932212320
9780932212955
9780932212962
9780932216434
9780932216540
9780932221179
9780932231017
9780932238511
9780932250285
9780932259004
9780932259158
9780932259165
9780932265814
9780932269836
9780932274595
9780932279057
9780932279118
9780932281364
9780932282101
9780932294210
9780932296085
9780932298003
9780932298072
9780932298096
9780932298218
9780932298485
9780932305473
9780932305893
9780932310194
9780932325334
9780932325426
9780932325433
9780932325488
9780932334589
9780932334756
9780932345004
9780932351371
9780932360281
9780932368003
9780932376121
9780932376169
9780932379092
9780932379269
9780932379917
9780932384072
9780932387530
9780932387578
9780932392060
9780932397003
9780932397133
9780932397218
9780932406071
9780932406231
9780932408068
9780932408075
9780932412416
9780932415554
9780932415721
9780932416155
9780932416247
9780932416568
9780932416759
9780932416926
9780932416971
9780932416995
9780932433480
9780932440631
9780932445438
9780932458100
9780932458117
9780932458216
9780932458421
9780932469045
9780932471000
9780932482006
9780932482013
9780932492029
9780932495075
9780932497024
9780932500434
9780932500946
9780932500953
9780932506955
9780932514011
9780932520586
9780932522092
9780932526120
9780932526342
9780932558206
9780932558275
9780932568090
9780932576019
9780932576309
9780932581037
9780932581587
9780932592804
9780932597052
9780932616463
9780932620385
9780932629081
9780932629197
9780932629432
9780932629463
9780932629487
9780932629593
9780932629814
9780932638045
9780932642660
9780932642684
9780932642714
9780932642776
9780932642790
9780932647207
9780932648044
9780932648396
9780932648945
9780932649003
9780932653161
9780932654007
9780932654120
9780932662316
9780932662828
9780932664105
9780932664198
9780932664341
9780932686688
9780932688057
9780932693068
9780932702135
9780932704061
9780932705020
9780932716446
9780932716644
9780932716804
9780932718136
9780932720191
9780932727282
9780932727947
9780932735034
9780932750778
9780932757005
9780932760456
9780932777003
9780932790712
9780932796318
9780932796912
9780932807434
9780932807694
9780932807977
9780932814074
9780932826176
9780932845214
9780932845320
9780932845511
9780932855282
9780932857019
9780932863706
9780932870124
9780932870667
9780932870773
9780932870957
9780932883230
9780932883438
9780932883834
9780932887320
9780932887429
9780932894212
9780932900050
9780932900951
9780932912008
9780932913081
9780932914101
9780932916075
9780932927194
9780932935427
9780932942005
9780932946119
9780932956149
9780932956279
9780932958327
9780932966186
9780932970435
9780932980014
9780932985040
9780932986245
9780932991034
9780932991591
9780933002012
9780933014268
9780933014817
9780933014930
9780933023000
9780933046139
9780933050822
9780933050877
9780933053168
9780933062207
9780933062238
9780933078116
9780933078178
9780933082007
9780933087439
9780933104112
9780933104136
9780933108004
9780933121546
9780933124035
9780933126237
9780933140134
9780933147010
9780933148031
9780933164345
9780933170018
9780933173187
9780933173385
9780933174108
9780933187030
9780933196032
9780933199057
9780933199088
9780933200012
9780933201668
9780933211001
9780933212091
9780933212114
9780933215115
9780933216044
9780933216587
9780933220096
9780933224032
9780933224568
9780933224605
9780933227132
9780933227330
9780933227675
9780933239340
9780933256507
9780933269002
9780933269019
9780933269095
9780933271029
9780933278059
9780933280731
9780933280830
9780933282322
9780933286276
9780933287006
9780933291287
9780933296138
9780933301108
9780933302068
9780933316072
9780933328631
9780933328730
9780933341333
9780933341456
9780933341463
9780933341487
9780933346543
9780933346581
9780933380080
9780933384019
9780933389007
9780933391321
9780933396159
9780933396166
9780933396302
9780933400443
9780933419254
9780933419278
9780933421059
9780933429284
9780933449008
9780933449183
9780933451483
9780933456013
9780933469105
9780933469129
9780933469303
9780933470156
9780933474284
9780933477261
9780933477414
9780933488250
9780933491113
9780933491373
9780933491434
9780933491533
9780933491540
9780933491588
9780933491786
9780933503090
9780933503342
9780933503939
9780933516557
9780933516939
9780933519169
9780933519206
9780933519268
9780933529038
9780933532892
9780933534186
9780933534346
9780933546516
9780933564022
9780933564121
9780933580015
9780933580169
9780933585034
9780933598461
9780933605152
9780933606838
9780933614222
9780933628106
9780933629073
9780933635234
9780933635906
9780933638204
9780933642010
9780933642089
9780933656154
9780933656185
9780933657229
9780933657502
9780933657731
9780933657830
9780933662704
9780933665095
9780933672833
9780933673137
9780933676060
9780933676794
9780933676947
9780933681170
9780933686014
9780933687059
9780933692725
9780933699137
9780933701281
9780933701311
9780933704763
9780933716339
9780933716490
9780933716773
9780933716834
9780933769069
9780933770171
9780933770294
9780933771024
9780933782082
9780933790025
9780933806016
9780933818224
9780933818750
9780933826014
9780933826502
9780933826625
9780933833401
9780933840188
9780933843004
9780933849112
9780933849662
9780933852051
9780933852242
9780933855137
9780933856011
9780933856035
9780933856059
9780933856127
9780933856172
9780933856318
9780933856592
9780933856646
9780933856882
9780933858022
9780933858077
9780933861015
9780933873049
9780933873063
9780933873223
9780933873308
9780933873612
9780933873674
9780933884939
9780933895478
9780933895515
9780933917231
9780933919198
9780933920668
9780933920699
9780933944084
9780933944145
9780933951549
9780933951693
9780933951808
9780933956070
9780933963146
9780933966024
9780933973022
9780933982246
9780933989016
9780933992245
9780933992320
9780933993006
9780933994584
9780933997080
9780933999985
9780934009058
9780934009133
9780934017107
9780934017619
9780934024037
9780934026741
9780934032131
9780934032155
9780934032179
9780934035569
9780934039628
9780934040396
9780934041454
9780934041874
9780934048200
9780934052061
9780934052313
9780934081276
9780934085038
9780934088336
9780934098786
9780934109024
9780934125017
9780934126120
9780934126632
9780934126823
9780934126854
9780934126892
9780934134415
9780934136372
9780934140720
9780934140768
9780934145473
9780934161015
9780934185011
9780934188067
9780934188241
9780934188395
9780934196130
9780934210072
9780934213127
9780934218269
9780934223928
9780934228077
9780934254014
9780934254076
9780934254083
9780934255042
9780934257572
9780934260930
9780934266000
9780934269100
9780934306027
9780934306300
9780934312080
9780934313001
9780934318211
9780934318396
9780934318501
9780934318686
9780934323451
9780934324236
9780934349154
9780934364225
9780934364249
9780934367783
9780934369169
9780934374026
9780934378147
9780934385701
9780934387262
9780934387903
9780934391016
9780934395212
9780934395939
9780934396356
9780934400008
9780934411103
9780934411219
9780934418263
9780934418706
9780934426596
9780934426725
9780934426879
9780934426954
9780934429023
9780934429412
9780934429443
9780934429634
9780934429733
9780934438391
9780934460286
9780934474405
9780934476041
9780934477017
9780934483124
9780934530071
9780934532068
9780934533003
9780934540230
9780934540902
9780934544375
9780934552660
9780934558136
9780934570015
9780934581028
9780934588102
9780934590099
9780934590365
9780934590488
9780934601344
9780934605984
9780934609043
9780934609142
9780934609166
9780934609241
9780934613132
9780934633260
9780934633338
9780934633925
9780934641593
9780934641791
9780934654555
9780934664530
9780934666220
9780934666350
9780934666527
9780934666718
9780934675383
9780934678087
9780934681025
9780934688505
9780934688710
9780934688895
9780934720229
9780934721011
9780934733007
9780934733137
9780934733434
9780934738118
9780934738217
9780934738262
9780934761000
9780934761024
9780934764032
9780934770620
9780934772037
9780934772198
9780934772747
9780934774079
9780934780407
9780934780421
9780934780469
9780934780490
9780934780575
9780934780643
9780934782159
9780934784252
9780934793278
9780934798754
9780934803748
9780934821018
9780934829861
9780934834117
9780934834155
9780934834261
9780934834346
9780934842969
9780934847155
9780934848008
9780934860369
9780934870009
9780934870276
9780934876025
9780934878227
9780934881005
9780934882040
9780934882125
9780934893107
9780934893343
9780934898119
9780934904346
9780934909600
9780934914581
9780934914642
9780934916004
9780934934411
9780934948401
9780934955119
9780934955294
9780934955355
9780934977050
9780934986571
9780934988193
9780934988230
9780934998291
9780934998437
9780934998567
9780935008937
9780935009972
9780935012026
9780935015096
9780935016345
9780935037371
9780935037500
9780935037722
9780935039146
9780935047233
9780935047875
9780935047967
9780935052282
9780935063318
9780935063387
9780935063394
9780935063523
9780935063561
9780935063592
9780935069372
9780935078336
9780935078855
9780935094091
9780935112283
9780935112634
9780935129250
9780935132250
9780935133066
9780935133400
9780935137026
9780935151220
9780935153064
9780935156010
9780935157116
9780935164114
9780935166040
9780935172140
9780935172393
9780935179200
9780935180251
9780935180480
9780935180756
9780935182071
9780935182378
9780935184068
9780935199017
9780935199475
9780935206005
9780935213072
9780935213126
9780935217155
9780935223118
9780935230093
9780935252224
9780935252828
9780935266085
9780935277135
9780935278064
9780935284171
9780935284263
9780935284492
9780935284713
9780935284720
9780935284829
9780935288001
9780935290066
9780935296136
9780935296297
9780935299090
9780935301939
9780935302158
9780935302202
9780935303056
9780935304060
9780935304503
9780935311013
9780935312188
9780935314281
9780935314618
9780935314984
9780935315714
9780935322224
9780935331097
9780935335002
9780935341003
9780935343762
9780935359190
9780935371352
9780935372038
9780935372434
9780935382594
9780935388008
9780935391923
9780935398113
9780935403817
9780935411126
9780935411188
9780935411201
9780935422009
9780935445084
9780935445114
9780935445329
9780935445367
9780935445404
9780935445503
9780935445541
9780935445602
9780935445619
9780935468052
9780935470901
9780935476101
9780935476132
9780935478365
9780935480078
9780935480481
9780935480894
9780935480993
9780935487497
9780935487558
9780935493214
9780935493443
9780935501773
9780935501780
9780935503098
9780935515046
9780935515411
9780935515480
9780935515763
9780935519150
9780935519228
9780935523041
9780935523133
9780935523621
9780935523669
9780935523713
9780935523874
9780935526196
9780935527001
9780935536010
9780935536065
9780935536140
9780935536270
9780935536416
9780935553048
9780935553369
9780935553543
9780935553604
9780935554052
9780935558098
9780935558494
9780935568028
9780935568141
9780935568165
9780935568288
9780935568486
9780935568516
9780935572056
9780935573237
9780935576153
9780935576504
9780935578003
9780935578133
9780935581003
9780935600094
9780935603651
9780935603866
9780935614176
9780935615111
9780935615302
9780935617009
9780935617177
9780935626308
9780935626346
9780935661231
9780935672145
9780935680195
9780935680713
9780935693102
9780935693201
9780935696073
9780935696288
9780935697087
9780935697124
9780935701159
9780935701326
9780935702552
9780935704471
9780935716450
9780935719697
9780935720013
9780935724226
9780935724950
9780935727173
9780935727203
9780935727234
9780935727265
9780935732450
9780935735017
9780935742060
9780935742220
9780935748536
9780935748802
9780935751000
9780935755923
9780935790061
9780935796490
9780935796865
9780935810677
9780935810684
9780935817003
9780935817355
9780935817805
9780935817966
9780935834123
9780935834598
9780935834628
9780935848366
9780935853001
9780935856040
9780935867015
9780935868593
9780935877007
9780935881080
9780935882056
9780935902051
9780935908497
9780935916003
9780935929102
9780935931068
9780935931112
9780935931259
9780935931396
9780935931853
9780935937046
9780935940046
9780935952889
9780935958003
9780935966039
9780935982503
9780935988277
9780935992434
9780935995053
9780936001029
9780936008011
9780936013022
9780936014203
9780936014234
9780936014241
9780936015323
9780936015330
9780936026114
9780936028149
9780936029191
9780936029412
9780936042152
9780936044040
9780936047218
9780936050034
9780936075136
9780936085203
9780936110240
9780936111032
9780936115030
9780936124124
9780936125008
9780936132495
9780936149011
9780936157214
9780936157221
9780936166148
9780936166155
9780936175089
9780936179025
9780936179070
9780936179100
9780936184012
9780936184418
9780936184463
9780936184760
9780936184999
9780936185309
9780936185668
9780936193038
9780936204680
9780936204758
9780936206066
9780936206257
9780936211145
9780936211640
9780936259291
9780936260136
9780936260549
9780936260785
9780936262055
9780936262093
9780936262390
9780936270456
9780936273518
9780936283029
9780936284224
9780936284507
9780936295374
9780936305059
9780936315256
9780936328300
9780936332383
9780936335117
9780936340227
9780936340234
9780936347929
9780936352091
9780936352121
9780936356044
9780936363035
9780936364179
9780936364247
9780936369440
9780936369648
9780936369907
9780936369990
9780936370026
9780936373041
9780936380056
9780936384290
9780936384702
9780936386584
9780936386966
9780936388137
9780936388243
9780936388359
9780936389813
9780936399096
9780936406039
9780936414119
9780936415017
9780936425214
9780936425443
9780936425696
9780936429144
9780936433172
9780936450025
9780936455006
9780936459257
9780936476025
9780936481050
9780936481111
9780936481258
9780936484006
9780936488219
9780936488844
9780936494043
9780936497013
9780936505084
9780936505107
9780936528038
9780936528045
9780936538099
9780936548197
9780936564333
9780936564463
9780936586069
9780936602127
9780936602172
9780936608020
9780936608426
9780936609225
9780936622286
9780936625836
9780936644165
9780936648095
9780936650135
9780936662046
9780936663418
9780936672328
9780936680002
9780936691046
9780936712895
9780936716015
9780936725048
9780936726014
9780936738055
9780936738208
9780936738314
9780936738550
9780936738871
9780936742014
9780936742984
9780936750125
9780936760049
9780936760087
9780936760223
9780936772110
9780936773070
9780936777023
9780936777047
9780936781044
9780936784427
9780936784755
9780936784786
9780936784892
9780936784960
9780936785011
9780936785035
9780936785363
9780936785370
9780936785943
9780936785974
9780936799087
9780936799223
9780936799254
9780936799308
9780936816104
9780936827155
9780936827179
9780936829012
9780936834511
9780936834528
9780936834795
9780936834962
9780936859194
9780936859699
9780936859828
9780936859897
9780936860046
9780936860145
9780936861135
9780936861159
9780936861241
9780936862859
9780936874036
9780936889320
9780936892139
9780936892184
9780936894348
9780936894737
9780936896304
9780936904023
9780936915104
9780936937588
9780936943046
9780936943084
9780936958026
9780936972091
9780936972213
9780936972220
9780936981086
9780936981635
9780937013250
9780937013366
9780937031216
9780937031292
9780937031322
9780937032374
9780937032695
9780937032701
9780937035320
9780937040027
9780937043028
9780937044100
9780937062081
9780937062173
9780937085004
9780937097038
9780937108062
9780937108161
9780937108185
9780937108543
9780937109144
9780937123300
9780937123447
9780937130094
9780937140369
9780937157169
9780937160091
9780937174029
9780937175408
9780937188033
9780937188798
9780937191194
9780937191255
9780937191583
9780937203651
9780937207413
9780937207796
9780937214107
9780937216170
9780937247563
9780937247570
9780937274477
9780937276129
9780937279120
9780937279984
9780937280096
9780937280416
9780937295762
9780937299333
9780937311035
9780937318058
9780937336083
9780937354353
9780937354810
9780937354841
9780937360392
9780937396780
9780937396834
9780937404546
9780937410165
9780937414019
9780937420171
9780937424681
9780937426005
9780937430064
9780937452059
9780937458679
9780937460009
9780937507032
9780937522912
9780937523001
9780937539989
9780937548172
9780937548455
9780937552766
9780937577134
9780937580011
9780937580370
9780937580998
9780937594001
9780937600047
9780937609354
9780937630044
9780937638002
9780937644126
9780937644188
9780937645130
9780937647066
9780937652213
9780937660133
9780937660201
9780937660324
9780937660508
9780937660577
9780937660669
9780937660775
9780937661093
9780937663325
9780937669372
9780937670019
9780937670620
9780937672099
9780937673041
9780937690451
9780937702000
9780937708262
9780937708330
9780937710029
9780937761014
9780937769324
9780937774229
9780937790656
9780937791011
9780937805084
9780937809006
9780937817131
9780937820735
9780937820759
9780937822036
9780937851357
9780937854365
9780937857243
9780937857540
9780937861004
9780937861028
9780937861134
9780937861530
9780937866405
9780937869017
9780937872277
9780937877203
9780937884140
9780937892152
9780937899182
9780937906330
9780937931059
9780937934739
9780937934777
9780937941003
9780937942086
9780937944004
9780937959008
9780937959299
9780937959527
9780937959893
9780937959930
9780937976036
9780937986479
9780937986974
9780937994009
9780937994115
9780938003168
9780938015161
9780938020004
9780938021391
9780938036128
9780938037187
9780938045083
9780938065081
9780938067009
9780938075301
9780938075912
9780938077688
9780938078838
9780938100294
9780938100348
9780938100614
9780938100973
9780938127109
9780938127338
9780938127376
9780938151180
9780938151999
9780938162025
9780938162162
9780938175025
9780938175209
9780938211082
9780938216193
9780938216209
9780938216223
9780938216735
9780938220510
9780938222071
9780938227069
9780938232087
9780938232568
9780938232834
9780938250326
9780938252344
9780938256168
9780938256243
9780938256250
9780938256397
9780938256786
9780938262220
9780938263241
9780938279006
9780938289005
9780938294504
9780938294603
9780938294849
9780938313007
9780938313182
9780938313267
9780938314738
9780938314943
9780938315063
9780938317005
9780938329640
9780938332206
9780938395119
9780938400080
9780938407027
9780938408093
9780938414025
9780938414841
9780938414902
9780938415053
9780938415084
9780938416029
9780938422112
9780938423188
9780938428190
9780938437208
9780938463054
9780938467250
9780938474210
9780938477600
9780938491316
9780938495000
9780938501558
9780938510994
9780938513384
9780938530084
9780938530459
9780938544012
9780938563006
9780938567011
9780938567219
9780938567295
9780938572039
9780938577201
9780938579564
9780938587125
9780938587347
9780938590026
9780938626824
9780938627715
9780938631125
9780938631408
9780938634119
9780938635529
9780938650218
9780938650256
9780938650713
9780938652038
9780938661399
9780938661658
9780938665045
9780938665229
9780938665304
9780938665564
9780938676096
9780938682028
9780938682233
9780938685005
9780938685074
9780938692812
9780938696032
9780938708124
9780938708223
9780938711131
9780938711735
9780938716181
9780938717010
9780938717546
9780938721154
9780938736226
9780938737254
9780938738008
9780938741091
9780938753056
9780938753247
9780938753582
9780938753728
9780938753742
9780938753759
9780938754008
9780938762379
9780938782025
9780938817031
9780938819264
9780938819318
9780938819745
9780938832485
9780938833154
9780938864196
9780938901136
9780938903178
9780938903338
9780938911180
9780938920410
9780938920441
9780938920663
9780938943198
9780938945024
9780938952008
9780938959274
9780938965015
9780938971009
9780938971795
9780938971924
9780938978343
9780938978367
9780938983132
9780938991519
9780938991755
9780938994305
9780938999201
9780939007318
9780939009411
9780939010080
9780939041145
9780939045792
9780939051434
9780939059027
9780939071210
9780939084159
9780939084319
9780939109012
9780939114016
9780939114047
9780939114214
9780939114290
9780939114405
9780939114603
9780939114900
9780939115006
9780939116430
9780939116447
9780939117178
9780939125043
9780939125616
9780939144013
9780939144617
9780939144679
9780939151271
9780939158225
9780939159185
9780939159222
9780939165131
9780939171002
9780939180202
9780939180363
9780939184538
9780939184569
9780939193264
9780939193578
9780939195206
9780939195367
9780939195381
9780939205110
9780939214013
9780939214129
9780939217922
9780939219049
9780939221189
9780939238873
9780939238910
9780939238934
9780939241231
9780939241408
9780939241415
9780939246151
9780939246298
9780939246366
9780939246526
9780939253234
9780939263080
9780939266074
9780939266135
9780939266159
9780939298570
9780939298853
9780939306022
9780939314140
9780939314171
9780939314201
9780939332229
9780939336005
9780939338078
9780939343362
9780939352043
9780939363063
9780939365562
9780939371006
9780939378029
9780939378111
9780939384181
9780939391196
9780939395095
9780939405039
9780939416493
9780939416738
9780939416820
9780939416851
9780939422012
9780939423033
9780939429141
9780939431427
9780939449064
9780939460540
9780939460892
9780939477029
9780939481040
9780939481194
9780939482344
9780939487103
9780939487288
9780939487479
9780939487677
9780939487745
9780939497294
9780939497492
9780939497645
9780939506002
9780939506019
9780939510719
9780939510771
9780939512201
9780939513369
9780939513734
9780939539031
9780939553013
9780939555079
9780939560011
9780939561032
9780939561315
9780939561322
9780939564170
9780939566105
9780939570003
9780939576012
9780939591008
9780939613151
9780939613434
9780939616398
9780939631087
9780939631292
9780939631599
9780939631674
9780939644223
9780939644421
9780939644582
9780939644629
9780939644896
9780939646005
9780939650071
9780939650330
9780939650361
9780939651016
9780939660346
9780939666454
9780939666782
9780939674329
9780939680221
9780939680689
9780939680993
9780939688050
9780939688128
9780939688142
9780939688241
9780939697335
9780939715213
9780939719112
9780939748310
9780939748754
9780939761074
9780939763054
9780939765058
9780939765782
9780939765850
9780939766048
9780939766055
9780939766512
9780939767519
9780939771141
9780939771226
9780939780174
9780939791187
9780939791934
9780939802043
9780939802265
9780939806065
9780939808007
9780939818228
9780939820030
9780939821044
9780939821280
9780939832002
9780939838493
9780939850204
9780939850259
9780939855001
9780939883004
9780939896295
9780939896905
9780939900121
9780939900824
9780939900886
9780939914029
9780939921751
9780939925032
9780939927043
9780939927050
9780939927081
9780939927098
9780939927104
9780939927128
9780939927166
9780939927203
9780939928002
9780939934843
9780939934997
9780939940004
9780939944279
9780939955008
9780939956067
9780939963201
9780939964031
9780939965397
9780939971190
9780939973002
9780939975006
9780939979073
9780939979172
9780939979264
9780939982066
9780939985036
9780939992003
9780939994212
9780939994922
9780939995080
9780939995097
9780939995127
9780939995240
9780940000865
9780940014022
9780940014039
9780940055735
9780940062016
9780940076013
9780940087002
9780940087156
9780940095014
9780940114395
9780940118003
9780940118041
9780940118058
9780940118065
9780940118317
9780940118454
9780940118461
9780940118515
9780940118546
9780940118805
9780940118881
9780940118898
9780940118997
9780940121294
9780940121539
9780940122123
9780940129078
9780940134119
9780940134973
9780940139152
9780940143661
9780940147065
9780940151017
9780940151154
9780940159099
9780940160422
9780940160484
9780940160804
9780940168190
9780940168305
9780940169074
9780940188303
9780940193017
9780940193031
9780940206007
9780940208179
9780940242685
9780940251021
9780940251038
9780940257160
9780940258136
9780940276000
9780940277076
9780940279445
9780940279858
9780940283107
9780940283213
9780940283220
9780940283275
9780940287082
9780940293021
9780940293038
9780940293274
9780940293298
9780940293342
9780940293816
9780940293823
9780940295155
9780940296299
9780940310070
9780940311008
9780940326217
9780940328297
9780940328334
9780940337046
9780940346109
9780940346185
9780940350052
9780940350090
9780940353091
9780940366497
9780940370036
9780940374218
9780940376113
9780940384255
9780940391000
9780940392175
9780940403451
9780940403628
9780940404038
9780940411029
9780940432109
9780940457607
9780940460041
9780940462342
9780940462779
9780940473324
9780940486010
9780940490253
9780940495159
9780940495241
9780940512139
9780940520004
9780940530003
9780940535374
9780940535534
9780940540057
9780940543096
9780940572010
9780940576377
9780940580190
9780940580275
9780940589087
9780940594081
9780940602441
9780940607057
9780940625006
9780940628069
9780940646018
9780940646124
9780940650572
9780940652309
9780940652422
9780940652682
9780940669246
9780940670105
9780940670228
9780940672482
9780940685079
9780940685406
9780940696167
9780940712225
9780940712768
9780940712997
9780940716049
9780940717473
9780940717800
9780940732667
9780940741027
9780940742116
9780940744615
9780940745056
9780940748880
9780940753020
9780940754034
9780940757585
9780940757776
9780940767003
9780940774001
9780940777064
9780940780859
9780940793057
9780940793514
9780940793613
9780940793880
9780940813021
9780940813281
9780940828216
9780940836167
9780940837140
9780940847132
9780940864207
9780940866058
9780940872042
9780940872059
9780940872066
9780940872424
9780940875005
9780940880368
9780940880733
9780940883017
9780940883086
9780940883222
9780940884212
9780940884533
9780940884687
9780940884724
9780940889545
9780940894013
9780940895034
9780940895041
9780940895065
9780940898417
9780940899223
9780940899339
9780940907003
9780940907324
9780940917019
9780940923041
9780940931510
9780940931725
9780940938311
9780940938687
9780940955356
9780940955752
9780940962637
9780940962668
9780940975132
9780940975224
9780940979482
9780940984202
9780940984646
9780940984837
9780940989382
9780940999305
9780940999725
9780940999893
9780941008075
9780941010900
9780941016179
9780941016339
9780941017312
9780941022521
9780941024105
9780941037464
9780941042116
9780941050203
9780941050258
9780941050463
9780941050494
9780941051385
9780941052023
9780941052153
9780941052597
9780941053358
9780941053570
9780941053761
9780941072144
9780941072151
9780941072335
9780941078313
9780941078368
9780941087018
9780941092234
9780941092265
9780941092296
9780941092371
9780941092425
9780941093002
9780941104333
9780941112093
9780941112239
9780941112390
9780941127530
9780941131025
9780941136020
9780941141079
9780941142007
9780941150712
9780941158961
9780941160117
9780941162180
9780941167017
9780941174121
9780941175029
9780941175050
9780941175074
9780941175098
9780941175104
9780941175210
9780941182034
9780941182041
9780941186001
9780941190022
9780941193375
9780941198097
9780941198370
9780941208079
9780941214025
9780941214117
9780941214230
9780941214377
9780941214834
9780941215084
9780941216395
9780941232289
9780941232357
9780941232395
9780941232432
9780941238144
9780941241236
9780941246170
9780941263245
9780941263269
9780941267113
9780941270083
9780941270571
9780941270595
9780941270625
9780941284202
9780941284226
9780941320139
9780941320757
9780941324014
9780941332941
9780941337090
9780941339001
9780941339124
9780941339216
9780941343251
9780941343312
9780941351065
9780941361156
9780941363075
9780941388009
9780941404037
9780941404235
9780941404396
9780941404525
9780941404549
9780941404945
9780941405164
9780941406338
9780941410304
9780941419765
9780941420044
9780941423885
9780941426015
9780941426138
9780941434003
9780941442046
9780941462013
9780941477031
9780941477871
9780941478489
9780941478564
9780941478816
9780941498326
9780941498708
9780941498760
9780941500074
9780941500388
9780941501002
9780941518277
9780941526050
9780941540209
9780941548328
9780941570077
9780941576093
9780941576215
9780941583121
9780941590006
9780941596237
9780941599085
9780941600019
9780941613392
9780941613552
9780941613637
9780941613644
9780941613811
9780941620444
9780941633291
9780941645010
9780941651011
9780941652117
9780941652124
9780941653053
9780941653060
9780941653619
9780941653688
9780941664271
9780941664882
9780941676236
9780941678025
9780941678629
9780941678735
9780941680189
9780941680226
9780941690362
9780941694339
9780941694360
9780941702485
9780941705165
9780941720199
9780941758031
9780941781046
9780941786041
9780941807296
9780941809047
9780941859004
9780941859011
9780941859110
9780941881128
9780941881289
9780941881333
9780941893046
9780941901420
9780941903189
9780941907002
9780941925037
9780941930055
9780941934374
9780941942157
9780941942171
9780941942225
9780941947053
9780941950039
9780941950367
9780941952149
9780941952545
9780941952613
9780941952774
9780941964272
9780941967198
9780941967211
9780941971201
9780941994149
9780941995054
9780941995061
9780942003062
9780942011104
9780942023251
9780942025675
9780942025736
9780942035339
9780942035346
9780942035377
9780942035520
9780942035537
9780942035766
9780942035865
9780942035902
9780942051056
9780942051223
9780942051261
9780942051285
9780942051292
9780942053159
9780942053265
9780942061567
9780942078039
9780942078183
9780942084672
9780942084894
9780942085129
9780942087208
9780942096095
9780942103007
9780942103120
9780942103199
9780942118155
9780942143133
9780942144024
9780942148152
9780942159004
9780942159134
9780942160000
9780942179088
9780942195071
9780942200003
9780942202106
9780942207002
9780942208214
9780942211276
9780942211313
9780942211399
9780942211498
9780942211665
9780942211757
9780942211832
9780942214017
9780942216059
9780942219418
9780942237825
9780942249170
9780942256123
9780942277531
9780942323283
9780942323368
9780942324037
9780942324891
9780942341027
9780942342000
9780942344110
9780942349245
9780942349368
9780942353006
9780942361094
9780942361919
9780942363494
9780942365108
9780942370492
9780942370669
9780942375091
9780942376289
9780942380071
9780942382006
9780942383096
9780942386202
9780942386219
9780942386516
9780942386950
9780942387070
9780942388350
9780942389081
9780942391534
9780942395006
9780942396980
9780942397178
9780942407372
9780942419016
9780942424140
9780942427028
9780942440157
9780942440300
9780942440416
9780942440515
9780942442014
9780942445015
9780942447163
9780942454765
9780942454871
9780942459036
9780942461176
9780942468007
9780942480023
9780942494907
9780942495478
9780942495706
9780942495881
9780942501131
9780942511437
9780942511918
9780942521436
9780942541052
9780942544572
9780942545326
9780942545357
9780942545579
9780942545807
9780942545944
9780942551006
9780942566406
9780942568295
9780942579116
9780942586701
9780942596007
9780942597141
9780942597516
9780942604146
9780942604252
9780942612332
9780942612813
9780942612820
9780942614008
9780942614299
9780942618266
9780942618372
9780942627701
9780942636055
9780942637076
9780942637687
9780942639391
9780942641394
9780942647006
9780942647013
9780942666267
9780942666632
9780942675139
9780942683134
9780942684094
9780942684131
9780942684230
9780942690484
9780942698077
9780942698107
9780942698398
9780942702286
9780942702460
9780942702507
9780942702705
9780942710366
9780942710397
9780942710533
9780942719369
9780942719413
9780942727340
9780942728286
9780942728361
9780942738100
9780942744071
9780942759037
9780942784435
9780942784572
9780942802016
9780942893014
9780942908114
9780942936254
9780942936353
9780942941302
9780942945157
9780942945218
9780942945225
9780942945232
9780942949001
9780942949070
9780942957006
9780942961515
9780942974522
9780942974874
9780942996029
9780942996289
9780942996395
9780943001258
9780943004013
9780943012056
9780943012148
9780943012391
9780943041070
9780943041131
9780943041162
9780943044040
9780943044057
9780943044194
9780943056401
9780943058153
9780943058221
9780943066004
9780943069111
9780943079189
9780943086026
9780943088075
9780943088372
9780943103013
9780943107134
9780943107233
9780943120072
9780943126180
9780943128061
9780943131627
9780943136363
9780943161150
9780943161396
9780943161754
9780943161853
9780943167626
9780943173177
9780943173344
9780943173931
9780943182018
9780943182063
9780943197272
9780943197333
9780943198439
9780943202242
9780943202624
9780943205632
9780943210254
9780943210506
9780943210643
9780943210674
9780943213224
9780943220017
9780943228020
9780943230016
9780943231372
9780943235011
9780943244426
9780943255347
9780943261027
9780943261126
9780943261164
9780943261171
9780943261232
9780943263458
9780943270074
9780943274034
9780943289021
9780943295145
9780943325002
9780943335049
9780943335056
9780943343006
9780943349008
9780943366098
9780943370002
9780943373751
9780943374802
9780943378008
9780943378046
9780943380001
9780943392110
9780943396286
9780943396590
9780943396620
9780943396774
9780943400983
9780943403076
9780943403366
9780943403472
9780943403519
9780943403526
9780943403533
9780943409023
9780943409061
9780943409108
9780943412276
9780943414973
9780943432038
9780943432250
9780943432854
9780943448787
9780943452104
9780943452111
9780943452333
9780943456072
9780943460109
9780943460192
9780943460246
9780943460321
9780943477015
9780943480565
9780943489001
9780943497051
9780943518329
9780943518343
9780943526072
9780943526089
9780943526188
9780943545059
9780943549125
9780943549415
9780943549781
9780943574936
9780943575797
9780943590059
9780943590387
9780943594033
9780943594101
9780943595436
9780943599038
9780943599496
9780943604077
9780943612065
9780943616056
9780943616506
9780943629360
9780943633084
9780943633312
9780943635019
9780943639093
9780943641225
9780943645155
9780943645414
9780943645575
9780943651279
9780943651408
9780943651439
9780943657646
9780943678054
9780943685281
9780943686073
9780943686110
9780943686233
9780943691008
9780943706337
9780943706382
9780943706399
9780943706511
9780943706979
9780943716114
9780943721033
9780943722061
9780943722184
9780943727226
9780943739076
9780943739083
9780943739106
9780943739144
9780943739236
9780943742106
9780943742304
9780943748566
9780943748740
9780943763156
9780943768144
9780943788098
9780943790015
9780943798226
9780943798240
9780943804989
9780943822914
9780943823058
9780943836058
9780943852669
9780943852805
9780943855165
9780943860176
9780943861029
9780943872704
9780943883182
9780943883243
9780943891101
9780943909257
9780943914039
9780943914107
9780943914541
9780943915074
9780943920290
9780943925004
9780943955346
9780943955414
9780943955629
9780943963129
9780943963150
9780943963174
9780943963204
9780943963235
9780943963372
9780943963389
9780943963402
9780943963624
9780943963815
9780943972688
9780943972824
9780943972855
9780943976068
9780943980027
9780943990446
9780943990736
9780943990835
9780943994338
9780944007228
9780944009086
9780944019412
9780944019467
9780944019481
9780944024058
9780944024140
9780944024201
9780944024294
9780944029183
9780944029374
9780944029442
9780944029473
9780944031254
9780944032541
9780944040577
9780944040751
9780944042298
9780944054062
9780944070277
9780944070642
9780944070758
9780944070802
9780944072042
9780944072400
9780944072448
9780944072561
9780944079218
9780944079300
9780944079331
9780944082003
9780944089392
9780944091098
9780944091104
9780944092101
9780944094310
9780944094693
9780944119105
9780944125182
9780944133095
9780944140000
9780944142196
9780944142202
9780944142226
9780944158029
9780944161005
9780944176009
9780944185001
9780944203736
9780944203798
9780944204085
9780944210857
9780944212035
9780944214060
9780944219003
9780944219027
9780944220047
9780944220092
9780944220207
9780944226001
9780944235089
9780944262344
9780944266298
9780944276549
9780944277355
9780944282212
9780944282304
9780944287125
9780944287194
9780944287248
9780944294031
9780944297131
9780944322260
9780944322512
9780944337011
9780944337202
9780944337424
9780944344453
9780944350645
9780944363003
9780944383100
9780944383506
9780944386279
9780944386316
9780944393024
9780944397015
9780944406021
9780944413456
9780944413777
9780944418000
9780944428658
9780944428689
9780944435472
9780944435489
9780944435533
9780944436509
9780944448281
9780944455050
9780944477007
9780944483152
9780944495070
9780944496459
9780944499610
9780944501047
9780944502297
9780944508015
9780944508596
9780944508732
9780944525197
9780944529188
9780944529300
9780944533260
9780944540039
9780944550014
9780944551080
9780944584378
9780944588154
9780944589359
9780944599303
9780944599389
9780944599426
9780944599464
9780944599563
9780944599587
9780944599594
9780944599686
9780944599709
9780944599716
9780944599730
9780944599860
9780944599907
9780944609248
9780944624234
9780944641163
9780944641613
9780944661222
9780944671009
9780944675076
9780944676097
9780944676219
9780944676325
9780944680612
9780944680759
9780944685006
9780944708644
9780944715949
9780944715994
9780944722060
9780944725009
9780944729106
9780944729175
9780944733066
9780944733097
9780944735046
9780944735138
9780944735206
9780944735480
9780944735510
9780944735534
9780944735831
9780944735879
9780944735985
9780944771228
9780944788899
9780944792001
9780944802106
9780944817117
9780944817735
9780944826997
9780944831441
9780944856093
9780944870006
9780944870068
9780944875438
9780944875520
9780944875964
9780944875988
9780944878248
9780944878309
9780944879030
9780944880036
9780944904022
9780944904190
9780944904244
9780944904817
9780944912126
9780944920305
9780944920336
9780944920350
9780944920442
9780944931899
9780944933503
9780944941140
9780944957721
9780944957820
9780944958476
9780944996386
9780944998021
9780945005056
9780945010005
9780945015024
9780945015192
9780945015314
9780945019312
9780945078227
9780945084464
9780945092056
9780945107095
9780945134701
9780945134756
9780945134763
9780945135005
9780945151005
9780945159629
9780945164098
9780945165026
9780945167211
9780945167358
9780945167495
9780945169161
9780945175032
9780945184027
9780945185017
9780945192275
9780945192398
9780945199106
9780945209003
9780945209096
9780945213109
9780945242420
9780945242451
9780945242543
9780945255321
9780945255574
9780945257349
9780945265177
9780945265412
9780945265603
9780945274599
9780945276227
9780945276241
9780945284062
9780945289166
9780945296065
9780945296133
9780945296249
9780945296577
9780945296652
9780945307037
9780945320623
9780945322016
9780945328001
9780945332329
9780945339113
9780945344001
9780945349006
9780945349044
9780945352532
9780945353720
9780945354109
9780945354178
9780945354246
9780945354260
9780945354352
9780945354796
9780945383574
9780945410003
9780945417873
9780945433293
9780945433378
9780945434276
9780945441113
9780945441175
9780945441182
9780945441410
9780945441540
9780945441694
9780945447160
9780945447184
9780945448839
9780945454069
9780945454083
9780945456322
9780945460046
9780945460091
9780945460138
9780945465546
9780945465850
9780945470076
9780945470090
9780945470151
9780945470229
9780945470304
9780945470489
9780945470731
9780945470793
9780945474128
9780945483106
9780945483311
9780945483588
9780945495543
9780945495949
9780945501992
9780945506621
9780945519164
9780945525448
9780945525462
9780945530183
9780945543015
9780945558132
9780945563013
9780945575313
9780945575450
9780945575726
9780945603030
9780945620006
9780945636038
9780945636328
9780945646075
9780945648239
9780945657941
9780945685029
9780945707394
9780945726616
9780945729051
9780945732020
9780945743149
9780945759034
9780945759058
9780945767107
9780945791096
9780945798804
9780945799047
9780945803607
9780945803799
9780945809036
9780945809180
9780945818106
9780945822066
9780945847052
9780945856054
9780945858027
9780945881018
9780945902256
9780945905042
9780945926238
9780945934011
9780945935056
9780945936947
9780945936954
9780945938002
9780945948018
9780945949039
9780945971511
9780945971658
9780945988090
9780945989165
9780945997214
9780946001224
9780946003150
9780946003310
9780946005352
9780946009084
9780946014149
9780946014545
9780946014620
9780946014705
9780946015375
9780946015757
9780946017195
9780946023202
9780946027545
9780946037063
9780946041176
9780946041305
9780946041343
9780946043248
9780946043279
9780946044504
9780946049042
9780946062232
9780946068906
9780946075850
9780946077885
9780946081189
9780946081516
9780946092659
9780946093076
9780946095247
9780946097166
9780946098026
9780946098378
9780946128013
9780946130160
9780946132072
9780946132287
9780946132355
9780946132386
9780946132430
9780946132515
9780946141203
9780946143023
9780946148042
9780946148264
9780946148295
9780946148394
9780946148585
9780946148936
9780946159062
9780946159109
9780946159178
9780946159239
9780946159321
9780946159369
9780946159420
9780946159697
9780946159857
9780946159918
9780946162086
9780946162246
9780946162314
9780946162352
9780946162598
9780946162673
9780946165063
9780946170067
9780946172481
9780946172559
9780946181391
9780946183265
9780946183548
9780946183838
9780946184088
9780946184118
9780946184200
9780946184323
9780946184385
9780946184538
9780946184583
9780946184965
9780946184996
9780946189069
9780946189274
9780946189373
9780946200009
9780946207015
9780946209897
9780946211166
9780946211258
9780946214006
9780946214105
9780946214112
9780946217052
9780946217182
9780946217274
9780946217380
9780946219025
9780946219612
9780946219711
9780946228041
9780946230426
9780946230570
9780946236046
9780946236084
9780946238095
9780946238217
9780946245307
9780946245376
9780946245468
9780946245505
9780946245642
9780946245819
9780946245895
9780946251032
9780946252053
9780946252589
9780946252695
9780946264285
9780946264537
9780946265060
9780946265374
9780946270095
9780946270576
9780946270781
9780946270866
9780946280148
9780946280414
9780946284726
9780946289455
9780946290239
9780946307289
9780946307500
9780946307692
9780946308330
9780946313365
9780946313488
9780946313556
9780946313761
9780946326600
9780946326655
9780946328161
9780946328383
9780946328468
9780946338016
9780946346004
9780946351299
9780946351626
9780946351886
9780946351947
9780946351954
9780946352708
9780946361106
9780946361236
9780946361243
9780946372034
9780946372300
9780946372331
9780946378012
9780946378029
9780946378074
9780946378104
9780946378142
9780946378210
9780946379118
9780946391233
9780946391332
9780946391554
9780946391653
9780946395439
9780946404056
9780946404131
9780946404179
9780946404438
9780946404858
9780946406029
9780946406340
9780946406548
9780946407309
9780946407453
9780946407477
9780946407491
9780946407750
9780946409174
9780946418275
9780946418329
9780946418459
9780946418541
9780946418596
9780946429608
9780946433049
9780946443079
9780946451975
9780946452798
9780946462001
9780946469208
9780946474295
9780946483235
9780946487226
9780946487400
9780946487691
9780946488063
9780946488131
9780946489206
9780946489558
9780946489565
9780946489619
9780946489633
9780946489718
9780946495498
9780946515714
9780946524112
9780946537075
9780946537129
9780946537235
9780946537488
9780946537563
9780946537693
9780946537792
9780946537860
9780946538041
9780946541126
9780946541201
9780946550593
9780946551279
9780946551439
9780946551699
9780946555031
9780946555192
9780946555383
9780946555390
9780946555451
9780946559626
9780946571093
9780946571208
9780946589531
9780946590131
9780946590346
9780946590520
9780946593163
9780946593873
9780946594023
9780946594375
9780946594443
9780946603077
9780946604081
9780946609062
9780946609727
9780946609772
9780946609918
9780946616282
9780946616367
9780946616374
9780946616909
9780946616978
9780946619030
9780946619108
9780946619160
9780946619177
9780946619238
9780946621118
9780946626533
9780946626885
9780946627028
9780946627042
9780946627073
9780946627295
9780946627356
9780946627387
9780946627479
9780946627486
9780946640096
9780946640324
9780946641093
9780946643196
9780946647033
9780946650071
9780946650309
9780946650392
9780946650637
9780946650668
9780946650699
9780946650767
9780946650842
9780946650941
9780946651573
9780946655380
9780946657643
9780946667000
9780946670017
9780946670147
9780946674213
9780946674510
9780946674602
9780946674909
9780946676002
9780946688586
9780946690824
9780946690848
9780946691036
9780946699841
9780946699872
9780946707065
9780946708284
9780946714032
9780946717255
9780946719020
9780946719464
9780946724420
9780946732012
9780946744060
9780946744176
9780946744305
9780946744374
9780946744442
9780946744596
9780946745074
9780946755059
9780946755141
9780946757039
9780946757046
9780946771035
9780946771370
9780946771493
9780946771523
9780946771615
9780946771929
9780946771936
9780946784479
9780946786428
9780946789078
9780946789627
9780946815333
9780946819287
9780946819911
9780946826537
9780946826629
9780946826698
9780946826834
9780946828968
9780946834006
9780946836307
9780946837717
9780946841134
9780946841547
9780946848133
9780946848232
9780946848812
9780946853076
9780946857647
9780946866250
9780946871391
9780946872008
9780946872626
9780946872640
9780946887057
9780946887408
9780946889143
9780946890309
9780946890897
9780946890903
9780946894055
9780946897575
9780946897872
9780946904990
9780946918409
9780946928170
9780946928279
9780946940042
9780946942077
9780946958023
9780946958504
9780946958672
9780946960286
9780946960316
9780946962310
9780946962747
9780946962839
9780946968008
9780946973361
9780946973460
9780946976003
9780946976041
9780946980055
9780946980475
9780946982134
9780946983001
9780946983544
9780946991006
9780946995745
9780946995998
9780947008246
9780947009014
9780947042097
9780947042288
9780947062057
9780947062200
9780947062316
9780947062842
9780947063047
9780947068073
9780947087234
9780947087302
9780947087456
9780947117641
9780947163136
9780947163471
9780947163969
9780947189167
9780947212483
9780947214104
9780947214258
9780947214395
9780947216719
9780947266066
9780947266301
9780947266325
9780947272609
9780947272616
9780947277208
9780947277321
9780947277352
9780947277413
9780947322120
9780947322175
9780947325268
9780947325282
9780947328573
9780947333805
9780947334192
9780947334581
9780947334765
9780947338237
9780947338305
9780947338367
9780947338589
9780947338596
9780947338817
9780947357122
9780947444334
9780947458331
9780947458560
9780947461287
9780947464189
9780947464646
9780947464721
9780947464998
9780947468156
9780947470241
9780947503512
9780947503697
9780947503895
9780947504465
9780947506322
9780947518110
9780947531461
9780947531614
9780947531911
9780947533168
9780947533625
9780947535261
9780947548797
9780947548810
9780947548964
9780947553616
9780947554538
9780947559090
9780947561086
9780947562021
9780947564087
9780947568184
9780947568214
9780947568320
9780947568559
9780947575045
9780947584009
9780947587017
9780947595005
9780947595197
9780947605063
9780947612184
9780947612221
9780947612276
9780947613556
9780947618025
9780947618032
9780947621117
9780947623616
9780947637675
9780947643447
9780947645250
9780947645502
9780947645762
9780947645861
9780947655242
9780947655273
9780947655297
9780947655754
9780947655945
9780947659516
9780947660000
9780947665098
9780947674120
9780947679903
9780947686390
9780947686635
9780947686673
9780947692094
9780947693008
9780947693022
9780947697099
9780947697273
9780947697709
9780947701291
9780947708290
9780947711276
9780947712013
9780947712044
9780947712143
9780947712167
9780947712280
9780947712464
9780947714789
9780947714796
9780947728021
9780947731250
9780947731373
9780947731588
9780947731595
9780947731724
9780947731830
9780947731878
9780947734008
9780947739027
9780947750046
9780947752040
9780947752057
9780947752712
9780947754013
9780947754310
9780947754457
9780947754600
9780947756024
9780947757861
9780947773199
9780947773236
9780947773298
9780947773335
9780947773427
9780947780081
9780947780104
9780947780111
9780947780272
9780947780562
9780947780685
9780947782313
9780947785161
9780947785253
9780947790028
9780947792169
9780947792497
9780947792589
9780947792749
9780947792770
9780947792824
9780947793968
9780947795023
9780947795160
9780947795375
9780947795382
9780947795887
9780947796181
9780947797034
9780947808150
9780947808372
9780947808600
9780947808655
9780947808808
9780947810009
9780947816032
9780947819613
9780947830021
9780947830083
9780947830151
9780947830274
9780947833831
9780947850821
9780947852849
9780947860127
9780947860172
9780947870263
9780947885014
9780947885250
9780947885762
9780947889050
9780947893019
9780947893224
9780947894009
9780947898069
9780947898311
9780947898397
9780947898526
9780947904029
9780947912017
9780947912031
9780947912659
9780947912833
9780947912918
9780947929053
9780947931162
9780947934088
9780947935030
9780947939007
9780947946241
9780947946661
9780947962128
9780947964429
9780947969110
9780947971069
9780947971113
9780947971144
9780947971311
9780947971366
9780947973018
9780947981235
9780947981273
9780947981389
9780947981419
9780947981518
9780947981549
9780947981556
9780947981570
9780947981631
9780947981877
9780947988111
9780947992118
9780947992293
9780947992361
9780947992415
9780947992439
9780947992729
9780947992781
9780947992873
9780947992880
9780947992996
9780947993283
9780948006043
9780948006517
9780948006579
9780948018091
9780948018121
9780948025037
9780948025075
9780948025082
9780948025112
9780948027116
9780948032103
9780948032455
9780948032509
9780948032547
9780948059063
9780948065057
9780948065187
9780948065262
9780948065484
9780948065675
9780948075803
9780948075865
9780948080456
9780948080548
9780948080692
9780948083068
9780948097003
9780948097607
9780948100000
9780948106118
9780948107306
9780948113024
9780948130632
9780948130670
9780948130878
9780948130908
9780948131172
9780948131288
9780948134272
9780948135033
9780948135354
9780948135484
9780948149092
9780948149788
9780948151170
9780948153273
9780948153549
9780948154492
9780948154553
9780948158049
9780948158087
9780948158360
9780948158452
9780948158728
9780948158940
9780948164255
9780948164729
9780948166167
9780948172038
9780948178009
9780948183485
9780948188220
9780948193248
9780948193378
9780948193439
9780948193446
9780948196157
9780948198175
9780948202766
9780948202896
9780948207464
9780948207488
9780948207631
9780948207846
9780948207853
9780948216046
9780948229039
9780948230554
9780948238062
9780948238475
9780948246029
9780948246043
9780948248368
9780948248665
9780948250347
9780948251573
9780948251580
9780948251702
9780948252013
9780948252020
9780948253218
9780948253331
9780948253409
9780948253430
9780948253447
9780948253492
9780948253614
9780948253676
9780948253775
9780948255137
9780948257889
9780948259722
9780948259845
9780948263033
9780948264016
9780948264030
9780948265679
9780948265747
9780948265754
9780948265815
9780948265860
9780948268076
9780948269226
9780948269523
9780948269677
9780948270024
9780948275296
9780948282096
9780948297076
9780948304002
9780948308017
9780948320255
9780948323607
9780948327216
9780948329111
9780948329142
9780948339387
9780948351006
9780948353048
9780948353130
9780948353154
9780948353536
9780948372001
9780948372605
9780948385506
9780948390050
9780948390135
9780948390470
9780948390937
9780948397301
9780948397356
9780948397639
9780948397820
9780948400087
9780948400391
9780948400759
9780948403088
9780948403408
9780948403514
9780948403811
9780948404283
9780948404399
9780948404443
9780948414022
9780948414381
9780948414671
9780948414923
9780948414985
9780948418006
9780948432309
9780948444210
9780948451010
9780948453007
9780948453908
9780948456350
9780948460128
9780948462573
9780948469534
9780948471360
9780948473005
9780948473043
9780948489082
9780948491344
9780948491351
9780948495045
9780948500107
9780948507410
9780948509254
9780948509377
9780948511301
9780948512117
9780948513435
9780948513916
9780948518508
9780948518751
9780948519000
9780948524295
9780948524325
9780948524851
9780948524882
9780948527067
9780948527098
9780948543388
9780948549335
9780948549632
9780948558016
9780948560071
9780948560149
9780948562891
9780948567018
9780948578175
9780948578199
9780948578267
9780948578663
9780948578861
9780948581021
9780948601064
9780948601095
9780948601231
9780948601293
9780948614002
9780948615023
9780948619090
9780948621123
9780948636387
9780948639135
9780948639142
9780948639265
9780948639319
9780948639371
9780948639456
9780948654046
9780948661020
9780948662010
9780948667343
9780948667435
9780948667473
9780948667664
9780948667749
9780948667824
9780948672873
9780948680298
9780948691591
9780948695056
9780948699375
9780948720062
9780948723018
9780948723506
9780948723667
9780948727047
9780948743009
9780948747069
9780948747113
9780948762031
9780948765490
9780948765841
9780948789328
9780948789625
9780948789632
9780948789700
9780948797170
9780948797439
9780948807053
9780948807060
9780948807428
9780948807510
9780948807572
9780948825507
9780948825552
9780948825606
9780948826634
9780948830914
9780948835377
9780948835476
9780948836053
9780948838248
9780948838361
9780948838798
9780948845079
9780948848964
9780948853050
9780948854071
9780948864339
9780948868016
9780948872082
9780948872143
9780948872266
9780948875670
9780948877025
9780948877773
9780948878008
9780948882012
9780948899065
9780948902086
9780948902420
9780948902482
9780948902635
9780948904516
9780948904547
9780948911330
9780948911460
9780948911484
9780948911514
9780948911798
9780948911965
9780948912030
9780948912177
9780948912252
9780948920028
9780948929410
9780948929519
9780948930140
9780948930638
9780948939006
9780948946370
9780948946424
9780948946769
9780948955648
9780948964497
9780948964688
9780948964749
9780948965388
9780948965708
9780948975035
9780948975103
9780948975134
9780948975196
9780948975424
9780948975455
9780948975646
9780948975707
9780948975738
9780948975769
9780948975806
9780948975837
9780948975844
9780948975912
9780948984167
9780949003195
9780949060150
9780949089045
9780949089304
9780949089311
9780949106377
9780949118080
9780949129109
9780949135032
9780949135278
9780949138736
9780949138767
9780949142641
9780949155269
9780949164094
9780949186393
9780949187031
9780949206275
9780949229168
9780949266620
9780949267160
9780949267825
9780949268303
9780949268792
9780949284594
9780949284693
9780949284921
9780949331045
9780949398482
9780949405074
9780949414052
9780949447326
9780949457035
9780949457127
9780949457288
9780949463203
9780949467010
9780949474049
9780949474087
9780949525208
9780949569165
9780949605627
9780949659705
9780949698001
9780949707093
9780949708106
9780949708175
9780949708342
9780949720849
9780949720948
9780949727114
9780949734051
9780949749116
9780949749253
9780949749512
9780949749611
9780949753601
9780949759030
9780949773821
9780949773975
9780949789150
9780949809438
9780949817266
9780949823717
9780949825032
9780949843098
9780949853721
9780949873583
9780949898012
9780949905413
9780949906304
9780949910332
9780949919687
9780949919823
9780949924032
9780949924452
9780949924537
9780949924582
9780949932686
9780949937087
9780949937919
9780949943033
9780949973078
9780949989536
9780950001807
9780950002460
9780950004426
9780950004969
9780950006789
9780950010724
9780950010915
9780950015200
9780950019956
9780950021867
9780950022307
9780950028156
9780950037110
9780950047409
9780950054100
9780950062600
9780950063843
9780950068718
9780950073309
9780950074900
9780950079509
9780950080000
9780950081328
9780950082707
9780950083629
9780950104522
9780950105642
9780950108520
9780950109862
9780950110929
9780950111018
9780950112206
9780950113036
9780950119793
9780950122779
9780950122809
9780950123622
9780950130644
9780950131054
9780950138923
9780950139906
9780950142029
9780950144450
9780950148816
9780950149301
9780950152103
9780950156132
9780950156941
9780950162324
9780950171876
9780950175317
9780950175867
9780950176208
9780950177861
9780950177977
9780950177984
9780950183930
9780950187105
9780950187945
9780950194677
9780950195162
9780950196527
9780950197005
9780950200545
9780950203430
9780950203614
9780950203911
9780950204093
9780950204208
9780950209111
9780950216720
9780950234465
9780950243214
9780950243696
9780950244501
9780950246109
9780950252216
9780950261270
9780950261447
9780950263106
9780950263427
9780950266800
9780950267517
9780950272351
9780950275130
9780950275963
9780950277608
9780950279701
9780950282527
9780950285306
9780950285344
9780950286266
9780950287607
9780950287621
9780950304915
9780950305028
9780950312804
9780950322490
9780950325019
9780950328713
9780950330907
9780950333427
9780950333540
9780950334103
9780950339283
9780950340227
9780950342900
9780950345109
9780950345413
9780950346137
9780950346960
9780950346991
9780950349374
9780950353739
9780950355825
9780950362038
9780950365633
9780950365657
9780950369709
9780950370125
9780950386805
9780950388021
9780950395135
9780950395173
9780950398303
9780950398518
9780950398921
9780950399201
9780950405322
9780950406640
9780950409603
9780950410500
9780950412634
9780950414300
9780950415604
9780950417110
9780950422626
9780950426266
9780950426303
9780950439013
9780950443140
9780950444918
9780950446103
9780950447407
9780950454849
9780950459424
9780950459516
9780950459820
9780950462912
9780950464831
9780950475806
9780950476728
9780950476735
9780950477725
9780950479712
9780950486130
9780950486161
9780950487946
9780950491400
9780950491554
9780950497303
9780950501857
9780950502120
9780950505305
9780950513638
9780950513645
9780950518831
9780950519807
9780950523521
9780950524115
9780950545899
9780950555911
9780950557786
9780950562407
9780950566702
9780950572550
9780950573366
9780950577579
9780950578996
9780950586915
9780950587325
9780950587363
9780950587370
9780950588612
9780950591704
9780950595634
9780950596204
9780950600956
9780950601298
9780950602004
9780950605531
9780950608129
9780950610108
9780950610412
9780950610719
9780950616810
9780950625775
9780950627212
9780950628400
9780950629018
9780950629094
9780950631417
9780950633701
9780950636054
9780950638577
9780950640266
9780950644202
9780950647807
9780950648903
9780950652191
9780950652535
9780950654409
9780950654706
9780950654980
9780950655802
9780950658520
9780950659404
9780950659435
9780950661988
9780950665184
9780950666488
9780950666839
9780950668949
9780950673301
9780950674964
9780950676500
9780950678108
9780950682037
9780950682532
9780950685311
9780950688350
9780950689104
9780950690513
9780950692807
9780950697727
9780950697734
9780950699196
9780950700601
9780950703343
9780950705507
9780950710884
9780950712017
9780950714707
9780950715605
9780950716633
9780950718224
9780950718408
9780950718804
9780950721415
9780950724065
9780950725420
9780950726007
9780950728100
9780950730318
9780950732602
9780950732817
9780950734903
9780950737140
9780950739601
9780950740812
9780950743189
9780950743622
9780950743660
9780950743738
9780950743745
9780950747712
9780950756806
9780950758800
9780950762869
9780950764634
9780950765303
9780950766409
9780950771496
9780950773544
9780950777542
9780950779416
9780950779713
9780950780207
9780950781259
9780950783611
9780950786520
9780950789002
9780950789507
9780950790152
9780950791401
9780950793504
9780950795003
9780950796062
9780950797502
9780950799209
9780950800127
9780950802459
9780950802602
9780950802671
9780950805801
9780950809526
9780950812618
9780950813349
9780950815039
9780950815350
9780950815916
9780950816029
9780950821405
9780950821719
9780950823423
9780950823461
9780950824505
9780950826707
9780950827513
9780950829401
9780950832531
9780950833224
9780950833248
9780950837123
9780950837918
9780950840413
9780950844107
9780950845555
9780950848433
9780950848716
9780950851631
9780950853802
9780950856421
9780950859316
9780950859804
9780950859842
9780950864204
9780950869728
9780950869841
9780950870410
9780950870991
9780950871028
9780950871035
9780950871578
9780950872537
9780950875699
9780950879314
9780950884400
9780950885100
9780950889009
9780950892634
9780950894102
9780950895000
9780950898148
9780950898209
9780950898919
9780950908144
9780950909738
9780950909967
9780950915203
9780950915302
9780950919133
9780950919195
9780950919829
9780950920504
9780950923604
9780950925912
9780950926544
9780950927404
9780950929507
9780950929521
9780950929606
9780950932101
9780950935102
9780950935324
9780950935393
9780950936239
9780950941424
9780950941462
9780950942001
9780950942100
9780950942124
9780950944500
9780950945309
9780950947600
9780950947709
9780950948744
9780950958200
9780950959306
9780950960630
9780950962009
9780950964959
9780950969312
9780950969527
9780950969800
9780950973814
9780950973951
9780950973999
9780950978529
9780950979250
9780950980515
9780950983806
9780950986630
9780950990194
9780950992402
9780950996189
9780950996202
9780950998145
9780950998442
9780950999951
9780951001813
9780951009604
9780951010808
9780951016206
9780951016305
9780951024201
9780951025505
9780951026823
9780951028025
9780951030295
9780951032329
9780951037751
9780951039113
9780951040508
9780951041109
9780951041918
9780951043202
9780951044414
9780951052556
9780951053416
9780951054611
9780951055502
9780951058657
9780951059203
9780951064238
9780951068403
9780951070253
9780951070291
9780951070802
9780951072820
9780951074619
9780951074718
9780951076613
9780951076804
9780951076873
9780951077900
9780951078228
9780951079607
9780951082614
9780951083000
9780951084779
9780951085202
9780951085509
9780951085622
9780951087527
9780951087947
9780951090404
9780951090572
9780951092606
9780951093801
9780951094402
9780951096505
9780951096512
9780951096956
9780951101827
9780951102916
9780951104774
9780951104804
9780951106204
9780951108109
9780951109052
9780951110836
9780951110881
9780951116401
9780951118917
9780951124000
9780951129319
9780951129616
9780951131107
9780951135655
9780951136300
9780951138571
9780951139431
9780951143469
9780951144626
9780951147009
9780951154601
9780951154717
9780951155301
9780951157749
9780951165805
9780951170144
9780951171028
9780951174517
9780951176528
9780951178607
9780951179505
9780951179802
9780951186893
9780951186923
9780951186954
9780951189825
9780951192306
9780951193136
9780951194102
9780951195017
9780951197103
9780951198100
9780951198407
9780951200803
9780951201312
9780951208014
9780951208304
9780951210307
9780951211427
9780951212691
9780951216507
9780951218914
9780951223307
9780951226803
9780951228623
9780951230688
9780951231098
9780951237922
9780951239308
9780951241356
9780951245804
9780951246900
9780951247457
9780951247907
9780951251409
9780951253502
9780951254523
9780951254530
9780951254905
9780951258194
9780951259436
9780951260807
9780951261965
9780951268209
9780951272923
9780951275306
9780951277812
9780951278109
9780951280317
9780951281314
9780951281406
9780951281604
9780951282045
9780951284001
9780951293331
9780951296004
9780951300701
9780951303306
9780951304600
9780951306383
9780951307021
9780951309117
9780951311929
9780951313909
9780951315903
9780951321195
9780951323380
9780951324639
9780951328408
9780951331163
9780951337400
9780951337509
9780951340608
9780951342411
9780951347621
9780951349212
9780951350010
9780951350676
9780951350683
9780951351307
9780951353714
9780951354230
9780951354605
9780951357323
9780951357415
9780951365670
9780951365694
9780951366202
9780951370605
9780951371329
9780951372111
9780951372210
9780951374719
9780951379929
9780951381502
9780951382967
9780951386736
9780951393833
9780951395806
9780951397404
9780951397725
9780951398302
9780951399781
9780951411315
9780951414439
9780951419434
9780951420201
9780951424674
9780951427002
9780951433348
9780951436325
9780951439517
9780951441909
9780951445006
9780951445723
9780951446201
9780951447024
9780951451502
9780951452608
9780951453483
9780951453490
9780951454749
9780951460320
9780951463000
9780951464816
9780951464823
9780951464885
9780951469408
9780951470206
9780951471708
9780951478103
9780951481080
9780951481202
9780951486689
9780951488300
9780951488966
9780951493700
9780951494530
9780951494714
9780951496541
9780951498514
9780951500965
9780951508602
9780951508657
9780951508664
9780951511008
9780951514900
9780951515112
9780951516003
9780951524022
9780951526712
9780951527108
9780951528181
9780951528877
9780951530115
9780951530290
9780951532928
9780951535202
9780951536308
9780951538203
9780951541135
9780951541951
9780951543108
9780951543504
9780951547649
9780951559888
9780951561805
9780951562420
9780951563755
9780951565513
9780951565575
9780951568613
9780951568712
9780951571484
9780951571859
9780951572702
9780951577417
9780951578902
9780951579862
9780951580806
9780951581124
9780951584910
9780951584965
9780951592601
9780951593400
9780951598313
9780951599679
9780951602256
9780951602409
9780951603000
9780951603031
9780951605615
9780951608883
9780951609002
9780951612316
9780951614631
9780951616635
9780951618417
9780951623718
9780951625705
9780951626603
9780951629918
9780951634554
9780951640272
9780951643501
9780951645420
9780951646816
9780951649701
9780951650110
9780951651216
9780951658505
9780951660034
9780951663103
9780951663110
9780951664711
9780951668696
9780951669525
9780951669914
9780951670705
9780951671108
9780951671504
9780951673904
9780951678343
9780951688885
9780951692103
9780951694145
9780951695081
9780951696040
9780951696316
9780951701706
9780951704202
9780951705810
9780951708002
9780951709504
9780951710807
9780951715765
9780951717516
9780951725214
9780951729038
9780951732038
9780951734803
9780951736906
9780951738009
9780951739716
9780951740712
9780951743232
9780951746134
9780951748145
9780951757758
9780951768600
9780951769539
9780951769904
9780951772355
9780951778241
9780951779408
9780951780961
9780951782255
9780951783801
9780951787519
9780951789513
9780951791509
9780951792803
9780951794401
9780951795903
9780951801406
9780951801628
9780951802229
9780951805626
9780951807859
9780951809525
9780951814178
9780951815014
9780951816608
9780951818893
9780951819395
9780951821909
9780951826300
9780951827109
9780951828236
9780951838105
9780951842751
9780951845103
9780951847107
9780951851197
9780951855621
9780951855836
9780951856741
9780951859308
9780951860908
9780951863602
9780951865842
9780951866122
9780951866467
9780951868003
9780951868904
9780951870495
9780951872895
9780951872956
9780951875070
9780951879900
9780951880210
9780951884416
9780951891506
9780951893203
9780951895801
9780951895870
9780951896617
9780951897171
9780951907887
9780951911600
9780951913642
9780951914007
9780951919507
9780951920121
9780951920138
9780951920183
9780951921302
9780951923931
9780951923979
9780951926178
9780951929131
9780951932407
9780951938072
9780951941379
9780951941522
9780951941577
9780951941959
9780951942703
9780951943304
9780951945117
9780951946695
9780951948927
9780951949009
9780951952214
9780951953822
9780951953907
9780951955130
9780951955321
9780951959305
9780951959626
9780951962817
9780951966204
9780951966600
9780951970805
9780951974803
9780951978603
9780951982402
9780951982419
9780951982457
9780951982464
9780951982471
9780951983201
9780951983706
9780951989005
9780951993101
9780951994603
9780951997413
9780952006237
9780952006282
9780952008057
9780952008071
9780952008118
9780952008323
9780952011309
9780952011767
9780952019701
9780952019909
9780952022909
9780952024903
9780952024989
9780952026792
9780952031215
9780952036623
9780952038818
9780952040385
9780952042426
9780952042440
9780952042716
9780952049500
9780952052098
9780952053712
9780952056102
9780952060840
9780952063001
9780952063025
9780952064480
9780952065845
9780952066903
9780952071419
9780952076513
9780952080626
9780952087458
9780952087601
9780952088011
9780952088752
9780952090601
9780952090724
9780952091509
9780952093114
9780952094906
9780952095019
9780952101512
9780952102007
9780952104605
9780952105602
9780952107903
9780952109914
9780952110200
9780952114123
9780952116905
9780952129400
9780952130826
9780952131908
9780952132264
9780952133704
9780952134008
9780952134701
9780952137122
9780952142621
9780952146308
9780952147138
9780952147169
9780952150206
9780952157205
9780952157717
9780952158967
9780952160328
9780952163008
9780952163978
9780952164005
9780952164456
9780952165507
9780952165514
9780952170334
9780952172154
9780952174301
9780952176022
9780952176220
9780952176244
9780952178408
9780952185604
9780952189701
9780952190943
9780952191070
9780952191209
9780952193838
9780952193968
9780952196907
9780952197805
9780952203704
9780952204220
9780952207900
9780952209843
9780952209867
9780952211624
9780952215202
9780952217114
9780952217411
9780952219408
9780952223344
9780952231400
9780952233640
9780952234302
9780952234999
9780952235309
9780952238522
9780952240716
9780952241317
9780952241331
9780952245407
9780952248200
9780952249528
9780952253846
9780952267133
9780952268888
9780952269007
9780952270409
9780952270720
9780952270911
9780952272007
9780952272014
9780952277217
9780952277309
9780952279716
9780952283164
9780952283805
9780952289340
9780952289388
9780952290568
9780952299219
9780952302803
9780952305248
9780952308508
9780952311102
9780952311706
9780952313205
9780952314905
9780952314974
9780952318101
9780952322016
9780952322306
9780952322511
9780952324102
9780952328858
9780952331605
9780952331667
9780952331674
9780952332107
9780952335580
9780952344957
9780952345480
9780952345800
9780952346128
9780952346807
9780952347248
9780952347309
9780952347842
9780952347866
9780952349112
9780952352242
9780952356332
9780952357605
9780952357711
9780952362838
9780952362876
9780952365907
9780952367253
9780952377979
9780952382003
9780952382218
9780952387602
9780952389705
9780952391883
9780952393689
9780952395614
9780952395904
9780952396178
9780952397151
9780952401926
9780952401933
9780952402053
9780952403357
9780952408116
9780952412908
9780952414315
9780952414421
9780952419501
9780952422952
9780952427872
9780952429142
9780952430490
9780952434603
9780952439202
9780952440512
9780952440604
9780952442431
9780952442455
9780952445111
9780952446446
9780952446958
9780952448501
9780952450009
9780952450122
9780952451327
9780952458500
9780952460244
9780952464716
9780952469704
9780952477808
9780952478553
9780952479666
9780952481607
9780952485902
9780952493754
9780952494201
9780952494713
9780952497066
9780952497073
9780952501527
9780952501756
9780952506447
9780952509707
9780952510116
9780952511625
9780952512257
9780952514657
9780952524328
9780952524335
9780952526711
9780952528203
9780952529149
9780952529224
9780952531500
9780952533023
9780952533603
9780952538011
9780952540434
9780952540458
9780952541028
9780952550808
9780952552901
9780952553007
9780952553809
9780952554516
9780952558705
9780952559702
9780952563617
9780952565512
9780952565963
9780952567417
9780952567509
9780952567936
9780952567950
9780952570806
9780952574408
9780952574576
9780952575900
9780952576709
9780952577768
9780952582304
9780952583448
9780952585152
9780952586272
9780952588894
9780952590019
9780952591054
9780952598312
9780952598817
9780952600411
9780952600947
9780952601104
9780952602200
9780952603153
9780952607632
9780952609315
9780952612100
9780952614616
9780952615163
9780952616900
9780952618713
9780952618720
9780952618744
9780952619277
9780952619604
9780952620303
9780952621324
9780952622857
9780952628606
9780952632092
9780952639305
9780952640820
9780952645801
9780952647201
9780952649311
9780952651116
9780952651123
9780952651154
9780952652007
9780952652502
9780952654407
9780952655510
9780952655602
9780952661207
9780952666707
9780952667803
9780952670193
9780952671824
9780952678649
9780952678908
9780952679202
9780952683421
9780952683797
9780952685548
9780952685630
9780952687221
9780952688112
9780952694915
9780952704577
9780952707462
9780952709701
9780952710417
9780952715610
9780952718253
9780952719854
9780952719892
9780952722304
9780952723202
9780952724773
9780952725107
9780952725756
9780952729730
9780952731153
9780952734109
9780952735205
9780952735502
9780952738343
9780952750147
9780952750161
9780952750635
9780952751205
9780952752707
9780952766544
9780952775607
9780952778400
9780952780113
9780952784654
9780952791300
9780952791737
9780952793236
9780952796107
9780952800316
9780952806523
9780952808008
9780952809104
9780952814306
9780952816904
9780952819950
9780952825913
9780952826408
9780952828617
9780952829409
9780952829508
9780952831709
9780952834458
9780952836209
9780952836728
9780952840817
9780952841326
9780952843108
9780952845300
9780952848202
9780952851509
9780952856504
9780952856603
9780952864431
9780952870647
9780952874614
9780952876083
9780952878322
9780952879305
9780952880547
9780952881360
9780952881414
9780952882800
9780952886518
9780952886907
9780952888161
9780952891321
9780952894827
9780952901600
9780952902706
9780952910527
9780952911944
9780952916505
9780952918813
9780952920229
9780952923824
9780952925002
9780952929505
9780952930938
9780952935803
9780952942689
9780952944218
9780952948100
9780952949305
9780952950059
9780952950905
9780952951193
9780952952787
9780952953005
9780952953401
9780952954026
9780952958703
9780952963004
9780952969006
9780952973201
9780952978718
9780952983804
9780952986300
9780952986904
9780952993919
9780952994350
9780952998204
9780953002801
9780953004904
9780953008001
9780953011995
9780953013036
9780953017409
9780953017744
9780953029242
9780953033089
9780953033805
9780953033812
9780953034512
9780953038701
9780953041312
9780953041336
9780953041992
9780953042104
9780953042302
9780953044412
9780953051502
9780953053308
9780953053902
9780953055203
9780953056064
9780953056071
9780953063314
9780953063369
9780953068401
9780953071807
9780953076833
9780953076857
9780953078509
9780953081707
9780953091232
9780953093106
9780953099801
9780953102600
9780953103508
9780953105885
9780953105892
9780953116003
9780953120505
9780953123001
9780953132126
9780953136704
9780953139514
9780953142606
9780953143900
9780953144907
9780953156320
9780953159758
9780953163304
9780953163939
9780953169009
9780953171217
9780953173761
9780953175048
9780953180929
9780953184118
9780953187300
9780953188918
9780953195633
9780953197934
9780953203840
9780953205202
9780953205714
9780953211005
9780953215409
9780953215805
9780953216000
9780953216802
9780953223589
9780953223633
9780953223725
9780953225804
9780953226511
9780953227310
9780953232451
9780953239108
9780953240708
9780953242245
9780953246403
9780953248537
9780953248551
9780953249237
9780953255511
9780953255559
9780953256808
9780953259045
9780953265985
9780953267705
9780953272624
9780953276929
9780953280919
9780953281107
9780953284856
9780953288304
9780953289813
9780953289905
9780953294008
9780953296002
9780953303212
9780953303397
9780953305216
9780953307128
9780953309887
9780953312306
9780953313204
9780953313709
9780953315307
9780953317240
9780953320301
9780953320653
9780953326235
9780953328901
9780953330522
9780953334704
9780953335916
9780953340644
9780953347896
9780953349340
9780953350513
9780953354313
9780953359141
9780953359165
9780953364619
9780953369010
9780953370443
9780953376704
9780953382415
9780953382613
9780953386543
9780953390601
9780953393909
9780953395545
9780953398218
9780953399802
9780953406104
9780953409600
9780953410125
9780953410521
9780953412600
9780953413805
9780953420544
9780953420568
9780953420575
9780953421305
9780953421343
9780953422432
9780953424023
9780953425709
9780953429301
9780953431656
9780953431939
9780953436088
9780953437115
9780953437627
9780953439805
9780953439836
9780953442638
9780953443017
9780953443024
9780953443710
9780953450527
9780953450800
9780953452903
9780953453108
9780953454808
9780953458424
9780953463909
9780953465002
9780953468348
9780953469703
9780953470457
9780953471324
9780953473434
9780953473595
9780953474608
9780953477517
9780953478460
9780953479009
9780953488049
9780953488087
9780953488308
9780953490806
9780953493005
9780953498109
9780953499359
9780953500505
9780953501502
9780953503810
9780953504800
9780953505104
9780953509911
9780953510009
9780953512102
9780953516216
9780953516308
9780953516513
9780953518227
9780953520725
9780953523702
9780953532100
9780953538805
9780953539796
9780953539901
9780953540709
9780953541447
9780953544806
9780953549207
9780953559329
9780953559343
9780953559374
9780953559619
9780953561735
9780953562312
9780953562626
9780953563548
9780953563593
9780953563708
9780953572458
9780953573011
9780953575305
9780953576029
9780953577644
9780953578108
9780953585304
9780953586233
9780953586493
9780953586608
9780953587209
9780953589302
9780953590704
9780953591237
9780953591305
9780953594207
9780953600700
9780953604500
9780953608003
9780953608645
9780953609703
9780953609901
9780953610082
9780953611300
9780953613403
9780953616107
9780953616329
9780953618644
9780953623419
9780953627851
9780953631452
9780953631735
9780953638604
9780953640829
9780953641093
9780953644834
9780953646302
9780953648504
9780953649501
9780953649532
9780953651610
9780953652341
9780953652389
9780953653065
9780953655373
9780953657407
9780953658367
9780953658503
9780953659210
9780953660117
9780953660506
9780953662012
9780953662616
9780953664818
9780953667505
9780953672400
9780953674367
9780953674398
9780953675104
9780953675326
9780953680368
9780953687503
9780953687800
9780953688005
9780953688012
9780953689705
9780953689712
9780953691609
9780953694105
9780953698318
9780953701407
9780953702213
9780953702411
9780953702947
9780953703104
9780953703708
9780953703715
9780953704002
9780953704057
9780953705108
9780953708406
9780953711208
9780953714940
9780953715114
9780953719402
9780953720064
9780953723485
9780953735204
9780953741403
9780953746903
9780953747955
9780953748105
9780953750504
9780953753246
9780953758005
9780953765607
9780953766413
9780953767403
9780953769513
9780953773626
9780953780402
9780953781164
9780953783007
9780953783205
9780953785902
9780953786909
9780953788705
9780953790708
9780953798087
9780953800001
9780953800728
9780953804238
9780953804337
9780953805303
9780953805556
9780953806140
9780953806621
9780953806706
9780953808700
9780953809905
9780953810109
9780953812202
9780953812226
9780953813100
9780953817467
9780953818051
9780953819102
9780953826513
9780953826902
9780953827039
9780953829897
9780953835713
9780953836307
9780953837717
9780953841813
9780953842124
9780953843602
9780953845224
9780953846566
9780953846825
9780953848102
9780953850228
9780953851607
9780953853687
9780953855414
9780953855438
9780953855933
9780953857302
9780953859016
9780953859054
9780953860647
9780953871100
9780953872015
9780953873784
9780953877188
9780953880027
9780953881413
9780953883103
9780953888719
9780953890804
9780953894109
9780953896455
9780953899142
9780953899159
9780953901302
9780953902187
9780953904822
9780953910823
9780953911905
9780953915316
9780953916528
9780953919017
9780953919604
9780953919703
9780953920754
9780953924417
9780953926039
9780953926527
9780953926800
9780953930319
9780953931545
9780953935307
9780953935345
9780953936502
9780953939220
9780953942305
9780953942800
9780953943203
9780953945306
9780953945474
9780953946600
9780953948505
9780953952908
9780953953110
9780953953301
9780953956500
9780953957101
9780953957507
9780953958207
9780953959471
9780953959914
9780953960446
9780953960460
9780953961320
9780953966301
9780953966707
9780953968602
9780953969005
9780953969708
9780953970018
9780953970100
9780953971503
9780953979806
9780953986309
9780953990634
9780953995103
9780953999408
9780953999422
9780954004705
9780954005504
9780954006808
9780954008628
9780954012205
9780954012502
9780954013608
9780954015602
9780954016203
9780954020620
9780954024109
9780954024505
9780954031152
9780954031213
9780954031909
9780954033828
9780954033866
9780954034016
9780954036508
9780954037802
9780954039202
9780954042011
9780954043711
9780954044022
9780954044503
9780954051402
9780954053529
9780954054533
9780954054908
9780954055608
9780954058593
9780954059309
9780954061807
9780954062811
9780954068424
9780954069308
9780954072902
9780954073404
9780954075132
9780954082000
9780954085117
9780954088163
9780954088347
9780954089009
9780954091354
9780954092412
9780954092696
9780954092702
9780954092849
9780954099107
9780954100308
9780954100902
9780954101909
9780954107604
9780954111908
9780954114909
9780954115005
9780954119805
9780954126322
9780954126506
9780954128005
9780954134501
9780954138004
9780954139513
9780954140410
9780954141400
9780954142452
9780954143541
9780954150501
9780954152406
9780954153120
9780954154615
9780954154653
9780954154905
9780954156367
9780954156404
9780954156954
9780954161248
9780954168919
9780954174101
9780954175313
9780954176518
9780954176808
9780954178901
9780954181055
9780954183400
9780954185411
9780954188108
9780954190958
9780954190965
9780954190972
9780954196806
9780954197704
9780954198237
9780954198503
9780954200626
9780954203597
9780954210205
9780954217709
9780954219307
9780954221904
9780954225308
9780954225391
9780954227609
9780954227906
9780954229726
9780954230203
9780954230500
9780954231521
9780954233501
9780954242114
9780954242428
9780954248901
9780954251956
9780954254551
9780954254803
9780954255589
9780954256746
9780954257002
9780954258504
9780954263225
9780954265700
9780954266509
9780954266523
9780954271053
9780954271633
9780954273125
9780954279172
9780954280307
9780954280406
9780954285104
9780954286019
9780954286903
9780954290108
9780954291600
9780954293505
9780954293611
9780954296643
9780954301408
9780954306526
9780954307028
9780954308513
9780954308599
9780954313616
9780954316150
9780954316549
9780954316709
9780954318833
9780954324537
9780954327200
9780954331030
9780954331061
9780954335007
9780954336813
9780954337117
9780954340711
9780954341602
9780954342319
9780954345914
9780954348700
9780954349035
9780954352042
9780954352080
9780954352332
9780954353704
9780954354305
9780954356507
9780954357221
9780954359119
9780954360023
9780954364618
9780954365806
9780954366667
9780954367008
9780954377007
9780954379506
9780954382100
9780954392024
9780954392468
9780954394516
9780954395117
9780954395605
9780954396039
9780954398804
9780954399726
9780954400415
9780954401900
9780954404697
9780954410803
9780954411268
9780954411503
9780954413606
9780954414702
9780954416126
9780954417512
9780954417734
9780954417758
9780954418816
9780954419301
9780954420215
9780954420604
9780954425272
9780954429409
9780954432546
9780954432584
9780954433406
9780954435653
9780954435660
9780954443009
9780954449322
9780954452926
9780954453954
9780954454296
9780954455415
9780954457907
9780954460143
9780954460723
9780954461935
9780954463328
9780954463465
9780954468347
9780954469429
9780954470104
9780954470609
9780954471118
9780954475598
9780954475925
9780954479268
9780954483708
9780954484514
9780954485122
9780954486303
9780954487201
9780954487508
9780954488390
9780954488697
9780954490621
9780954491208
9780954491246
9780954491505
9780954492816
9780954493110
9780954494810
9780954495831
9780954501402
9780954502249
9780954503826
9780954504809
9780954505288
9780954505516
9780954505899
9780954506124
9780954509309
9780954512132
9780954513917
9780954514402
9780954514907
9780954515706
9780954516871
9780954517151
9780954518813
9780954519452
9780954520694
9780954522001
9780954523503
9780954525118
9780954528614
9780954528706
9780954530709
9780954531966
9780954532819
9780954534370
9780954537906
9780954538132
9780954538309
9780954538316
9780954540203
9780954542313
9780954542603
9780954543402
9780954543518
9780954543549
9780954547608
9780954548001
9780954548599
9780954548735
9780954548933
9780954549602
9780954552145
9780954557102
9780954557577
9780954558345
9780954558352
9780954558383
9780954561178
9780954563646
9780954564605
9780954564865
9780954568146
9780954570910
9780954573805
9780954574505
9780954575106
9780954575724
9780954576417
9780954577612
9780954577728
9780954578114
9780954581008
9780954582982
9780954584115
9780954584214
9780954587208
9780954590703
9780954593377
9780954597900
9780954602000
9780954604042
9780954604707
9780954613822
9780954613839
9780954614102
9780954618605
9780954623340
9780954623869
9780954625900
9780954625924
9780954628055
9780954629205
9780954630027
9780954630034
9780954630928
9780954631529
9780954631901
9780954634247
9780954634254
9780954635145
9780954635602
9780954638436
9780954638450
9780954639303
9780954640019
9780954641504
9780954642006
9780954643010
9780954644000
9780954644505
9780954646905
9780954647605
9780954647926
9780954648404
9780954648800
9780954649906
9780954652784
9780954653170
9780954654450
9780954654467
9780954654528
9780954661601
9780954665906
9780954665913
9780954669317
9780954669850
9780954678906
9780954683115
9780954688103
9780954689452
9780954691103
9780954691332
9780954693237
9780954694111
9780954695187
9780954695507
9780954698973
9780954699987
9780954700195
9780954700218
9780954702069
9780954704674
9780954708702
9780954708733
9780954708764
9780954710415
9780954710484
9780954714604
9780954716646
9780954716899
9780954717810
9780954721305
9780954722814
9780954722906
9780954726881
9780954727314
9780954733957
9780954734275
9780954738501
9780954740115
9780954740504
9780954743178
9780954743383
9780954744571
9780954744809
9780954750312
9780954753443
9780954756178
9780954757830
9780954757847
9780954757854
9780954757878
9780954757908
9780954762100
9780954763091
9780954764616
9780954765705
9780954774257
9780954779405
9780954786700
9780954788117
9780954791254
9780954791421
9780954791940
9780954793128
9780954793906
9780954794002
9780954796112
9780954798574
9780954799601
9780954801458
9780954802608
9780954803575
9780954807405
9780954810610
9780954813116
9780954813345
9780954821005
9780954829810
9780954836450
9780954839109
9780954839901
9780954844301
9780954845582
9780954848040
9780954850906
9780954851842
9780954853006
9780954858506
9780954864637
9780954865788
9780954866402
9780954867874
9780954868703
9780954869809
9780954879327
9780954879334
9780954880705
9780954881207
9780954886226
9780954890100
9780954892500
9780954893873
9780954894009
9780954894078
9780954896553
9780954896607
9780954899806
9780954904395
9780954904609
9780954905385
9780954914417
9780954917159
9780954918507
9780954918514
9780954918590
9780954920852
9780954921866
9780954922528
9780954929503
9780954932848
9780954936341
9780954936358
9780954940485
9780954944407
9780954948498
9780954949440
9780954950309
9780954950903
9780954953003
9780954958152
9780954960100
9780954967208
9780954970499
9780954974237
9780954974244
9780954977511
9780954983307
9780954985202
9780954986407
9780954987909
9780954989514
9780954989552
9780954990770
9780954991340
9780954991401
9780954992002
9780954992200
9780954992804
9780954993122
9780954996208
9780954997342
9780954999810
9780955004100
9780955006906
9780955007804
9780955012501
9780955017100
9780955018107
9780955018961
9780955024399
9780955025006
9780955029448
9780955031403
9780955031434
9780955031663
9780955033841
9780955034107
9780955034305
9780955035319
9780955039409
9780955039416
9780955041129
9780955048616
9780955049606
9780955050046
9780955050602
9780955051265
9780955057984
9780955058639
9780955059346
9780955059605
9780955060182
9780955060557
9780955060588
9780955066801
9780955073007
9780955074639
9780955089237
9780955105500
9780955105920
9780955106170
9780955108907
9780955113208
9780955113925
9780955117626
9780955123801
9780955124617
9780955126734
9780955132100
9780955134104
9780955136610
9780955136641
9780955136658
9780955136672
9780955137501
9780955138287
9780955161803
9780955168703
9780955169502
9780955171406
9780955171604
9780955177729
9780955179013
9780955181900
9780955182105
9780955185106
9780955187704
9780955187889
9780955188107
9780955188268
9780955189630
9780955190070
9780955191558
9780955191619
9780955191909
9780955198892
9780955199288
9780955200908
9780955204401
9780955206146
9780955212604
9780955213946
9780955217944
9780955222207
9780955229589
9780955230202
9780955231308
9780955234910
9780955235481
9780955237911
9780955239977
9780955241512
9780955242175
9780955242908
9780955247118
9780955247200
9780955247637
9780955247873
9780955250606
9780955250859
9780955252907
9780955254741
9780955258206
9780955262005
9780955268304
9780955270406
9780955276927
9780955282126
9780955286803
9780955286827
9780955286889
9780955287152
9780955287800
9780955289408
9780955292002
9780955292064
9780955293207
9780955299209
9780955299803
9780955300004
9780955301001
9780955301308
9780955304330
9780955309823
9780955312137
9780955315701
9780955317507
9780955318344
9780955318351
9780955329111
9780955329203
9780955329876
9780955330506
9780955340352
9780955343001
9780955344404
9780955349508
9780955355301
9780955356926
9780955362002
9780955364860
9780955367403
9780955369940
9780955370816
9780955372032
9780955373008
9780955375101
9780955380044
9780955381300
9780955381942
9780955383809
9780955384301
9780955390401
9780955391767
9780955393785
9780955394102
9780955394966
9780955398001
9780955399336
9780955399343
9780955399503
9780955399565
9780955401732
9780955402302
9780955402746
9780955402791
9780955403002
9780955404030
9780955404351
9780955405419
9780955406201
9780955406706
9780955413001
9780955413292
9780955414701
9780955424106
9780955424373
9780955425318
9780955427503
9780955428906
9780955432347
9780955434808
9780955442612
9780955443831
9780955445385
9780955449000
9780955451034
9780955451416
9780955454707
9780955455902
9780955456473
9780955461200
9780955464003
9780955465024
9780955469800
9780955475788
9780955477003
9780955478604
9780955479106
9780955484209
9780955489907
9780955501203
9780955505607
9780955505904
9780955508905
9780955509841
9780955512100
9780955513824
9780955513886
9780955515057
9780955515088
9780955516603
9780955516924
9780955517709
9780955518300
9780955518904
9780955519680
9780955520600
9780955521102
9780955523403
9780955528743
9780955529702
9780955531613
9780955532603
9780955537608
9780955541117
9780955541711
9780955544224
9780955547713
9780955549267
9780955550300
9780955552908
9780955558900
9780955559013
9780955561009
9780955561801
9780955561900
9780955563119
9780955564475
9780955565809
9780955569043
9780955569807
9780955573491
9780955573705
9780955574603
9780955575006
9780955575525
9780955576522
9780955576805
9780955578007
9780955579196
9780955579820
9780955584916
9780955585104
9780955585418
9780955586002
9780955591600
9780955594816
9780955596636
9780955597800
9780955603501
9780955603808
9780955608308
9780955608902
9780955610202
9780955610523
9780955612800
9780955613029
9780955618109
9780955618802
9780955619472
9780955620010
9780955620201
9780955623967
9780955623998
9780955624704
9780955625503
9780955631337
9780955632105
9780955634703
9780955635205
9780955635717
9780955635779
9780955636202
9780955637315
9780955645433
9780955646102
9780955647703
9780955648502
9780955649806
9780955659003
9780955659577
9780955660801
9780955661167
9780955662119
9780955664403
9780955668227
9780955670619
9780955671005
9780955697104
9780955699986
9780955700811
9780955701979
9780955702303
9780955702808
9780955706707
9780955707308
9780955709319
9780955712937
9780955713804
9780955716416
9780955717307
9780955720413
9780955728310
9780955734007
9780955734427
9780955735745
9780955740107
9780955741821
9780955745720
9780955746307
9780955746802
9780955752506
9780955754906
9780955755415
9780955755934
9780955757105
9780955757754
9780955759321
9780955760808
9780955766404
9780955768705
9780955773402
9780955777417
9780955778209
9780955790904
9780955792502
9780955792816
9780955792908
9780955793219
9780955793257
9780955801501
9780955806018
9780955809903
9780955809910
9780955810404
9780955811906
9780955816703
9780955818004
9780955821219
9780955822827
9780955824227
9780955826207
9780955827112
9780955831225
9780955833724
9780955835292
9780955840722
9780955841538
9780955847134
9780955864643
9780955865923
9780955866005
9780955866968
9780955869907
9780955871207
9780955872808
9780955874208
9780955875038
9780955876271
9780955878503
9780955880315
9780955881824
9780955881831
9780955882203
9780955887307
9780955890666
9780955892301
9780955893834
9780955895623
9780955896408
9780955897214
9780955898907
9780955900402
9780955900679
9780955901782
9780955902406
9780955904134
9780955906305
9780955906602
9780955910326
9780955911316
9780955922404
9780955926242
9780955935404
9780955942013
9780955942020
9780955942303
9780955942501
9780955942587
9780955942808
9780955943621
9780955943867
9780955946707
9780955953453
9780955959301
9780955959707
9780955960222
9780955961403
9780955962578
9780955965500
9780955965708
9780955981203
9780955997235
9780956001337
9780956007445
9780956010193
9780956020109
9780956020413
9780956021106
9780956021274
9780956023216
9780956023506
9780956027702
9780956028303
9780956028655
9780956030344
9780956034212
9780956034267
9780956034304
9780956039231
9780956043306
9780956044006
9780956046611
9780956046802
9780956048455
9780956049001
9780956052407
9780956052667
9780956056504
9780956060419
9780956066503
9780956070241
9780956071538
9780956072405
9780956073105
9780956073358
9780956073709
9780956074904
9780956076472
9780956076946
9780956077707
9780956082701
9780956089472
9780956091611
9780956095206
9780956096203
9780956097200
9780956097507
9780956098160
9780956106803
9780956108043
9780956112637
9780956113719
9780956115171
9780956116109
9780956116840
9780956117526
9780956124821
9780956126108
9780956128522
9780956140210
9780956145109
9780956146908
9780956147004
9780956147028
9780956151117
9780956172112
9780956176455
9780956176868
9780956182029
9780956184214
9780956184900
9780956186904
9780956188106
9780956191113
9780956192400
9780956193612
9780956195104
9780956195302
9780956195913
9780956196958
9780956196965
9780956199478
9780956201553
9780956203922
9780956212009
9780956215208
9780956216731
9780956216748
9780956219015
9780956219169
9780956222435
9780956223920
9780956224583
9780956225306
9780956225627
9780956226600
9780956238214
9780956239006
9780956244321
9780956244338
9780956253859
9780956259806
9780956260802
9780956264800
9780956266507
9780956273703
9780956273802
9780956277732
9780956277749
9780956278722
9780956280510
9780956287403
9780956289209
9780956290304
9780956290311
9780956294760
9780956295002
9780956295507
9780956297426
9780956299390
9780956300430
9780956301901
9780956301918
9780956304834
9780956305923
9780956308320
9780956313218
9780956323613
9780956324405
9780956328519
9780956332707
9780956336446
9780956341525
9780956342300
9780956342966
9780956346308
9780956349620
9780956354310
9780956355218
9780956356406
9780956358196
9780956358912
9780956360243
9780956366504
9780956372734
9780956374455
9780956375100
9780956375209
9780956380500
9780956386700
9780956386748
9780956389206
9780956391704
9780956393067
9780956395016
9780956397010
9780956401809
9780956404909
9780956406514
9780956406613
9780956408402
9780956409317
9780956410047
9780956412713
9780956412805
9780956415684
9780956417916
9780956418715
9780956419163
9780956420503
9780956420527
9780956421517
9780956422903
9780956425409
9780956428868
9780956428905
9780956434104
9780956435842
9780956438218
9780956440525
9780956443946
9780956443953
9780956444837
9780956445216
9780956445230
9780956447104
9780956450302
9780956450807
9780956450869
9780956452702
9780956453006
9780956453433
9780956453662
9780956456007
9780956457103
9780956457240
9780956460325
9780956462923
9780956464446
9780956467102
9780956470959
9780956482020
9780956486905
9780956494306
9780956494313
9780956496539
9780956497703
9780956498359
9780956499813
9780956507617
9780956509000
9780956509253
9780956511010
9780956512802
9780956517722
9780956518903
9780956522719
9780956523952
9780956525703
9780956529602
9780956529701
9780956530509
9780956533739
9780956536204
9780956539113
9780956541628
9780956546326
9780956550804
9780956551887
9780956559203
9780956569417
9780956569875
9780956570208
9780956571304
9780956572776
9780956575302
9780956577016
9780956581709
9780956581822
9780956585325
9780956586506
9780956586926
9780956588203
9780956593504
9780956607553
9780956609007
9780956617453
9780956617460
9780956627230
9780956631909
9780956631923
9780956631930
9780956637802
9780956638403
9780956639608
9780956642509
9780956644633
9780956645210
9780956645630
9780956646200
9780956650306
9780956651600
9780956651631
9780956651648
9780956654519
9780956655141
9780956656926
9780956656964
9780956656971
9780956656988
9780956656995
9780956661005
9780956661500
9780956662811
9780956662910
9780956665164
9780956668608
9780956669223
9780956671721
9780956678379
9780956682307
9780956682765
9780956686121
9780956689856
9780956693310
9780956694706
9780956702944
9780956702951
9780956720429
9780956720832
9780956721921
9780956724502
9780956729002
9780956730107
9780956735935
9780956736307
9780956736611
9780956738790
9780956741684
9780956744401
9780956757302
9780956773814
9780956777362
9780956778680
9780956782298
9780956783226
9780956787514
9780956789709
9780956790811
9780956791108
9780956792815
9780956799203
9780956801210
9780956805706
9780956808400
9780956809209
9780956809612
9780956812315
9780956821508
9780956821621
9780956824790
9780956827500
9780956829801
9780956833679
9780956837608
9780956837929
9780956838537
9780956839107
9780956839121
9780956839220
9780956842336
9780956842718
9780956843302
9780956851000
9780956855206
9780956857927
9780956858122
9780956858368
9780956858917
9780956864871
9780956870094
9780956871107
9780956888105
9780956892133
9780956892898
9780956896568
9780956896575
9780956897800
9780956902931
9780956910707
9780956915108
9780956915634
9780956918901
9780956919717
9780956923837
9780956926005
9780956937759
9780956938503
9780956945914
9780956946997
9780956948304
9780956950826
9780956951021
9780956956408
9780956956828
9780956957801
9780956959218
9780956960108
9780956965912
9780956971104
9780956973313
9780956980281
9780956985903
9780956989529
9780956990402
9780957000544
9780957003118
9780957005129
9780957005693
9780957006829
9780957012004
9780957017702
9780957025240
9780957031180
9780957031708
9780957044784
9780957049703
9780957055339
9780957058903
9780957060135
9780957060142
9780957066526
9780957067653
9780957069701
9780957072725
9780957077300
9780957078109
9780957079908
9780957082656
9780957085053
9780957086609
9780957107496
9780957108424
9780957112209
9780957115644
9780957120310
9780957122109
9780957124400
9780957128026
9780957130401
9780957131408
9780957143005
9780957144019
9780957144101
9780957152632
9780957152748
9780957156319
9780957169500
9780957181120
9780957181731
9780957182752
9780957193918
9780957201804
9780957203716
9780957205321
9780957210905
9780957212510
9780957213555
9780957213586
9780957213623
9780957227408
9780957227583
9780957229730
9780957229907
9780957237117
9780957243538
9780957244108
9780957248533
9780957248540
9780957248601
9780957255807
9780957257122
9780957258402
9780957261112
9780957261228
9780957263109
9780957263840
9780957263864
9780957266834
9780957293915
9780957303522
9780957317307
9780957323605
9780957326705
9780957326750
9780957332874
9780957335301
9780957339828
9780957350106
9780957350601
9780957351349
9780957356702
9780957359604
9780957367036
9780957367715
9780957370005
9780957371606
9780957373839
9780957377103
9780957377837
9780957379909
9780957381308
9780957384200
9780957388628
9780957389120
9780957395510
9780957396401
9780957397002
9780957404502
9780957409026
9780957411609
9780957413405
9780957415201
9780957417809
9780957423510
9780957432918
9780957434301
9780957435308
9780957438309
9780957439016
9780957441347
9780957447004
9780957448018
9780957448414
9780957453210
9780957457904
9780957461802
9780957464049
9780957464902
9780957471757
9780957472136
9780957473201
9780957474222
9780957474390
9780957476714
9780957477001
9780957477704
9780957480759
9780957484597
9780957484702
9780957497900
9780957505407
9780957513501
9780957515857
9780957518810
9780957519718
9780957522008
9780957527331
9780957532007
9780957532038
9780957538511
9780957540002
9780957545977
9780957554702
9780957559769
9780957578005
9780957582316
9780957582347
9780957585607
9780957588202
9780957599277
9780957602021
9780957612112
9780957617414
9780957617421
9780957618725
9780957618893
9780957621183
9780957628311
9780957629271
9780957645103
9780957645615
9780957653450
9780957655201
9780957655959
9780957656338
9780957661219
9780957664999
9780957666214
9780957666573
9780957668973
9780957686816
9780957686878
9780957689305
9780957691537
9780957693562
9780957694651
9780957703766
9780957715929
9780957715967
9780957716599
9780957733527
9780957733640
9780957737303
9780957772502
9780957779044
9780957788954
9780957800908
9780957807198
9780957811027
9780957811478
9780957818064
9780957828001
9780957829183
9780957834521
9780957839014
9780957841482
9780957853027
9780957853713
9780957886100
9780957887503
9780957892712
9780957896192
9780957912120
9780957913806
9780957914988
9780957924611
9780957925434
9780957943001
9780957959408
9780957970908
9780957971301
9780957974043
9780957990609
9780957994805
9780958030069
9780958038300
9780958066402
9780958078306
9780958099905
9780958105507
9780958115827
9780958139328
9780958160919
9780958163415
9780958186308
9780958193450
9780958202978
9780958209403
9780958210539
9780958214919
9780958220897
9780958224369
9780958238847
9780958240901
9780958250979
9780958255479
9780958255929
9780958256926
9780958256940
9780958257107
9780958261432
9780958261449
9780958264556
9780958266895
9780958267335
9780958270229
9780958270281
9780958272926
9780958278706
9780958282970
9780958283809
9780958288170
9780958292351
9780958294386
9780958312349
9780958318655
9780958327688
9780958334136
9780958350242
9780958363983
9780958364737
9780958364744
9780958369305
9780958370158
9780958378833
9780958400114
9780958405218
9780958411264
9780958411288
9780958417693
9780958431484
9780958432740
9780958443791
9780958454964
9780958457330
9780958489072
9780958489119
9780958493925
9780958495035
9780958504546
9780958578325
9780958588317
9780958589000
9780958590938
9780958600446
9780958607186
9780958613729
9780958619530
9780958632409
9780958634809
9780958643900
9780958663427
9780958668231
9780958670012
9780958670715
9780958671354
9780958676007
9780958685955
9780958702034
9780958703345
9780958717113
9780958728119
9780958735605
9780958742016
9780958744300
9780958745536
9780958745567
9780958749800
9780958758659
9780958764841
9780958767040
9780958770811
9780958772785
9780958783385
9780958787413
9780958791601
9780958793162
9780958797108
9780958814447
9780958845533
9780958866323
9780958906715
9780958943604
9780958958905
9780958970129
9780958994262
9780959030693
9780959054903
9780959072105
9780959089417
9780959097108
9780959098747
9780959099607
9780959104301
9780959115109
9780959115116
9780959121902
9780959181647
9780959207804
9780959226324
9780959230536
9780959236637
9780959256802
9780959287226
9780959298321
9780959302004
9780959309805
9780959346015
9780959350111
9780959367737
9780959378320
9780959392111
9780959398304
9780959400441
9780959420227
9780959439342
9780959459814
9780959520620
9780959553314
9780959569117
9780959590753
9780959594201
9780959627312
9780959629606
9780959631654
9780959639605
9780959655131
9780959660104
9780959708707
9780959711004
9780959788419
9780959789775
9780959792645
9780959801163
9780959807707
9780959817102
9780959818604
9780959832204
9780959843217
9780959848625
9780959850284
9780959875621
9780959903904
9780959903935
9780959938227
9780959942835
9780959943719
9780959950229
9780959950274
9780959950281
9780959971163
9780959973310
9780960004621
9780960014828
9780960027743
9780960028870
9780960030057
9780960031016
9780960035649
9780960037414
9780960040025
9780960045716
9780960046645
9780960046713
9780960050178
9780960052622
9780960054206
9780960063550
9780960065004
9780960069828
9780960070213
9780960073214
9780960079308
9780960082872
9780960087105
9780960090914
9780960096107
9780960106844
9780960108053
9780960116492
9780960117017
9780960119042
9780960119486
9780960120031
9780960139866
9780960153671
9780960158423
9780960161621
9780960165018
9780960165629
9780960168828
9780960169818
9780960170067
9780960178810
9780960180417
9780960187485
9780960197415
9780960201822
9780960202201
9780960203079
9780960222025
9780960225408
9780960225811
9780960230426
9780960249862
9780960252619
9780960255429
9780960257218
9780960262618
9780960263868
9780960267699
9780960268665
9780960268832
9780960270637
9780960271016
9780960271436
9780960287673
9780960289806
9780960289813
9780960304899
9780960314416
9780960316403
9780960319046
9780960324613
9780960326273
9780960328246
9780960328628
9780960332267
9780960344017
9780960344024
9780960348404
9780960349890
9780960351855
9780960354825
9780960357819
9780960365609
9780960366200
9780960375257
9780960382804
9780960383405
9780960390083
9780960391400
9780960398614
9780960403608
9780960412020
9780960412204
9780960412259
9780960415243
9780960415250
9780960421800
9780960428601
9780960451425
9780960452415
9780960457656
9780960458219
9780960465224
9780960472208
9780960474080
9780960476602
9780960496235
9780960506217
9780960511204
9780960513406
9780960516209
9780960516803
9780960517800
9780960529209
9780960529629
9780960530816
9780960534623
9780960546206
9780960565665
9780960569250
9780960575060
9780960580408
9780960580606
9780960582426
9780960582433
9780960583805
9780960584000
9780960584406
9780960586400
9780960590247
9780960594825
9780960595808
9780960598007
9780960607204
9780960607402
9780960609055
9780960611201
9780960623600
9780960628803
9780960628834
9780960630622
9780960634637
9780960648207
9780960659005
9780960659418
9780960661817
9780960676606
9780960688623
9780960694242
9780960702824
9780960711895
9780960717217
9780960718238
9780960719211
9780960726820
9780960731206
9780960750610
9780960750832
9780960755011
9780960757626
9780960761883
9780960763801
9780960770212
9780960775842
9780960788842
9780960789061
9780960793204
9780960803026
9780960803835
9780960803866
9780960807208
9780960807611
9780960810215
9780960810277
9780960824601
9780960829088
9780960834006
9780960837601
9780960839001
9780960841806
9780960850082
9780960861217
9780960866007
9780960868414
9780960873616
9780960876426
9780960878031
9780960882427
9780960884216
9780960886647
9780960886654
9780960889006
9780960892044
9780960899210
9780960900633
9780960901012
9780960907601
9780960910236
9780960912803
9780960914241
9780960922628
9780960930401
9780960935031
9780960942015
9780960942206
9780960943685
9780960946488
9780960947850
9780960956210
9780960962822
9780960963096
9780960964673
9780960964802
9780960967407
9780960971237
9780960975242
9780960978441
9780960981472
9780960984220
9780960984305
9780960985036
9780960985074
9780960990030
9780961006402
9780961011802
9780961015633
9780961016005
9780961018603
9780961024024
9780961024635
9780961025052
9780961026004
9780961032005
9780961054403
9780961057008
9780961060404
9780961062644
9780961065201
9780961075804
9780961082079
9780961086619
9780961091088
9780961091439
9780961094805
9780961097219
9780961101404
9780961109004
9780961110437
9780961111007
9780961116231
9780961120474
9780961125608
9780961127220
9780961129859
9780961138608
9780961139254
9780961149406
9780961152017
9780961153809
9780961154400
9780961155612
9780961158002
9780961163297
9780961166205
9780961177201
9780961178802
9780961186616
9780961187217
9780961188016
9780961199814
9780961209407
9780961209605
9780961210618
9780961227616
9780961238834
9780961240202
9780961248628
9780961254063
9780961254605
9780961260415
9780961265007
9780961277697
9780961278243
9780961295639
9780961296018
9780961299408
9780961301309
9780961302818
9780961305512
9780961308421
9780961310936
9780961310967
9780961311223
9780961316716
9780961321826
9780961324070
9780961324223
9780961326203
9780961328214
9780961328917
9780961328979
9780961330996
9780961332402
9780961336608
9780961339302
9780961347642
9780961347659
9780961348533
9780961349127
9780961352806
9780961353735
9780961354008
9780961356910
9780961360900
9780961363017
9780961367350
9780961367503
9780961367909
9780961368906
9780961369217
9780961371296
9780961375614
9780961377700
9780961382407
9780961383466
9780961389901
9780961391003
9780961395414
9780961395827
9780961399207
9780961401047
9780961401726
9780961401825
9780961402204
9780961405403
9780961410902
9780961411350
9780961411374
9780961413606
9780961415204
9780961417413
9780961420703
9780961422844
9780961436407
9780961436414
9780961437602
9780961437831
9780961444310
9780961445300
9780961449315
9780961450212
9780961453428
9780961456313
9780961458638
9780961458713
9780961459246
9780961459321
9780961462918
9780961465018
9780961465803
9780961466954
9780961467906
9780961473204
9780961474690
9780961475208
9780961475420
9780961475444
9780961475451
9780961476588
9780961484033
9780961490706
9780961491468
9780961497651
9780961498931
9780961500511
9780961506797
9780961508326
9780961512538
9780961516192
9780961519506
9780961519667
9780961520694
9780961520939
9780961522346
9780961525552
9780961525569
9780961525736
9780961532925
9780961538309
9780961538712
9780961539429
9780961540319
9780961540500
9780961541118
9780961550479
9780961551452
9780961555108
9780961555726
9780961557409
9780961560706
9780961561512
9780961561628
9780961568900
9780961570408
9780961574208
9780961575120
9780961577100
9780961577612
9780961579302
9780961581305
9780961582012
9780961583323
9780961584818
9780961587970
9780961593506
9780961593605
9780961595913
9780961596644
9780961597603
9780961598204
9780961599539
9780961603304
9780961605834
9780961610814
9780961626969
9780961630256
9780961633615
9780961635206
9780961641238
9780961641528
9780961642402
9780961642907
9780961648602
9780961649104
9780961649609
9780961650025
9780961651206
9780961652487
9780961652494
9780961654009
9780961656911
9780961658403
9780961658601
9780961658922
9780961659110
9780961659141
9780961659332
9780961659509
9780961660000
9780961660567
9780961662080
9780961662943
9780961669331
9780961670108
9780961675523
9780961680923
9780961680961
9780961684426
9780961686703
9780961687434
9780961687816
9780961687847
9780961691622
9780961694005
9780961694173
9780961697006
9780961703004
9780961704193
9780961705206
9780961706104
9780961708207
9780961709907
9780961715601
9780961716202
9780961716615
9780961716905
9780961717414
9780961717445
9780961718404
9780961719944
9780961720704
9780961722012
9780961725617
9780961726676
9780961726898
9780961728021
9780961731120
9780961734305
9780961735609
9780961738518
9780961741044
9780961746315
9780961748616
9780961752545
9780961759834
9780961762643
9780961762681
9780961764111
9780961765521
9780961765538
9780961768119
9780961770761
9780961770822
9780961777234
9780961779504
9780961779955
9780961787509
9780961788292
9780961791223
9780961794002
9780961796129
9780961796679
9780961797331
9780961804800
9780961805722
9780961805739
9780961806002
9780961807498
9780961809430
9780961813789
9780961820800
9780961820961
9780961821708
9780961823429
9780961823443
9780961829278
9780961829285
9780961830533
9780961831400
9780961833732
9780961834401
9780961837303
9780961838331
9780961840488
9780961841638
9780961846909
9780961847340
9780961847609
9780961848736
9780961851606
9780961857424
9780961857752
9780961861414
9780961862152
9780961863456
9780961865634
9780961866365
9780961869311
9780961869724
9780961872403
9780961875503
9780961887933
9780961888831
9780961890353
9780961896010
9780961902209
9780961903114
9780961906672
9780961908201
9780961909741
9780961913205
9780961913502
9780961914608
9780961917081
9780961921200
9780961923228
9780961923303
9780961925000
9780961925611
9780961926205
9780961930820
9780961931506
9780961932732
9780961932954
9780961933104
9780961935030
9780961936471
9780961938321
9780961940300
9780961941505
9780961945039
9780961946708
9780961946807
9780961946821
9780961949600
9780961952334
9780961962852
9780961965204
9780961971908
9780961976101
9780961976309
9780961976606
9780961976620
9780961979539
9780961979584
9780961984700
9780961984717
9780961985233
9780961992705
9780961994341
9780961996925
9780961997762
9780962002526
9780962003301
9780962003417
9780962007408
9780962010316
9780962020476
9780962020902
9780962026003
9780962027802
9780962028069
9780962031328
9780962038709
9780962039102
9780962041105
9780962041129
9780962041136
9780962041808
9780962043987
9780962047213
9780962049019
9780962050749
9780962052972
9780962053603
9780962056246
9780962057717
9780962059995
9780962064609
9780962066306
9780962067402
9780962068102
9780962071546
9780962072710
9780962076329
9780962076800
9780962079016
9780962079054
9780962081187
9780962081217
9780962081248
9780962088605
9780962090240
9780962094903
9780962096822
9780962097508
9780962100062
9780962101007
9780962101939
9780962103995
9780962104404
9780962105302
9780962106613
9780962110511
9780962111884
9780962113383
9780962114342
9780962114748
9780962119415
9780962119453
9780962124112
9780962126468
9780962130403
9780962134531
9780962142109
9780962145575
9780962146633
9780962149580
9780962150760
9780962150777
9780962154720
9780962154805
9780962155109
9780962157301
9780962163418
9780962166303
9780962171369
9780962171390
9780962174803
9780962175305
9780962176111
9780962179112
9780962182112
9780962187872
9780962189005
9780962190124
9780962190506
9780962190803
9780962196201
9780962197628
9780962197963
9780962200380
9780962201912
9780962202643
9780962202667
9780962203923
9780962205507
9780962211980
9780962214905
9780962216633
9780962216930
9780962218279
9780962219030
9780962225802
9780962226939
9780962232411
9780962235108
9780962236792
9780962238222
9780962242939
9780962243899
9780962245503
9780962245893
9780962247101
9780962253676
9780962255915
9780962256301
9780962258428
9780962258435
9780962259005
9780962262715
9780962263507
9780962265228
9780962266522
9780962267208
9780962268007
9780962271113
9780962271700
9780962278402
9780962284748
9780962286025
9780962293184
9780962293719
9780962294525
9780962296116
9780962297014
9780962299711
9780962300080
9780962302466
9780962302602
9780962303982
9780962306419
9780962306556
9780962308055
9780962308611
9780962312106
9780962318801
9780962319112
9780962319297
9780962320330
9780962330094
9780962336416
9780962339202
9780962341816
9780962343063
9780962344022
9780962348129
9780962348150
9780962348365
9780962353000
9780962353710
9780962354915
9780962355295
9780962357008
9780962357541
9780962358906
9780962359521
9780962360046
9780962362415
9780962364006
9780962364617
9780962368929
9780962371271
9780962374135
9780962374302
9780962374838
9780962376481
9780962377716
9780962377839
9780962380914
9780962383946
9780962384257
9780962386527
9780962386992
9780962388507
9780962390326
9780962397523
9780962397844
9780962397882
9780962400179
9780962401725
9780962401985
9780962403248
9780962404702
9780962404719
9780962404931
9780962410079
9780962410215
9780962414008
9780962414237
9780962415623
9780962415906
9780962415920
9780962416644
9780962418518
9780962423512
9780962423642
9780962429743
9780962430855
9780962437823
9780962440113
9780962440175
9780962441615
9780962449420
9780962449932
9780962451218
9780962452932
9780962453113
9780962453687
9780962453694
9780962453700
9780962454707
9780962455957
9780962457616
9780962458422
9780962459658
9780962460241
9780962460272
9780962464522
9780962468209
9780962471810
9780962475016
9780962475115
9780962481451
9780962481956
9780962484117
9780962488337
9780962489112
9780962490880
9780962491405
9780962493409
9780962495854
9780962497827
9780962497872
9780962502019
9780962502910
9780962504341
9780962506932
9780962509513
9780962509605
9780962512216
9780962518218
9780962518232
9780962518744
9780962521232
9780962522000
9780962528514
9780962529061
9780962529658
9780962531903
9780962535307
9780962537226
9780962538537
9780962541704
9780962543173
9780962544408
9780962544491
9780962547485
9780962552809
9780962554605
9780962558368
9780962558375
9780962558399
9780962558450
9780962559310
9780962560408
9780962561405
9780962563140
9780962566042
9780962566059
9780962566394
9780962574931
9780962574955
9780962575808
9780962575914
9780962576607
9780962579103
9780962581007
9780962581601
9780962581724
9780962583803
9780962586101
9780962586910
9780962589706
9780962590009
9780962591464
9780962593161
9780962593437
9780962594397
9780962594656
9780962596353
9780962597626
9780962599507
9780962600159
9780962601200
9780962601606
9780962601705
9780962602016
9780962602306
9780962604201
9780962605222
9780962606984
9780962609701
9780962610820
9780962611308
9780962611780
9780962611902
9780962624117
9780962629303
9780962633577
9780962634109
9780962634710
9780962640148
9780962642722
9780962643743
9780962644740
9780962645723
9780962649202
9780962651014
9780962651618
9780962652172
9780962652530
9780962653506
9780962654121
9780962654831
9780962667701
9780962669743
9780962677649
9780962679018
9780962679032
9780962679667
9780962685101
9780962685736
9780962690822
9780962692123
9780962692710
9780962695506
9780962696114
9780962698309
9780962698361
9780962698408
9780962700729
9780962701030
9780962703102
9780962703508
9780962703706
9780962707872
9780962708411
9780962708541
9780962709708
9780962711107
9780962714740
9780962714757
9780962715204
9780962723902
9780962723919
9780962727801
9780962728006
9780962729102
9780962729799
9780962730429
9780962731532
9780962734748
9780962734908
9780962737060
9780962738661
9780962739040
9780962739712
9780962742408
9780962742422
9780962749803
9780962750878
9780962750939
9780962756207
9780962760129
9780962764400
9780962768781
9780962770180
9780962773723
9780962775635
9780962776007
9780962778803
9780962780400
9780962782114
9780962784002
9780962785412
9780962787621
9780962787706
9780962787843
9780962788307
9780962789137
9780962789830
9780962789908
9780962791901
9780962793400
9780962793639
9780962794803
9780962799228
9780962800146
9780962801808
9780962803000
9780962803307
9780962806308
9780962806469
9780962809118
9780962811005
9780962813801
9780962816239
9780962817007
9780962818318
9780962819902
9780962820823
9780962821202
9780962821448
9780962821707
9780962822025
9780962824937
9780962825019
9780962825408
9780962826108
9780962827440
9780962829024
9780962829642
9780962830914
9780962832963
9780962833953
9780962834912
9780962835704
9780962837814
9780962838408
9780962839276
9780962843204
9780962844904
9780962845000
9780962846007
9780962847622
9780962851902
9780962855788
9780962857102
9780962857935
9780962858116
9780962864810
9780962865121
9780962871504
9780962871597
9780962872037
9780962877162
9780962877551
9780962884917
9780962885105
9780962885884
9780962886669
9780962886683
9780962886706
9780962886911
9780962891212
9780962892202
9780962892301
9780962893698
9780962897153
9780962906992
9780962908224
9780962911804
9780962914317
9780962917646
9780962918629
9780962919107
9780962921810
9780962924224
9780962924828
9780962929816
9780962929830
9780962930812
9780962931949
9780962932304
9780962935077
9780962936814
9780962938337
9780962938375
9780962939600
9780962940248
9780962942471
9780962943232
9780962949609
9780962951732
9780962952524
9780962953064
9780962955235
9780962957505
9780962961656
9780962964565
9780962970603
9780962971600
9780962975455
9780962975554
9780962979804
9780962980336
9780962981609
9780962983559
9780962989605
9780962989612
9780962990304
9780962990328
9780962992216
9780963001795
9780963002969
9780963007650
9780963013309
9780963014825
9780963015266
9780963016409
9780963017611
9780963020116
9780963024329
9780963024336
9780963024381
9780963027894
9780963027900
9780963028440
9780963029638
9780963031075
9780963031501
9780963032812
9780963032904
9780963034403
9780963039088
9780963039316
9780963040510
9780963042521
9780963046314
9780963046338
9780963046628
9780963049841
9780963051158
9780963056504
9780963060426
9780963062963
9780963063502
9780963064639
9780963064691
9780963065940
9780963066404
9780963067111
9780963069832
9780963070081
9780963071002
9780963073709
9780963073846
9780963074041
9780963074508
9780963079008
9780963079022
9780963080318
9780963080417
9780963082213
9780963084026
9780963086655
9780963086983
9780963088505
9780963089014
9780963090669
9780963093653