9781926635200
9781926639055
9781926639178
9781926639208
9781926639413
9781926639758
9781926639932
9781926643113
9781926645261
9781926645483
9781926645537
9781926645629
9781926648408
9781926652054
9781926652313
9781926652450
9781926655109
9781926655116
9781926655239
9781926655246
9781926655581
9781926655680
9781926655703
9781926660011
9781926660622
9781926676180
9781926676265
9781926676388
9781926676395
9781926676463
9781926676661
9781926676692
9781926677903
9781926689173
9781926689180
9781926689289
9781926689326
9781926689395
9781926689470
9781926689494
9781926689531
9781926689555
9781926689661
9781926689692
9781926691008
9781926691039
9781926695105
9781926695174
9781926703008
9781926710020
9781926710082
9781926710112
9781926718163
9781926718248
9781926722399
9781926722979
9781926728186
9781926728384
9781926728469
9781926728865
9781926728902
9781926728940
9781926741048
9781926741185
9781926745251
9781926747101
9781926747132
9781926747149
9781926747217
9781926747422
9781926747637
9781926747729
9781926747781
9781926747910
9781926755144
9781926757155
9781926757162
9781926757179
9781926757186
9781926757193
9781926757438
9781926763064
9781926763118
9781926763156
9781926763170
9781926763187
9781926763200
9781926763217
9781926763248
9781926763262
9781926763279
9781926763323
9781926763330
9781926763354
9781926763385
9781926763408
9781926763439
9781926763446
9781926765808
9781926776330
9781926776347
9781926776361
9781926776415
9781926776460
9781926776521
9781926776569
9781926776897
9781926776927
9781926778839
9781926781006
9781926781044
9781926781105
9781926785097
9781926794075
9781926794181
9781926794204
9781926794242
9781926794280
9781926795126
9781926795164
9781926795171
9781926795232
9781926795249
9781926795270
9781926795287
9781926795393
9781926795416
9781926795447
9781926795492
9781926795683
9781926795706
9781926795713
9781926795720
9781926802596
9781926806389
9781926806952
9781926806983
9781926809403
9781926809427
9781926815497
9781926820088
9781926825090
9781926825380
9781926825601
9781926825656
9781926825885
9781926825953
9781926825984
9781926829661
9781926829692
9781926829777
9781926829821
9781926829920
9781926832074
9781926832104
9781926832227
9781926832319
9781926832333
9781926832388
9781926837000
9781926843018
9781926843049
9781926843063
9781926843087
9781926843100
9781926843162
9781926843193
9781926843360
9781926843438
9781926843445
9781926843469
9781926843476
9781926847122
9781926847153
9781926847160
9781926847481
9781926847542
9781926847573
9781926847672
9781926848389
9781926852089
9781926853802
9781926853819
9781926878157
9781926881157
9781926881836
9781926884028
9781926884059
9781926884073
9781926886145
9781926888491
9781926905068
9781926905099
9781926908137
9781926908168
9781926908359
9781926908496
9781926914305
9781926916125
9781926925011
9781926925028
9781926925035
9781926925103
9781926925271
9781926925288
9781926925295
9781926925301
9781926925370
9781926925516
9781926925578
9781926925615
9781926925660
9781926925714
9781926925813
9781926925851
9781926925868
9781926925936
9781926925967
9781926936024
9781926936949
9781926947181
9781926956312
9781926962016
9781926962030
9781926962054
9781926962085
9781926966403
9781926966441
9781926969367
9781926983011
9781926983059
9781926983288
9781926983561
9781926988016
9781926991153
9781926991214
9781926991917
9781926997681
9781927003008
9781927003039
9781927003091
9781927005309
9781927005316
9781927010327
9781927043318
9781927044216
9781927049051
9781927051030
9781927051436
9781927051726
9781927053300
9781927056011
9781927056196
9781927056202
9781927062128
9781927062197
9781927062210
9781927079010
9781927079195
9781927079317
9781927080009
9781927083055
9781927097878
9781927099063
9781927126943
9781927136362
9781927136539
9781927145296
9781927145333
9781927145371
9781927145425
9781927145456
9781927145739
9781927145746
9781927145883
9781927213292
9781927247839
9781927249703
9781927262016
9781927262832
9781927293072
9781927293102
9781927305102
9781927305515
9781927305577
9781927305645
9781927305706
9781927305775
9781927305782
9781927305799
9781927330128
9781927338421
9781927338575
9781927352205
9781927352281
9781927358993
9781927359730
9781927366882
9781927371015
9781927371022
9781927371367
9781927371787
9781927371978
9781927371985
9781927375631
9781927375891
9781927396001
9781927410318
9781927410486
9781927410608
9781927410714
9781927411896
9781927417034
9781927417058
9781927417072
9781927417096
9781927424728
9781927428542
9781927429723
9781927435045
9781927443484
9781927443583
9781927443705
9781927443859
9781927465066
9781927481110
9781927481240
9781927502785
9781927506196
9781927510247
9781927510254
9781927510315
9781927510346
9781927510612
9781927510667
9781927521533
9781927533635
9781927559208
9781927559420
9781927559604
9781927559710
9781927559864
9781927559888
9781927559963
9781927570081
9781927570128
9781927570135
9781927570166
9781927570197
9781927570388
9781927570432
9781927570456
9781927570494
9781927570746
9781927571002
9781927571026
9781927571033
9781927571040
9781927571057
9781927571064
9781927571071
9781927571088
9781927571118
9781927571125
9781927571132
9781927571187
9781927571217
9781927571224
9781927571231
9781927571255
9781927571262
9781927571279
9781927571309
9781927577028
9781927588260
9781927588277
9781927588352
9781927588598
9781927588710
9781927588765
9781927616178
9781927616239
9781927616512
9781927644089
9781927678114
9781927681381
9781927692103
9781927692127
9781927701478
9781927714058
9781927727041
9781927735008
9781927735015
9781927735046
9781927735053
9781927735107
9781927735145
9781927735510
9781927735596
9781927735657
9781927735732
9781927746721
9781927754139
9781927756157
9781927756317
9781927756447
9781927756478
9781927756713
9781927756836
9781927756928
9781927756935
9781927756942
9781927771037
9781927792285
9781927796290
9781927796306
9781927816073
9781927823040
9781927823071
9781927823194
9781927823798
9781927823897
9781927823996
9781927846094
9781927849095
9781927849293
9781927849538
9781927876145
9781927879191
9781927899137
9781927899182
9781927899205
9781927899502
9781927925508
9781927925713
9781927931080
9781927945384
9781927952092
9781927952283
9781927952757
9781927952818
9781927974100
9781927987025
9781927987087
9781928065135
9781928088066
9781928088554
9781928092056
9781928112112
9781928112280
9781928119241
9781928119425
9781928119951
9781928120117
9781928122258
9781928131106
9781928131120
9781928131137
9781928131144
9781928131151
9781928131168
9781928131182
9781928131199
9781928131205
9781928131243
9781928133155
9781928136002
9781928136019
9781928136033
9781928136064
9781928136071
9781928136101
9781928136149
9781928136187
9781928136194
9781928169383
9781928172215
9781928189077
9781928195047
9781928195054
9781928199069
9781928212164
9781928212195
9781928230687
9781928455653
9781928518525
9781928554035
9781928556350
9781928556367
9781928565178
9781928570134
9781928571025
9781928572008
9781928572022
9781928578123
9781928580409
9781928580447
9781928589877
9781928591139
9781928595083
9781928596004
9781928596066
9781928619031
9781928619109
9781928622116
9781928623007
9781928623403
9781928623410
9781928623427
9781928623533
9781928623663
9781928623809
9781928624356
9781928645023
9781928650263
9781928653356
9781928655015
9781928655022
9781928655084
9781928663003
9781928668046
9781928681090
9781928681434
9781928704065
9781928704164
9781928704850
9781928704867
9781928709015
9781928722045
9781928724001
9781928727033
9781928729464
9781928734529
9781928734673
9781928771081
9781928771166
9781928776031
9781928782278
9781928782308
9781928782377
9781928782414
9781928782827
9781928822059
9781928822219
9781928822738
9781928822844
9781928834007
9781928837282
9781928845270
9781928846246
9781928846512
9781928855002
9781928869016
9781928878186
9781928901525
9781928901648
9781928909026
9781928915447
9781928915966
9781928915997
9781928918066
9781928918257
9781928918295
9781928918868
9781928920021
9781928924500
9781928925088
9781928926108
9781928936466
9781928946007
9781928965220
9781928971054
9781928979258
9781928979272
9781928982388
9781928986478
9781928999164
9781929001217
9781929006038
9781929009060
9781929009527
9781929024124
9781929024636
9781929024872
9781929025060
9781929038602
9781929039067
9781929048083
9781929054008
9781929075072
9781929075430
9781929075881
9781929080014
9781929083091
9781929090792
9781929109074
9781929122325
9781929132027
9781929132317
9781929132904
9781929154036
9781929154210
9781929154470
9781929164523
9781929164554
9781929177004
9781929180172
9781929180226
9781929180608
9781929183074
9781929202065
9781929229734
9781929238163
9781929241156
9781929241163
9781929242580
9781929262014
9781929262113
9781929262137
9781929262151
9781929262588
9781929262625
9781929263011
9781929264001
9781929267026
9781929279029
9781929280858
9781929289042
9781929289370
9781929289608
9781929291045
9781929298273
9781929298372
9781929298600
9781929298952
9781929299058
9781929311620
9781929311644
9781929311682
9781929311910
9781929330034
9781929348022
9781929352005
9781929355556
9781929365111
9781929365128
9781929365210
9781929365449
9781929371204
9781929371228
9781929374038
9781929374502
9781929381364
9781929395316
9781929400126
9781929400232
9781929400607
9781929400645
9781929400751
9781929400782
9781929419012
9781929421039
9781929432059
9781929453009
9781929468119
9781929478644
9781929484003
9781929487080
9781929494187
9781929494194
9781929494835
9781929500024
9781929507061
9781929515165
9781929515219
9781929527168
9781929530229
9781929530311
9781929530342
9781929548071
9781929561032
9781929565146
9781929569076
9781929569397
9781929594009
9781929612567
9781929613366
9781929614226
9781929619009
9781929626038
9781929626076
9781929626328
9781929628292
9781929628476
9781929628667
9781929631162
9781929641192
9781929647316
9781929647354
9781929650040
9781929657162
9781929657186
9781929657209
9781929663026
9781929669080
9781929683123
9781929683178
9781929683406
9781929685134
9781929693054
9781929727001
9781929727018
9781929727100
9781929731244
9781929733729
9781929734344
9781929756094
9781929762378
9781929763528
9781929766284
9781929768066
9781929773244
9781929774128
9781929784011
9781929806010
9781929806041
9781929820047
9781929820108
9781929841059
9781929841233
9781929854547
9781929862023
9781929862658
9781929874361
9781929877119
9781929897056
9781929919024
9781929919062
9781929927463
9781929927470
9781929927517
9781929932665
9781929932672
9781929932689
9781929932696
9781929932726
9781929932733
9781929932740
9781929932757
9781929998739
9781930013018
9781930013254
9781930013315
9781930027404
9781930027459
9781930027862
9781930035119
9781930043466
9781930043954
9781930050051
9781930051300
9781930052659
9781930053489
9781930053526
9781930056671
9781930066335
9781930066502
9781930066816
9781930067028
9781930074026
9781930076068
9781930076136
9781930083011
9781930089013
9781930092754
9781930097261
9781930097544
9781930098411
9781930098701
9781930098909
9781930098916
9781930098923
9781930098961
9781930107038
9781930107076
9781930111462
9781930111479
9781930111554
9781930111608
9781930114616
9781930116061
9781930127012
9781930143111
9781930143500
9781930143517
9781930143753
9781930143791
9781930149090
9781930153059
9781930154094
9781930159334
9781930170117
9781930200982
9781930206007
9781930206014
9781930206052
9781930206106
9781930206144
9781930206243
9781930206335
9781930206366
9781930206410
9781930206472
9781930206588
9781930208254
9781930208988
9781930249004
9781930260009
9781930260061
9781930278561
9781930278905
9781930279025
9781930285040
9781930285088
9781930288140
9781930288300
9781930314108
9781930314139
9781930314207
9781930331006
9781930332010
9781930332270
9781930332423
9781930332485
9781930337633
9781930353817
9781930353824
9781930367852
9781930374058
9781930374140
9781930374201
9781930374232
9781930374256
9781930376465
9781930398221
9781930401211
9781930401365
9781930401624
9781930401631
9781930401716
9781930401730
9781930404007
9781930416024
9781930416048
9781930416086
9781930416451
9781930416482
9781930416604
9781930426023
9781930446045
9781930446144
9781930446274
9781930454095
9781930466326
9781930471139
9781930490345
9781930490406
9781930490895
9781930493049
9781930493421
9781930493438
9781930493698
9781930493803
9781930493865
9781930500099
9781930513044
9781930514270
9781930524071
9781930526037
9781930528123
9781930536456
9781930547148
9781930553248
9781930560055
9781930561168
9781930561175
9781930572454
9781930572539
9781930575493
9781930580534
9781930584143
9781930585300
9781930586536
9781930586574
9781930596153
9781930596269
9781930596368
9781930598379
9781930603035
9781930604018
9781930604049
9781930604094
9781930604148
9781930604346
9781930607538
9781930611511
9781930614062
9781930617223
9781930622043
9781930622111
9781930622173
9781930623118
9781930623200
9781930623248
9781930623323
9781930623378
9781930624245
9781930640054
9781930643000
9781930643116
9781930643253
9781930643321
9781930643338
9781930643352
9781930643383
9781930643451
9781930643499
9781930643659
9781930643710
9781930643727
9781930643758
9781930643857
9781930643895
9781930643956
9781930644090
9781930650091
9781930650268
9781930650343
9781930652101
9781930652293
9781930652361
9781930655034
9781930679627
9781930679986
9781930692299
9781930692534
9781930692732
9781930692794
9781930692930
9781930693906
9781930699106
9781930699175
9781930709157
9781930709331
9781930709379
9781930709584
9781930709591
9781930709638
9781930710177
9781930710429
9781930723658
9781930743298
9781930743823
9781930745001
9781930745049
9781930745056
9781930749443
9781930753068
9781930753075
9781930754768
9781930754898
9781930769007
9781930771147
9781930771307
9781930779006
9781930784048
9781930785120
9781930808461
9781930808973
9781930814998
9781930817012
9781930819085
9781930819177
9781930819573
9781930820517
9781930820586
9781930831001
9781930835078
9781930847156
9781930847941
9781930859180
9781930859296
9781930868113
9781930872820
9781930873278
9781930874046
9781930877016
9781930897014
9781930900974
9781930902060
9781930907669
9781930907850
9781930907867
9781930909014
9781930916531
9781930918634
9781930925069
9781930928091
9781930928305
9781930954168
9781930954557
9781930957626
9781930978027
9781930978584
9781930980204
9781930980884
9781930980891
9781930993754
9781931010276
9781931016070
9781931025096
9781931040310
9781931040402
9781931040419
9781931040433
9781931041331
9781931041416
9781931046619
9781931058018
9781931060011
9781931060066
9781931060134
9781931060202
9781931060752
9781931081658
9781931091008
9781931104883
9781931107389
9781931112789
9781931117487
9781931122290
9781931131162
9781931140287
9781931140355
9781931142243
9781931148030
9781931148122
9781931148139
9781931148207
9781931153966
9781931160247
9781931163033
9781931166348
9781931171229
9781931171915
9781931181020
9781931181044
9781931185073
9781931185424
9781931199148
9781931199155
9781931200141
9781931202602
9781931218535
9781931218610
9781931220200
9781931232340
9781931235815
9781931236379
9781931247184
9781931247696
9781931247993
9781931271035
9781931271127
9781931279406
9781931279437
9781931279673
9781931282512
9781931282710
9781931282895
9781931283090
9781931289047
9781931290951
9781931291309
9781931291903
9781931292177
9781931294898
9781931294973
9781931300360
9781931300391
9781931301053
9781931307208
9781931307338
9781931307352
9781931307390
9781931311038
9781931324021
9781931328005
9781931345309
9781931347075
9781931353113
9781931353144
9781931353267
9781931353434
9781931357296
9781931357531
9781931357661
9781931361439
9781931374729
9781931378048
9781931380034
9781931381277
9781931388009
9781931412339
9781931412476
9781931413770
9781931413831
9781931451758
9781931454322
9781931461016
9781931464635
9781931465236
9781931465328
9781931465908
9781931465922
9781931468077
9781931477178
9781931477192
9781931484039
9781931484077
9781931484558
9781931484602
9781931489348
9781931493277
9781931493512
9781931504171
9781931527132
9781931527668
9781931536561
9781931542067
9781931542128
9781931555593
9781931567114
9781931567435
9781931578042
9781931587204
9781931587501
9781931591348
9781931599009
9781931600033
9781931615181
9781931623131
9781931625036
9781931636018
9781931636100
9781931638012
9781931640015
9781931642026
9781931642057
9781931643146
9781931643344
9781931643405
9781931643894
9781931646307
9781931646413
9781931646543
9781931650045
9781931659178
9781931666282
9781931666732
9781931666848
9781931672269
9781931672412
9781931672566
9781931681452
9781931681483
9781931681759
9781931681827
9781931681902
9781931681940
9781931688154
9781931694599
9781931697293
9781931697781
9781931704120
9781931710138
9781931716086
9781931717007
9781931717243
9781931717373
9781931719155
9781931719254
9781931719278
9781931721097
9781931722124
9781931725255
9781931743303
9781931761789
9781931762175
9781931765022
9781931768153
9781931768429
9781931774390
9781931774598
9781931777827
9781931780100
9781931780315
9781931788410
9781931789158
9781931794015
9781931794060
9781931794190
9781931801010
9781931807050
9781931807081
9781931807319
9781931807364
9781931807371
9781931807685
9781931808781
9781931823012
9781931823180
9781931832670
9781931832991
9781931834131
9781931842006
9781931846004
9781931847346
9781931858069
9781931868037
9781931868723
9781931873055
9781931879033
9781931879569
9781931880008
9781931882149
9781931887021
9781931887045
9781931890373
9781931910095
9781931916080
9781931916240
9781931916349
9781931916394
9781931916400
9781931916585
9781931917001
9781931917650
9781931917865
9781931940788
9781931942164
9781931945462
9781931945981
9781931955133
9781931960014
9781931968263
9781931969079
9781931979085
9781931981637
9781931983136
9781931983273
9781931983389
9781931983525
9781931983839
9781931983907
9781931983938
9781931985222
9781931993043
9781931994163
9781931994224
9781932001334
9781932006506
9781932009583
9781932009750
9781932017250
9781932022032
9781932022148
9781932045222
9781932045260
9781932047073
9781932047783
9781932053005
9781932054125
9781932054286
9781932057058
9781932065749
9781932078893
9781932082418
9781932086980
9781932093605
9781932098426
9781932098457
9781932098587
9781932099270
9781932100341
9781932113570
9781932122008
9781932124132
9781932124460
9781932124576
9781932127430
9781932129588
9781932129694
9781932129847
9781932129854
9781932129922
9781932133424
9781932146660
9781932157147
9781932168617
9781932173123
9781932176001
9781932180091
9781932184037
9781932184075
9781932186093
9781932196887
9781932203219
9781932204032
9781932205107
9781932205282
9781932205855
9781932205923
9781932209402
9781932210002
9781932225624
9781932225938
9781932226362
9781932233018
9781932236347
9781932243673
9781932243765
9781932248586
9781932250862
9781932250886
9781932250923
9781932252002
9781932252040
9781932256000
9781932273748
9781932278439
9781932278521
9781932278620
9781932279122
9781932280401
9781932280883
9781932281347
9781932285161
9781932293883
9781932298048
9781932301472
9781932305463
9781932310108
9781932312768
9781932316261
9781932319811
9781932319965
9781932327243
9781932328066
9781932328158
9781932329032
9781932329421
9781932332179
9781932333107
9781932333350
9781932333541
9781932339208
9781932339260
9781932339369
9781932344066
9781932344790
9781932349016
9781932349047
9781932350210
9781932350319
9781932358124
9781932364903
9781932370003
9781932374001
9781932382723
9781932386165
9781932386233
9781932386608
9781932391428
9781932396058
9781932396096
9781932396324
9781932396508
9781932396591
9781932396676
9781932403107
9781932403909
9781932410396
9781932413205
9781932425239
9781932425642
9781932425666
9781932429336
9781932431797
9781932433005
9781932433043
9781932438079
9781932442694
9781932442816
9781932443158
9781932443233
9781932443639
9781932443653
9781932453331
9781932453690
9781932454024
9781932455083
9781932458060
9781932458268
9781932460018
9781932460230
9781932464061
9781932469639
9781932472004
9781932472707
9781932474213
9781932474237
9781932474329
9781932476033
9781932481082
9781932485011
9781932485042
9781932485295
9781932493504
9781932494020
9781932494150
9781932495386
9781932503432
9781932509984
9781932514179
9781932514445
9781932516005
9781932519150
9781932519303
9781932519457
9781932530032
9781932530094
9781932530469
9781932530766
9781932530889
9781932530926
9781932530933
9781932542301
9781932546057
9781932546484
9781932552065
9781932553192
9781932557008
9781932557183
9781932557459
9781932560916
9781932570014
9781932570045
9781932570106
9781932570212
9781932570397
9781932570403
9781932570410
9781932570427
9781932570441
9781932570458
9781932570465
9781932570472
9781932570618
9781932570632
9781932570649
9781932570663
9781932570670
9781932570892
9781932570946
9781932570960
9781932573046
9781932581072
9781932583236
9781932587074
9781932587517
9781932587760
9781932597288
9781932597318
9781932598100
9781932598858
9781932604283
9781932606058
9781932610512
9781932613469
9781932613551
9781932633078
9781932633290
9781932634853
9781932636178
9781932645750
9781932646429
9781932646467
9781932650174
9781932657746
9781932657760
9781932662115
9781932662191
9781932663082
9781932663167
9781932664317
9781932667189
9781932676228
9781932685367
9781932685664
9781932686067
9781932687118
9781932688016
9781932688061
9781932695656
9781932695687
9781932703894
9781932704044
9781932715521
9781932717228
9781932727173
9781932728040
9781932733600
9781932738643
9781932745009
9781932745016
9781932747058
9781932762051
9781932762570
9781932762761
9781932763010
9781932766578
9781932768114
9781932769067
9781932769265
9781932773132
9781932773262
9781932776003
9781932777376
9781932779363
9781932783537
9781932785333
9781932796025
9781932796032
9781932796483
9781932796636
9781932796766
9781932799132
9781932799194
9781932799415
9781932799439
9781932799446
9781932799866
9781932799910
9781932799965
9781932800005
9781932800050
9781932800258
9781932801095
9781932804058
9781932804485
9781932804492
9781932805314
9781932815573
9781932819175
9781932819397
9781932821765
9781932828009
9781932828030
9781932828085
9781932828184
9781932835007
9781932842241
9781932847260
9781932855159
9781932856019
9781932857566
9781932864007
9781932864199
9781932864618
9781932864786
9781932887280
9781932888492
9781932888591
9781932889000
9781932889079
9781932889314
9781932889413
9781932889963
9781932897111
9781932897265
9781932898378
9781932898484
9781932898729
9781932898859
9781932899702
9781932899986
9781932901030
9781932901160
9781932901207
9781932904031
9781932904062
9781932904239
9781932904277
9781932904284
9781932904345
9781932904635
9781932906431
9781932908107
9781932910728
9781932915013
9781932916249
9781932919189
9781932921298
9781932924381
9781932942071
9781932942187
9781932948172
9781932948592
9781932948660
9781932948875
9781932953145
9781932956429
9781932957020
9781932961935
9781932965063
9781932966039
9781932966077
9781932966299
9781932987058
9781932990676
9781932996319
9781933001012
9781933002064
9781933002156
9781933002323
9781933002538
9781933002750
9781933008103
9781933008394
9781933008509
9781933009063
9781933011769
9781933013541
9781933016542
9781933021409
9781933021843
9781933027722
9781933027906
9781933042183
9781933043579
9781933052045
9781933052304
9781933052328
9781933052335
9781933052724
9781933054629
9781933054667
9781933057095
9781933057576
9781933060569
9781933067162
9781933067230
9781933067339
9781933067445
9781933067513
9781933067551
9781933067629
9781933076102
9781933076508
9781933076935
9781933079035
9781933089010
9781933098197
9781933098319
9781933102849
9781933104058
9781933106618
9781933107080
9781933107103
9781933107165
9781933107189
9781933107349
9781933112398
9781933113425
9781933113593
9781933113913
9781933114033
9781933114330
9781933114514
9781933116082
9781933123004
9781933128917
9781933142128
9781933143033
9781933147208
9781933147710
9781933148649
9781933148793
9781933153001
9781933163376
9781933163635
9781933164762
9781933170459
9781933178011
9781933178097
9781933178417
9781933182636
9781933184616
9781933189031
9781933189147
9781933192246
9781933194004
9781933194080
9781933194431
9781933194882
9781933194998
9781933197012
9781933197807
9781933197968
9781933199078
9781933204017
9781933204345
9781933204499
9781933204680
9781933204727
9781933204741
9781933212494
9781933216034
9781933216645
9781933225685
9781933227856
9781933228020
9781933245164
9781933251783
9781933254067
9781933254302
9781933254401
9781933254494
9781933259390
9781933264875
9781933265469
9781933271231
9781933274058
9781933275079
9781933275246
9781933285184
9781933290164
9781933290393
9781933291055
9781933291475
9781933291956
9781933293707
9781933305677
9781933308340
9781933317045
9781933327433
9781933328911
9781933336763
9781933341316
9781933343167
9781933343259
9781933348100
9781933363035
9781933370545
9781933370699
9781933372105
9781933374109
9781933376912
9781933378039
9781933387512
9781933390482
9781933395036
9781933397221
9781933397597
9781933398006
9781933399034
9781933399102
9781933399195
9781933407074
9781933407128
9781933407142
9781933408071
9781933415802
9781933423258
9781933423777
9781933423913
9781933435329
9781933443010
9781933445458
9781933446264
9781933449876
9781933455228
9781933455815
9781933457000
9781933466477
9781933466491
9781933466682
9781933478043
9781933478449
9781933480190
9781933483092
9781933483252
9781933485164
9781933491028
9781933491165
9781933491493
9781933494340
9781933494906
9781933500317
9781933502175
9781933517179
9781933532011
9781933538525
9781933538631
9781933538655
9781933538730
9781933547022
9781933547169
9781933547213
9781933549170
9781933558301
9781933560168
9781933565040
9781933565071
9781933565170
9781933569222
9781933570679
9781933570808
9781933571119
9781933571195
9781933571454
9781933578231
9781933578255
9781933580524
9781933581415
9781933586090
9781933587004
9781933587288
9781933587295
9781933605418
9781933605586
9781933605609
9781933605951
9781933608525
9781933619170
9781933624013
9781933624082
9781933624112
9781933624181
9781933624259
9781933624372
9781933624624
9781933624662
9781933624907
9781933624938
9781933634043
9781933639543
9781933639659
9781933641140
9781933641157
9781933646008
9781933648644
9781933651033
9781933651781
9781933652214
9781933652474
9781933655154
9781933657073
9781933657233
9781933657325
9781933660264
9781933660752
9781933662183
9781933662985
9781933663265
9781933664378
9781933669137
9781933675824
9781933678016
9781933705026
9781933715933
9781933719061
9781933720142
9781933725482
9781933735597
9781933749341
9781933753010
9781933753089
9781933753218
9781933753270
9781933753348
9781933753553
9781933753560
9781933753805
9781933754147
9781933783055
9781933784236
9781933789002
9781933794228
9781933794396
9781933794853
9781933798158
9781933798172
9781933798202
9781933798219
9781933798264
9781933798318
9781933803029
9781933807027
9781933809359
9781933810058
9781933810485
9781933812144
9781933817408
9781933823751
9781933830018
9781933830087
9781933833835
9781933834108
9781933834320
9781933834559
9781933834573
9781933835051
9781933836256
9781933840048
9781933845128
9781933845296
9781933853468
9781933858012
9781933858241
9781933858425
9781933863177
9781933871196
9781933871226
9781933871240
9781933872209
9781933879598
9781933879789
9781933879802
9781933889184
9781933889245
9781933890722
9781933899886
9781933900049
9781933912059
9781933912684
9781933916019
9781933916064
9781933916521
9781933916682
9781933916866
9781933916958
9781933918167
9781933919034
9781933926049
9781933926568
9781933929736
9781933937045
9781933937199
9781933939711
9781933940205
9781933952147
9781933952154
9781933957609
9781933958460
9781933958569
9781933959115
9781933964058
9781933964348
9781933964614
9781933967387
9781933974002
9781933979168
9781933987255
9781933989037
9781933989044
9781933989068
9781933989129
9781933989242
9781933990576
9781933996011
9781933996042
9781933996103
9781933996387
9781933996806
9781934002025
9781934002070
9781934002186
9781934004777
9781934004784
9781934004791
9781934004814
9781934004821
9781934004838
9781934004845
9781934004852
9781934004869
9781934004906
9781934004920
9781934004937
9781934004944
9781934004968
9781934004975
9781934007006
9781934007020
9781934009291
9781934026106
9781934026847
9781934029015
9781934031087
9781934035436
9781934038000
9781934044049
9781934068373
9781934068427
9781934068977
9781934068984
9781934073056
9781934081389
9781934081419
9781934082102
9781934082218
9781934082232
9781934082553
9781934089217
9781934095188
9781934103166
9781934105986
9781934129227
9781934129289
9781934129869
9781934138007
9781934140024
9781934144008
9781934152119
9781934154786
9781934163382
9781934163436
9781934186169
9781934187005
9781934187623
9781934188088
9781934193037
9781934200056
9781934205150
9781934210147
9781934213087
9781934214169
9781934216422
9781934216934
9781934217306
9781934218228
9781934222485
9781934226018
9781934226025
9781934233078
9781934234884
9781934239858
9781934240052
9781934254035
9781934254585
9781934254684
9781934265215
9781934268841
9781934268995
9781934269602
9781934277089
9781934277218
9781934282069
9781934284070
9781934285206
9781934306109
9781934306116
9781934316016
9781934331279
9781934334133
9781934335437
9781934337479
9781934338650
9781934351086
9781934351130
9781934351215
9781934357002
9781934363256
9781934363430
9781934368176
9781934368442
9781934368497
9781934378175
9781934384039
9781934422168
9781934435885
9781934440841
9781934440896
9781934447048
9781934447536
9781934449233
9781934449585
9781934454008
9781934454084
9781934454312
9781934454367
9781934460580
9781934466131
9781934486351
9781934486412
9781934487501
9781934493090
9781934496121
9781934496145
9781934496503
9781934496527
9781934500217
9781934506226
9781934506349
9781934506851
9781934513033
9781934527139
9781934527351
9781934527757
9781934537084
9781934537473
9781934537725
9781934539354
9781934547175
9781934547403
9781934547717
9781934553084
9781934554746
9781934556412
9781934564431
9781934572399
9781934575246
9781934582121
9781934582213
9781934589380
9781934598214
9781934609125
9781934615157
9781934615591
9781934617571
9781934618219
9781934618400
9781934618967
9781934620427
9781934620441
9781934623954
9781934624760
9781934629109
9781934629413
9781934630266
9781934631515
9781934633304
9781934635537
9781934635728
9781934635902
9781934636060
9781934636121
9781934638231
9781934645291
9781934645611
9781934650257
9781934650264
9781934650394
9781934650400
9781934650431
9781934650653
9781934650660
9781934650752
9781934650868
9781934650974
9781934666074
9781934666487
9781934666777
9781934668016
9781934690253
9781934695555
9781934695661
9781934696569
9781934699096
9781934699171
9781934699225
9781934703106
9781934703588
9781934706497
9781934706770
9781934706893
9781934709078
9781934709085
9781934709283
9781934713006
9781934713020
9781934724125
9781934730072
9781934730942
9781934730959
9781934731390
9781934731628
9781934732267
9781934732991
9781934750254
9781934771051
9781934771105
9781934771150
9781934772263
9781934774021
9781934774038
9781934777138
9781934782002
9781934801260
9781934801659
9781934804919
9781934805398
9781934805527
9781934812174
9781934812754
9781934813515
9781934816042
9781934816110
9781934816271
9781934816400
9781934816431
9781934816455
9781934816486
9781934816615
9781934816622
9781934825327
9781934825594
9781934825648
9781934833049
9781934833810
9781934839003
9781934839232
9781934839300
9781934849514
9781934849927
9781934849965
9781934851128
9781934852002
9781934855423
9781934855430
9781934857328
9781934859070
9781934866214
9781934867020
9781934874103
9781934878125
9781934878668
9781934888117
9781934892039
9781934892138
9781934894477
9781934894644
9781934894781
9781934898079
9781934903018
9781934903179
9781934903285
9781934904817
9781934907047
9781934907115
9781934907344
9781934907399
9781934907450
9781934911198
9781934911228
9781934911327
9781934920633
9781934922101
9781934922309
9781934922699
9781934922835
9781934935583
9781934937075
9781934937877
9781934937921
9781934938058
9781934938294
9781934938324
9781934938430
9781934938881
9781934938911
9781934944202
9781934949368
9781934951378
9781934956663
9781934960462
9781934960714
9781934960738
9781934967034
9781934967843
9781934968130
9781934970003
9781934977163
9781934980583
9781934980873
9781934983034
9781934983249
9781934984574
9781934985373
9781934996515
9781934996560
9781934999059
9781934999394
9781935002291
9781935007005
9781935007241
9781935015024
9781935015031
9781935015055
9781935015062
9781935015079
9781935021117
9781935021124
9781935021186
9781935021216
9781935021285
9781935021384
9781935021667
9781935021865
9781935021872
9781935027386
9781935043454
9781935052562
9781935053125
9781935062004
9781935075226
9781935083320
9781935086086
9781935086970
9781935093015
9781935097303
9781935097723
9781935098294
9781935098881
9781935099079
9781935099758
9781935121442
9781935122074
9781935122258
9781935125044
9781935125563
9781935125648
9781935125778
9781935130123
9781935130796
9781935139034
9781935140221
9781935145264
9781935153320
9781935153665
9781935174349
9781935175162
9781935186199
9781935186816
9781935186847
9781935190073
9781935192992
9781935193081
9781935197003
9781935197089
9781935197171
9781935197508
9781935197607
9781935197621
9781935197737
9781935197751
9781935197775
9781935198277
9781935204008
9781935213468
9781935213673
9781935217022
9781935217275
9781935217299
9781935217657
9781935217701
9781935232131
9781935232155
9781935232377
9781935233213
9781935234098
9781935238607
9781935240020
9781935257363
9781935258001
9781935265078
9781935265320
9781935265399
9781935265429
9781935265863
9781935268024
9781935268048
9781935268093
9781935268451
9781935270102
9781935272175
9781935279211
9781935279853
9781935288039
9781935289456
9781935292067
9781935294627
9781935295310
9781935317098
9781935317128
9781935317272
9781935317746
9781935328681
9781935347088
9781935350095
9781935352006
9781935352280
9781935356066
9781935356219
9781935359296
9781935359425
9781935359579
9781935359876
9781935361046
9781935361374
9781935361411
9781935362548
9781935377214
9781935377313
9781935377986
9781935380641
9781935385080
9781935402572
9781935410430
9781935416982
9781935421092
9781935428947
9781935428992
9781935429494
9781935437802
9781935442165
9781935442233
9781935442240
9781935442271
9781935443087
9781935444152
9781935444244
9781935444718
9781935451006
9781935456032
9781935460350
9781935463016
9781935472926
9781935472988
9781935495253
9781935495963
9781935497028
9781935497455
9781935497660
9781935497820
9781935497936
9781935498063
9781935498117
9781935498148
9781935498223
9781935498544
9781935498599
9781935501275
9781935502623
9781935507406
9781935509493
9781935517061
9781935517535
9781935523383
9781935523598
9781935526001
9781935528135
9781935528456
9781935528654
9781935529590
9781935529705
9781935529866
9781935530244
9781935530275
9781935530282
9781935530619
9781935534532
9781935534860
9781935537670
9781935541363
9781935542841
9781935543947
9781935548423
9781935548966
9781935551102
9781935551669
9781935555254
9781935555278
9781935555643
9781935556244
9781935556923
9781935557555
9781935557579
9781935574507
9781935575054
9781935579007
9781935584155
9781935584162
9781935584360
9781935585398
9781935586326
9781935587088
9781935587149
9781935588412
9781935590323
9781935592075
9781935599173
9781935604389
9781935604808
9781935606390
9781935609834
9781935610656
9781935613039
9781935613053
9781935617075
9781935617112
9781935617235
9781935635017
9781935636977
9781935651031
9781935661993
9781935664338
9781935664512
9781935666271
9781935689294
9781935690153
9781935690764
9781935690924
9781935708582
9781935726319
9781935747024
9781935747567
9781935747604
9781935747635
9781935752455
9781935761044
9781935768050
9781935768135
9781935770145
9781935778349
9781935778370
9781935787594
9781935802341
9781935803034
9781935806042
9781935806189
9781935806639
9781935806677
9781935807568
9781935864165
9781935868255
9781935871538
9781935882008
9781935886334
9781935886570
9781935886754
9781935890027
9781935892137
9781935902232
9781935905103
9781935905226
9781935905776
9781935906544
9781935920540
9781935921462
9781935922384
9781935934967
9781935939184
9781935940227
9781935941095
9781935941347
9781935942030
9781935943082
9781935949190
9781935949329
9781935954002
9781935954248
9781935961017
9781935970248
9781935972136
9781935986522
9781935991717
9781935993681
9781935997054
9781935999089
9781936010929
9781936011155
9781936013210
9781936020997
9781936022182
9781936022212
9781936024148
9781936024155
9781936024773
9781936041039
9781936045242
9781936049325
9781936058228
9781936061754
9781936068326
9781936078301
9781936086429
9781936088133
9781936091218
9781936092277
9781936107339
9781936107384
9781936107407
9781936107438
9781936107605
9781936114634
9781936120116
9781936120376
9781936120888
9781936120925
9781936126330
9781936127610
9781936127658
9781936127870
9781936128525
9781936133116
9781936141227
9781936141241
9781936141296
9781936141364
9781936141463
9781936147878
9781936151028
9781936163540
9781936172016
9781936172252
9781936178025
9781936178148
9781936178285
9781936182800
9781936183074
9781936183937
9781936194131
9781936194230
9781936199006
9781936199037
9781936199044
9781936199099
9781936199235
9781936205875
9781936207107
9781936208616
9781936214266
9781936214556
9781936216086
9781936216093
9781936216208
9781936216840
9781936216857
9781936216918
9781936216925
9781936232161
9781936232314
9781936233625
9781936240012
9781936240029
9781936243648
9781936258079
9781936258611
9781936270767
9781936274192
9781936274673
9781936283910
9781936283927
9781936293445
9781936297412
9781936297719
9781936299041
9781936299324
9781936309405
9781936309771
9781936309924
9781936310012
9781936310111
9781936310623
9781936310678
9781936314591
9781936319299
9781936319718
9781936319749
9781936335206
9781936340538
9781936344000
9781936367016
9781936367214
9781936367221
9781936368334
9781936371457
9781936371891
9781936372980
9781936393220
9781936393886
9781936399772
9781936400294
9781936400928
9781936401086
9781936401147
9781936401185
9781936401826
9781936401888
9781936401901
9781936406159
9781936406272
9781936412211
9781936412327
9781936413409
9781936413522
9781936419951
9781936424221
9781936426140
9781936433148
9781936434503
9781936438228
9781936447640
9781936447763
9781936447930
9781936460267
9781936467174
9781936467181
9781936467266
9781936467303
9781936477104
9781936482122
9781936482139
9781936482313
9781936482474
9781936482689
9781936503186
9781936534142
9781936534487
9781936542055
9781936548163
9781936558100
9781936569045
9781936577040
9781936577132
9781936578306
9781936578801
9781936581979
9781936583119
9781936587902
9781936607440
9781936607457
9781936609154
9781936609352
9781936626465
9781936628117
9781936648139
9781936658183
9781936658435
9781936669110
9781936669141
9781936672608
9781936681174
9781936681266
9781936681822
9781936681860
9781936681914
9781936699896
9781936700233
9781936702220
9781936706150
9781936706327
9781936724123
9781936744404
9781936745180
9781936746071
9781936746309
9781936746507
9781936759255
9781936773060
9781936773190
9781936773275
9781936773411
9781936773480
9781936773633
9781936773688
9781936773701
9781936773749
9781936780112
9781936780211
9781936781157
9781936782062
9781936782086
9781936812066
9781936812202
9781936812240
9781936814176
9781936814183
9781936815715
9781936824342
9781936824472
9781936833306
9781936840274
9781936840571
9781936855285
9781936860012
9781936873173
9781936885053
9781936904006
9781936905928
9781936915019
9781936918287
9781936918935
9781936943098
9781936943302
9781936943333
9781936943357
9781936943364
9781936943401
9781936943609
9781936943616
9781936943623
9781936943821
9781936946495
9781936961184
9781936963188
9781936964031
9781936975082
9781936975174
9781936975181
9781936975198
9781936975853
9781936989171
9781936989232
9781937009533
9781937009649
9781937012229
9781937022587
9781937032043
9781937032050
9781937032074
9781937032111
9781937032173
9781937032180
9781937032234
9781937032333
9781937032364
9781937032418
9781937032586
9781937041199
9781937051280
9781937053789
9781937061999
9781937063863
9781937068387
9781937073688
9781937104016
9781937133825
9781937146474
9781937149000
9781937161552
9781937165635
9781937178901
9781937190071
9781937228057
9781937235031
9781937276720
9781937292072
9781937293000
9781937306564
9781937314163
9781937317454
9781937327712
9781937327958
9781937330187
9781937358266
9781937370121
9781937370282
9781937370299
9781937383619
9781937384906
9781937397265
9781937400019
9781937406301
9781937421243
9781937466572
9781937473822
9781937493080
9781937493448
9781937493486
9781937493622
9781937495909
9781937498207
9781937498566
9781937498849
9781937504595
9781937513238
9781937518189
9781937525002
9781937529123
9781937529178
9781937529925
9781937536268
9781937537012
9781937537128
9781937537753
9781937538125
9781937541590
9781937565756
9781937589578
9781937602734
9781937622763
9781937632083
9781937634056
9781937636739
9781937639273
9781937644130
9781937650049
9781937650247
9781937650254
9781937650407
9781937650636
9781937650698
9781937661069
9781937671129
9781937671181
9781937690472
9781937706173
9781937718565
9781937721077
9781937721084
9781937721558
9781937731137
9781937735005
9781937735517
9781937737078
9781937737481
9781937748210
9781937756024
9781937763626
9781937768065
9781937782009
9781937801069
9781937823436
9781937824068
9781937830878
9781937842291
9781937846725
9781937846817
9781937851163
9781937851248
9781937851316
9781937854225
9781937862145
9781937862183
9781937862343
9781937862954
9781937865856
9781937870157
9781937881009
9781937887148
9781937887285
9781937887292
9781937887353
9781937887551
9781937887773
9781937887919
9781937887940
9781937887964
9781937887988
9781937905200
9781937929718
9781937968564
9781937968823
9781937968953
9781937971083
9781937995812
9781938026287
9781938027482
9781938028113
9781938037177
9781938055065
9781938055140
9781938063251
9781938077029
9781938077203
9781938093210
9781938101205
9781938110535
9781938143069
9781938164057
9781938164231
9781938166211
9781938185120
9781938185595
9781938193033
9781938226137
9781938226151
9781938235610
9781938237126
9781938248214
9781938248580
9781938268014
9781938288319
9781938299032
9781938301964
9781938309984
9781938315084
9781938326080
9781938326271
9781938326318
9781938334009
9781938334108
9781938348020
9781938352621
9781938354007
9781938355004
9781938370045
9781938388392
9781938393259
9781938393327
9781938393341
9781938394614
9781938398018
9781938417009
9781938417016
9781938417290
9781938417313
9781938417382
9781938417399
9781938417412
9781938419294
9781938419348
9781938426575
9781938436031
9781938436185
9781938436239
9781938436277
9781938436284
9781938436697
9781938436994
9781938442193
9781938442292
9781938459009
9781938461118
9781938466434
9781938466687
9781938473289
9781938474026
9781938478369
9781938484025
9781938499296
9781938499944
9781938501630
9781938517792
9781938521126
9781938521331
9781938521430
9781938521508
9781938525490
9781938537035
9781938537127
9781938537172
9781938537998
9781938620010
9781938624131
9781938627002
9781938628207
9781938664083
9781938664137
9781938667367
9781938686634
9781938690341
9781938707575
9781938750823
9781938751004
9781938751035
9781938751042
9781938751066
9781938752964
9781938753329
9781938768880
9781938772542
9781938778100
9781938789076
9781938798184
9781938801730
9781938801761
9781938801785
9781938846762
9781938848247
9781938867736
9781938883323
9781938883606
9781938883859
9781938883927
9781938883941
9781938898044
9781938900082
9781938900198
9781938910005
9781938910791
9781938911323
9781938911514
9781938911583
9781938923159
9781938923197
9781938923296
9781938923456
9781938923463
9781938924088
9781938925214
9781938950520
9781939020772
9781939026002
9781939028273
9781939028785
9781939028921
9781939051332
9781939054357
9781939054586
9781939082497
9781939083067
9781939084378
9781939084750
9781939086235
9781939086846
9781939116246
9781939156303
9781939166135
9781939173942
9781939183842
9781939213266
9781939217721
9781939259578
9781939288523
9781939300171
9781939300683
9781939300720
9781939300737
9781939300751
9781939300782
9781939345080
9781939349057
9781939354006
9781939402066
9781939402165
9781939402240
9781939403056
9781939403278
9781939434739
9781939456168
9781939460011
9781939472168
9781939473882
9781939474490
9781939487476
9781939487667
9781939487834
9781939515476
9781939544155
9781939548337
9781939548979
9781939550002
9781939550774
9781939550972
9781939581280
9781939581525
9781939581587
9781939587381
9781939614094
9781939627049
9781939627070
9781939639059
9781939639110
9781939639172
9781939656162
9781939656926
9781939658180
9781939675125
9781939675347
9781939678010
9781939678126
9781939678614
9781939678881
9781939685056
9781939693419
9781939710611
9781939710628
9781939710789
9781939748454
9781939748744
9781939814432
9781939814555
9781939814685
9781939816443
9781939829474
9781939834317
9781939847362
9781939847430
9781939862174
9781939927910
9781939929983
9781939929990
9781939930385
9781939930668
9781939946669
9781939954039
9781939979957
9781939995049
9781939995322
9781940009438
9781940011035
9781940013336
9781940014197
9781940022918
9781940024240
9781940056081
9781940056135
9781940088716
9781940090023
9781940092058
9781940110233
9781940110349
9781940157054
9781940182285
9781940192239
9781940192635
9781940209098
9781940219370
9781940234052
9781940235509
9781940238005
9781940239095
9781940244099
9781940265360
9781940269719
9781940269788
9781940269825
9781940269948
9781940291734
9781940325576
9781940329949
9781940333090
9781940343099
9781940343310
9781940354248
9781940359618
9781940376059
9781940376080
9781940376172
9781940376387
9781940381329
9781940384221
9781940395258
9781940396149
9781940396286
9781940396385
9781940396408
9781940396422
9781940396439
9781940398204
9781940408408
9781940408897
9781940408989
9781940410227
9781940412023
9781940436272
9781940450278
9781940450896
9781940461809
9781940468846
9781940495408
9781940500355
9781940517094
9781940520766
9781940532097
9781940534824
9781940562698
9781940572161
9781940572208
9781940572246
9781940572475
9781940574585
9781940595689
9781940598178
9781940598796
9781940613017
9781940772998
9781940784441
9781940806013
9781940812908
9781940927183
9781940965000
9781940976372
9781940976976
9781940978628
9781940978871
9781940996493
9781941007723
9781941050231
9781941069295
9781941069790
9781941083079
9781941083161
9781941083277
9781941095140
9781941103142
9781941125069
9781941144596
9781941144855
9781941157022
9781941160084
9781941163054
9781941165829
9781941169063
9781941178034
9781941178058
9781941178218
9781941213919
9781941213940
9781941251140
9781941311837
9781941328149
9781941337813
9781941341056
9781941341292
9781941356036
9781941367155
9781941367209
9781941367599
9781941390795
9781941392089
9781941448571
9781941475201
9781941500408
9781941500491
9781941500927
9781941511114
9781941511176
9781941523049
9781941538470
9781941550106
9781941558089
9781941566077
9781941566879
9781941573501
9781941610183
9781941610206
9781941629215
9781941651193
9781941677315
9781941695142
9781941706664
9781941709337
9781941722206
9781941758342
9781941759042
9781941759110
9781941759127
9781941759516
9781941768037
9781941799130
9781941821237
9781941822562
9781941822586
9781941822692
9781941830369
9781941856789
9781941865019
9781941879092
9781941918722
9781941933084
9781941953341
9781941985106
9781942002550
9781942004097
9781942004554
9781942017196
9781942056508
9781942056584
9781942056669
9781942099284
9781942145684
9781942154143
9781942154211
9781942154914
9781942155287
9781942157069
9781942168140
9781942168164
9781942185543
9781942197393
9781942209577
9781942212508
9781942294009
9781942294016
9781942294078
9781942296010
9781942341505
9781942351627
9781942363972
9781942364306
9781942367154
9781942400189
9781942423607
9781942430087
9781942455400
9781942462071
9781942472209
9781942508014
9781942515777
9781942528050
9781942545767
9781942549666
9781942549789
9781942551034
9781942556534
9781942572398
9781942586388
9781942587002
9781942590118
9781942600442
9781942606307
9781942614203
9781942634089
9781942634164
9781942642961
9781942645269
9781942675051
9781942712978
9781942714057
9781942715559
9781942751021
9781942764298
9781942773061
9781942775140
9781942775478
9781942801955
9781942835189
9781942845997
9781942854418
9781942875000
9781942875734
9781942875932
9781942891758
9781942919339
9781942945369
9781942953289
9781942981718
9781942995128
9781943017263
9781943017331
9781943018079
9781943063543
9781943079971
9781943090686
9781943127719
9781943127801
9781943138432
9781943147557
9781943154258
9781943154289
9781943154319
9781943154333
9781943169047
9781943209170
9781943211029
9781943215171
9781943216062
9781943228423
9781943228447
9781943228768
9781943239061
9781943241002
9781943258260
9781943258710
9781943284177
9781943290222
9781943290482
9781943290741
9781943322077
9781943328673
9781943338184
9781943359639
9781943386482
9781943402465
9781943425150
9781943425327
9781943507009
9781943517787
9781943529162
9781943529599
9781943533015
9781943536320
9781943539093
9781943539161
9781943548248
9781943548323
9781943553112
9781943553129
9781943586073
9781943608065
9781943681389
9781943741120
9781943785148
9781943788392
9781943826247
9781943826513
9781943826766
9781943829187
9781943887521
9781943890477
9781943896004
9781943900220
9781943900909
9781943901296
9781943920679
9781943929634
9781943981212
9781943981229
9781944038557
9781944038595
9781944057107
9781944079901
9781944102807
9781944141592
9781944143022
9781944143114
9781944143213
9781944193065
9781944193188
9781944193447
9781944211462
9781944243876
9781944250393
9781944250409
9781944250416
9781944250423
9781944250430
9781944250515
9781944250553
9781944271404
9781944298708
9781944307721
9781944316068
9781944316167
9781944316235
9781944331122
9781944394233
9781944394851
9781944413217
9781944418281
9781944428044
9781944450014
9781944489106
9781944581060
9781944613440
9781944695040
9781944713058
9781944731168
9781944760892
9781944764111
9781944767594
9781944786953
9781944825300
9781944833596
9781944860295
9781944875046
9781944887247
9781944891275
9781944891435
9781944891725
9781944903114
9781944930028
9781944930035
9781944937034
9781944958282
9781944964481
9781944967741
9781944981167
9781944981341
9781944981532
9781945028267
9781945056314
9781945058899
9781945066177
9781945098017
9781945120039
9781945130229
9781945147111
9781945148019
9781945157677
9781945163401
9781945167027
9781945167232
9781945174186
9781945179259
9781945181344
9781945181931
9781945192593
9781945192623
9781945192760
9781945205064
9781945246876
9781945263163
9781945268038
9781945269165
9781945269691
9781945288098
9781945293061
9781945293108
9781945293214
9781945293245
9781945293535
9781945295195
9781945306044
9781945306112
9781945306631
9781945306921
9781945353017
9781945353024
9781945366826
9781945366871
9781945366895
9781945401022
9781945411304
9781945411403
9781945449338
9781945470004
9781945473043
9781945473302
9781945473593
9781945473708
9781945473739
9781945473852
9781945500398
9781945507861
9781945527920
9781945528699
9781945529450
9781945529467
9781945551611
9781945591013
9781945619168
9781945620454
9781945644368
9781945644832
9781945653049
9781945682070
9781945699337
9781945711138
9781945720185
9781945742583
9781945756047
9781945769177
9781945774720
9781945810046
9781945829420
9781945884382
9781945887581
9781945891854
9781945907647
9781945920257
9781945933189
9781945935749
9781945940965
9781945953811
9781945956348
9781945956720
9781945959059
9781945975813
9781945978470
9781946000057
9781946000095
9781946016072
9781946019028
9781946019110
9781946019141
9781946020178
9781946043511
9781946044631
9781946101327
9781946101341
9781946101495
9781946101792
9781946160423
9781946208507
9781946209061
9781946229441
9781946229533
9781946246257
9781946246356
9781946260062
9781946260116
9781946261328
9781946282804
9781946335043
9781946351050
9781946351081
9781946351258
9781946351319
9781946351425
9781946351432
9781946351449
9781946351456
9781946351463
9781946351494
9781946351548
9781946351586
9781946351616
9781946351753
9781946351838
9781946351890
9781946389183
9781946420978
9781946425324
9781946442093
9781946442109
9781946442116
9781946442130
9781946442154
9781946442161
9781946442192
9781946442208
9781946442222
9781946442239
9781946442246
9781946442864
9781946444905
9781946466006
9781946477132
9781946482006
9781946494061
9781946494177
9781946494276
9781946494306
9781946494382
9781946506276
9781946506399
9781946539281
9781946583154
9781946604187
9781946664068
9781946664129
9781946755025
9781946755056
9781946755148
9781946755643
9781946795076
9781946800220
9781946810090
9781946824639
9781946872197
9781946872654
9781946920102
9781946920263
9781946971807
9781946977113
9781946977748
9781947003637
9781947118096
9781947128682
9781947182127
9781947198012
9781947243842
9781947271258
9781947309401
9781947314351
9781947319370
9781947319639
9781947319653
9781947327368
9781947349476
9781947373990
9781947392076
9781947459212
9781947493315
9781947502109
9781947521261
9781947522091
9781947522268
9781947522435
9781947523074
9781947534582
9781947556324
9781947607170
9781947607774
9781947617025
9781947617063
9781947617087
9781947639218
9781947671041
9781947718685
9781947758490
9781947769021
9781947783188
9781947783560
9781947784062
9781947796225
9781947801233
9781947825178
9781947825239
9781947825253
9781947825314
9781947848092
9781947865440
9781947892941
9781947928954
9781947937413
9781947939493
9781947951440
9781947966000
9781947986022
9781947986077
9781948011280
9781948022019
9781948057417
9781948108324
9781948174237
9781948174305
9781948213158
9781948213325
9781948227025
9781948262484
9781948278560
9781948362498
9781948365253
9781948365963
9781948390231
9781948404938
9781948463072
9781948496049
9781948501002
9781948509282
9781948529082
9781948583176
9781948583299
9781948604734
9781948667005
9781948697019
9781948714051
9781948734004
9781948734066
9781948787277
9781948796521
9781948800457
9781948800518
9781948818117
9781948818339
9781948887007
9781948947992
9781948963091
9781948968003
9781949054361
9781949062427
9781949062977
9781949091021
9781949106077
9781949124262
9781949147001
9781949147575
9781949172362
9781949180473
9781949213003
9781949239423
9781949239591
9781949239997
9781949248012
9781949248401
9781949248593
9781949307146
9781949327182
9781949327588
9781949327717
9781949327793
9781949363272
9781949363296
9781949363951
9781949383416
9781949398076
9781949398151
9781949454208
9781949478617
9781949488579
9781949506020
9781949565324
9781949590678
9781949608236
9781949633016
9781949634945
9781949648966
9781949694345
9781949707809
9781949716092
9781949716160
9781949719161
9781949740004
9781949740363
9781949759167
9781949918045
9781949949032
9781950013357
9781950055104
9781950099450
9781950099504
9781950099993
9781950107001
9781950140220
9781950157488
9781950157549
9781950157556
9781950157563
9781950157587
9781950157594
9781950157969
9781950157976
9781950171590
9781950228041
9781950241040
9781950264063
9781950273096
9781950273300
9781950289189
9781950304134
9781950305810
9781950355006
9781950367290
9781950398638
9781950404094
9781950414000
9781950416479
9781950435067
9781950502516
9781950540433
9781950540471
9781950540921
9781950553310
9781950647019
9781950648009
9781950648115
9781950648139
9781950656110
9781950713479
9781950713493
9781950743247
9781950791002
9781950791194
9781950791514
9781950794447
9781950842216
9781950843398
9781950892563
9781950912421
9781950970537
9781950987283
9781951019051
9781951019297
9781951056964
9781951086244
9781951097219
9781951097424
9781951097721
9781951097776
9781951097882
9781951097905
9781951125264
9781951197001
9781951227210
9781951249434
9781951253257
9781951253271
9781951253417
9781951253790
9781951287191
9781951287337
9781951287436
9781951287900
9781951297299
9781951302078
9781951302580
9781951302634
9781951339210
9781951343583
9781951414016
9781951585600
9781951585716
9781951605087
9781951605254
9781951652609
9781951675080
9781951839178
9781951890315
9781951928094
9781951928605
9781951962067
9781951985868
9781952013447
9781952046568
9781952116063
9781952116094
9781952116100
9781952137846
9781952137891
9781952203190
9781952209185
9781952231087
9781952255199
9781952356025
9781952370038
9781952370069
9781952370847
9781952370915
9781952395000
9781952397370
9781952433672
9781952439018
9781952562990
9781952567230
9781952570513
9781952740039
9781952740176
9781952740190
9781952781117
9781952825682
9781952842429
9781952920011
9781952920127
9781952920295
9781952920530
9781952920929
9781952920981
9781952970788
9781952976711
9781953055019
9781953140012
9781953177636
9781953177841
9781953177964
9781953252265
9781953337030
9781953344106
9781953399335
9781953639820
9781953854452
9781953854544
9781953862068
9781953955074
9781953955296
9781953955500
9781954096141
9781954289208
9781954294325
9781954294363
9781954304499
9781954403802
9781954437517
9781954437791
9781954456013
9781954635630
9781954779648
9781954833036
9781954839359
9781954887466
9781955044264
9781955044493
9781955077194
9781955151146
9781955151498
9781955341059
9781955492324
9781955550147
9781955550338
9781955645027
9781955645065
9781955703208
9781955810128
9781955826013
9781955924368
9781955985000
9781956163025
9781956386011
9781956600018
9781956649345
9781956649949
9781956728026
9781956904031
9781956980059
9781957220635
9781957579047
9781957579115
9781957579177
9781957579283
9781957579337
9781957662077
9781957662114
9781957723068
9781957755076
9781957943022
9781957962054
9781958405444
9781959321033
9781959344100
9781960171009
9781961801318
9781962312301
9781962333313
9781970147612
9781970151169
9781972727942
9781973162261
9781973236313
9781973313212
9781973322672
9781973515609
9781973551683
9781973559153
9781973588733
9781973589891
9781973599852
9781973631057
9781973637776
9781973645672
9781973691204
9781973696223
9781973714712
9781973783787
9781973921653
9781973942429
9781974077717
9781974411559
9781974505739
9781974590124
9781974736096
9781974810642
9781975076214
9781975103095
9781975111410
9781975300203
9781975317713
9781975323233
9781975382322
9781975682378
9781975875459
9781976283482
9781976378188
9781976706967
9781976734892
9781976826597
9781976960505
9781977100191
9781977100429
9781977103451
9781977103802
9781977105165
9781977105714
9781977106858
9781977108388
9781977108418
9781977109255
9781977109606
9781977120168
9781977132895
9781977200877
9781977201386
9781977207159
9781977208149
9781977211859
9781977211880
9781977213006
9781977215352
9781977222619
9781977228697
9781977229366
9781977229632
9781977235220
9781977244963
9781977244970
9781977246653
9781977252135
9781977401908
9781977402059
9781977402295
9781977403995
9781977848895
9781977901835
9781977953339
9781978114579
9781978146143
9781978214538
9781978241428
9781978254176
9781978278615
9781978367777
9781978464162
9781978615946
9781978616455
9781978616691
9781978622319
9781978644137
9781979029186
9781979035118
9781979110068
9781979146883
9781979410274
9781979438612
9781979443173
9781979499484
9781979509657
9781979571852
9781979660488
9781979752657
9781979756945
9781979904452
9781979961820
9781979966214
9781980295594
9781980313540
9781980344834
9781980712855
9781980746676
9781980752721
9781980776864
9781980799559
9781980864295
9781980866589
9781981018505
9781981042876
9781981103928
9781981141494
9781981426768
9781981456772
9781981588046
9781981597314
9781981639595
9781981674770
9781981707089
9781981715732
9781981736720
9781981778362
9781981808588
9781981919451
9781981965939
9781981981700
9781982089634
9781982103743
9781982107741
9781982108298
9781982109493
9781982110017
9781982111939
9781982114992
9781982121273
9781982123567
9781982125394
9781982126735
9781982129361
9781982131876
9781982133962
9781982142636
9781982145125
9781982145149
9781982152888
9781982156725
9781982157494
9781982158422
9781982159986
9781982160456
9781982165642
9781982174378
9781982179496
9781982179816
9781982182304
9781982182816
9781982187149
9781982208219
9781982263867
9781982930660
9781982931483
9781982932503
9781982962975
9781982978969
9781983035647
9781983223280
9781983278587
9781983308970
9781983366758
9781983571008
9781983633768
9781983657016
9781983662393
9781983821356
9781983823916
9781983979927
9781984119292
9781984125880
9781984172266
9781984183354
9781984313065
9781984355331
9781984579768
9781984583277
9781984586254
9781984620927
9781984622846
9781984624116
9781984624703
9781984624871
9781984625700
9781984636881
9781984636959
9781984637550
9781984638113
9781984638175
9781984638540
9781984638571
9781984645821
9781984658722
9781984659767
9781984680167
9781984814128
9781984817501
9781984847706
9781984848314
9781984849168
9781984851109
9781984877468
9781984877567
9781984879172
9781984879202
9781984894038
9781984894281
9781984977120
9781985167124
9781985285125
9781985289086
9781985344808
9781985346055
9781985390386
9781985727496
9781985763838
9781985800403
9781985862524
9781985887268
9781986125673
9781986146975
9781986153942
9781986184199
9781986407526
9781986482110
9781986596916
9781986694414
9781986704250
9781986713962
9781987348996
9781987349672
9781987438444
9781987550962
9781987552034
9781987589245
9781987668544
9781987680478
9781987852042
9781987852301
9781987857351
9781987860245
9781987860283
9781987900040
9781987905021
9781987905069
9781987905076
9781987905083
9781987915853
9781987948035
9781987968026
9781987982145
9781987985061
9781988011196
9781988022017
9781988022215
9781988022260
9781988024066
9781988025391
9781988025438
9781988026084
9781988026138
9781988026190
9781988041131
9781988048017
9781988048055
9781988048079
9781988048093
9781988048246
9781988048499
9781988048529
9781988048550
9781988048567
9781988048727
9781988048949
9781988048994
9781988065045
9781988065069
9781988133188
9781988133256
9781988133539
9781988142340
9781988142371
9781988142388
9781988142395
9781988142418
9781988142586
9781988142678
9781988142951
9781988165004
9781988182100
9781988186313
9781988186849
9781988186993
9781988208022
9781988215907
9781988233666
9781988243047
9781988274034
9781988286129
9781988286587
9781988286945
9781988298016
9781988298474
9781988298740
9781988303079
9781988304069
9781988304090
9781988304151
9781988304236
9781988304267
9781988304281
9781988304335
9781988304359
9781988304366
9781988304700
9781988304816
9781988304939
9781988321035
9781988330051
9781988344034
9781988344102
9781988344263
9781988353555
9781988355023
9781988358284
9781988358406
9781988358499
9781988404011
9781988437583
9781988437958
9781988503080
9781988503103
9781988516660
9781988516912
9781988538013
9781988538143
9781988538228
9781988538303
9781988538327
9781988538341
9781988538365
9781988538433
9781988538457
9781988538488
9781988538549
9781988538662
9781988538686
9781988538693
9781988538778
9781988538792
9781988538860
9781988538877
9781988538921
9781988538952
9781988538976
9781988538983
9781988538990
9781988545882
9781988547725
9781988550268
9781988550282
9781988550381
9781988550411
9781988550459
9781988558264
9781988587486
9781988595061
9781988595092
9781988595108
9781988595177
9781988595320
9781988595368
9781988595399
9781988595405
9781988605203
9781988617121
9781988630052
9781988650234
9781988650883
9781988678047
9781988694405
9781988720067
9781988736099
9781988783062
9781988783079
9781988783093
9781988783598
9781988783628
9781988783642
9781988783680
9781988783895
9781988796024
9781988829180
9781988863405
9781988892016
9781988892054
9781988907086
9781988907093
9781988925530
9781988943466
9781988971254
9781988971278
9781988983035
9781988991108
9781988993294
9781989079003
9781989079041
9781989079102
9781989079195
9781989086278
9781989166215
9781989170052
9781989180013
9781989206348
9781989207000
9781989219669
9781989219768
9781989243008
9781989245026
9781989304068
9781989304150
9781989417577
9781989423240
9781989466124
9781989466148
9781989467084
9781989486030
9781989496282
9781989588055
9781989588499
9781989629680
9781989629727
9781989631546
9781989631737
9781989638804
9781989725481
9781989725634
9781989777114
9781989777466
9781989788004
9781989788141
9781989788578
9781989788608
9781989788745
9781989788783
9781989814246
9781989814390
9781989838822
9781989862537
9781989927014
9781989927052
9781989927069
9781989941256
9781990003028
9781990003059
9781990035241
9781990046148
9781990046636
9781990046889
9781990048180
9781990089275
9781990101045
9781990192005
9781990243097
9781990243127
9781990326127
9781990352195
9781990448331
9781990458002
9781990612046
9781990616006
9781990714009
9781990770043
9781990770067
9781990770180
9781990823022
9781990977831
9781991000545
9781991033130
9781991103086
9781991150820
9781991150851
9781991155443
9781991159199
9781991179845
9781998819003
9781998880003
9781999010300
9781999014407
9781999027803
9781999048600
9781999058500
9781999062101
9781999069605
9781999074708
9781999088118
9781999098537
9781999103606
9781999118327
9781999122874
9781999135508
9781999135515
9781999140601
9781999141301
9781999142506
9781999146900
9781999150242
9781999164607
9781999169824
9781999176242
9781999177041
9781999192105
9781999195304
9781999195311
9781999209803
9781999211301
9781999218324
9781999241605
9781999259204
9781999267803
9781999279202
9781999284602
9781999288204
9781999289607
9781999304805
9781999347000
9781999363819
9781999367237
9781999374808
9781999380212
9781999380816
9781999380830
9781999380847
9781999380885
9781999402624
9781999405021
9781999409005
9781999412104
9781999419615
9781999420413
9781999435004
9781999438784
9781999441814
9781999445621
9781999447601
9781999448509
9781999460709
9781999460808
9781999463809
9781999464608
9781999464660
9781999467708
9781999469603
9781999484606
9781999492205
9781999497804
9781999499303
9781999500207
9781999516604
9781999522018
9781999525002
9781999530600
9781999546205
9781999546502
9781999571009
9781999592004
9781999597368
9781999607807
9781999610807
9781999627782
9781999635305
9781999640705
9781999646202
9781999650247
9781999655402
9781999657741
9781999665302
9781999678708
9781999689100
9781999717599
9781999719449
9781999720117
9781999726942
9781999739720
9781999741259
9781999764111
9781999765248
9781999765262
9781999766313
9781999766337
9781999766344
9781999766368
9781999769703
9781999773229
9781999785918
9781999790554
9781999790714
9781999808648
9781999810429
9781999812324
9781999821821
9781999821920
9781999829315
9781999830687
9781999836825
9781999844455
9781999854447
9781999855604
9781999892111
9781999899622
9781999903671
9781999903961
9781999904005
9781999906139
9781999915919
9781999939908
9781999954741
9781999954765
9781999954796
9781999962500
9781999965006
9781999967604
9781999968403
9781999970611
9781999973902
9781999978310
9781999981532
9781999981563
9781999982607
9789201079084
9789202468795
9789210510837
9789210611329
9789211004205
9789211005592
9789211007626
9789211012187
9789211044850
9789211045956
9789211064193
9789211127188
9789211168938
9789211169102
9789211170115
9789211206920
9789211206944
9789211211559
9789211212952
9789211218640
9789211260120
9789211260427
9789211260489
9789211260496
9789211263718
9789211263770
9789211263824
9789211264012
9789211283822
9789211302868
9789211303049
9789211303223
9789211320237
9789211337235
9789211337778
9789211391534
9789211512960
9789211513011
9789211513424
9789211513585
9789211514094
9789211515237
9789211540635
9789211541304
9789211586176
9789211587333
9789211614954
9789212210421
9789212334318
9789212391304
9789213002513
9789213223673
9789213227497
9789218201492
9789218301222
9789218301390
9789218600295
9789218600462
9789218802392
9789219007185
9789219007482
9789221010036
9789221016915
9789221029106
9789221029922
9789221033035
9789221036838
9789221039587
9789221087496
9789221108443
9789221113874
9789221191186
9789221257448
9789221321880
9789222005048
9789222116409
9789222310623
9789230010218
9789230010461
9789230011086
9789230011239
9789230015374
9789230033446
9789230037321
9789231001468
9789231007446
9789231008283
9789231011016
9789231011450
9789231011795
9789231011917
9789231013195
9789231013508
9789231013966
9789231014543
9789231016103
9789231016219
9789231016233
9789231016264
9789231016462
9789231016653
9789231016813
9789231016981
9789231017001
9789231018428
9789231018510
9789231020728
9789231022579
9789231023835
9789231023972
9789231025037
9789231026416
9789231026881
9789231027390
9789231029240
9789231032141
9789231032820
9789231034718
9789231034978
9789231035128
9789231036491
9789231037450
9789231037818
9789231038778
9789231039416
9789231039423
9789232000576
9789232000798
9789232014610
9789232014665
9789232016188
9789232016676
9789232017864
9789232017949
9789232018472
9789232018601
9789232018915
9789232019189
9789232019868
9789232021335
9789232026569
9789232027252
9789232028785
9789232029652
9789232030481
9789232032744
9789232033819
9789232034403
9789232035554
9789232035639
9789232038784
9789232039774
9789232040114
9789233015852
9789233037939
9789240580121
9789241208932
9789241400626
9789241515344
9789241541336
9789241544146
9789241544450
9789241545822
9789241560603
9789241561518
9789241660280
9789241660471
9789242544213
9789242560978
9789250031705
9789250039992
9789250051536
9789250099422
9789251001639
9789251004654
9789251020791
9789251021903
9789251029992
9789251037256
9789251037485
9789251043912
9789251051061
9789251052228
9789251052594
9789251055601
9789251055670
9789251055885
9789251056103
9789251059999
9789251063354
9789251063385
9789251063866
9789251065884
9789251092927
9789251094839
9789251098349
9789251098394
9789251300626
9789251303160
9789251310960
9789251334416
9789251351932
9789251352007
9789251372265
9789252048473
9789252068716
9789253030132
9789254069278
9789261222512
9789264012967
9789264014275
9789264014671
9789264017443
9789264028425
9789264032613
9789264038837
9789264047624
9789264055315
9789264058804
9789264085060
9789264103153
9789264107656
9789264109131
9789264110649
9789264119635
9789264125629
9789264127715
9789264128170
9789264129122
9789264131590
9789264132160
9789264132511
9789264135871
9789264136168
9789264136311
9789264140936
9789264144057
9789264144217
9789264144613
9789264146907
9789264147799
9789264148833
9789264153097
9789264153578
9789264154926
9789264160170
9789264160187
9789264160200
9789264168695
9789264175174
9789264176355
9789264180741
9789264186255
9789264186996
9789264187146
9789264197671
9789264201101
9789264228535
9789264244634
9789264245587
9789264245617
9789264246836
9789264247024
9789264248236
9789264248984
9789264261921
9789264269743
9789264286931
9789264296558
9789264555129
9789267104683
9789275115367
9789275130131
9789279003387
9789279003455
9789279048159
9789279054952
9789279105302
9789279107283
9789279181146
9789279216947
9789280100006
9789280100334
9789280110517
9789280111521
9789280111651
9789280111781
9789280112627
9789280114522
9789280115444
9789280115529
9789280116014
9789280141849
9789280141894
9789280142006
9789280151107
9789280151510
9789280310832
9789280311457
9789280313086
9789280313307
9789280323627
9789280323641
9789280524918
9789280530636
9789280530896
9789280530902
9789280531091
9789280531145
9789280711042
9789280725308
9789280733587
9789280733839
9789280805796
9789280808766
9789280809541
9789280810622
9789280811193
9789282020890
9789282102305
9789282123645
9789282409602
9789282419755
9789282419779
9789282431023
9789282563106
9789282573723
9789282576014
9789282577172
9789282581247
9789282599303
9789282611142
9789282632277
9789282636404
9789282642160
9789282645864
9789282645871
9789282661260
9789282662939
9789282688113
9789282692622
9789282749234
9789282752814
9789282764268
9789282764947
9789282773536
9789282778234
9789282781098
9789282793121
9789282804186
9789282805619
9789282805732
9789282818145
9789282821343
9789282826348
9789282826850
9789282829493
9789282843116
9789282844540
9789282857328
9789282862537
9789282870556
9789282871997
9789282874417
9789282874639
9789282876503
9789282878743
9789282879511
9789282880920
9789282881309
9789282889701
9789282891544
9789282899847
9789283113171
9789283211457
9789283310815
9789283322115
9789284204212
9789284210824
9789284212514
9789284212989
9789284213139
9789284213337
9789284221776
9789284311668
9789284500093
9789284500161
9789284500185
9789284500253
9789284500482
9789284500796
9789287010995
9789287047601
9789287107558
9789287126252
9789287126467
9789287127846
9789287129215
9789287129550
9789287129925
9789287130099
9789287131126
9789287131232
9789287133687
9789287133915
9789287135001
9789287141606
9789287142580
9789287145024
9789287145673
9789287145680
9789287146236
9789287147240
9789287147455
9789287147738
9789287149190
9789287149428
9789287150189
9789287151940
9789287152138
9789287152176
9789287153937
9789287154507
9789287154576
9789287154613
9789287155177
9789287157034
9789287159885
9789287160324
9789287160386
9789287163806
9789287164995
9789287165657
9789287166906
9789287168252
9789287168986
9789287169426
9789287177025
9789287177056
9789287179357
9789287181602
9789287185143
9789287185921
9789289011051
9789289013185
9789289070409
9789289401777
9789289402934
9789289407519
9789289446648
9789289459501
9789289460286
9789289460293
9789289488914
9789289503389
9789289602716
9789290170839
9789290201298
9789290292074
9789290292159
9789290437529
9789290443834
9789290445067
9789290661375
9789290681434
9789290720041
9789290780274
9789290811077
9789290811152
9789290840015
9789290844150
9789290925835
9789291050154
9789291230013
9789291371501
9789291392148
9789291420360
9789291430369
9789291600274
9789291600359
9789292210069
9789295010192
9790001032322
9790001040143
9790001072571
9790001093934
9790001167048
9790003029832
9790004165225
9790004171868
9790004172209
9790004172278
9790004173015
9790004173398
9790004173657
9790006450152
9790006532506
9790006537068
9790006538560
9790006540938
9790007039301
9790014004682
9790014109400
9790040423075
9790040468212
9790043013440
9790043017516
9790043055938
9790043072485
9790043072515
9790043072621
9790043072836
9790043072881
9790043076582
9790044002207
9790044064588
9790044074839
9790045010195
9790045043063
9790046177200
9790046177354
9790046184369
9790046210198
9790046219306
9790046229626
9790046236198
9790046239830
9790046249297
9790048005709
9790048041394
9790048058217
9790051933952
9790051934003
9790060027123
9790060065958
9790060119415
9790060119668
9790060119729
9790080004333
9790080026526
9790080087336
9790080141663
9790901311251
9790919203982
9790944203360
9790961868818
9790968507253
9791020301291
9791020301437
9791020302748
9791020302861
9791020303332
9791020303479
9791020303752
9791020305060
9791020305176
9791020305725
9791020306890
9791020306937
9791020307996
9791020308047
9791020308436
9791020308986
9791020309075
9791020310224
9791020310545
9791020311139
9791020313102
9791020313201
9791020313423
9791020313454
9791020313591
9791020313676
9791020313720
9791020313782
9791020314185
9791020314239
9791020314642
9791020314673
9791020315298
9791020317773
9791020317865
9791020318053
9791020318084
9791020318596
9791020319067
9791020319104
9791020319272
9791020319432
9791020320803
9791020320834
9791020321015
9791020321046
9791020321251
9791020325051
9791020325129
9791020325730
9791020326645
9791020326751
9791020326775
9791020326843
9791020326966
9791020327406
9791020327536
9791020327604
9791020327932
9791020327963
9791020328335
9791020328595
9791020329844
9791020329882
9791020330628
9791020332936
9791020333087
9791020334626
9791020334831
9791020334879
9791020335234
9791020336248
9791020336774
9791020338235
9791020338686
9791020338761
9791020339355
9791020340511
9791020341044
9791020341051
9791020341204
9791020341426
9791020342263
9791020342454
9791020343338
9791020343390
9791020343673
9791020343833
9791020345110
9791020345363
9791020345530
9791020400130
9791020400215
9791020400222
9791020400734
9791020401052
9791020401076
9791020401519
9791020401526
9791020401724
9791020401748
9791020401779
9791020401786
9791020402059
9791020402103
9791020402271
9791020402547
9791020402684
9791020402691
9791020402820
9791020403070
9791020403094
9791020403254
9791020403346
9791020403483
9791020403506
9791020403513
9791020403520
9791020403728
9791020404190
9791020404350
9791020404398
9791020404404
9791020404558
9791020404695
9791020404763
9791020404992
9791020405227
9791020405289
9791020405449
9791020405524
9791020405623
9791020405678
9791020405739
9791020405760
9791020405937
9791020406149
9791020406187
9791020406286
9791020406613
9791020406767
9791020406835
9791020406897
9791020406910
9791020406941
9791020407009
9791020407054
9791020407221
9791020407269
9791020407306
9791020407344
9791020407351
9791020407399
9791020407429
9791020407450
9791020407597
9791020407658
9791020407665
9791020407696
9791020407726
9791020407757
9791020407795
9791020407863
9791020407962
9791020407979
9791020900630
9791020901637
9791020902887
9791020903822
9791020905765
9791020905888
9791020906281
9791020907462
9791020907912
9791020908353
9791020908605
9791020908643
9791020908681
9791020909435
9791020909923
9791020910301
9791020910479
9791020911018
9791020911179
9791021000858
9791021002814
9791021003897
9791021005204
9791021005228
9791021005402
9791021005808
9791021007314
9791021007611
9791021008809
9791021010499
9791021014480
9791021016538
9791021018785
9791021018952
9791021019775
9791021019805
9791021019829
9791021020474
9791021020658
9791021020849
9791021021167
9791021021570
9791021021952
9791021022478
9791021022560
9791021024601
9791021024762
9791021026087
9791021026421
9791021026759
9791021027534
9791021027695
9791021028685
9791021028845
9791021029576
9791021029781
9791021030299
9791021030381
9791021031128
9791021031234
9791021031579
9791021031647
9791021032507
9791021032873
9791021033030
9791021033443
9791021033450
9791021033597
9791021034037
9791021035119
9791021035126
9791021035140
9791021035164
9791021035393
9791021035676
9791021035829
9791021035904
9791021036185
9791021036253
9791021036260
9791021036277
9791021036857
9791021037380
9791021037755
9791021037984
9791021038035
9791021038066
9791021038226
9791021038707
9791021038950
9791021039032
9791021039124
9791021039209
9791021039582
9791021039612
9791021039667
9791021039735
9791021039766
9791021039773
9791021039810
9791021039957
9791021039995
9791021040069
9791021040168
9791021040403
9791021040700
9791021040762
9791021040892
9791021040908
9791021040939
9791021041219
9791021041233
9791021041523
9791021041561
9791021041837
9791021042353
9791021042391
9791021042537
9791021043084
9791021043466
9791021043602
9791021043817
9791021043947
9791021044128
9791021044456
9791021044708
9791021044753
9791021044760
9791021044869
9791021044906
9791021045569
9791021045576
9791021045637
9791021046047
9791021046078
9791021046085
9791021046177
9791021046238
9791021046283
9791021046719
9791021046917
9791021046924
9791021046986
9791021047044
9791021047051
9791021047273
9791021047372
9791021047723
9791021047761
9791021047785
9791021047884
9791021047952
9791021048041
9791021048089
9791021048355
9791021048416
9791021048805
9791021048874
9791021048898
9791021048911
9791021048973
9791021049024
9791021049291
9791021049833
9791021049840
9791021049864
9791021049901
9791021049956
9791021050006
9791021050341
9791021050358
9791021050747
9791021050785
9791021050952
9791021050969
9791021051010
9791021051027
9791021051072
9791021051423
9791021051744
9791021051836
9791021051904
9791021051942
9791021051997
9791021052000
9791021052635
9791021052734
9791021053151
9791021053724
9791021053816
9791021054639
9791021054769
9791021054905
9791021055278
9791021055285
9791021055407
9791021056336
9791021056886
9791021057524
9791021400405
9791021400542
9791021400948
9791021400979
9791021401143
9791021401426
9791021401525
9791021401587
9791021401723
9791021401730
9791021402386
9791021402393
9791021402638
9791021403079
9791021403109
9791021403284
9791021403406
9791021403475
9791021403666
9791021403680
9791021403765
9791021403864
9791021404038
9791021404328
9791021404595
9791021404601
9791021404724
9791021404779
9791021405240
9791021405424
9791021405752
9791021405790
9791021405813
9791021406865
9791021406957
9791021406971
9791021407374
9791021407480
9791021407558
9791021903883
9791022400633
9791022401098
9791022401258
9791022401692
9791022401708
9791022401876
9791022401920
9791022402408
9791022402927
9791022403023
9791022403436
9791022403467
9791022403733
9791022404228
9791022404679
9791022404860
9791022404884
9791022404945
9791022405072
9791022405270
9791022405294
9791022405362
9791022500043
9791022500319
9791022500333
9791022500357
9791022500500
9791022500517
9791022500555
9791022500906
9791022500913
9791022500951
9791022501019
9791022501040
9791022501057
9791022501453
9791022501484
9791022501514
9791022501521
9791022501538
9791022501590
9791022501620
9791022501637
9791022501668
9791022501767
9791022501774
9791022501804
9791022501989
9791022502146
9791022502252
9791022502436
9791022502559
9791022502689
9791022502795
9791022502870
9791022503037
9791022503044
9791022503105
9791022503273
9791022503396
9791022503440
9791022503648
9791022503662
9791022503686
9791022504065
9791022504164
9791022504973
9791022505918
9791022506038
9791022509695
9791022603430
9791022603485
9791022603522
9791022604864
9791022604901
9791022604918
9791022605366
9791022606684
9791022606745
9791022606967
9791022607889
9791022608060
9791022608138
9791022608176
9791022609111
9791022609142
9791022610438
9791022610735
9791022610742
9791022611435
9791022612340
9791022700269
9791022704205
9791022707077
9791022709507
9791022722995
9791022729932
9791022733076
9791022735018
9791022736800
9791022743853
9791022747325
9791022750288
9791022751032
9791022755641
9791022759540
9791022760959
9791022766722
9791022766906
9791022768900
9791022769112
9791022769495
9791022769754
9791022771467
9791022774673
9791022775151
9791022779104
9791022779814
9791022780056
9791022780629
9791022780674
9791022781138
9791022781732
9791022781992
9791022782579
9791022782883
9791022783484
9791022783828
9791022784887
9791022785334
9791022785990
9791022786157
9791022787345
9791022787437
9791022787482
9791022787710
9791022788366
9791022788991
9791022790277
9791022790383
9791022791373
9791022792196
9791022793391
9791022793551
9791022794367
9791022794596
9791022795388
9791022795821
9791022797993
9791022799768
9791023000115
9791023000474
9791023000627
9791023000924
9791023001167
9791023001280
9791023002010
9791023002089
9791023002157
9791023002188
9791023002409
9791023002553
9791023002683
9791023002935
9791023105117
9791023105131
9791023105162
9791023105186
9791023105247
9791023105278
9791023105384
9791023105414
9791023105421
9791023105728
9791023105827
9791023105834
9791023105896
9791023105919
9791023105964
9791023105971
9791023106152
9791023106299
9791023106305
9791023106350
9791023106404
9791023106411
9791023106459
9791023106480
9791023106558
9791023106602
9791023106657
9791023106664
9791023106671
9791023106688
9791023106695
9791023106855
9791023106961
9791023107173
9791023107234
9791023107296
9791023107326
9791023107357
9791023205459
9791023500752
9791023500776
9791023501162
9791023501421
9791023501490
9791023501513
9791023501568
9791023501575
9791023501902
9791023502213
9791023502237
9791023502473
9791023502497
9791023502992
9791023503524
9791023503715
9791023504217
9791023504323
9791023504460
9791023504484
9791023504811
9791023505290
9791023505320
9791023505405
9791023505641
9791023506372
9791023506624
9791023506648
9791023506662
9791023506747
9791023506761
9791023507010
9791023507119
9791023507348
9791023507621
9791023508086
9791023508130
9791023508147
9791023508376
9791023508703
9791023509069
9791023509267
9791023509281
9791023509298
9791023509403
9791023509533
9791023509595
9791023509618
9791023510140
9791023510164
9791023510218
9791023510249
9791023510300
9791023510553
9791023510737
9791023511024
9791023511031
9791023511048
9791023511451
9791023511482
9791023511574
9791023511635
9791023511727
9791023512168
9791023512304
9791023512311
9791023512380
9791023512472
9791023512502
9791023512557
9791023512625
9791023512823
9791023512854
9791023512960
9791023512977
9791023512991
9791023513103
9791023513394
9791023513455
9791023513578
9791023513912
9791023513974
9791023514094
9791023514117
9791023514223
9791023514469
9791023514476
9791023515022
9791023515237
9791023515411
9791023515572
9791023515619
9791023515626
9791023515770
9791023515916
9791023516142
9791023516319
9791023516531
9791023516647
9791023516661
9791023516821
9791023516838
9791023517194
9791023517279
9791023517552
9791023518481
9791023601138
9791023601763
9791023601961
9791023602043
9791023602951
9791023603040
9791023603385
9791023603415
9791023604474
9791023606218
9791023606300
9791023606690
9791023606904
9791023607239
9791023608014
9791023608861
9791023609387
9791023609516
9791023609721
9791023609974
9791023610178
9791023610413
9791023611151
9791023611465
9791023611861
9791023612110
9791023612721
9791023614220
9791023614404
9791023614701
9791023615180
9791023615715
9791023616224
9791023618143
9791023618747
9791023619478
9791023621426
9791023900484
9791023901092
9791023901252
9791023903003
9791023903119
9791023903171
9791023903287
9791023903348
9791023903515
9791023904147
9791023904208
9791023904260
9791023904345
9791023904802
9791023907940
9791024001579
9791024003481
9791024003528
9791024003603
9791024003641
9791024004365
9791024004440
9791024005270
9791024005317
9791024005430
9791024005515
9791024005874
9791024006635
9791024006710
9791024006833
9791024007878
9791024013824
9791024014388
9791024014661
9791024015095
9791024015132
9791024015675
9791024016054
9791024016115
9791024017211
9791024017396
9791024200040
9791024202136
9791024202297
9791024202327
9791024202600
9791024202679
9791024202686
9791024202709
9791024202723
9791024202754
9791024202761
9791024202808
9791024202815
9791024202822
9791024205007
9791024205021
9791024205038
9791024205106
9791024205137
9791024205144
9791024205182
9791024205212
9791024205243
9791024205250
9791024205328
9791024205342
9791024205359
9791024205410
9791024205427
9791024205434
9791024205465
9791024205526
9791024205540
9791024205557
9791024205649
9791024205670
9791024205694
9791024205717
9791024205731
9791024205748
9791024205779
9791024205885
9791024205892
9791024205908
9791024205946
9791024205953
9791024206011
9791024206028
9791024206042
9791024206066
9791024206073
9791024206110
9791024206127
9791024206196
9791024206202
9791024206226
9791024206233
9791024206257
9791024206264
9791024206271
9791024206325
9791024206387
9791024206394
9791024206462
9791024206486
9791024206509
9791024206554
9791024206561
9791024206615
9791024206653
9791024206769
9791024206790
9791024206806
9791024206837
9791024217482
9791024500386
9791024501239
9791024501390
9791024501437
9791024502403
9791025102473
9791025102961
9791025103807
9791025104040
9791025104620
9791025104798
9791025200025
9791025200155
9791025200261
9791025200285
9791025200339
9791025200414
9791025200421
9791025200506
9791025202098
9791025203392
9791025203699
9791025204016
9791025204030
9791025204078
9791025204405
9791025204481
9791025204603
9791025204702
9791025204726
9791025204788
9791025205198
9791025205334
9791025205358
9791025205419
9791025205730
9791025205822
9791025300220
9791025300541
9791025300572
9791025300671
9791025500255
9791025500439
9791025500880
9791025500965
9791025502365
9791025502662
9791026100140
9791026100188
9791026100232
9791026100317
9791026100669
9791026101024
9791026220145
9791026238591
9791026238645
9791026239277
9791026240013
9791026241522
9791026241577
9791026243038
9791026243052
9791026243137
9791026244059
9791026244370
9791026244578
9791026245957
9791026246572
9791026248620
9791026249139
9791026249962
9791026250425
9791026255857
9791026256809
9791026259480
9791026263753
9791026266020
9791026266471
9791026266662
9791026271246
9791026271918
9791026274070
9791026274902
9791026274933
9791026276210
9791026276883
9791026277156
9791026278726
9791026279297
9791026279969
9791026280293
9791026282617
9791026283249
9791026283591
9791026283829
9791026284444
9791026284611
9791026284758
9791026284802
9791026284901
9791026286011
9791026288565
9791026291701
9791026293071
9791026400110
9791026400202
9791026400530
9791026400585
9791026400981
9791026400998
9791026401346
9791026401674
9791026401803
9791026401889
9791026401902
9791026401933
9791026401971
9791026402039
9791026402077
9791026402176
9791026402305
9791026402329
9791026402336
9791026402404
9791026402527
9791026402589
9791026402664
9791026402701
9791026402749
9791026402756
9791026402787
9791026402886
9791026403005
9791026403043
9791026403067
9791026403081
9791026403098
9791026403135
9791026403456
9791026403524
9791026403722
9791026403791
9791026403807
9791026403821
9791026403890
9791026403906
9791026404026
9791026700043
9791026700593
9791026701149
9791026706038
9791026706700
9791026707448
9791026707509
9791026707653
9791026707707
9791026707752
9791026707950
9791026708278
9791026708575
9791026708674
9791026708681
9791026709336
9791026709480
9791026709930
9791026710004
9791026710400
9791026710752
9791026711056
9791026711285
9791026711483
9791026810650
9791026810827
9791026811169
9791026811770
9791026811961
9791026813248
9791026813569
9791026813613
9791026813651
9791026814016
9791026814023
9791026814078
9791026814269
9791026814276
9791026814337
9791026814450
9791026814634
9791026815099
9791026815228
9791026815556
9791026815570
9791026816485
9791026816546
9791026816751
9791026816904
9791026817178
9791026818458
9791026818649
9791026818823
9791026818991
9791026819332
9791026819691
9791026820130
9791026820260
9791026820321
9791026820376
9791026820413
9791026820529
9791026820932
9791026821120
9791026821250
9791026821304
9791026821366
9791026821731
9791026821953
9791026822301
9791026822424
9791026822431
9791026822691
9791026822745
9791026823100
9791026824749
9791026825180
9791026825395
9791026827351
9791026827474
9791026900597
9791026902454
9791026903000
9791026904120
9791027100491
9791027100927
9791027101139
9791027101375
9791027101863
9791027101894
9791027102211
9791027102259
9791027103102
9791027103294
9791027103362
9791027103409
9791027103812
9791027103881
9791027103898
9791027103904
9791027104444
9791027104451
9791027104468
9791027104543
9791027104598
9791027104628
9791027104871
9791027105328
9791027105588
9791027105670
9791027106455
9791027106486
9791027106653
9791027106837
9791027106967
9791027107148
9791027109319
9791027109326
9791027500994
9791027501243
9791027501298
9791027501441
9791027501564
9791027503148
9791027503261
9791027503353
9791027503643
9791027504664
9791027600601
9791027600649
9791027600687
9791027600748
9791027601615
9791027601776
9791027601868
9791027602124
9791027602308
9791027602599
9791027602650
9791027602810
9791027603954
9791027604173
9791027604289
9791027604470
9791027604579
9791027605996
9791027606337
9791027606443
9791027606900
9791027607068
9791027607938
9791027608171
9791027608188
9791027609079
9791027609666
9791027609727
9791027610136
9791027610792
9791027610808
9791027800001
9791027800162
9791027800179
9791027800247
9791027800254
9791027800339
9791027800346
9791027800391
9791027800544
9791027800599
9791027800612
9791027800636
9791027800728
9791027800780
9791027800841
9791027800896
9791027800940
9791027800964
9791027800988
9791027801176
9791027801206
9791027801299
9791027801305
9791027801398
9791027801404
9791027801503
9791027801510
9791027801534
9791027801541
9791027801565
9791027801572
9791027801688
9791027801718
9791027801725
9791027801732
9791027801787
9791027801800
9791027801879
9791027801886
9791027801923
9791027801947
9791027801992
9791027802036
9791027802098
9791027802128
9791027802227
9791027802234
9791027802302
9791027802357
9791027802418
9791027802463
9791027802647
9791027802661
9791027802708
9791027802838
9791027802890
9791027802951
9791027803002
9791027803026
9791027803125
9791027803149
9791027803156
9791027803170
9791027803187
9791027803194
9791027803217
9791027803262
9791027803323
9791027803378
9791027803460
9791027803484
9791027803569
9791027904068
9791027904075
9791027904112
9791027904259
9791027904297
9791027904327
9791027904440
9791027904457
9791027904532
9791028000028
9791028000035
9791028000059
9791028000073
9791028000097
9791028000103
9791028000110
9791028100735
9791028100810
9791028101138
9791028101152
9791028101411
9791028101459
9791028101480
9791028101497
9791028101619
9791028102180
9791028102555
9791028103613
9791028103637
9791028103903
9791028104566
9791028105006
9791028105259
9791028105617
9791028106157
9791028106195
9791028106812
9791028106829
9791028107086
9791028107468
9791028108250
9791028108601
9791028108632
9791028109752
9791028109806
9791028110116
9791028110239
9791028110291
9791028110512
9791028111991
9791028112035
9791028112110
9791028112325
9791028112721
9791028112752
9791028112943
9791028113247
9791028113254
9791028113568
9791028114053
9791028114145
9791028114985
9791028115272
9791028115616
9791028115746
9791028116385
9791028117191
9791028117283
9791028117290
9791028117481
9791028117634
9791028117986
9791028118471
9791028118822
9791028119270
9791028119638
9791028120597
9791028120665
9791028120795
9791028120825
9791028121266
9791028121426
9791028121518
9791028121532
9791028121938
9791028300098
9791028300524
9791028301811
9791028302450
9791028302887
9791028304522
9791028305154
9791028305161
9791028400781
9791028401368
9791028401856
9791028402143
9791028402211
9791028402297
9791028402792
9791028403331
9791028403447
9791028403621
9791028403645
9791028404147
9791028404222
9791028404413
9791028404727
9791028405380
9791028405953
9791028406110
9791028406318
9791028406554
9791028406561
9791028406592
9791028406769
9791028406776
9791028406912
9791028407131
9791028407148
9791028407155
9791028407605
9791028407612
9791028407704
9791028407728
9791028408435
9791028408534
9791028408824
9791028408886
9791028408923
9791028409166
9791028409203
9791028409449
9791028409593
9791028409623
9791028409678
9791028409692
9791028409883
9791028410001
9791028410193
9791028410773
9791028411749
9791028411787
9791028411824
9791028411923
9791028412449
9791028412678
9791028413057
9791028413590
9791028413620
9791028413699
9791028413736
9791028413743
9791028413903
9791028414115
9791028414177
9791028414337
9791028414368
9791028414399
9791028414870
9791028415525
9791028415631
9791028415693
9791028418113
9791028423995
9791028500009
9791028500085
9791028501020
9791028501228
9791028501587
9791028501693
9791028501983
9791028502096
9791028502164
9791028502263
9791028502355
9791028502652
9791028502713
9791028502782
9791028502799
9791028502904
9791028502973
9791028503123
9791028503178
9791028503284
9791028503703
9791028503710
9791028503772
9791028504106
9791028504120
9791028504304
9791028504502
9791028509927
9791028510466
9791028510558
9791028510695
9791028510718
9791028511838
9791028512026
9791028512514
9791028513047
9791028513122
9791028513238
9791028513795
9791028516154
9791028516253
9791028516369
9791028516390
9791028516512
9791028516550
9791028516772
9791028516987
9791028517038
9791028517182
9791028517823
9791028518127
9791028518240
9791028518424
9791028518660
9791028519315
9791028519322
9791028519377
9791028519391
9791028519476
9791028519629
9791028519674
9791028519681
9791028519704
9791028519766
9791028519797
9791028520182
9791028520236
9791028520342
9791028520380
9791028520427
9791028520724
9791028520847
9791028520915
9791028520939
9791028522186
9791028522247
9791028522254
9791028522322
9791028522391
9791028522759
9791028522964
9791028522971
9791028523039
9791028523350
9791028523374
9791028523404
9791028524159
9791028524319
9791028524340
9791028524401
9791028524418
9791028524555
9791028524562
9791028524746
9791028524838
9791028524890
9791028524951
9791028525637
9791028526108
9791028526184
9791028526931
9791028526979
9791028531911
9791029001413
9791029002137
9791029005510
9791029006418
9791029006821
9791029007019
9791029008016
9791029501395
9791029501821
9791029501890
9791029503603
9791029503672
9791029503788
9791029504006
9791029504099
9791029504457
9791029504464
9791029504860
9791029505058
9791029505218
9791029505393
9791029505515
9791029505522
9791029506000
9791029507267
9791029507311
9791029507625
9791029508172
9791029508332
9791029508363
9791029508400
9791029508882
9791029508981
9791029509285
9791029509506
9791029509865
9791029509919
9791029509971
9791029608001
9791029609169
9791029611599
9791029704857
9791029706011
9791029800030
9791029800047
9791029800108
9791029800153
9791029800160
9791029800191
9791029800214
9791029800238
9791029800306
9791029800320
9791029800641
9791029800689
9791029800801
9791029801075
9791029801082
9791029801198
9791029801600
9791029801624
9791029801679
9791029801723
9791029801969
9791029801990
9791029802003
9791029802010
9791029802133
9791029802188
9791029802331
9791029802355
9791029802423
9791029802492
9791029802782
9791029802874
9791029802911
9791029803741
9791029804014
9791029804106
9791029804175
9791029804298
9791029804571
9791029804960
9791029805097
9791029805226
9791030000436
9791030000627
9791030000689
9791030000719
9791030000818
9791030000832
9791030001013
9791030001037
9791030001204
9791030001280
9791030001693
9791030002539
9791030003024
9791030003048
9791030003079
9791030003093
9791030003444
9791030003666
9791030004717
9791030004823
9791030004878
9791030004892
9791030004939
9791030006995
9791030009637
9791030101119
9791030101225
9791030102093
9791030102444
9791030102499
9791030102635
9791030102796
9791030102819
9791030102994
9791030103137
9791030103977
9791030104332
9791030200171
9791030200270
9791030200492
9791030202465
9791030202540
9791030300017
9791030300024
9791030300161
9791030300246
9791030300321
9791030300338
9791030300345
9791030300659
9791030300901
9791030301083
9791030301090
9791030301137
9791030301502
9791030301601
9791030301632
9791030301663
9791030301694
9791030301847
9791030301854
9791030301939
9791030301946
9791030301960
9791030302004
9791030302073
9791030302325
9791030302387
9791030302448
9791030302578
9791030302837
9791030303100
9791030400274
9791030400304
9791030400380
9791030400489
9791030401172
9791030401295
9791030404197
9791030404326
9791030404593
9791030404623
9791030405248
9791030405279
9791030405330
9791030406955
9791030407099
9791030407921
9791030408072
9791030408515
9791030408560
9791030408966
9791030409338
9791030409444
9791030409598
9791030409796
9791030410532
9791030410761
9791030410907
9791030411003
9791030411805
9791030411904
9791030411997
9791030412888
9791030413113
9791030413359
9791030413670
9791030414141
9791030414806
9791030414981
9791030415698
9791030415865
9791030416718
9791030416831
9791030417036
9791030422320
9791030422535
9791030429534
9791030600049
9791030601558
9791030603064
9791030603187
9791030603392
9791030603477
9791030603538
9791030700329
9791030700435
9791030700459
9791030700558
9791030700565
9791030700756
9791030701128
9791030701289
9791030701388
9791030701654
9791030701890
9791030702019
9791030702088
9791030702170
9791030702538
9791030703146
9791030703474
9791030703535
9791030703955
9791030704099
9791030704204
9791030704228
9791030704242
9791030704440
9791030704594
9791030704693
9791030705065
9791030705140
9791030705317
9791030705362
9791030705959
9791030800067
9791030800098
9791030800647
9791030900200
9791030900415
9791030900422
9791030901160
9791030901207
9791030901238
9791030901863
9791031001425
9791031002217
9791031002903
9791031003375
9791031004167
9791031004907
9791031005805
9791031005812
9791031006338
9791031006789
9791031007212
9791031010069
9791031010168
9791031011721
9791031200385
9791031200521
9791031200705
9791031200972
9791031201290
9791031201450
9791031201474
9791031201931
9791031202280
9791031202495
9791031202709
9791031202761
9791031203102
9791031203225
9791031203652
9791031204178
9791031204260
9791031204406
9791031204734
9791031205281
9791031205304
9791031205458
9791031205489
9791031700694
9791031801988
9791031802749
9791031802879
9791031803425
9791031803432
9791031803500
9791031803777
9791031803784
9791031803883
9791031803982
9791031804125
9791031804156
9791031804248
9791031804361
9791031804712
9791031804767
9791031804804
9791031804934
9791031805054
9791031805184
9791031805214
9791031805290
9791031805313
9791031805443
9791031805580
9791031805597
9791031805634
9791031805825
9791031902371
9791031902395
9791031902449
9791031902982
9791031903064
9791031903989
9791032000007
9791032000076
9791032000090
9791032000113
9791032000120
9791032000137
9791032000274
9791032000281
9791032000304
9791032000366
9791032000397
9791032000427
9791032000595
9791032000786
9791032000854
9791032000861
9791032000953
9791032000991
9791032001042
9791032001134
9791032001172
9791032001196
9791032001219
9791032001264
9791032001424
9791032001493
9791032001578
9791032001592
9791032001622
9791032001677
9791032001684
9791032001745
9791032001783
9791032001837
9791032001844
9791032001882
9791032001905
9791032001912
9791032001967
9791032001974
9791032002179
9791032002278
9791032002377
9791032002384
9791032002414
9791032002490
9791032002506
9791032002520
9791032002575
9791032002612
9791032002629
9791032002636
9791032002643
9791032002674
9791032002803
9791032002810
9791032002858
9791032002865
9791032002889
9791032002902
9791032002940
9791032002957
9791032002964
9791032003084
9791032003350
9791032003374
9791032003404
9791032003411
9791032003534
9791032003541
9791032003572
9791032003671
9791032003688
9791032003862
9791032003893
9791032004029
9791032004036
9791032004050
9791032004074
9791032004289
9791032004296
9791032004302
9791032102046
9791032102213
9791032102442
9791032102473
9791032300770
9791032301456
9791032301845
9791032302019
9791032303320
9791032303511
9791032303542
9791032303801
9791032303849
9791032303863
9791032304525
9791032304716
9791032304976
9791032305805
9791032306147
9791032306185
9791032306291
9791032306307
9791032306369
9791032307373
9791032308004
9791032308080
9791032308134
9791032400098
9791032400517
9791032400661
9791032401040
9791032401118
9791032401712
9791032402351
9791032402405
9791032402825
9791032402894
9791032403358
9791032403457
9791032403723
9791032404188
9791032404270
9791032404379
9791032405604
9791032405642
9791032406229
9791032604663
9791032610626
9791032612767
9791032614976
9791032632352
9791032634097
9791032635643
9791032638354
9791032638514
9791032639818
9791032640128
9791032640333
9791032640340
9791032700143
9791032700426
9791032700556
9791032700709
9791032700822
9791032700990
9791032701041
9791032701386
9791032701393
9791032701799
9791032702390
9791032702437
9791032702635
9791032702703
9791032702772
9791032703151
9791032703328
9791032703434
9791032703878
9791032703991
9791032704004
9791032704011
9791032704394
9791032704455
9791032704967
9791032704974
9791032704981
9791032705117
9791032705193
9791032705650
9791032705940
9791032706138
9791032706220
9791032706398
9791032706503
9791032706626
9791032706657
9791032706695
9791032706862
9791032706886
9791032707098
9791032707500
9791032707913
9791032707944
9791032707975
9791032708095
9791032708163
9791032708231
9791032708279
9791032710210
9791032710265
9791032710340
9791032710364
9791032710418
9791032710531
9791032710852
9791032710876
9791032710883
9791032710999
9791032711002
9791032711095
9791032711125
9791032711163
9791032711248
9791032711286
9791032711293
9791032711347
9791032711408
9791032711477
9791032711491
9791032711569
9791032711637
9791032711651
9791032711699
9791032711781
9791032711811
9791032711859
9791032711873
9791032711897
9791032711927
9791032712078
9791032712139
9791032712498
9791032712849
9791032713037
9791032713112
9791032900505
9791032901052
9791032901410
9791032902288
9791032902585
9791032904596
9791032904831
9791032906224
9791032906651
9791032907207
9791032907450
9791032908518
9791032909393
9791032913420
9791032913741
9791032915066
9791032916957
9791032917114
9791032920213
9791032922798
9791033006718
9791033101772
9791033101918
9791033105275
9791033105404
9791033156475
9791033161066
9791033163763
9791033163947
9791033164128
9791033164180
9791033164302
9791033165385
9791033168577
9791033169895
9791033172932
9791033173410
9791033174615
9791033174851
9791033174974
9791033175094
9791033175513
9791033175636
9791033176596
9791033177913
9791033178095
9791033186434
9791033188414
9791033188773
9791033191056
9791033193395
9791033196990
9791033198079
9791033198437
9791033198550
9791033199755
9791033401025
9791033401261
9791033401612
9791033401803
9791033401858
9791033500001
9791033500087
9791033500957
9791033504337
9791033504344
9791033504528
9791033504566
9791033504610
9791033504764
9791033504818
9791033504849
9791033505334
9791033505396
9791033505433
9791033505495
9791033505501
9791033509288
9791033509325
9791033509530
9791033509639
9791033509899
9791033509936
9791033510284
9791033511786
9791033511878
9791033511922
9791033511939
9791033511946
9791033511953
9791033512028
9791033512431
9791033512493
9791033512530
9791033512615
9791033512776
9791033513308
9791033513469
9791033513506
9791033513575
9791033600398
9791033600428
9791033600855
9791033600886
9791033600930
9791033603498
9791033603535
9791033603573
9791033603603
9791033603634
9791033605317
9791033605379
9791033605423
9791033605751
9791033605782
9791033605799
9791033606000
9791033606581
9791033606604
9791033606918
9791033606932
9791033606987
9791033606994
9791033607526
9791033607625
9791033607670
9791033607953
9791033607960
9791033608202
9791033608226
9791033608233
9791033608240
9791033608318
9791033608585
9791033608905
9791033608943
9791033609124
9791033609131
9791033609216
9791033609230
9791033609315
9791033609322
9791033609377
9791033609476
9791033609513
9791033609520
9791033609551
9791033609612
9791033609643
9791033609650
9791033609674
9791033610175
9791033610311
9791033610380
9791033610434
9791033610823
9791033610885
9791033610991
9791033611127
9791033611240
9791033611271
9791033611288
9791033611301
9791033611578
9791033612001
9791033612070
9791033612087
9791033612193
9791033612377
9791033612544
9791033612551
9791033612568
9791033612575
9791033612674
9791033613183
9791033613251
9791033613619
9791033900955
9791033900993
9791033901006
9791033902225
9791033905486
9791033906018
9791033906223
9791033906735
9791033907695
9791033907886
9791033909132
9791033909330
9791033909866
9791033912620
9791033912712
9791033912743
9791033912767
9791033912811
9791033913023
9791034000142
9791034400249
9791034400430
9791034400744
9791034400836
9791034400850
9791034401079
9791034401086
9791034401130
9791034401154
9791034401178
9791034401192
9791034401284
9791034401376
9791034401383
9791034604371
9791034604951
9791034605453
9791034605767
9791034606139
9791034730018
9791034730186
9791034730216
9791034730582
9791034730957
9791034731008
9791034731367
9791034731381
9791034731640
9791034731657
9791034731725
9791034731732
9791034731886
9791034732128
9791034732197
9791034732661
9791034733521
9791034733545
9791034736294
9791034736317
9791034736850
9791034736874
9791034737000
9791034737048
9791034737055
9791034737642
9791034737697
9791034737970
9791034738045
9791034738083
9791034738144
9791034738151
9791034738281
9791034738298
9791034738311
9791034738991
9791034739011
9791034739035
9791034741731
9791034746538
9791034746644
9791034746699
9791034747238
9791034747306
9791034747351
9791034747726
9791034747818
9791034747894
9791034748112
9791034749126
9791034750313
9791034750351
9791034750467
9791034751266
9791034752546
9791034752560
9791034752652
9791034753031
9791034753048
9791034753055
9791034753079
9791034753321
9791034753352
9791034753994
9791034754045
9791034754281
9791034754359
9791034754380
9791034754427
9791034754441
9791034757015
9791034757022
9791034757305
9791034757381
9791034757428
9791034759316
9791034759514
9791034759644
9791034761012
9791034761166
9791034762293
9791034762378
9791034762644
9791034762682
9791034762859
9791034763054
9791034763061
9791034764587
9791034765775
9791034765799
9791034765959
9791034766307
9791034766550
9791034767144
9791034767540
9791034802296
9791034811793
9791034813032
9791034813131
9791034813148
9791034901180
9791034902828
9791034903597
9791034905058
9791034906895
9791034907106
9791035100186
9791035100209
9791035100216
9791035100292
9791035100407
9791035100445
9791035100476
9791035100483
9791035100568
9791035100629
9791035100636
9791035100650
9791035100667
9791035100902
9791035100933
9791035100971
9791035103026
9791035103040
9791035103095
9791035103170
9791035103309
9791035103415
9791035105181
9791035105259
9791035105273
9791035105297
9791035105358
9791035105372
9791035105518
9791035105549
9791035105686
9791035106058
9791035106089
9791035106096
9791035106119
9791035106126
9791035106188
9791035106225
9791035106232
9791035106348
9791035106386
9791035106409
9791035106454
9791035106485
9791035106508
9791035106515
9791035106577
9791035106676
9791035106768
9791035107925
9791035107970
9791035107987
9791035108106
9791035108151
9791035108212
9791035108229
9791035108236
9791035200046
9791035200794
9791035200985
9791035201593
9791035201692
9791035202019
9791035202064
9791035202699
9791035203542
9791035203580
9791035203702
9791035203719
9791035203733
9791035203993
9791035204334
9791035204488
9791035204723
9791035204891
9791035205096
9791035205867
9791035206055
9791035206062
9791035300173
9791035300272
9791035300333
9791035300562
9791035300586
9791035300623
9791035300678
9791035301255
9791035301286
9791035301347
9791035301354
9791035301484
9791035301903
9791035301965
9791035301996
9791035302023
9791035302078
9791035302139
9791035302351
9791035302436
9791035302559
9791035302610
9791035302689
9791035302955
9791035303273
9791035303303
9791035303327
9791035303341
9791035303495
9791035303846
9791035304065
9791035304362
9791035304744
9791035304782
9791035304898
9791035305192
9791035305338
9791035305468
9791035305765
9791035306014
9791035306021
9791035306090
9791035306144
9791035306175
9791035306304
9791035306366
9791035306458
9791035307707
9791035308988
9791035308995
9791035309008
9791035309015
9791035309190
9791035309312
9791035309398
9791035309428
9791035309435
9791035309510
9791035309701
9791035309756
9791035309763
9791035309879
9791035309947
9791035309961
9791035310011
9791035310097
9791035310257
9791035310325
9791035310738
9791035310943
9791035311186
9791035311261
9791035311292
9791035311414
9791035311469
9791035311476
9791035311605
9791035311650
9791035311698
9791035314668
9791035315177
9791035315238
9791035315412
9791035315429
9791035315528
9791035315610
9791035315627
9791035315634
9791035315689
9791035315740
9791035315900
9791035316006
9791035316037
9791035316259
9791035316570
9791035317034
9791035317713
9791035318086
9791035318123
9791035318185
9791035318253
9791035318628
9791035318666
9791035318963
9791035414245
9791035500115
9791035500917
9791035501273
9791035501440
9791035501488
9791035501754
9791035501815
9791035501921
9791035501983
9791035502041
9791035502256
9791035502515
9791035502584
9791035503079
9791035503109
9791035503178
9791035800055
9791035802318
9791035803964
9791035804152
9791035804510
9791035804527
9791035804619
9791035805173
9791035805180
9791035808020
9791035808532
9791035808662
9791035809485
9791035809539
9791035809980
9791035809997
9791035810016
9791035810313
9791035810368
9791035810443
9791035810757
9791035810801
9791035814878
9791035816384
9791035816582
9791035816810
9791035817572
9791035817657
9791035817695
9791035817916
9791035818074
9791035818166
9791035819194
9791035820510
9791035820862
9791035821005
9791035821647
9791035821968
9791035822101
9791035822552
9791035822743
9791035822828
9791035823641
9791035823702
9791035823764
9791035823900
9791035823917
9791035825041
9791035825522
9791035829773
9791035900564
9791035900847
9791035900984
9791035901745
9791035903039
9791035903596
9791035905309
9791035905439
9791035905484
9791035905491
9791035905569
9791035905637
9791035906061
9791035906207
9791035906764
9791035907839
9791035907846
9791035907952
9791035908546
9791035908560
9791035909000
9791035909338
9791035909369
9791035910099
9791035910204
9791035910594
9791035910723
9791035910730
9791035911539
9791035911737
9791035911744
9791035912062
9791035912277
9791035912581
9791035912697
9791035912840
9791035913106
9791035913458
9791035913557
9791035914042
9791035914530
9791035914554
9791035914646
9791035914707
9791035915100
9791035917692
9791035917715
9791035917807
9791035917937
9791035918194
9791035918385
9791035919641
9791035920166
9791035921873
9791035922061
9791035922269
9791035922351
9791035922474
9791035922955
9791035923259
9791035923846
9791035923884
9791035924928
9791035926366
9791035926496
9791035926540
9791035926618
9791035927851
9791035928278
9791035928865
9791035928926
9791035929602
9791035929824
9791035930264
9791035932572
9791035932732
9791035933289
9791035933296
9791035933517
9791035934071
9791035935245
9791035935320
9791035936563
9791035936631
9791035937508
9791035937980
9791035938390
9791035938666
9791035938710
9791035938802
9791035939007
9791035939021
9791035939311
9791035939663
9791035941215
9791035941932
9791035942212
9791035944131
9791035944391
9791035945589
9791035946883
9791035947521
9791035948207
9791035948955
9791035949136
9791035949655
9791035949839
9791035951788
9791035967819
9791035973568
9791036000027
9791036000065
9791036000133
9791036000188
9791036000201
9791036000225
9791036000324
9791036000362
9791036000447
9791036000492
9791036000652
9791036000669
9791036000737
9791036000751
9791036000829
9791036000867
9791036000904
9791036000942
9791036000973
9791036000980
9791036001086
9791036001123
9791036001208
9791036202254
9791036202292
9791036202438
9791036202551
9791036202582
9791036202612
9791036202971
9791036203107
9791036203251
9791036203404
9791036203992
9791036204104
9791036204876
9791036204890
9791036205002
9791036205071
9791036205194
9791036205552
9791036205644
9791036205668
9791036303470
9791036303500
9791036303562
9791036303630
9791036303944
9791036304217
9791036304743
9791036305221
9791036305276
9791036305375
9791036305627
9791036306037
9791036308758
9791036309175
9791036309427
9791036309618
9791036309625
9791036310621
9791036310638
9791036310645
9791036310904
9791036310973
9791036311130
9791036311574
9791036311604
9791036312021
9791036312199
9791036312397
9791036312540
9791036312694
9791036312748
9791036312755
9791036313394
9791036313486
9791036313509
9791036313875
9791036314759
9791036314988
9791036315510
9791036315527
9791036315541
9791036315589
9791036315640
9791036315800
9791036316036
9791036316098
9791036316425
9791036316449
9791036316470
9791036316487
9791036316869
9791036316951
9791036317309
9791036317347
9791036317385
9791036317415
9791036317811
9791036318405
9791036318986
9791036319020
9791036319099
9791036319372
9791036319426
9791036319471
9791036319495
9791036319532
9791036319556
9791036319808
9791036319822
9791036320125
9791036320170
9791036320248
9791036320422
9791036323799
9791036323928
9791036324192
9791036324208
9791036324383
9791036324642
9791036325427
9791036325434
9791036325458
9791036325519
9791036325878
9791036326790
9791036326813
9791036326905
9791036326998
9791036327063
9791036327117
9791036327377
9791036328947
9791036329036
9791036329074
9791036329098
9791036330094
9791036330759
9791036331602
9791036332111
9791036332708
9791036332814
9791036332821
9791036332890
9791036332951
9791036332975
9791036333156
9791036333170
9791036335808
9791036335822
9791036335938
9791036336126
9791036336201
9791036337635
9791036337642
9791036337680
9791036338014
9791036338137
9791036338144
9791036338496
9791036338687
9791036338717
9791036338762
9791036339981
9791036339998
9791036340543
9791036341267
9791036341328
9791036341342
9791036341519
9791036342097
9791036342134
9791036342400
9791036342509
9791036343131
9791036343315
9791036343643
9791036344138
9791036344251
9791036345241
9791036345272
9791036345449
9791036345548
9791036346088
9791036346118
9791036348136
9791036349706
9791036349744
9791036349850
9791036349874
9791036349973
9791037000705
9791037000736
9791037001054
9791037001580
9791037001740
9791037001856
9791037001924
9791037001948
9791037001955
9791037002112
9791037002280
9791037003027
9791037003096
9791037003157
9791037003164
9791037003201
9791037003515
9791037003560
9791037003720
9791037003829
9791037003843
9791037004154
9791037004642
9791037004949
9791037004963
9791037005144
9791037005151
9791037005311
9791037005328
9791037005403
9791037005465
9791037005601
9791037005618
9791037005625
9791037005694
9791037006172
9791037006202
9791037006547
9791037006745
9791037006974
9791037007100
9791037007162
9791037008268
9791037008282
9791037008664
9791037008985
9791037008992
9791037009029
9791037009036
9791037009067
9791037009142
9791037009289
9791037009302
9791037009340
9791037009500
9791037009562
9791037010025
9791037010070
9791037010094
9791037011008
9791037011015
9791037011053
9791037013187
9791037013224
9791037013279
9791037013293
9791037013309
9791037013316
9791037013330
9791037013439
9791037013446
9791037014436
9791037014467
9791037014474
9791037014542
9791037014573
9791037014603
9791037014658
9791037014955
9791037014979
9791037015327
9791037016638
9791037016652
9791037016867
9791037016959
9791037017079
9791037017093
9791037017116
9791037017246
9791037017307
9791037017468
9791037019387
9791037019462
9791037019820
9791037019868
9791037020024
9791037020260
9791037020864
9791037020925
9791037021007
9791037021021
9791037021045
9791037021069
9791037021113
9791037021212
9791037021236
9791037021335
9791037021502
9791037021533
9791037021625
9791037021748
9791037021861
9791037021939
9791037022172
9791037022196
9791037022219
9791037022271
9791037022325
9791037022516
9791037022530
9791037022677
9791037028976
9791037029034
9791037029355
9791037105059
9791037105141
9791037105387
9791037105448
9791037105653
9791037106056
9791037106100
9791037106506
9791037106605
9791037106650
9791037107749
9791037110084
9791037110817
9791037111616
9791037300003
9791037500618
9791037501127
9791037501172
9791037501776
9791037502100
9791037502179
9791037502506
9791037502575
9791037502612
9791037504531
9791037505224
9791037505347
9791037505781
9791037506269
9791037506306
9791037506856
9791037506863
9791037506870
9791037506900
9791037506924
9791037507044
9791037507099
9791037507136
9791037507327
9791037507686
9791037508478
9791037700537
9791037700636
9791037700797
9791037701534
9791037701749
9791037702234
9791037702371
9791037702609
9791037702708
9791037703286
9791037703323
9791037703514
9791037704238
9791037704498
9791037705174
9791037706072
9791037707314
9791037707772
9791037709479
9791037709974
9791037710154
9791037710741
9791037710888
9791037711571
9791037711854
9791037711915
9791037712073
9791037712196
9791037712431
9791037712950
9791037713377
9791037713551
9791037713612
9791037714039
9791037714497
9791037714732
9791037715142
9791037715166
9791037715425
9791037715883
9791037716040
9791037716101
9791037716125
9791037716798
9791037717177
9791037717504
9791037717887
9791037718204
9791037719522
9791037720054
9791037720320
9791037720962
9791037722027
9791037723048
9791037723680
9791037723765
9791037723789
9791037724342
9791037725295
9791037725639
9791037726230
9791037726339
9791037726506
9791037727756
9791037728951
9791037729118
9791037729217
9791037730589
9791037730787
9791037730862
9791037731241
9791037731401
9791037733221
9791037734051
9791037734334
9791037734570
9791037734877
9791037735416
9791037736550
9791037736611
9791037736888
9791037737205
9791037737427
9791037737908
9791037737960
9791037738226
9791037739025
9791037739100
9791037739483
9791037740441
9791037740700
9791037740946
9791037741240
9791037741363
9791037741424
9791037741684
9791037741783
9791037742261
9791037742940
9791037744029
9791037744081
9791037744487
9791037744821
9791037744883
9791037745255
9791037745477
9791037745590
9791037747426
9791037747990
9791037748010
9791038010819
9791038012295
9791038104488
9791038105881
9791038106123
9791038106468
9791038110304
9791038111677
9791038111868
9791038112209
9791038112247
9791038112292
9791038112315
9791038112421
9791038112438
9791038112452
9791038112520
9791038112650
9791038112681
9791038112841
9791038112858
9791038112865
9791038113787
9791038113794
9791038113961
9791038114371
9791038114449
9791038114654
9791038115224
9791038115491
9791038115620
9791038115651
9791038115668
9791038115675
9791038115965
9791038116214
9791038116283
9791038116290
9791038116344
9791038116368
9791038116436
9791038116443
9791038116733
9791038116764
9791038116788
9791038116931
9791038117143
9791038117242
9791038117259
9791038117273
9791038117327
9791038117723
9791038117808
9791038117815
9791038117822
9791038117945
9791038117969
9791038117976
9791038117983
9791038118003
9791038118034
9791038118041
9791038118119
9791038118157
9791038118188
9791038118553
9791038118607
9791038119024
9791038119086
9791038119093
9791038119147
9791038119154
9791038119178
9791038119253
9791038119291
9791038119369
9791038119390
9791038119406
9791038119437
9791038119444
9791038119567
9791038119628
9791038119635
9791038119666
9791038119673
9791038119680
9791038119765
9791038119772
9791038119802
9791038119901
9791038119918
9791038119949
9791038119956
9791038123106
9791038123267
9791038123274
9791038123977
9791038124172
9791038124196
9791038130777
9791038131798
9791038131828
9791038131835
9791038139633
9791038200197
9791038200333
9791038200470
9791038200500
9791038200876
9791038200890
9791038200906
9791038201521
9791038201880
9791038202016
9791038202214
9791038203006
9791038203532
9791038203587
9791038204072
9791038204133
9791038204195
9791038204553
9791038400078
9791038400092
9791038400177
9791038700031
9791038700260
9791038700413
9791038700512
9791038700543
9791038700680
9791038700697
9791038700826
9791038700956
9791038701052
9791038701076
9791038701137
9791038701144
9791038800168
9791038800229
9791038800281
9791038800601
9791038800625
9791038800663
9791038800687
9791038800762
9791038801103
9791038801202
9791038801240
9791038801622
9791038801646
9791038801882
9791038802100
9791038802261
9791038802285
9791038802360
9791038802384
9791038802469
9791038802483
9791038802568
9791038802810
9791038803008
9791038803244
9791038803268
9791038803541
9791038804593
9791038805019
9791038805040
9791039100540
9791039100687
9791039100847
9791039100960
9791039101509
9791039101516
9791039101660
9791039101684
9791039101882
9791039102032
9791039102247
9791039103398
9791039103503
9791039103527
9791039103671
9791039103688
9791039103732
9791039103954
9791039104005
9791039104302
9791039104319
9791039104326
9791039104432
9791039104814
9791039105002
9791039105071
9791039105422
9791039106269
9791039106337
9791039106658
9791039106740
9791039106863
9791039106900
9791039106917
9791039107204
9791039107273
9791039107280
9791039107310
9791039107709
9791039107730
9791039109017
9791039109215
9791039109307
9791039109499
9791039109529
9791039110327
9791039110396
9791039110440
9791039110464
9791039110709
9791039200011
9791039200073
9791039200141
9791039200165
9791039200707
9791039200721
9791039201148
9791039201261
9791039201339
9791039201353
9791039201803
9791039202749
9791039204439
9791039300063
9791039501149
9791039502443
9791039502924
9791039503075
9791039503624
9791039503686
9791039503853
9791039504270
9791039504461
9791039504805
9791039509480
9791039509503
9791039509985
9791039511261
9791039511643
9791039512350
9791039512404
9791039512817
9791039514767
9791039516303
9791039522281
9791039522649
9791039700085
9791039700146
9791039700795
9791039700856
9791039700863
9791039701488
9791039701518
9791039701532
9791039701563
9791039701587
9791039701631
9791039701655
9791039701822
9791039702102
9791039702423
9791039702447
9791039702454
9791039702461
9791039702492
9791039702904
9791039703031
9791039703338
9791039703376
9791039703420
9791039703789
9791039900133
9791039900232
9791039900324
9791039900546
9791039900584
9791039900591
9791039900652
9791039900669
9791039900713
9791039900812
9791039900829
9791039900928
9791039900942
9791039901024
9791039901031
9791039901284
9791040002222
9791040110033
9791040110064
9791040110088
9791040111016
9791040111252
9791040111290
9791040111399
9791040111948
9791040112631
9791040112709
9791040113300
9791040401186
9791040402930
9791040802655
9791040803454
9791069903449
9791069904712
9791069904972
9791069926646
9791069930872
9791069933613
9791069935686
9791069937222
9791069942868
9791069943186
9791069952157
9791069953727
9791069976436
9791069977778
9791069986657
9791070060032
9791070060186
9791070060209
9791070060292
9791070060315
9791070060360
9791070060384
9791070060407
9791070060421
9791070060667
9791070060780
9791070060988
9791070061206
9791070061213
9791070061770
9791090004450
9791090014152
9791090014176
9791090018211
9791090018426
9791090018594
9791090018709
9791090029088
9791090029095
9791090029118
9791090029125
9791090029132
9791090029156
9791090029170
9791090029187
9791090029200
9791090029330
9791090029347
9791090029392
9791090029491
9791090029705
9791090029804
9791090029811
9791090029842
9791090029859
9791090029897
9791090029927
9791090029958
9791090029989
9791090029996
9791090043015
9791090057548
9791090062016
9791090062023
9791090062085
9791090062177
9791090062191
9791090062320
9791090062368
9791090062382
9791090062405
9791090062429
9791090062504
9791090062702
9791090065000
9791090065185
9791090065239
9791090065277
9791090065338
9791090065406
9791090065505
9791090065550
9791090065680
9791090065710
9791090065727
9791090065741
9791090065765
9791090065789
9791090065802
9791090065826
9791090065840
9791090065857
9791090065888
9791090065918
9791090065925
9791090065956
9791090065994
9791090083011
9791090083110
9791090083196
9791090084001
9791090084056
9791090085046
9791090085336
9791090085732
9791090085930
9791090090880
9791090093102
9791090093133
9791090093171
9791090093195
9791090093218
9791090093386
9791090094208
9791090103153
9791090103269
9791090103443
9791090108011
9791090108103
9791090108110
9791090119017
9791090119277
9791090119383
9791090119406
9791090119451
9791090119468
9791090119550
9791090119604
9791090119819
9791090119833
9791090119895
9791090126114
9791090127265
9791090127272
9791090127340
9791090127371
9791090127388
9791090134027
9791090134126
9791090134270
9791090134294
9791090138322
9791090148819
9791090148833
9791090148857
9791090150003
9791090150362
9791090150386
9791090161108
9791090161122
9791090161207
9791090161221
9791090163096
9791090163102
9791090163225
9791090163294
9791090163386
9791090163515
9791090163591
9791090163614
9791090163706
9791090163799
9791090163812
9791090163829
9791090167087
9791090174436
9791090174443
9791090174474
9791090174498
9791090174535
9791090174580
9791090175037
9791090175129
9791090175440
9791090175563
9791090175655
9791090175815
9791090175860
9791090175983
9791090180086
9791090189010
9791090189041
9791090196216
9791090203006
9791090203075
9791090203228
9791090203235
9791090213135
9791090213579
9791090213586
9791090213845
9791090213890
9791090226395
9791090226753
9791090227101
9791090240056
9791090240155
9791090257047
9791090257085
9791090257320
9791090257351
9791090267046
9791090293007
9791090293014
9791090293106
9791090293137
9791090293144
9791090293175
9791090293205
9791090293250
9791090293267
9791090293274
9791090293281
9791090293359
9791090293366
9791090293403
9791090293427
9791090293434
9791090293670
9791090293724
9791090293755
9791090293854
9791090293861
9791090294219
9791090296237
9791090296565
9791090300064
9791090323018
9791090330061
9791090330092
9791090345096
9791090349001
9791090349070
9791090354302
9791090354838
9791090354845
9791090361751
9791090361768
9791090367067
9791090367227
9791090369009
9791090369023
9791090369030
9791090369047
9791090369139
9791090398023
9791090398054
9791090398078
9791090398283
9791090398399
9791090398481
9791090398566
9791090398573
9791090398603
9791090398627
9791090398726
9791090398856
9791090404038
9791090408029
9791090408135
9791090408258
9791090408340
9791090408449
9791090408548
9791090408623
9791090408937
9791090424579
9791090425606
9791090425705
9791090425828
9791090425842
9791090426016
9791090426061
9791090426122
9791090426139
9791090426153
9791090426177
9791090426344
9791090426405
9791090426412
9791090426436
9791090426450
9791090426504
9791090426511
9791090426566
9791090426580
9791090426603
9791090426672
9791090426689
9791090426726
9791090426757
9791090426764
9791090426801
9791090426856
9791090426870
9791090426900
9791090426962
9791090429116
9791090429239
9791090429369
9791090429437
9791090429468
9791090429505
9791090429734
9791090429758
9791090429772
9791090429802
9791090429871
9791090456204
9791090456228
9791090465060
9791090465244
9791090465350
9791090466029
9791090466111
9791090466173
9791090466227
9791090475328
9791090478008
9791090485297
9791090490055
9791090490109
9791090490130
9791090490277
9791090490307
9791090490345
9791090490406
9791090490420
9791090490444
9791090490451
9791090490512
9791090490536
9791090490543
9791090490581
9791090490642
9791090490659
9791090490680
9791090490703
9791090490727
9791090490734
9791090490789
9791090490840
9791090490956
9791090491144
9791090491274
9791090491328
9791090491403
9791090491427
9791090491687
9791090494091
9791090507012
9791090507029
9791090507074
9791090507234
9791090507326
9791090535022
9791090535060
9791090535107
9791090535176
9791090535183
9791090535251
9791090535275
9791090566361
9791090566392
9791090588196
9791090590045
9791090590151
9791090590670
9791090590939
9791090597297
9791090597846
9791090627598
9791090627666
9791090634114
9791090634190
9791090634350
9791090648180
9791090648326
9791090648555
9791090648562
9791090648616
9791090648630
9791090648708
9791090648852
9791090653030
9791090662223
9791090662230
9791090662308
9791090662377
9791090662506
9791090662568
9791090674141
9791090675513
9791090685161
9791090685611
9791090685765
9791090685956
9791090685987
9791090686137
9791090686236
9791090686250
9791090686274
9791090686304
9791090686380
9791090686434
9791090686533
9791090686557
9791090686601
9791090686731
9791090686755
9791090686892
9791090687004
9791090703025
9791090708013
9791090710061
9791090710085
9791090710238
9791090710306
9791090724891
9791090728004
9791090728042
9791090743137
9791090743236
9791090743274
9791090743359
9791090743489
9791090743861
9791090743977
9791090757134
9791090757141
9791090757158
9791090801011
9791090801042
9791090801066
9791090801141
9791090801165
9791090801257
9791090812017
9791090819085
9791090819108
9791090819177
9791090819184
9791090819603
9791090819610
9791090819665
9791090819672
9791090819740
9791090819757
9791090819764
9791090819795
9791090819825
9791090819900
9791090819924
9791090820227
9791090826069
9791090836136
9791090836327
9791090849044
9791090851023
9791090851085
9791090851177
9791090851368
9791090859005
9791090859029
9791090870086
9791090870093
9791090871519
9791090871588
9791090875043
9791090875074
9791090875135
9791090875159
9791090875173
9791090875326
9791090875333
9791090875401
9791090875456
9791090875487
9791090875500
9791090875517
9791090875609
9791090875678
9791090875746
9791090875807
9791090875937
9791090875951
9791090885004
9791090887404
9791090887503
9791090887558
9791090887565
9791090887596
9791090887602
9791090887701
9791090887787
9791090891012
9791090891203
9791090894044
9791090894075
9791090894372
9791090894389
9791090894396
9791090894419
9791090894426
9791090894464
9791090894471
9791090894518
9791090894525
9791090894570
9791090894587
9791090894617
9791090894655
9791090894839
9791090896024
9791090906044
9791090910034
9791090910126
9791090910584
9791090915008
9791090915749
9791090915756
9791090916012
9791090916029
9791090916050
9791090916142
9791090916180
9791090916227
9791090916258
9791090916302
9791090916371
9791090916517
9791090916593
9791090916708
9791090916845
9791090936102
9791090939080
9791090947009
9791090947047
9791090947061
9791090947078
9791090947146
9791090947252
9791090951037
9791090956179
9791090956186
9791090956384
9791090956414
9791090958050
9791090960053
9791090962071
9791090962088
9791090962279
9791090962453
9791090962477
9791090966000
9791090966079
9791090966086
9791090971028
9791090971035
9791090971073
9791090971097
9791090971110
9791091004008
9791091004091
9791091035170
9791091035545
9791091035613
9791091036139
9791091042413
9791091052283
9791091052290
9791091052320
9791091058056
9791091063067
9791091075060
9791091075084
9791091075107
9791091075145
9791091075176
9791091075190
9791091075244
9791091075251
9791091081016
9791091081023
9791091081047
9791091081092
9791091081153
9791091081184
9791091081238
9791091081320
9791091081580
9791091089074
9791091089128
9791091089135
9791091089319
9791091089418
9791091102056
9791091102186
9791091108089
9791091108416
9791091115025
9791091148054
9791091148078
9791091148108
9791091148115
9791091148139
9791091148191
9791091148207
9791091148283
9791091148290
9791091148306
9791091148511
9791091148672
9791091148726
9791091148740
9791091148863
9791091148931
9791091151030
9791091157216
9791091166096
9791091171014
9791091176149
9791091176651
9791091176668
9791091176675
9791091176767
9791091176828
9791091176927
9791091178235
9791091185189
9791091189071
9791091218061
9791091218214
9791091218276
9791091218351
9791091232036
9791091232128
9791091232210
9791091233057
9791091233156
9791091281447
9791091281676
9791091281768
9791091285346
9791091285384
9791091285544
9791091285599
9791091285605
9791091285643
9791091285650
9791091285773
9791091295161
9791091301084
9791091301145
9791091301299
9791091301435
9791091301459
9791091301466
9791091301480
9791091301503
9791091301602
9791091328142
9791091328197
9791091328418
9791091328449
9791091328456
9791091328463
9791091328548
9791091328630
9791091328715
9791091328739
9791091328845
9791091328876
9791091328906
9791091330015
9791091330046
9791091336031
9791091336062
9791091336079
9791091336154
9791091336239
9791091338264
9791091338318
9791091338455
9791091338530
9791091365079
9791091365161
9791091365789
9791091383042
9791091388085
9791091391177
9791091413046
9791091413114
9791091413343
9791091416047
9791091416146
9791091416306
9791091421041
9791091447164
9791091447171
9791091447188
9791091447348
9791091447430
9791091447775
9791091447782
9791091447850
9791091447980
9791091476225
9791091476287
9791091476812
9791091476843
9791091476874
9791091490375
9791091490429
9791091504102
9791091504133
9791091504157
9791091504249
9791091504324
9791091504331
9791091504416
9791091504447
9791091504508
9791091504539
9791091504621
9791091504676
9791091504706
9791091504713
9791091504775
9791091504782
9791091504843
9791091504898
9791091504959
9791091504966
9791091505055
9791091505208
9791091505222
9791091515061
9791091515085
9791091515122
9791091515368
9791091515399
9791091515405
9791091515511
9791091515528
9791091515627
9791091515788
9791091515979
9791091530026
9791091530033
9791091534000
9791091534031
9791091534093
9791091534215
9791091534307
9791091534499
9791091534550
9791091539197
9791091543002
9791091561594
9791091561754
9791091561778
9791091561815
9791091561822
9791091561846
9791091561969
9791091562003
9791091590020
9791091590518
9791091594011
9791091594288
9791091594363
9791091599153
9791091601047
9791091601368
9791091601603
9791091601665
9791091601696
9791091601788
9791091610780
9791091610827
9791091623193
9791091636032
9791091642170
9791091645041
9791091657181
9791091663014
9791091713139
9791091713214
9791091717021
9791091717045
9791091721110
9791091721127
9791091721141
9791091736022
9791091739306
9791091739344
9791091739429
9791091739603
9791091748100
9791091749503
9791091749596
9791091749701
9791091749718
9791091749763
9791091750011
9791091750097
9791091750103
9791091750158
9791091750165
9791091751032
9791091794046
9791091835114
9791091835121
9791091835145
9791091871013
9791091871044
9791091871389
9791091871402
9791091871433
9791091871464
9791091871518
9791091887298
9791091890076
9791091890168
9791091890236
9791091890311
9791091893152
9791091896146
9791091896177
9791091896276
9791091896344
9791091896481
9791091896559
9791091896627
9791091896733
9791091896757
9791091896788
9791091896955
9791091896993
9791091901062
9791091902038
9791091902069
9791091902076
9791091902106
9791091902137
9791091902168
9791091902205
9791091902236
9791091902243
9791091902250
9791091902267
9791091902328
9791091902335
9791091902366
9791091902380
9791091902397
9791091902410
9791091902427
9791091902458
9791091902489
9791091902533
9791091902540
9791091902557
9791091902571
9791091902588
9791091902595
9791091902649
9791091902786
9791091902793
9791091902816
9791091902823
9791091902830
9791091902861
9791091902878
9791091902885
9791091936170
9791091976084
9791091978156
9791091978354
9791091978453
9791091978651
9791091978811
9791091985048
9791091987325
9791091987400
9791091987479
9791091987530
9791091998086
9791091998277
9791091998307
9791091998314
9791092001082
9791092011098
9791092011111
9791092011401
9791092011425
9791092011432
9791092011470
9791092011517
9791092011531
9791092011616
9791092011661
9791092011883
9791092011968
9791092011999
9791092016000
9791092016161
9791092016185
9791092016727
9791092016901
9791092017274
9791092017410
9791092029055
9791092051049
9791092054187
9791092054286
9791092054514
9791092054545
9791092054798
9791092054804
9791092054903
9791092054927
9791092058352
9791092058444
9791092058468
9791092058505
9791092058512
9791092058529
9791092058611
9791092066074
9791092068016
9791092086010
9791092086027
9791092098006
9791092100051
9791092100327
9791092102093
9791092111439
9791092111477
9791092111705
9791092111811
9791092111910
9791092111927
9791092111989
9791092111996
9791092115109
9791092119862
9791092128079
9791092128116
9791092129021
9791092129038
9791092158007
9791092159257
9791092159301
9791092199116
9791092232141
9791092232349
9791092247091
9791092247169
9791092247268
9791092247299
9791092247367
9791092247398
9791092247510
9791092247688
9791092247848
9791092247893
9791092247947
9791092247961
9791092254396
9791092254402
9791092254419
9791092265019
9791092267051
9791092271096
9791092271164
9791092272024
9791092272253
9791092272338
9791092272352
9791092285161
9791092297034
9791092297089
9791092297102
9791092297164
9791092297270
9791092297881
9791092297904
9791092303100
9791092304305
9791092304527
9791092304541
9791092304558
9791092304626
9791092304725
9791092304749
9791092305104
9791092305227
9791092305609
9791092305623
9791092305647
9791092305807
9791092331011
9791092353396
9791092353457
9791092353594
9791092353747
9791092360059
9791092364026
9791092364033
9791092364163
9791092364330
9791092364354
9791092364378
9791092364552
9791092364569
9791092367607
9791092377071
9791092377354
9791092382082
9791092382327
9791092382457
9791092382495
9791092382501
9791092382532
9791092382594
9791092382709
9791092382754
9791092382891
9791092400083
9791092400137
9791092400298
9791092400304
9791092405040
9791092444025
9791092444032
9791092444124
9791092444247
9791092444353
9791092444377
9791092444384
9791092444469
9791092444551
9791092444568
9791092444599
9791092444681
9791092444759
9791092444803
9791092444858
9791092444889
9791092444933
9791092448320
9791092452440
9791092457056
9791092457070
9791092457117
9791092457162
9791092457193
9791092457209
9791092457278
9791092457308
9791092457452
9791092457490
9791092457568
9791092474053
9791092475159
9791092475418
9791092477061
9791092499032
9791092499100
9791092521078
9791092521221
9791092557107
9791092557121
9791092557572
9791092564044
9791092566048
9791092566086
9791092566109
9791092566116
9791092566208
9791092566215
9791092566253
9791092566260
9791092566284
9791092599152
9791092610499
9791092613933
9791092616088
9791092616217
9791092616224
9791092616231
9791092616248
9791092616316
9791092622379
9791092622409
9791092622492
9791092622515
9791092632064
9791092636048
9791092653151
9791092653359
9791092653557
9791092653564
9791092653656
9791092653694
9791092653717
9791092653793
9791092653816
9791092653885
9791092673166
9791092673203
9791092673234
9791092673289
9791092684032
9791092684247
9791092684322
9791092684377
9791092684414
9791092684490
9791092684513
9791092684582
9791092691016
9791092714159
9791092714166
9791092714302
9791092714319
9791092714548
9791092723090
9791092723120
9791092723168
9791092723236
9791092723298
9791092723373
9791092723472
9791092723496
9791092723571
9791092726565
9791092727210
9791092730326
9791092730463
9791092730470
9791092732764
9791092733129
9791092733174
9791092733303
9791092736052
9791092736281
9791092752496
9791092758030
9791092758085
9791092758146
9791092774061
9791092774092
9791092775303
9791092775327
9791092775358
9791092775365
9791092775402
9791092775426
9791092775433
9791092786774
9791092801170
9791092801255
9791092801521
9791092842081
9791092847017
9791092847055
9791092858013
9791092858167
9791092858174
9791092858198