PO ZB327 - Remaining to procure from publishers (3265 ISBNs),,,,,,,,,,,,,,,,,,,,,,,
Not available/profitable on Amazon. Publisher names recovered from Amazon scrape & merged across variants. Sorted biggest publisher first.,,,,,,,,,,,,,,,,,,,,,,,
,,,,,,,,,,,,,,,,,,,,,,,
#,ISBN,Title,PO Price (USD),REMARKS,,,,,,,,Merged Publisher,,,,,,,,,,,Group #books
1668,9781412979818,BUNDLE: Jimenez: Social Policy and Social Change + CQ Researcher: Issues for Debate in Social Policy,$123.00,,,Excluded Websites List (Patterns):,,,,,,SAGE Publications Inc,,,,,,,,,,,3
2148,9781781637456,Anthropology Of Sociolinguistics,$114.12,,,• abebooks.co.uk               : 36 link(s) (Excluded),,,,,,Koros,,,,,,,,,,,1
386,9783382013493,Ausgewählte Schriften: Dritter Band (German Edition),$114.00,,,• abebooks.com                 : 29 link(s) (Excluded),,,,,,Anatiposi Verlag,,,,,,,,,,,72
392,9783382001544,Deutschland und sein Volk: Erster Theil (German Edition),$114.00,,,• abebooks.de                  : 1 link(s) (Excluded),,,,,,Anatiposi Verlag,,,,,,,,,,,72
400,9783382333454,History and Geography of the Middle Ages,$114.00,,,• amazon.ca                    : 1 link(s) (Excluded),,,,,,Anatiposi Verlag,,,,,,,,,,,72
408,9783382031169,Landbuch der Mark Brandenburg und des Markgrafthums Nieder-Lausitz in der Mitte des 19. Jahrhunderts: Zweiter Band (German Edition),$114.00,,,• amazon.co.uk                 : 27 link(s) (Excluded),,,,,,Anatiposi Verlag,,,,,,,,,,,72
441,9783382153328,The Princess of the Moor: Vol. I,$114.00,,,• amazon.com                   : 73 link(s) (Excluded),,,,,,Anatiposi Verlag,,,,,,,,,,,72
2344,9781412936972,"Second Thoughts by Ruane & Cerulo and Social Problems by Leon-Guerrero, Bundle",$107.00,,,• amazon.in                    : 3 link(s) (Excluded),,,,,,SLE Pound,,,,,,,,,,,1
382,9783382162139,An Arctic Boat Journey,$104.00,,https://www.amazon.com/Arctic-Boat-journey-Autumn-Leather-Bound/dp/B07QXNR31R/ref=tmm_hrd_swatch_0,,,,,,,Anatiposi Verlag,,,,,,,,,,,72
450,9783382010164,Zeitschrift für Deutsches Alterthum: Zehnter Band (German Edition),$104.00,,https://www.abebooks.com/book-search/isbn/9783368015961/n/100121501,⏭️ Skipped Websites by Quantity Filter (27 websites):,,,,,,Anatiposi Verlag,,,,,,,,,,,72
655,9783368823788,Life of Saint Columba,$104.00,,https://www.abebooks.co.uk/servlet/SearchResults?an=adamnan&bi=s&ds=5&sortby=17&tn=life%20saint%20columba,• agapea.com                   : 1 link(s) (Skipped),,,,,,Outlook Verlag,,,,,,,,,,,38
387,9783382314668,Battles of the United States by Sea and Land: Vol. II,$104.00,,,• ahujabooks.com               : 1 link(s) (Skipped),,,,,,Anatiposi Verlag,,,,,,,,,,,72
429,9783382011833,Sämmtliche Werke: 26. Band (German Edition),$104.00,,,• akshardhara.com              : 1 link(s) (Skipped),,,,,,Anatiposi Verlag,,,,,,,,,,,72
431,9783382024147,Sämmtliche Werke: Erste Abtheilung Sechster Band (German Edition),$104.00,,,• bhalani.com                  : 1 link(s) (Skipped),,,,,,Anatiposi Verlag,,,,,,,,,,,72
432,9783382030902,Sämmtliche Werke: Vierter Band (German Edition),$104.00,,,• biblestore.in                : 1 link(s) (Skipped),,,,,,Anatiposi Verlag,,,,,,,,,,,72
433,9783382024864,Sämmtliche Werke: Zweite Abtheilung Dritter Band (German Edition),$104.00,,,• bookkish.com                 : 1 link(s) (Skipped),,,,,,Anatiposi Verlag,,,,,,,,,,,72
676,9783368247638,Wilhelm von Humboldts gesammelte Werke: Fünfter Band (German Edition),$104.00,,,• casadellibro.com             : 1 link(s) (Skipped),,,,,,Outlook Verlag,,,,,,,,,,,38
1826,9783375114060,Die Gerechtigkeit in der Revolution und in der Kirche: Zweiter Theil (German Edition),$104.00,,,• delhibookstore.com           : 1 link(s) (Skipped),,,,,,Salzwasser-Verlag,,,,,,,,,,,2
2536,9781452202402,"Basics of Communication, A Relationship Perspective, 2nd ed, IPFW Version",$100.00,,https://www.abebooks.co.uk/book-search/isbn/9781452202402/n/100121502,• dishapublication.com         : 1 link(s) (Skipped),,,,,,(unknown),,,,,,,,,,,
2062,9783608426281,Übertragungsfokussierte Psychotherapie bei neurotischer Persönlichkeitsstruktur,$98.00,,,• ebay.co.uk                   : 1 link(s) (Skipped),,,,,,Fisical_Book,,,,,,,,,,,1
1735,9781412959797,The Talent Development Planning Handbook: Designing Inclusive Gifted Programs,$94.00,,,• ebay.com                     : 1 link(s) (Skipped),,,,,,Corwin,,,,,,,,,,,2
649,9783368831110,Free Phosphorus in Medicine,$92.00,,https://www.amazon.com/Free-Phosphorus-Medicine-Reference-Neuralgia/dp/B0FFZ1CYBM/ref=tmm_hrd_swatch_0,• ebcwebstore.com              : 1 link(s) (Skipped),,,,,,Outlook Verlag,,,,,,,,,,,38
668,9783368357375,"The Adventures Of Ferdinand Count Fathom; In Two Parts, Part I: in large print",$92.00,,https://www.abebooks.co.uk/servlet/SearchResults?an=smollett%20tobias&bi=h&ds=5&sortby=17&tn=adventures%20ferdinand%20count%20fathom,• jainabooks.in                : 1 link(s) (Skipped),,,,,,Outlook Verlag,,,,,,,,,,,38
640,9783368828790,A Grammar School History of the United States,$92.00,,https://www.abebooks.co.uk/Grammar-School-History-United-States-Added/31176465683/bd,• jainbookagency.com           : 1 link(s) (Skipped),,,,,,Outlook Verlag,,,,,,,,,,,38
669,9783368357399,"The Adventures Of Ferdinand Count Fathom; In Two Parts, Part II: in large print",$92.00,,https://www.abebooks.co.uk/Adventures-Ferdinand-Count-Fathom-Smollett-Tobias/32475656827/bd,• jainbookdepot.com            : 1 link(s) (Skipped),,,,,,Outlook Verlag,,,,,,,,,,,38
397,9783382157814,Fireside Science,$92.00,,,• kitabkopy.com                : 1 link(s) (Skipped),,,,,,Anatiposi Verlag,,,,,,,,,,,72
412,9783382817640,Loyal unto Death,$92.00,,,• lookabook.in                 : 1 link(s) (Skipped),,,,,,Anatiposi Verlag,,,,,,,,,,,72
440,9783382149918,The Parisians: Vol. I,$92.00,,,• medioks.com                  : 1 link(s) (Skipped),,,,,,Anatiposi Verlag,,,,,,,,,,,72
443,9783382147556,The Romance of the Streets,$92.00,,,• medtree.co.in                : 1 link(s) (Skipped),,,,,,Anatiposi Verlag,,,,,,,,,,,72
447,9783382004088,Vierteljahrsschrift der Naturforschenden Gesellschaft in Zürich: Sechster Jahrgang (German Edition),$92.00,,,• omnibookslibrary.com         : 1 link(s) (Skipped),,,,,,Anatiposi Verlag,,,,,,,,,,,72
641,9783368184087,A History of the Mathematical Theories of Attraction and the Figure of the Earth: Vol. 2,$92.00,,,• pragationline.com            : 1 link(s) (Skipped),,,,,,Outlook Verlag,,,,,,,,,,,38
645,9783368267506,Deutsche Erzähler: Zweiter Band (German Edition),$92.00,,,• prithvibooks.com             : 1 link(s) (Skipped),,,,,,Outlook Verlag,,,,,,,,,,,38
656,9783368824013,Lost for Love: Vol. II,$92.00,,,• rgbooks.net                  : 1 link(s) (Skipped),,,,,,Outlook Verlag,,,,,,,,,,,38
665,9783368043001,Seventy Sonnets of Camoens,$92.00,,,• urbanbae.com                 : 1 link(s) (Skipped),,,,,,Outlook Verlag,,,,,,,,,,,38
1972,9780723607656,A Guide to the X-ray Department,$84.08,,https://ahujabooks.com/book/guide-to-the-x-ray-department/9780723607656,• usedbookstore.in             : 1 link(s) (Skipped),,,,,,Butterworth-Heinemann Ltd,,,,,,,,,,,1
3215,9780592054438,Vinyl chloride and vinyl acetate polymers,$81.39,,https://www.ebay.com/itm/256876553590,• usedbooksworld.in            : 1 link(s) (Skipped),,,,,,(unknown),,,,,,,,,,,
438,9783382175740,The Guide to Knowledge,$81.00,,https://www.amazon.com/Guide-Knowledge-Heavens-Leather-Bound/dp/B0FH1HQ8J3/ref=tmm_hrd_swatch_0,• worldofbooks.com             : 1 link(s) (Skipped),,,,,,Anatiposi Verlag,,,,,,,,,,,72
399,9783382143435,Geometrical Conic Sections,$81.00,,https://www.amazon.com/Geometrical-Conic-Sections-Stuart-Jackson/dp/1362559113/ref=tmm_pap_swatch_0,,,,,,,Anatiposi Verlag,,,,,,,,,,,72
390,9783382004989,Denkwürdigkeiten des kaiserl. Russ. Generals von der Infanterie Carl Friedrich Grafen von Toll: Erster Band (German Edition),$81.00,,https://www.abebooks.com/Denkwurdigkeiten-Kaiserl-Russ-Generals-Infanterie-Carl/32117833670/bd,BOOKCHOR,,PENDING,,,,Anatiposi Verlag,,,,,,,,,,,72
673,9783368343811,The Satyricon of Petronius Arbiter: in large print,$81.00,,https://www.abebooks.co.uk/Satyricon-Petronius-Arbiter-large-print-Antigonos/32268849975/bd,IBLERLIBRO,,PENDING,,,,Outlook Verlag,,,,,,,,,,,38
379,9783382138738,A Latin Reader,$81.00,,,MERI PUSTAK,,PAYMENT DONE ORDER FAILED,,,,Anatiposi Verlag,,,,,,,,,,,72
401,9783382135522,History of english poetry: Vol. 1,$81.00,,,https://www.starpublic.com/,,LOGIN Error,,,,Anatiposi Verlag,,,,,,,,,,,72
444,9783382148706,The School and the Army in Germany and France,$81.00,,,,,,,,,Anatiposi Verlag,,,,,,,,,,,72
654,9783368179212,Lectures on the Study of History,$81.00,,,,,,,,,Outlook Verlag,,,,,,,,,,,38
657,9783368178505,Memoir of Sir James Dalrymple,$81.00,,,,,,,,,Outlook Verlag,,,,,,,,,,,38
670,9783368828387,The Clock Struck Three: Part II,$81.00,,,,,,,,,Outlook Verlag,,,,,,,,,,,38
671,9783368811716,The Jade Chaplet,$80.00,,,,,,,,,Outlook Verlag,,,,,,,,,,,38
2420,9781572782648,Biosolids Land Appliers' Guide to Preparing for the Certification Examination,$75.18,,,,,,,,,Water Environment Federation,,,,,,,,,,,1
2039,9782409046001,Desarrollar aplicaciones web con PHP y Symfony: .,$73.00,,https://www.abebooks.co.uk/book-search/isbn/9782409046001/n/100121501,,,,,,,Ediciones ENI,,,,,,,,,,,1
420,9783382134617,Report of Proceedings of the Ninth Annual Meeting,$72.00,,,,,,,,,Anatiposi Verlag,,,,,,,,,,,72
435,9783382165291,The Analytical Speller,$72.00,,,,,,,,,Anatiposi Verlag,,,,,,,,,,,72
662,9783382146528,Reports of Cases Determined in the Supreme Court,$69.00,,https://www.iberlibro.com/Reports-Cases-Determined-Supreme-Court-Chancery/31244197066/bd,,,,,,,Outlook Verlag,,,,,,,,,,,38
414,9783382803742,Mine own familiar friend: Vol. 1,$69.00,,https://www.amazon.com/Familiar-Friend-Fanny-Charlotte-Montgomery/dp/131867848X/ref=tmm_pap_swatch_0,,,,,,,Anatiposi Verlag,,,,,,,,,,,72
395,9783382018160,"Die Werke der Troubadours, in Provenzalischer Sprache: Zweiter Band (German Edition)",$69.00,,https://www.amazon.co.uk/Die-Werke-Troubadours-Provenzalischer-Sprache/dp/3382018160,,,,,,,Anatiposi Verlag,,,,,,,,,,,72
1740,9783368047603,El mágico prodigioso (Spanish Edition),$69.00,,https://www.amazon.ca/prodigioso-Natalia-Fern%C3%A1ndez-Rodr%C3%ADguez-Calder%C3%B3n/dp/8474236983/ref=tmm_mmp_swatch_0,,,,,,,Createspace Independent Pub,,,,,,,,,,,2
442,9783382132224,The Problem of Evil,$69.00,,https://www.abebooks.co.uk/Problem-Evil-Lects-E.W-Shalders-Jules/31026988823/bd,,,,,,,Anatiposi Verlag,,,,,,,,,,,72
436,9783382815608,The Autobiography of an Octogenarian,$69.00,,https://www.abebooks.co.uk/Autobiography-Octogenarian-Classic-Reprint-Daniel-Noyes/31055273148/bd,,,,,,,Anatiposi Verlag,,,,,,,,,,,72
434,9783382148867,The 100 Years Anglo-Chinese Calendar,$69.00,,https://www.abebooks.co.uk/100-Years-Anglo-Chinese-Calendar-1st-Jan/31244166970/bd,,,,,,,Anatiposi Verlag,,,,,,,,,,,72
396,9783382027520,Entwickelung der Gesetze des menschlichen Verkehrs (German Edition),$69.00,,,,,,,,,Anatiposi Verlag,,,,,,,,,,,72
427,9783382145521,Second Annual Report of the Board of Commissioners of Public Charities,$69.00,,,,,,,,,Anatiposi Verlag,,,,,,,,,,,72
445,9783382198046,The Wildfords in India,$69.00,,,,,,,,,Anatiposi Verlag,,,,,,,,,,,72
643,9783368823160,Comparative Ana and Physiology,$69.00,,,,,,,,,Outlook Verlag,,,,,,,,,,,38
650,9783368823801,History of Two Queens: Vol. VI,$69.00,,,,,,,,,Outlook Verlag,,,,,,,,,,,38
651,9783368227364,Im Banne der Furcht (German Edition),$69.00,,,,,,,,,Outlook Verlag,,,,,,,,,,,38
1457,9783368272807,Briefe an seine Familie: Erster Band (German Edition),$69.00,,,,,,,,,Antigonos Verlag,,,,,,,,,,,6
1448,9783031308246,"Tools and Algorithms for the Construction and Analysis of Systems: 29th International Conference, TACAS 2023, Held as Part of the European Joint ... France, April 22-27, 2023, Proceedings, Pa",$66.00,,https://www.abebooks.com/servlet/SearchResults?bi=s&ds=5&sortby=17&tn=tools%20algorithms%20construction%20analysis,,,,,,,Springer,,,,,,,,,,,7
2591,9783031133329,Coherence: In Signal Processing and Machine Learning,$66.00,,,,,,,,,(unknown),,,,,,,,,,,
652,9783368909031,Karjalan kankahilta I (Finnish Edition),$61.00,,https://www.amazon.com/Karjalan-kankahilta-Classic-Books-Finnish/dp/B0D2ZTBYDK/ref=tmm_pap_swatch_0,,,,,,,Outlook Verlag,,,,,,,,,,,38
648,9783368044428,El Mesías (Spanish Edition),$61.00,,https://www.amazon.com/dp/3368044427?lv=shuf&language=es&channelId=500&plpRedirect=mhFallback,,,,,,,Outlook Verlag,,,,,,,,,,,38
398,9783382011857,Genesis des Concordates zwischen dem Kaiserthume Oesterreich und dem päpstlichen Stuhle (German Edition),$61.00,,https://www.amazon.co.uk/Concordates-zwischen-Kaiserthume-Oesterreich-p%C3%A4pstlichen/dp/3382011859,,,,,,,Anatiposi Verlag,,,,,,,,,,,72
405,9783382017651,Jahresbericht des phyikalischen Vereins zu Frankfurt am Main für das Rechnungsjahr 1855-1856 (German Edition),$61.00,,,,,,,,,Anatiposi Verlag,,,,,,,,,,,72
406,9783382016678,Karolellus (German Edition),$61.00,,,,,,,,,Anatiposi Verlag,,,,,,,,,,,72
422,9783382134556,Report of the United States Commissioners to Texas,$61.00,,,,,,,,,Anatiposi Verlag,,,,,,,,,,,72
437,9783382159092,The Experience of Thomas H. Jones,$61.00,,,,,,,,,Anatiposi Verlag,,,,,,,,,,,72
2742,9781984638588,Highway and Railroad Engineering,$59.00,,,,,,,,,(unknown),,,,,,,,,,,
663,9783368906542,Reseanteckningar från Orienten åren 1843-1849 II (Swedish Edition),$58.00,,https://www.iberlibro.com/Reseanteckningar-Fran-Orienten-Aren-1843-1849-Swedish/32045865631/bd,,,,,,,Outlook Verlag,,,,,,,,,,,38
1827,9783375115746,Zeitschrift für Stenographie und Orthographie: Achter Jahrgang (German Edition),$58.00,,https://www.amazon.co.uk/Zeitschrift-f%C3%BCr-Stenographie-Orthographie-Jahrgang/dp/3375115741,,,,,,,Salzwasser-Verlag,,,,,,,,,,,2
666,9783382140526,Siam,$58.00,,https://www.abebooks.com/Siam-N-A-McDonald-HardPress-Publishing/31040128567/bd,,,,,,,Outlook Verlag,,,,,,,,,,,38
675,9783368347321,"What's Mine's Mine; In Three Volumes, Volume 3: in large print",$58.00,,https://www.abebooks.com/Mines-Three-Volumes-Volume-3-George/32268768112/bd,,,,,,,Outlook Verlag,,,,,,,,,,,38
644,9783368230524,Darstellende Geometrie (German Edition),$58.00,,https://www.abebooks.com/Darstellende-Geometrie-Classic-Reprint-Christian-Beyel/31687210075/bd,,,,,,,Outlook Verlag,,,,,,,,,,,38
639,9783382164560,A Classified Catalogue of Educational Works,$58.00,,https://www.abebooks.com/Classified-Catalogue-School-College-Classical-Technical/32163701945/bd,,,,,,,Outlook Verlag,,,,,,,,,,,38
385,9783382047825,Aus dem Reiche der Naturwissenschaft: Zweiter Band (German Edition),$58.00,,,,,,,,,Anatiposi Verlag,,,,,,,,,,,72
389,9783382808303,Defects in the Criminal Administration and Penal Legislation of Great Britain and Ireland,$58.00,,,,,,,,,Anatiposi Verlag,,,,,,,,,,,72
394,9783382021221,Die Newcomes: Zehnter Band (German Edition),$58.00,,,,,,,,,Anatiposi Verlag,,,,,,,,,,,72
407,9783382021702,"Königin Friederike von Schweden, geborne Prinzessin von Baden (German Edition)",$58.00,,,,,,,,,Anatiposi Verlag,,,,,,,,,,,72
413,9783382803704,Miller's New York as it is,$58.00,,,,,,,,,Anatiposi Verlag,,,,,,,,,,,72
415,9783382805661,New Theory of Galvanism. The Electrothermology of Chemistry,$58.00,,,,,,,,,Anatiposi Verlag,,,,,,,,,,,72
416,9783382155544,Pennsylvania Dutch and Other Essays,$58.00,,,,,,,,,Anatiposi Verlag,,,,,,,,,,,72
425,9783382146948,Reveries of a Woodsawyer,$58.00,,,,,,,,,Anatiposi Verlag,,,,,,,,,,,72
426,9783382147044,Rheingold,$58.00,,,,,,,,,Anatiposi Verlag,,,,,,,,,,,72
430,9783382039806,Sämmtliche Werke: Achter Band (German Edition),$58.00,,,,,,,,,Anatiposi Verlag,,,,,,,,,,,72
448,9783382041526,Walther von Aquitanien (German Edition),$58.00,,,,,,,,,Anatiposi Verlag,,,,,,,,,,,72
653,9783368178642,Lectures,$58.00,,,,,,,,,Outlook Verlag,,,,,,,,,,,38
659,9783368361648,Pages from a Journal with Other Papers: in large print,$58.00,,,,,,,,,Outlook Verlag,,,,,,,,,,,38
667,9783368905507,Storia di Milano: Tomo II (Italian Edition),$58.00,,,,,,,,,Outlook Verlag,,,,,,,,,,,38
1462,9783368249083,Quer durch Afrika (German Edition),$57.00,,https://www.abebooks.co.uk/Quer-Afrika-H-Burmann-Antigonos-Verlag/32379700401/bd,,,,,,,Antigonos Verlag,,,,,,,,,,,6
384,9783382021160,Aus dem Reiche der Naturwissenschaft: Elfter Band (German Edition),$57.00,,,,,,,,,Anatiposi Verlag,,,,,,,,,,,72
393,9783382013202,Die Knochengeschwülste: Erste Abtheilung (German Edition),$57.00,,,,,,,,,Anatiposi Verlag,,,,,,,,,,,72
674,9783368817442,The Statutes Passed in the General Convention,$57.00,,,,,,,,,Outlook Verlag,,,,,,,,,,,38
642,9783368173722,Catalogue of the Marine Mollusca of New Zealand,$49.00,,https://www.abebooks.com/Catalogue-Marine-Mollusca-New-Zealand-Diagnoses/32446391578/bd,,,,,,,Outlook Verlag,,,,,,,,,,,38
381,9783382165529,Across the Continent and Around the World,$49.00,,,,,,,,,Anatiposi Verlag,,,,,,,,,,,72
409,9783382151423,Leader Almanac and Compendium of Facts,$49.00,,,,,,,,,Anatiposi Verlag,,,,,,,,,,,72
410,9783382139087,Leaves from the Past,$49.00,,,,,,,,,Anatiposi Verlag,,,,,,,,,,,72
421,9783382134600,Report of Proceedings of the Ninth Annual Meeting,$49.00,,,,,,,,,Anatiposi Verlag,,,,,,,,,,,72
423,9783382161880,Report on the Settlement od Dehra Doon,$49.00,,,,,,,,,Anatiposi Verlag,,,,,,,,,,,72
424,9783382113384,Reports of De B. Randolph Keim,$49.00,,,,,,,,,Anatiposi Verlag,,,,,,,,,,,72
1460,9783368041557,La instruccion publica en Estados Unidos (Spanish Edition),$49.00,,,,,,,,,Antigonos Verlag,,,,,,,,,,,6
1461,9783368039158,Memoria sobre a Filariose (Spanish Edition),$49.00,,,,,,,,,Antigonos Verlag,,,,,,,,,,,6
2068,9783368285685,Frances Waldeaux: in large print,$49.00,,,,,,,,,Forgotten Books,,,,,,,,,,,1
2241,9783368308506,The Tragedy Of Antony And Cleopatra: in large print,$49.00,,,,,,,,,Penguin USA,,,,,,,,,,,1
2430,9781119714538,"Acute Psychiatric Emergencies, Instructor Version",$49.00,,,,,,,,,Wiley-Blackwell,,,,,,,,,,,1
2814,9781473913738,Learning and Teaching Mathematics 0-8,$46.55,,https://www.abebooks.com/Learning-Teaching-Mathematics-0-8-Helen-Taylor/31459182979/bd,,,,,,,(unknown),,,,,,,,,,,
647,9783368044169,Ecos del arpa (Spanish Edition),$46.00,,https://www.amazon.com/dp/3368044168?lv=shuf&channelId=500&plpRedirect=mhFallback,,,,,,,Outlook Verlag,,,,,,,,,,,38
383,9783382175382,An Experimental Treatise on the Facts and Theories of Life,$46.00,,https://www.abebooks.com/Godsmarks-Poems-Experimental-Treatise-Facts-Theories/31055289648/bd,,,,,,,Anatiposi Verlag,,,,,,,,,,,72
1907,9783368905842,Parantumassa (Finnish Edition),$46.00,,https://www.abebooks.co.uk/Parantumassa-Haapakoski-Kalle-Antiquum-Novum-Verlag/32475785918/bd,,,,,,,Antiquum Novum Verlag,,,,,,,,,,,1
388,9783382018306,Ciceros Rede für C. Plancius (German Edition),$46.00,,,,,,,,,Anatiposi Verlag,,,,,,,,,,,72
391,9783382022129,Der Armen-Freund (German Edition),$46.00,,,,,,,,,Anatiposi Verlag,,,,,,,,,,,72
402,9783382176563,In Relation to Occurrences at Magdalena Bay,$46.00,,,,,,,,,Anatiposi Verlag,,,,,,,,,,,72
403,9783382176549,Instructions to Agents and Rate Book,$46.00,,,,,,,,,Anatiposi Verlag,,,,,,,,,,,72
404,9783382176501,Intermembral Homologies,$46.00,,,,,,,,,Anatiposi Verlag,,,,,,,,,,,72
411,9783382504069,"London Committee of Deputies of the British News: Translations of a Letter addressed by Sir Moses Montefiore, Bart., F.R.S.",$46.00,,,,,,,,,Anatiposi Verlag,,,,,,,,,,,72
419,9783382133467,Real Life,$46.00,,,,,,,,,Anatiposi Verlag,,,,,,,,,,,72
428,9783382189549,Sussex County Lunatic Asylum Haywards Heath,$46.00,,,,,,,,,Anatiposi Verlag,,,,,,,,,,,72
446,9783382151669,Tower Foundations of the East River Suspension Bridge,$46.00,,,,,,,,,Anatiposi Verlag,,,,,,,,,,,72
646,9783368059873,Don Manuel Ruiz Zorrilla. Ante la A. R. M.: Noticias sobre la formación y desarrollo de la misma. Historia de la conspiración militar que produjo la ... interesantes al ejército. (Spanish Edition),$46.00,,,,,,,,,Outlook Verlag,,,,,,,,,,,38
658,9783368810085,New York Directory 1786,$46.00,,,,,,,,,Outlook Verlag,,,,,,,,,,,38
661,9783368813888,Report upon the Determination of the Astronomical Co-ordinates,$46.00,,,,,,,,,Outlook Verlag,,,,,,,,,,,38
1459,9783368272906,Drei Abhandlungen zur Sexualtheorie (German Edition),$46.00,,,,,,,,,Antigonos Verlag,,,,,,,,,,,6
3054,9783701105380,"Spione im frühen Kalten Krieg: Einblick in ihre Motive, Methoden und Netzwerke",$46.00,,,,,,,,,(unknown),,,,,,,,,,,
3124,9781847203007,The Dynamics of Public Policy Theory and Evidence,$46.00,,,,,,,,,(unknown),,,,,,,,,,,
2597,9783700323167,Compliance und Transparenz - Korruptionsprävention als Mehr-Ebenen-Aufgabe,$44.00,,,,,,,,,(unknown),,,,,,,,,,,
2805,9781403995568,"Labour Market Trends Volume 113, No 11, November 2005",$43.20,,,,,,,,,(unknown),,,,,,,,,,,
1669,9781904315377,Snappy Ideas: Pastoral Care and Tutor Group Ideas (Lucky Duck Books),$42.56,,,,,,,,,SAGE Publications Inc,,,,,,,,,,,3
1802,9781626186576,"""Anastomoses: Types, Techniques / Procedures, Clinical Outcomes and Complications (Surgery - Procedures, Complications, and Results)""",$41.76,,https://www.amazon.com/dp/162618657X?lv=shuf&channelId=500&plpRedirect=mhFallback,,,,,,,Nova Science Pub Inc,,,,,,,,,,,2
1803,9781616686895,Neuroticism: The Personality Risk Factor for Stress and Impaired Health and Well-Being (Psychology Research Progress),$41.76,,,,,,,,,Nova Science Pub Inc,,,,,,,,,,,2
2125,9798891214026,Stationed In Montana,$41.00,,,,,,,,,Jacque Walawander,,,,,,,,,,,1
2523,9783472099062,Aushangpflichtige Arbeitsschutzgesetze,$41.00,,,,,,,,,(unknown),,,,,,,,,,,
1751,9781637101179,Unintended Consequences,$40.44,,https://www.iberlibro.com/Unintended-Consequences-Burnell-Scott-Fulton-Books/32016596975/bd,,,,,,,Fulton Books,,,,,,,,,,,2
2076,9789914743630,PAUL MBOYA: A PORTRAIT OF A GREAT LEADER,$40.44,,https://www.amazon.com/dp/9914743633?lv=shuf&channelId=500&plpRedirect=mhFallback,,,,,,,Gapman Publications Limited,,,,,,,,,,,1
2546,9798275902907,"Blazor Web App Development with .NET 10 and C# 14: A project-based guide to building interactive, full-stack web UIs and components without writing a line of JavaScript.",$40.44,,,,,,,,,(unknown),,,,,,,,,,,
2710,9798277834442,"Google Cloud BigQuery Zero to Mastery: A Complete Hands-On Guide for Data Analysts, Data Scientists, and Data Engineers to Build Analytics, ML Pipelines, and Enterprise Data Solutions on GCP",$40.44,,,,,,,,,(unknown),,,,,,,,,,,
2441,9781464813795,World Development Report 2018: Learning to Realize Education's Promise (Russian Edition),$40.00,,https://www.amazon.com/dp/1464813795?lv=shuf&channelId=500&plpRedirect=mhFallback,,,,,,,World Bank Publications,,,,,,,,,,,1
1855,9788410815124,Regreso al futuro. Usos políticos y sociales del patrimonio cultural inmaterial como activo emocional y turístico. Panorama castellanomanchego (Plural),$40.00,,https://www.abebooks.com/Regreso-futuro-usos-pol%C3%ADticos-sociales-patrimonio/32458015459/bd,,,,,,,Tirant Humanidades,,,,,,,,,,,2
199,9798340864536,Elevating Fluency: Book 4 Silent e Soft c and g (First Grade Reading Fluency),$39.24,,https://www.amazon.com/dp/B0DJY3GHVL?lv=shuf&channelId=500&plpRedirect=mhFallback,,,,,,,Independently Published,,,,,,,,,,,145
201,9798341068988,"Elevating Fluency: R-Controlled Vowels, Diphthongs, Variant Vowels, and Silent Letters (First Grade Reading Fluency)",$39.24,,https://www.amazon.com/dp/B0DJQJDFSL?lv=shuf&channelId=500&plpRedirect=mhFallback,,,,,,,Independently Published,,,,,,,,,,,145
200,9798340964618,Elevating Fluency: Book 5 Vowel Teams (First Grade Reading Fluency),$39.24,,https://www.amazon.com/dp/B0DJJLLLMW?lv=shuf&channelId=500&plpRedirect=mhFallback,,,,,,,Independently Published,,,,,,,,,,,145
2868,9788119497744,Modern Business Economics - Useful for UGC : NET/JRF/SET and Civil Services,$39.24,,https://www.abebooks.com/Modern-Business-Economics-Useful-UGC-NET/31967546890/bd,,,,,,,(unknown),,,,,,,,,,,
2044,9788419408730,CON ELLOS COMO ELLOS: Historias de mujeres y niños en fuga,$39.24,,https://www.abebooks.co.uk/Giudetti-Gennaro-Editorial-Paulinas/32454050459/bd,,,,,,,Editorial Paulinas,,,,,,,,,,,1
196,9798339592273,Elevating Fluency : Book 1 Short Vowels (First Grade Reading Fluency),$39.24,,,,,,,,,Independently Published,,,,,,,,,,,145
197,9798340753885,Elevating Fluency: Book 2 Consonant Blends (First Grade Reading Fluency),$39.24,,,,,,,,,Independently Published,,,,,,,,,,,145
198,9798340765512,Elevating Fluency: Book 3 Consonant Digraphs (First Grade Reading Fluency),$39.24,,,,,,,,,Independently Published,,,,,,,,,,,145
2191,9789996088391,Rhythms of thought: Volume 1: Contemporary Malawian Writing and Art,$39.24,,,,,,,,,Mlembi Press,,,,,,,,,,,1
2856,9798304571432,Mastering TypeScript and Zod: A Guide to Type-Safe Programming and Validation for Next-Level Application Design (Mastering Modern Web Development 2024/2025),$39.24,,,,,,,,,(unknown),,,,,,,,,,,
2134,9780763754563,Essential EMS Protocols CD-ROM: .,$39.00,,,,,,,,,"Jones and Bartlett Publishers, Inc",,,,,,,,,,,1
2119,9783368346508,The Philosophy of Style: in large print,$38.00,,https://www.amazon.com/Philosophy-Style-Classic-Books/dp/B0FKNCJHQS/ref=tmm_pap_swatch_0,,,,,,,Isha Books,,,,,,,,,,,1
418,9783382721022,Rapport du comite special sur la colonisation (French Edition),$38.00,,https://www.amazon.co.uk/Rapport-comite-special-sur-colonisation/dp/3382721023,,,,,,,Anatiposi Verlag,,,,,,,,,,,72
664,9783368008925,Rinaldo ardito (Italian Edition),$38.00,,https://www.abebooks.com/Rinaldo-ardito-Italian-Edition-Ariosto-Lodovico/32482881700/bd,,,,,,,Outlook Verlag,,,,,,,,,,,38
1458,9783382016722,Das Allgemeine Linguistische Alphabet (German Edition),$38.00,,https://www.abebooks.com/allgemeine-linguistische-Alphabet-Richard-Lepsius-MV-Socialscience/31700124257/bd,,,,,,,Antigonos Verlag,,,,,,,,,,,6
672,9783368779160,"The Report of and Testimony Taken Before the Joint Committee of the Senate and House of Delegates of Maryland, to Which was Referred the Memorials of John B. Morris, Reverdy Johnson and Others",$38.00,,https://www.abebooks.co.uk/Report-Testimony-Taken-Before-Joint-Committee/32308010140/bd,,,,,,,Outlook Verlag,,,,,,,,,,,38
380,9783382142247,A Lecture Introductory to the Course of Lectures,$38.00,,https://www.abebooks.co.uk/Century-Medicine-Chemistry-Lecture-Introductory-Course/31176459792/bd,,,,,,,Anatiposi Verlag,,,,,,,,,,,72
439,9783382136987,The Impromptu Speaker,$38.00,,,,,,,,,Anatiposi Verlag,,,,,,,,,,,72
449,9783382035242,Washington (German Edition),$38.00,,,,,,,,,Anatiposi Verlag,,,,,,,,,,,72
660,9783368055738,Reflexiones sobre algunos artículos del Título II del Código Penal: Tesis presentada al concurso para la oposición de profesor adjunto a la cátedra de ... a la cátedra de medici (Spanish Edition),$38.00,,,,,,,,,Outlook Verlag,,,,,,,,,,,38
2708,9798344129068,"Golang Pro Whisperer: Code Smarter, Build Faster",$37.92,,,,,,,,,(unknown),,,,,,,,,,,
2855,9798241043016,"Mastering STM32 and LibOpenCM3: Step-by-Step Guide to Embedded Programming, Firmware Development, and Real-World STM32 Projects with LibOpenCM3",$37.92,,,,,,,,,(unknown),,,,,,,,,,,
1990,9780443119484,"The Developing Human, International Edition: The Developing Human, International Edition",$37.09,,,,,,,,,Churchill Livingstone,,,,,,,,,,,1
2002,9781782051602,"Britain’s Algeria, France’s Ireland: The War, the ""Troubles"" and the Faltering Liberal Voice",$37.00,,https://www.flipkart.com/hi/britain-s-algeria-france-s-ireland/p/itmf7y96fhn7bhzy,,,,,,,Cork University Press,,,,,,,,,,,1
2385,9788412193633,"Orfandad De Orfeo, La",$36.72,,https://www.abebooks.co.uk/ORFANDAD-ORFEO-RIVERO-TARAVILLO-ANTONIO-ASOCIACION/30763917510/bd,,,,,,,Themata,,,,,,,,,,,1
2152,9788412276176,Ser mujer: Un rescate necesario,$36.72,,https://www.abebooks.co.uk/9788412276176/Mujer-Send%C3%B3n-Le%C3%B3n-Victoria-8412276175/plp,,,,,,,LABRYS EDITORIAL,,,,,,,,,,,1
1867,9798231110605,Organized Crime Sinaloa Cartel,$36.72,,,,,,,,,Worldwide True Crime Reports,,,,,,,,,,,2
2175,9786144295380,Eighty Years Awaiting Death,$36.72,,,,,,,,,Madarek Company for Publishing and Distribution,,,,,,,,,,,1
2496,9798275852059,"ASP.NET Core Minimal APIs for Beginners and Professionals: Build ultra-fast, lightweight RESTful Microservices with .NET 10, C# 14, and essential modern architectural patterns.",$36.72,,,,,,,,,(unknown),,,,,,,,,,,
1734,9781071960196,"Integrated Literacy for Experienced Multilinguals, Grades 4-12",$36.00,,,,,,,,,Corwin,,,,,,,,,,,2
2835,9783200305205,MICHAEL MORPURGO 20 BOOK COLLECTION: 2014 [Paperback] by MICHAEL MORPURGO,$36.00,,,,,,,,,(unknown),,,,,,,,,,,
1426,9798233450730,મહોરાંની આરપાર જિંદગી (Gujarati Edition),$35.40,,,,,,,,,Nirmohi Publication,,,,,,,,,,,7
1866,9798232423193,Niels Hogel (True Crime Serial Killers),$35.40,,,,,,,,,Worldwide True Crime Reports,,,,,,,,,,,2
2965,9789587715552,Principios de desarrollo económico,$35.40,,,,,,,,,(unknown),,,,,,,,,,,
3151,9798302934772,The Pragmatic TypeScript Programmer: Reshaping Modern JavaScript,$35.40,,,,,,,,,(unknown),,,,,,,,,,,
2359,9781582558011,MYOLOGY AND KINESIOLOGY FOR MASSAGE THERAPISTS: . (LWW Massage Therapy & Bodywork Educational Series),$35.32,,,,,,,,,"Springhouse Publishing Co ,U.S.",,,,,,,,,,,1
2291,9783701718177,Muttersuchen,$35.00,,https://www.abebooks.co.uk/Muttersuchen-Henisch-Peter-Residenz-Verlag/32466055950/bd,,,,,,,Residenz Verlag,,,,,,,,,,,1
417,9783382035143,Preußen an der Nordsee (German Edition),$35.00,,,,,,,,,Anatiposi Verlag,,,,,,,,,,,72
2425,9781936651290,Why People Commit Crime: A Theoretical Journey,$35.00,,,,,,,,,Weston Publishing LLC,,,,,,,,,,,1
3076,9780536659750,Symbiosis,$35.00,,,,,,,,,(unknown),,,,,,,,,,,
300,9798329445640,fierce and tender animal: animal fiero y tierno (Puerto Rican Literature in Translation),$34.20,,https://www.amazon.com/dp/B0DQ4ZM4KN?lv=shuf&channelId=500&plpRedirect=mhFallback,,,,,,,Independently Published,,,,,,,,,,,145
241,9798342803847,Mexican Bolt Action Rifles: 1897 - 1965 (Mexican military firearms),$34.20,,,,,,,,,Independently Published,,,,,,,,,,,145
278,9798242655812,The Fly,$34.20,,,,,,,,,Independently Published,,,,,,,,,,,145
1613,9788411239790,María de Magdala: Cuando al poder le estorba la historia (Spanish Edition),$34.20,,,,,,,,,Bod - Books on Demand,,,,,,,,,,,3
2941,9798271804137,"PRÉPARATION DALF C1 - 10 SIMULATIONS: COMPRÉHENSION ÉCRITE, PRODUCTION ÉCRITE ET PRODUCTION ORALE (DELF - DALF) (French Edition)",$34.20,,,,,,,,,(unknown),,,,,,,,,,,
2249,9781499457315,Zoologist (Exciting Outdoor Careers),$34.00,,,,,,,,,Powerkids Pr,,,,,,,,,,,1
1912,9788418943188,"Guía esencial del renacimiento psicodélico: Todo lo que necesita saber sobre cómo la psilocibina, MDMA, ketamina, ayahuasca y LSD están revolucionando la salud mental y cambiando vidas.",$33.00,,https://www.iberlibro.com/Gu%C3%ADa-esencial-renacimiento-psicod%C3%A9lico-Ant%C3%B3n-G%C3%B3mez-Escolar/32499421794/bd,,,,,,,ArgoNowta,,,,,,,,,,,1
1927,9781733635448,"The Pirate Disposition: Autonomy, Violence, & Counter-Institutional Order in Maritime History",$33.00,,,,,,,,,Atomic Publications,,,,,,,,,,,1
2998,9788409657049,Rndete,$32.88,,https://www.casadellibro.com/libro-rindete/9788409657049/16666252?srsltid=AfmBOopBx6unKUSlNmBcFnUbLE7mLGTAQt3vHv--hxNDd1JVx78B9H5C,,,,,,,(unknown),,,,,,,,,,,
245,9798314045039,"New Gods, New Masters: Envisioning A Post-Liberal Society",$32.88,,https://www.amazon.com/dp/B0FXNKZ3F7?lv=shuf&language=zh_TW&channelId=500&plpRedirect=mhFallback,,,,,,,Independently Published,,,,,,,,,,,145
243,9798298307567,Musician’s Guide to Math for Python: Practical Programming for Music and Audio,$32.88,,https://www.amazon.co.uk/Musicians-Guide-Math-Python-Programming/dp/B0FMP7DYP8?source=ps-sl-shoppingads-lpcontext&ref_=fplfs&psc=1&smid=A3P5ROKL5A1OLE,,,,,,,Independently Published,,,,,,,,,,,145
2153,9788409462117,"UGALTARRIAK, EL LENGUAJE DE LAS PIEDRAS",$32.88,,https://www.agapea.com/Naiara-Ardanaz-Inarga/Ugaltarriak-el-lenguaje-de-las-piedras-9788409462117-i.htm?srsltid=AfmBOopxIcDmKw_G3yxC4vhgw6Iiqp0BmVghBg4i-b-YSB55wQL5YNKk,,,,,,,LAMIÑARRA,,,,,,,,,,,1
2515,9789390647224,Analytical Procedures in Soil Science and Agricultural Chemistry 2nd edn.,$32.88,,https://agrotechbooks.com/product/analytical-procedures-in-soil-science-and-agricultural-chemistry/,,,,,,,(unknown),,,,,,,,,,,
1132,9788418641244,MATEMATICAS RE-CREATIVAS N.§ 0.2,$32.88,,,,,,,,,"Atlantic Publishers and Distributors (P) Ltd., 7/22, Ansari Road, Darya Ganj, New Delhi - 110002 INDIA, Email – customercare@atlanticbooks.com, Ph – 011-47320500",,,,,,,,,,,15
2598,9798268100075,"Composable Infrastructure Abstractions with Crossplane: Platform APIs, Multi-Cloud Management, Security, Drift Detection, and Real-World Patterns",$32.88,,,,,,,,,(unknown),,,,,,,,,,,
2601,9788485209590,Comunismo de la salud,$32.88,,,,,,,,,(unknown),,,,,,,,,,,
2666,9789394317529,Empowerment of Women Through Entrepreneurship - As Per NEP Syllabus and for UGC NET/SLET (JRF & LS) Other Competitive Examination : Useful for IKS Courses,$32.88,,,,,,,,,(unknown),,,,,,,,,,,
2869,9789394317505,"Modern Entrepreneurship and Small Business Management - Skills and Research : as Per NEP Syllabus and for UGC NET/SLET (JRF & LS), Other Competitive Examination, Useful for IKS Courses",$32.88,,,,,,,,,(unknown),,,,,,,,,,,
265,9781970852394,"Super Eagles: Nigeria's Flair, Talent, and Turbulence (Football Nations: Stories of Glory and Strife)",$32.00,,,,,,,,,Independently Published,,,,,,,,,,,145
1507,9780749427443,I Hate Giving Presentations: Your Essential Confidence Booster (Self-Study Workbooks Series),$31.68,,https://www.delhibookstore.com/shop/6969f80627d864087a3072ca?categoryName=BUSINESS+%26+ECONOMICS&subCategoryName=SKILLS&title=I+Hate+Giving+Presentations&category=696a1660719ad6fdd2826d20&subCategory=6970685ebd3b0bac84e36cf5,,,,,,,Kogan Page India Private Limited,,,,,,,,,,,5
291,9798241581815,"Trigonometrie Meistern: Theorie, Progressive Übungen und Detaillierte Lösungen (German Edition)",$31.68,,https://www.amazon.com/dp/B0GD1SR6F5?lv=shuf&language=es&channelId=500&plpRedirect=mhFallback,,,,,,,Independently Published,,,,,,,,,,,145
244,9798273430525,Nanosecond C++: Mastering Low-Latency Patterns for High-Frequency Trading,$31.68,,https://www.amazon.com/dp/B0G1BTH3L3?lv=shuf&language=he&channelId=500&plpRedirect=mhFallback,,,,,,,Independently Published,,,,,,,,,,,145
2047,9783964037695,Die 2. SS-Panzerdivision „Das Reich“: Entstehung-Einsatz-Bilanz (Deutsche Truppen) (German Edition),$31.68,,https://www.amazon.com/Die-SS-Panzerdivision-Das-Reich-Entstehung-Einsatz-Bilanz/dp/3964037680/ref=tmm_pap_swatch_0,,,,,,,EK-2 Publishing,,,,,,,,,,,1
219,9798279410651,L'eterno ritorno dell'incertezza (Italian Edition),$31.68,,,,,,,,,Independently Published,,,,,,,,,,,145
2042,9788498528671,MARAVILLA FATAL,$31.68,,,,,,,,,EDITORA REGIONAL DE EXTREMADURA,,,,,,,,,,,1
2716,9788411941082,Grupos de empresas y holdings: Guía para pymes sobre las principales cuestiones tributarias y mercantiles en torno al holding y sus implicaciones (Spanish Edition),$31.68,,,,,,,,,(unknown),,,,,,,,,,,
2332,9781947660533,25 Texas Heroes,$31.00,,https://www.amazon.com/dp/1947660535?lv=shuf&channelId=500&plpRedirect=mhFallback,,,,,,,Shotwell Publishing LLC,,,,,,,,,,,1
2324,9783903583221,Im Namen der Republik: Wie Richter und Vereine das Asylwesen aushebeln,$31.00,,https://www.abebooks.co.uk/Namen-Republik-Richter-Vereine-Asylwesen-aushebeln/32507158708/bd,,,,,,,Seifert-Verlag,,,,,,,,,,,1
2268,9788609007484,Grof Sava Vladislavic (Serbian Edition),$30.36,,https://www.amazon.com/dp/8609007480?lv=shuf&language=es&channelId=500&plpRedirect=mhFallback,,,,,,,Rad,,,,,,,,,,,1
156,9798319045683,"""Die Illusion der Freiheit"". (German Edition)",$30.36,,,,,,,,,Independently Published,,,,,,,,,,,145
185,9798289949677,"Chesapeake Oyster Wars: Guns, Tongs, and the Battle for the Winter Bay (Chesapeake Unwritten)",$30.36,,,,,,,,,Independently Published,,,,,,,,,,,145
365,9798233899188,The Quiet Pulse: Dr. Marie Maynard Daly,$30.36,,,,,,,,,Michael Webster,,,,,,,,,,,78
1303,9798233848865,Eternal Amanda Lear,$30.36,,,,,,,,,Cosmo Edition,,,,,,,,,,,11
1736,9798231145706,"Amanda Lear, Quella che non esisteva (Italian Edition)",$30.36,,,,,,,,,Cosmo Edizione,,,,,,,,,,,2
2046,9788447225293,Ser hombre: Las masculinidades en la España del siglo XIX,$30.36,,,,,,,,,Editorial Universidad de Sevilla-Secretariado de Publicaciones,,,,,,,,,,,1
2158,9788412466898,ORFEO EL FULGOR Y LA NADA,$30.36,,,,,,,,,LIBROS DEL AIRE,,,,,,,,,,,1
2193,9798231732852,Les gens de la ville (French Edition),$30.36,,,,,,,,,Mr-Roy,,,,,,,,,,,1
2994,9798241205384,Rheumatology Medical Terminology Guide (English & Spanish),$30.36,,,,,,,,,(unknown),,,,,,,,,,,
3094,9798294486938,THE TRUE STORY OF THE IDAHO COLLEGE MURDERS,$30.36,,,,,,,,,(unknown),,,,,,,,,,,
174,9789918629961,America's Team: The Untold Legacy of the Dallas Cowboys,$29.16,,,,,,,,,Independently Published,,,,,,,,,,,145
308,9798233455230,Medicine of the Umonhon: Dr. Susan La Flesche Picotte,$29.16,,,,,,,,,Michael Webster,,,,,,,,,,,78
309,9798224415861,Metamorphosis of the Eye: Maria Sibylla Merian,$29.16,,,,,,,,,Michael Webster,,,,,,,,,,,78
334,9798233121845,The Eternal Voyager: Olaudah Equiano,$29.16,,,,,,,,,Michael Webster,,,,,,,,,,,78
342,9798233241185,The Human Element: Lise Meitner,$29.16,,,,,,,,,Michael Webster,,,,,,,,,,,78
343,9798233885006,The Invisible Shield: Dr. Maurice Hilleman,$29.16,,,,,,,,,Michael Webster,,,,,,,,,,,78
346,9798232186555,The Lab in the Basement: Dr. Percy Julian,$29.16,,,,,,,,,Michael Webster,,,,,,,,,,,78
1640,9784824109682,Conspiracy (The Fourth Age Shadow Wars),$29.16,,,,,,,,,Next Chapter,,,,,,,,,,,3
2147,9783866325777,Lernwerkstatt Das Leben in einer mittelalterlichen Stadt,$29.16,,,,,,,,,Kohl Verlag,,,,,,,,,,,1
2628,9798272371850,"Deadwood: Ambition, Anarchy, and Alchemy in the Black Hills Gold Rush: A Story of Broken Treaties, Frontier Justice, and American Mythology in the West's Wildest Boomtown",$29.16,,,,,,,,,(unknown),,,,,,,,,,,
2871,9798273864528,"Monaco: Where Legends Are Measured: The Complete History of Formula 1's Most Dangerous Grand Prix—95 Years of Glory, Tragedy, and Monte Carlo's Unforgiving Legacy",$29.16,,,,,,,,,(unknown),,,,,,,,,,,
3141,9798224880546,The Master Strategist: Bayard Rustin,$29.16,,,,,,,,,(unknown),,,,,,,,,,,
2442,9781941919088,Mary's Healthy Vegan Kitchen: Where healthy eating begins,$29.00,,https://www.amazon.com/dp/1941919081?lv=shuf&channelId=500&plpRedirect=mhFallback,,,,,,,Write Patch Incorporated,,,,,,,,,,,1
983,9781041006374,Anti–Racist Practices in K–12 Schools and Systems,$28.49,,,,,,,,,Routledge India,,,,,,,,,,,23
1854,9788410819436,Guía de estilo para redactar informes sociales,$28.00,,https://www.abebooks.co.uk/GUIA-ESTILO-REDACTAR-INFORMES-SOCIALES-CORTES/32466021087/bd,,,,,,,Tirant Humanidades,,,,,,,,,,,2
237,9781923484566,Made in China? The Future of the Global Car,$28.00,,,,,,,,,Independently Published,,,,,,,,,,,145
1612,9783756292462,"Forumsbeiträge B2 Prüfungstraining mit Schablonen: Deutsch-Test für den Beruf 15 Themen, 10 Schablonen & 15 Lösungen (German Edition)",$28.00,,,,,,,,,Bod - Books on Demand,,,,,,,,,,,3
2540,9783851612967,Beim Rochusmarkt.: Vom Langhaus zum Postamt in 7000 Jahren,$28.00,,,,,,,,,(unknown),,,,,,,,,,,
157,9798284004791,101 Business Ideas For Kids: Start Your Own Business: Kids Edition (Young Founder Series),$27.84,,https://www.amazon.com/101-Business-Ideas-Kids-Entrepreneurship/dp/B0GSZYCHDX/ref=tmm_pap_swatch_0,,,,,,,Independently Published,,,,,,,,,,,145
339,9798232841584,The Glial Revolutionary: Ben Barres,$27.84,,https://www.amazon.co.uk/Glial-Revolutionary-Ben-Barres/dp/B0GL3JFF9X,,,,,,,Michael Webster,,,,,,,,,,,78
2431,9788126514946,"Fieser and Fieser's Reagents for Organic Synthesis, Volume 3",$27.84,,https://www.abebooks.com/9780471258797/Volume-Fiesers-Reagents-Organic-Synthesis-0471258792/plp,,,,,,,Wiley-Interscience,,,,,,,,,,,1
211,9798248371037,Holding the Line: A Practical Guide to Being a Behavioral Health Technician in Addiction Treatment,$27.84,,,,,,,,,Independently Published,,,,,,,,,,,145
221,9798287069575,LEED Sustainability Fundamentals for Commercial Buildings: A Comprehensive Guide,$27.84,,,,,,,,,Independently Published,,,,,,,,,,,145
234,9798248422890,Lord James (Edenbridge to Bath),$27.84,,,,,,,,,Independently Published,,,,,,,,,,,145
266,9798266926516,Szkoła Językowa: Sprachniveau A1 und A2 Polnisch-Deutsch (Gestufte Polnische Lesebücher) (German Edition),$27.84,,,,,,,,,Independently Published,,,,,,,,,,,145
302,9798233475696,A Life in Stone: Florence Bascom,$27.84,,,,,,,,,Michael Webster,,,,,,,,,,,78
307,9798233339783,Master of the Integers: S. S. Pillai,$27.84,,,,,,,,,Michael Webster,,,,,,,,,,,78
312,9798233257377,Petitioner for the People: Frank Kameny,$27.84,,,,,,,,,Michael Webster,,,,,,,,,,,78
323,9798233828805,The Architect of the Athenian Empire: Themistocles,$27.84,,,,,,,,,Michael Webster,,,,,,,,,,,78
328,9798233139192,The Boy Who Painted with Electrons: Philo T. Farnsworth,$27.84,,,,,,,,,Michael Webster,,,,,,,,,,,78
344,9798233165528,The Iron Lady of the Woods: Rosalie Edge,$27.84,,,,,,,,,Michael Webster,,,,,,,,,,,78
353,9798233466649,The Man Who Named the World: Carl Linnaeus,$27.84,,,,,,,,,Michael Webster,,,,,,,,,,,78
366,9798233494123,The Right to Ride: Elizabeth Jennings Graham,$27.84,,,,,,,,,Michael Webster,,,,,,,,,,,78
373,9798233713491,The Tale of the World's First Novelist: Murasaki Shikibu,$27.84,,,,,,,,,Michael Webster,,,,,,,,,,,78
1299,9798232004811,"Amanda Lear, l'ironie sur talons auguilles (French Edition)",$27.84,,,,,,,,,Cosmo Edition,,,,,,,,,,,11
1308,9798232453749,Les Fantômes de Kyoto (roman) (French Edition),$27.84,,,,,,,,,Cosmo Edition,,,,,,,,,,,11
1894,9798233355127,Before the Hurricane,$27.84,,,,,,,,,Amelie Vesper,,,,,,,,,,,1
2040,9788417150464,La Senyora Sunflower i altres històries,$27.84,,,,,,,,,EDICIONES WANAFRICA,,,,,,,,,,,1
2649,9798248613380,EL EXPEDIENTE DE LA MANCHA (COLECCIÓN IMPERIALIA — MENTES Y REALIDAD) (Spanish Edition),$27.84,,,,,,,,,(unknown),,,,,,,,,,,
2747,9798278388289,Hong Kong Rising,$27.84,,,,,,,,,(unknown),,,,,,,,,,,
2836,9798250370707,"MIDDLE EAST ON FIRE: The Untold Story of Hostage Crises, Proxy Militias, and the Escalating U.S.–Israel–Iran Rivalry",$27.84,,,,,,,,,(unknown),,,,,,,,,,,
3146,9798257193644,"The Native American Tribes: The True Stories of the Lakota, Cheyenne,and Comanche- Warrior Nations America Tried to Silence Forever",$27.84,,,,,,,,,(unknown),,,,,,,,,,,
3158,9798255326846,The Silent Codebreakers: How Britain’s Secret War Helped Defeat Nazi Germany,$27.84,,,,,,,,,(unknown),,,,,,,,,,,
3237,9798246689677,pedagogia dinamica: un manual para maestros que transforman vidas (Spanish Edition),$27.84,,,,,,,,,(unknown),,,,,,,,,,,
2016,9781418037789,Motor Carrier Security Training: Student Workbook,$27.16,,,,,,,,,Delmar Cengage Learning,,,,,,,,,,,1
203,9798901940266,Ford: The Company That Put the World on Wheels (Complete Histories of the World's Car Makers),$27.00,,,,,,,,,Independently Published,,,,,,,,,,,145
2007,9781915145086,The Bread Machine Cookbook: +100 Hands-Off Recipes for Perfect Homemade Bread Unlock the Full Potential Of Your Bread Machine.,$27.00,,,,,,,,,Cristiano Paolini,,,,,,,,,,,1
2535,9780536689511,Basic Mathematics,$27.00,,,,,,,,,(unknown),,,,,,,,,,,
3082,9781484252741,TEXT ANALYTICS WITH PYTHON: A PRACTITIONER'S GUIDE TO NATURAL LANGUAGE PROCESSING [Paperback] Sarkar,$26.64,,,,,,,,,(unknown),,,,,,,,,,,
363,9798224186938,The Prometheus of Steam: Richard Trevithick,$26.52,,https://www.amazon.co.uk/Prometheus-Steam-Richard-Trevithick/dp/B0GL38C1TG,,,,,,,Michael Webster,,,,,,,,,,,78
2154,9789956554812,Les éclairs (French Edition),$26.52,,https://www.abebooks.co.uk/9789956554812/%C3%A9clairs-Ndi-Bill-F-9956554812/plp,,,,,,,Langaa RPCIG,,,,,,,,,,,1
179,9798255122981,"Beyond the Burj: Navigating Ambition, Identity, and Opportunity in Dubai",$26.52,,,,,,,,,Independently Published,,,,,,,,,,,145
238,9798257713682,Marketing Is Mind Control: Break the Spell. Build with Truth. (The Facet Method),$26.52,,,,,,,,,Independently Published,,,,,,,,,,,145
285,9798248040018,"The Online Casino Architect: The Insider Guide to Casino Platform Success (Casino Games Decoded. Understanding the Math, Risk, and Design Behind Gambling Systems)",$26.52,,,,,,,,,Independently Published,,,,,,,,,,,145
295,9798246711019,Understanding Disability Barriers & Solutions: From Childhood to the Workforce,$26.52,,,,,,,,,Independently Published,,,,,,,,,,,145
304,9798233746871,Efficiency and Empathy: Lillian Gilbreth,$26.52,,,,,,,,,Michael Webster,,,,,,,,,,,78
305,9798232466619,From Dundee to the Stars: Williamina Fleming,$26.52,,,,,,,,,Michael Webster,,,,,,,,,,,78
306,9798233186073,Hypatia of Alexandria: The Last Scholar of the Ancient World,$26.52,,,,,,,,,Michael Webster,,,,,,,,,,,78
311,9798233645624,Overthrowing the Ancients: Ibn al-Nafis,$26.52,,,,,,,,,Michael Webster,,,,,,,,,,,78
313,9798232207113,"Queen Bess, The Sky's First Lady: Bessie Coleman",$26.52,,,,,,,,,Michael Webster,,,,,,,,,,,78
316,9798233465451,The Admiral of Code: Grace Hopper,$26.52,,,,,,,,,Michael Webster,,,,,,,,,,,78
317,9798233113802,The Algebra That Engineered the Modern World: George Boole,$26.52,,,,,,,,,Michael Webster,,,,,,,,,,,78
319,9798224612482,The Architect of Apollo's Software: Margaret Hamilton,$26.52,,,,,,,,,Michael Webster,,,,,,,,,,,78
322,9798231463176,The Architect of Modern Oncology: Dr. Jane C. Wright,$26.52,,,,,,,,,Michael Webster,,,,,,,,,,,78
325,9798233782497,The Astronomer King: Tycho Brahe,$26.52,,,,,,,,,Michael Webster,,,,,,,,,,,78
329,9798233357800,The Chromosomal Bridge: Nettie Stevens,$26.52,,,,,,,,,Michael Webster,,,,,,,,,,,78
332,9798233504624,The Enchantress of Numbers: Ada Lovelace,$26.52,,,,,,,,,Michael Webster,,,,,,,,,,,78
349,9798232486068,The Man Who Fed the World: Norman Borlaug,$26.52,,,,,,,,,Michael Webster,,,,,,,,,,,78
352,9798232620738,The Man Who Measured the Sky in the Sea: Roger Revelle,$26.52,,,,,,,,,Michael Webster,,,,,,,,,,,78
354,9798233913419,The Man Who Refused to Fire: Stanislav Petrov,$26.52,,,,,,,,,Michael Webster,,,,,,,,,,,78
355,9798232025366,The Man Who Saw the Earth Move: Alfred Wegener,$26.52,,,,,,,,,Michael Webster,,,,,,,,,,,78
358,9798233388392,The Man Who Wired the World: Cyrus Field,$26.52,,,,,,,,,Michael Webster,,,,,,,,,,,78
359,9798224293643,The Man of Three Centuries: Li Ching-Yuen,$26.52,,,,,,,,,Michael Webster,,,,,,,,,,,78
360,9798233593888,The Ninety-Eight Percent: Cecilia Payne-Gaposchkin,$26.52,,,,,,,,,Michael Webster,,,,,,,,,,,78
364,9798233181009,The Prophet of Food Security: Nikolay Vavilov,$26.52,,,,,,,,,Michael Webster,,,,,,,,,,,78
369,9798233153303,The Scientist and the Seeker: Sir Alister Hardy,$26.52,,,,,,,,,Michael Webster,,,,,,,,,,,78
375,9798232178857,The Unity of Logic and Life: Wang Hao,$26.52,,,,,,,,,Michael Webster,,,,,,,,,,,78
376,9798233855603,The Unwritten Page: The Life and Legacy of Ts'ai Lun,$26.52,,,,,,,,,Michael Webster,,,,,,,,,,,78
2494,9798284877968,AI FOR IOT WITH TENSORFLOW LITE AND EDGE IMPULSE: Building Intelligent Edge Devices with Machine Learning (NextGen Codex),$26.52,,,,,,,,,(unknown),,,,,,,,,,,
2813,9798290299471,"Learn Spanish in 30 Days: Master 1,000+ Common Words and Everyday Phrases for Real-Life Conversations",$26.52,,,,,,,,,(unknown),,,,,,,,,,,
3102,9783910776081,Tatort Rudi Assauer: Der Missbrauch seiner Betreuung (German Edition),$26.52,,,,,,,,,(unknown),,,,,,,,,,,
3115,9798254575504,"The Big Book of Whys For Kids: Big Questions, Smart Answers, and Fascinating Facts About Science, Space, Nature, History, and How the World Works for Curious Kids Ages 6–12",$26.52,,,,,,,,,(unknown),,,,,,,,,,,
284,9798198377462,The Nancy Guthrie Case Still Missing,$26.00,,https://www.amazon.com/dp/B0H2SJFZ9B?lv=shuf&channelId=500&plpRedirect=mhFallback,,,,,,,Independently Published,,,,,,,,,,,145
2053,9788431315573,El argumento ontológico modal de Alvin Plantinga,$26.00,,https://www.abebooks.com/ARGUMENTO-ONTOLOGICO-MODAL-ALVIN-PLANTINGA-ENRIQUE/32139375514/bd,,,,,,,"EUNSA. EDICIONES UNIVERSIDAD DE NAVARRA, S.A.",,,,,,,,,,,1
1991,9788866604525,History Of A Resistance: The Italian Military Internees (Estero),$25.32,,https://www.amazon.com/dp/8866604526?lv=shuf&channelId=500&plpRedirect=mhFallback,,,,,,,CIESSE Edizioni,,,,,,,,,,,1
1891,9786178069230,Один із шістдесяти років: Спогади на тлі ювілейного року (Ukrainian Edition),$25.32,,https://www.amazon.com/dp/6178069235?lv=shuf&channelId=500&plpRedirect=mhFallback,,,,,,,Amazon Digital Services LLC - Kdp,,,,,,,,,,,1
303,9798233415760,A Man of Paradox: Sir John Harington,$25.32,,https://www.amazon.co.uk/Man-Paradox-Sir-John-Harington/dp/B0GKZDRY32,,,,,,,Michael Webster,,,,,,,,,,,78
1737,9798232989293,"Amanda Lear, l'ironia sui tacchi a spillo (Italian Edition)",$25.32,,https://www.amazon.co.uk/Amanda-Lear-lironia-tacchi-spillo/dp/B0G76TW48L,,,,,,,Cosmo Edizione,,,,,,,,,,,2
2530,9798249357542,BOI Report & Compliance 2026,$25.32,,https://www.abebooks.co.uk/9798249357542/BOI-Report-Compliance-2026-Alava/plp,,,,,,,(unknown),,,,,,,,,,,
250,9798249548674,PRONTUARIO DI POLIZIA GIUDIZIARIA (Italian Edition),$25.32,,,,,,,,,Independently Published,,,,,,,,,,,145
326,9798233527166,The Astronomer's Sister: Sophie Brahe,$25.32,,,,,,,,,Michael Webster,,,,,,,,,,,78
350,9798215473719,The Man Who Found the Tape: Frank Wills,$25.32,,,,,,,,,Michael Webster,,,,,,,,,,,78
356,9798233136498,The Man Who Taught the World to Count: William Farr,$25.32,,,,,,,,,Michael Webster,,,,,,,,,,,78
362,9798232014032,The Pioneer of Calabar: Mary Slessor,$25.32,,,,,,,,,Michael Webster,,,,,,,,,,,78
368,9798233529634,The Scientist and the Humanitarian: Dr. Mary-Claire King,$25.32,,,,,,,,,Michael Webster,,,,,,,,,,,78
370,9798233291012,The Scurvy Cure: The Life of James Lind,$25.32,,,,,,,,,Michael Webster,,,,,,,,,,,78
378,9798233014093,The Woman Who Walked All Over Creation: Zora Neale Hurston,$25.32,,,,,,,,,Michael Webster,,,,,,,,,,,78
1302,9798233199943,Dantes Inferno (French Edition),$25.32,,,,,,,,,Cosmo Edition,,,,,,,,,,,11
1304,9798232900311,Ethics in Action,$25.32,,,,,,,,,Cosmo Edition,,,,,,,,,,,11
1309,9798233402333,Tragédie grecque (roman) (French Edition),$25.32,,,,,,,,,Cosmo Edition,,,,,,,,,,,11
1544,9798233117770,Cessna 172 Manual operativo (Aviación) (Spanish Edition),$25.32,,,,,,,,,Aviation Bookstore,,,,,,,,,,,4
1546,9798231407828,Teoría de vuelo IFR (Aviación) (Spanish Edition),$25.32,,,,,,,,,Aviation Bookstore,,,,,,,,,,,4
1911,9798233307737,Between Love and Power,$25.32,,,,,,,,,Arden Veycroft,,,,,,,,,,,1
2435,9798232002268,Goat: The Lionel Messi Story,$25.32,,,,,,,,,William Parker,,,,,,,,,,,1
2654,9798277731369,"ENHANCED RAG MADE SIMPLE: A Beginner-Friendly Guide to Improving AI Accuracy with Better Retrieval, Vector Search, and Knowledge Integration",$25.32,,,,,,,,,(unknown),,,,,,,,,,,
2757,9798233664243,IFR-Flugtheorie (Aviation) (German Edition),$25.32,,,,,,,,,(unknown),,,,,,,,,,,
3029,9798259052727,"Second Street Morning: The Borden Murders, the Locked-House Illusion, and the Case That Never Closed",$25.32,,,,,,,,,(unknown),,,,,,,,,,,
3228,9781534969704,Women in Love,$25.32,,,,,,,,,(unknown),,,,,,,,,,,
209,9798901946251,"Gulfstream: Speed, Status, and the Long-Thin Market",$25.00,,https://www.ebay.co.uk/itm/298569926881,,,,,,,Independently Published,,,,,,,,,,,145
2215,9783758322990,Deutsch C1 Hochschule - Deutsch C1 * 90 Zitate für die mündliche Prüfung: Übersetzt ins Englische - Persische- Türkische- Ukrainische und Russische (German Edition),$25.00,,https://www.amazon.co.uk/Deutsch-Hochschule-Persische-T%C3%BCrkische-Ukrainische/dp/3758322995,,,,,,,Books on Demand,,,,,,,,,,,1
2611,9781472641205,Crux Signed Edition,$25.00,,https://www.amazon.co.uk/Crux-Signed-Gabriel-Tallent/dp/1472641205,,,,,,,(unknown),,,,,,,,,,,
172,9781923625044,Ahead of Its Time: The Porsche 959 Story,$25.00,,,,,,,,,Independently Published,,,,,,,,,,,145
173,9781923570764,Airbus: Building Europe's Airliner Empire,$25.00,,,,,,,,,Independently Published,,,,,,,,,,,145
177,9781923570740,Atr: Turboprop Titan - The Global Story of Regional Aviation's Quiet Powerhouse,$25.00,,,,,,,,,Independently Published,,,,,,,,,,,145
182,9781923545946,Bronco Back: The Story of Ford's Off-Road Icon,$25.00,,,,,,,,,Independently Published,,,,,,,,,,,145
183,9781923593091,"COMAC Rising: C919, CR929 and China's Airliner Ambition",$25.00,,,,,,,,,Independently Published,,,,,,,,,,,145
188,9781923593237,Codebreakers: The Secret War of Intelligence,$25.00,,,,,,,,,Independently Published,,,,,,,,,,,145
189,9781923570801,Concorde: The Rise and Fall of Supersonic Passenger Flight,$25.00,,,,,,,,,Independently Published,,,,,,,,,,,145
190,9798901946244,Dassault: From Mirage to Rafale-France's Fighter Factory,$25.00,,,,,,,,,Independently Published,,,,,,,,,,,145
210,9781970852172,Hawker Siddeley: The Forgotten Giant of British Aerospace,$25.00,,,,,,,,,Independently Published,,,,,,,,,,,145
225,9781923570979,"Lancaster vs. B-17: Strategy, Strengths, Sacrifices",$25.00,,,,,,,,,Independently Published,,,,,,,,,,,145
232,9781923593701,Li Auto's Family Rocketship: The Extended-Range EV as a Category Hack,$25.00,,,,,,,,,Independently Published,,,,,,,,,,,145
240,9781923570689,"McDonnell Douglas: The Rise, the Merger, the Legacy",$25.00,,,,,,,,,Independently Published,,,,,,,,,,,145
264,9781923593817,Stellantis × Leapmotor: Europe's Backdoor to China,$25.00,,,,,,,,,Independently Published,,,,,,,,,,,145
270,9781923570931,Tenerife 1977: How Two 747s Changed Safety Forever,$25.00,,,,,,,,,Independently Published,,,,,,,,,,,145
282,9798901940099,"The Machines That Changed Air Combat: The F-86 Sabre, MiG-15, and the Jet Duel Over Korea (Blueprints of the Modern Age)",$25.00,,,,,,,,,Independently Published,,,,,,,,,,,145
2669,9780536680594,English Department Writing Guide,$25.00,,,,,,,,,(unknown),,,,,,,,,,,
3074,9781970852981,"Swap, Don't Wait: NIO and the Infrastructure-First EV Model",$25.00,,,,,,,,,(unknown),,,,,,,,,,,
2404,9798246997130,Killzone: A Vietnam War Story,$24.00,,https://www.worldofbooks.com/en-gb/products/killzone-book-j-t-maddox-9798246997130,,,,,,,Vector Zero Press,,,,,,,,,,,1
1307,9798233104657,L'Accident (French Edition),$24.00,,https://www.amazon.com/LAccident-French-Christian-Soleil/dp/129174939X/ref=tmm_pap_swatch_0,,,,,,,Cosmo Edition,,,,,,,,,,,11
2374,9781960505644,Pennsbury Pride: Alumni Share Stories of Military Service,$24.00,,https://www.amazon.com/dp/B0CH2CQR89?lv=shuf&language=es&channelId=500&plpRedirect=mhFallback,,,,,,,Stillwater River Publications,,,,,,,,,,,1
276,9781923570146,The Continental Line: Lincoln's American Luxury,$24.00,,https://www.amazon.co.uk/Continental-Line-Lincolns-American-Luxury/dp/1923570145,,,,,,,Independently Published,,,,,,,,,,,145
175,9798247178446,"Amok & Terror – Eigensicherung und Überleben: Das Praxis-Handbuch für Notfallpläne, Taktik und Prävention in Unternehmen, Schulen und im Alltag (German Edition)",$24.00,,,,,,,,,Independently Published,,,,,,,,,,,145
202,9781923570955,"F-22 & F-35: Stealth, Software, and Sustainment",$24.00,,,,,,,,,Independently Published,,,,,,,,,,,145
213,9798271130793,Is Britain's Economy Broken?: How Labour's Rule Fuels Britain's Far-Right Revival: Keir Starmer’s Ascendancy and the UK Reform Rise,$24.00,,,,,,,,,Independently Published,,,,,,,,,,,145
236,9798278426363,MARION : Lettre de Machiavel à l'Exilée qui voulait reprendre le trône par la force (French Edition),$24.00,,,,,,,,,Independently Published,,,,,,,,,,,145
248,9798263421557,"Nvidia and the AI Power: How Nvidia’s Dominance Drives Markets, Raises Geopolitical Stakes, and Defines the Future of AI Infrastructure",$24.00,,,,,,,,,Independently Published,,,,,,,,,,,145
251,9781923570535,Paddles & Politics: Ping-Pong Diplomacy Revisited,$24.00,,,,,,,,,Independently Published,,,,,,,,,,,145
252,9781923570634,Peerless: America's Silent Luxury Rival,$24.00,,,,,,,,,Independently Published,,,,,,,,,,,145
272,9798254113126,The American Reset: Why America Wins,$24.00,,,,,,,,,Independently Published,,,,,,,,,,,145
296,9781923593121,"V-Bombers: Vulcan, Victor, Valiant-Britain's Nuclear Air Plan",$24.00,,,,,,,,,Independently Published,,,,,,,,,,,145
1300,9798233515767,"Daiyama, la Forêt des Murmures (French Edition)",$24.00,,,,,,,,,Cosmo Edition,,,,,,,,,,,11
1301,9798232941529,"Daniyama, la Forêt des Murmures",$24.00,,,,,,,,,Cosmo Edition,,,,,,,,,,,11
1305,9798232375904,"Fortuna, Jules César face à son destin",$24.00,,,,,,,,,Cosmo Edition,,,,,,,,,,,11
1306,9798232901684,Histoire de la mélancolie (French Edition),$24.00,,,,,,,,,Cosmo Edition,,,,,,,,,,,11
1543,9798232174392,Aerodinámica de alta velocidad (Aviación) (Spanish Edition),$24.00,,,,,,,,,Aviation Bookstore,,,,,,,,,,,4
1545,9798233493515,Multimotor y CRM (Aviación) (Spanish Edition),$24.00,,,,,,,,,Aviation Bookstore,,,,,,,,,,,4
2026,9781944066291,Brian Barder’s Diplomatic Diary,$24.00,,,,,,,,,Donelson Press,,,,,,,,,,,1
2112,9798257964732,"La peste del 1630 a Bologna: In appendice: Pietro Moratti - Racconto de gli ordini e provisioni fatte ne’ Lazaretti in Bologna, e suo Contado in tempo del Contagio dell’anno 1630 (Italian Edition)",$24.00,,,,,,,,,In riga edizioni,,,,,,,,,,,1
2157,9788412387599,El materialismo militante y otros textos,$24.00,,,,,,,,,Libros Corrientes,,,,,,,,,,,1
2296,9789873729058,Platón ama a Dion. Filosofía del lenguaje en el estoicismo (Spanish Edition),$24.00,,,,,,,,,Rhesis,,,,,,,,,,,1
2455,9798278893288,1808: La primavera que faltaron flores (Imperialia — Historia Viva) (Spanish Edition),$24.00,,,,,,,,,(unknown),,,,,,,,,,,
2717,9798245922515,"Guide de l'utilisateur d'Autodesk Fusion 360 pour débutants: Un manuel pratique du débutant au professionnel sur la CAO, la FAO, la simulation et la fabrication (French Edition)",$24.00,,,,,,,,,(unknown),,,,,,,,,,,
2896,9781838355807,No somos tan malos (Spanish Edition),$24.00,,,,,,,,,(unknown),,,,,,,,,,,
2955,9798235216648,"Philosophy of Science: The Foundations of Scientific Knowledge, Including the Demarcation Problem, Falsification, Paradigm Shifts, and the Debate over ... Discovers Truth (Philosophical Movements)",$24.00,,,,,,,,,(unknown),,,,,,,,,,,
2980,9798279310456,ROBO-GRANDCHILDREN: Technology And Care In An Aging World,$24.00,,,,,,,,,(unknown),,,,,,,,,,,
3007,9798279294008,SECRETS BENEATH THE SURFACE: Life in the Ocean’s Hidden World,$24.00,,,,,,,,,(unknown),,,,,,,,,,,
3048,9783642026560,Software Composition,$24.00,,,,,,,,,(unknown),,,,,,,,,,,
3090,9798257382888,"THE LOCK PICKING ESSENTIAL GUIDE: Practical Blueprint for Understanding Pin Tumblers, Decoding Cylinders, and Mastering the Art of Locksport",$24.00,,,,,,,,,(unknown),,,,,,,,,,,
3148,9798244045284,The New World Order: The Impact of social Media on New World Order,$24.00,,,,,,,,,(unknown),,,,,,,,,,,
2106,9781684059553,BLOOM COUNTY LIBRARY,$23.94,,,,,,,,,IDW Publishing,,,,,,,,,,,1
1919,9781997503101,"بالشت پَرم شوهر: My Husband, My Feather Pillow (Persian Edition)",$23.00,,https://www.abebooks.com/book-search/isbn/9781997503101/,,,,,,,Asemana Books,,,,,,,,,,,1
214,9781923525207,"Italian Café Culture & Scooters: Vespa, Lambretta, and the Postwar Mobility Boom in Italy",$23.00,,,,,,,,,Independently Published,,,,,,,,,,,145
1992,9781972884003,American Soccer Cartel: The System Rigged America’s World Cup Chances (DASH Research Series),$23.00,,,,,,,,,Cinderpoint Press,,,,,,,,,,,1
2015,9781966625728,Six Against Tyranny: The Tablet of Omainu,$23.00,,,,,,,,,Defiance Press & Publishing,,,,,,,,,,,1
2192,9781957840451,Brave River,$23.00,,,,,,,,,Mouthfeel Press,,,,,,,,,,,1
3149,9781983788444,The Old Curiosity Shop,$23.00,,,,,,,,,(unknown),,,,,,,,,,,
2072,9783961325252,"Vorderes Zillertal, Achensee - Alpbachtal, Wildschönau = Vorderes Zillertal, Achensee - Alpbachtal, Wildschönau",$22.80,,https://www.amazon.com/dp/3961325251?lv=shuf&language=he&channelId=500&plpRedirect=mhFallback,,,,,,,Freytag-Berndt,,,,,,,,,,,1
3123,9798223087397,The Dominant One,$22.80,,https://www.amazon.com/Dominant-One-Bending-Suspense-Horror/dp/B0CJLL2BPH/ref=tmm_pap_swatch_0,,,,,,,(unknown),,,,,,,,,,,
2752,9798231587964,"I, BERNAL DÍAZ DEL CASTILLO My True History of the Conquest of New Spain",$22.80,,https://www.amazon.com/BERNAL-D%C3%8DAZ-DEL-CASTILLO-Historical/dp/B0DHLNC1VR/ref=tmm_pap_swatch_0,,,,,,,(unknown),,,,,,,,,,,
372,9798232479244,The Stranger of Konya: Shams-i-Tabrizi,$22.80,,https://www.amazon.co.uk/Stranger-Konya-Shams-i-Tabrizi-Michael-Webster/dp/B0G36TH252,,,,,,,Michael Webster,,,,,,,,,,,78
227,9798258119377,"Last Shift on Crawfordsville Road: The Unsolved Murders of Four Burger Chef Workers in Speedway, Indiana",$22.80,,https://www.amazon.co.uk/Last-Shift-Crawfordsville-Road-Unsolved/dp/B0GXW9XVLY,,,,,,,Independently Published,,,,,,,,,,,145
2413,9798227234940,Basic English in 30 Days (English from A1 to C1),$22.80,,https://www.amazon.co.uk/Basic-English-30-Days-A1/dp/B0DKVBCKZV,,,,,,,Vladyslav Obzha,,,,,,,,,,,1
2045,9789878928395,La gravedad y la gracia (Spanish Edition),$22.80,,https://www.abebooks.de/gravedad-gracia-Weil-Simone-D%C3%ADaz-Gallinal/32373470465/bd,,,,,,,"Editorial Trotta, S.A.",,,,,,,,,,,1
271,9798247730293,"The Agentic Internet: Identity, Reputation, and Risk for Machine Users",$22.80,,,,,,,,,Independently Published,,,,,,,,,,,145
301,9798233858215,A Life in Balance: Dr. Elsie Widdowson,$22.80,,,,,,,,,Michael Webster,,,,,,,,,,,78
310,9798232588434,"One Life, Two Careers: Harriet Quimby",$22.80,,,,,,,,,Michael Webster,,,,,,,,,,,78
314,9798231199266,"Queen Bess, The Sky's First Lady: Bessie Coleman",$22.80,,,,,,,,,Michael Webster,,,,,,,,,,,78
315,9798232491413,Seeing the Invisible: Dr. Paul Lauterbur,$22.80,,,,,,,,,Michael Webster,,,,,,,,,,,78
318,9798233985652,The Arc and the Vote: Hertha Ayrton,$22.80,,,,,,,,,Michael Webster,,,,,,,,,,,78
320,9798232767570,The Architect of Inheritance: Thomas Hunt Morgan,$22.80,,,,,,,,,Michael Webster,,,,,,,,,,,78
321,9798224072866,The Architect of Measured Industry: Henri Tresca,$22.80,,,,,,,,,Michael Webster,,,,,,,,,,,78
324,9798232864040,The Architect of the Digital Age: Maurice Wilkes,$22.80,,,,,,,,,Michael Webster,,,,,,,,,,,78
327,9798233270772,The Blueprint of the Molecular World: William N. Lipscomb,$22.80,,,,,,,,,Michael Webster,,,,,,,,,,,78
330,9798232286866,The Doctor Who Gave Second Chances: Dr. Joseph Murray,$22.80,,,,,,,,,Michael Webster,,,,,,,,,,,78
331,9798215787656,The Electric Wind: William Kamkwamba,$22.80,,,,,,,,,Michael Webster,,,,,,,,,,,78
333,9798232732172,The Engine of Life: William Harvey,$22.80,,,,,,,,,Michael Webster,,,,,,,,,,,78
335,9798233264832,The Evolutionary Bridge: Theodosius Dobzhansky,$22.80,,,,,,,,,Michael Webster,,,,,,,,,,,78
336,9798233773686,The Father of the Silent Service: John P. Holland,$22.80,,,,,,,,,Michael Webster,,,,,,,,,,,78
337,9798232825355,The First Auteur: Alice Guy-Blaché,$22.80,,,,,,,,,Michael Webster,,,,,,,,,,,78
340,9798231767298,The Harlem Paradox: Harlem Hellfighters 369th Infantry,$22.80,,,,,,,,,Michael Webster,,,,,,,,,,,78
341,9798233254239,The Heart of the Matter: Dr. Daniel Hale Williams,$22.80,,,,,,,,,Michael Webster,,,,,,,,,,,78
345,9798232155407,The Jurist Who Met the Vikings: The Journey of Ahmad ibn Fadlan,$22.80,,,,,,,,,Michael Webster,,,,,,,,,,,78
347,9798232827199,The Late Bloom: Ynes Mexia,$22.80,,,,,,,,,Michael Webster,,,,,,,,,,,78
348,9798231227846,The Man Who Armed a Movement with Truth: Dr. Charles S. Johnson,$22.80,,,,,,,,,Michael Webster,,,,,,,,,,,78
351,9798232844035,The Man Who Made the Future: Leo Baekeland,$22.80,,,,,,,,,Michael Webster,,,,,,,,,,,78
357,9798232892487,The Man Who United the Universe: James Clerk Maxwell,$22.80,,,,,,,,,Michael Webster,,,,,,,,,,,78
361,9798232885373,The Only Female Emperor of China: Wu Zetian,$22.80,,,,,,,,,Michael Webster,,,,,,,,,,,78
367,9798215112380,The Rocket Chemist: Mary Sherman Morgan,$22.80,,,,,,,,,Michael Webster,,,,,,,,,,,78
371,9798233010323,The Star-Gazing Chemist: Sir William Huggins,$22.80,,,,,,,,,Michael Webster,,,,,,,,,,,78
374,9798232505783,The Ultimate Tinkerer: William Lear,$22.80,,,,,,,,,Michael Webster,,,,,,,,,,,78
377,9798232925758,The Woman Who Outsmarted the Experts: Zelia Nuttall,$22.80,,,,,,,,,Michael Webster,,,,,,,,,,,78
1428,9798232270124,સ્પંદન (Gujarati Edition),$22.80,,,,,,,,,Nirmohi Publication,,,,,,,,,,,7
1618,9789403705774,German Vocabulary Builder: Learn 10 German Words a Day for 7 Weeks A Comprehensive Guide for Children and Beginners to Learn German Learn German Language,$22.80,,,,,,,,,de Fryske Wrald,,,,,,,,,,,3
1913,9798232137472,Taken on October 7 A Survivor's Testament,$22.80,,,,,,,,,Ariel Ben-Ami,,,,,,,,,,,1
2452,9798258611673,"1000+ Whys Kids Book: Real Answers, Surprising Facts and Mind-Blowing Discoveries About Science, Space, Animals, Nature, and the World for Curious Kids (Ages 6-12)",$22.80,,,,,,,,,(unknown),,,,,,,,,,,
2539,9798253995778,"Before Midnight on Anderson Lane: The 1991 Yogurt Shop Murders, False Confessions, and the DNA Breakthrough That Rewrote the Case",$22.80,,,,,,,,,(unknown),,,,,,,,,,,
2547,9798268937398,"Blockchain DApp Development with Truffle and Solidity: Build Secure, Reliable, and Gas-Efficient Decentralized Applications (NextGen Codex)",$22.80,,,,,,,,,(unknown),,,,,,,,,,,
2586,9798262459186,Civil Unrest: A Practical Survival Guide,$22.80,,,,,,,,,(unknown),,,,,,,,,,,
2604,9798248096787,Constitutional and Administrative Law: A Concise Introduction to Public Authority and Administrative Justice,$22.80,,,,,,,,,(unknown),,,,,,,,,,,
2690,9798259228306,France Before the Fall: How Inequality and Poor Decisions Ignited the French Revolution Under Louis XVI,$22.80,,,,,,,,,(unknown),,,,,,,,,,,
2775,9798291943137,Ireland Tour Essentials,$22.80,,,,,,,,,(unknown),,,,,,,,,,,
2800,9798255828395,"LASER-GRBL USER GUIDE 2026: Learn Parameters, Workflows, and Practical Tips for Accurate Engravings (German Edition)",$22.80,,,,,,,,,(unknown),,,,,,,,,,,
3070,9798277772935,"Superheroes of American History: True Inspiring Stories and Facts for Kids to Discover Courage, Kindness, and the Heroes Who Shaped America",$22.80,,,,,,,,,(unknown),,,,,,,,,,,
3138,9798243104487,"The Legal System of Northern Ireland: An Essential Guide to the Law, Constitutional Governance, and Legal Institutions of Northern Ireland",$22.80,,,,,,,,,(unknown),,,,,,,,,,,
3139,9798233946592,The Liquid of Life: Dr. Charles Drew,$22.80,,,,,,,,,(unknown),,,,,,,,,,,
3170,9798254926351,The Unwritten Rulebook: Strategic Insights For Special Education Directors,$22.80,,,,,,,,,(unknown),,,,,,,,,,,
3174,9798261770640,The Zorg: How a Brutal Slave Ship's Massacre of Innocents Ignited the Greatest Moral Revolution in History,$22.80,,,,,,,,,(unknown),,,,,,,,,,,
3222,9798272392022,WW2: HITLER’S BIGGEST BLUNDERS: THE UNTOLD STORY OF HOW THE THIRD REICH BEGAN TO FALL,$22.80,,,,,,,,,(unknown),,,,,,,,,,,
2012,9781616559113,The Art of Mirror's Edge: Catalyst,$22.67,,,,,,,,,Dark Horse Comics,,,,,,,,,,,1
255,9781923432055,Race Wars: The Transatlantic Rivalry,$22.00,,,,,,,,,Independently Published,,,,,,,,,,,145
2009,9781962896795,An American Girl,$22.00,,,,,,,,,Cutting Edge Books,,,,,,,,,,,1
2167,9798233084690,Cena Za Iluzi (Czech Edition),$22.00,,,,,,,,,Lubomir Jano,,,,,,,,,,,1
2440,9781914002649,A Jew in Hitler’s Army: The Story of Tony Chuwen,$22.00,,,,,,,,,Words By Design,,,,,,,,,,,1
2966,9788478017294,Problemas de Hidráulica para riegos,$22.00,,,,,,,,,(unknown),,,,,,,,,,,
1905,9798233073472,The Sign of Four: Dyslexia-Friendly Edition,$21.48,,https://www.amazon.com/SIGN-FOUR-DYSLEXIA-FRIENDLY-ARTHUR-CONAN-DOYLE/dp/B0CL7RGZJ1/ref=tmm_pap_swatch_0,,,,,,,Angry Swan Press,,,,,,,,,,,1
1634,9798305355406,Tiefe Wolken (German Edition),$21.48,,https://www.amazon.com/dp/B0DXD27TR4?lv=shuf&channelId=500&plpRedirect=mhFallback,,,,,,,NA ONE PRESS,,,,,,,,,,,3
2516,9798309472451,Anansi and The First Jamaicans: Taino Tales: Discovering Jamaica,$21.48,,https://www.amazon.com/dp/B0DWFS2X35?lv=shuf&language=zh_TW&channelId=500&plpRedirect=mhFallback,,,,,,,(unknown),,,,,,,,,,,
3127,9798397359597,The First Time Traveller's Guide to Ireland: A Complete Pocket Travel Guide to Discover Ireland,$21.48,,https://www.amazon.com/dp/B0C6VZ7J6V?lv=shuf&channelId=500&plpRedirect=mhFallback,,,,,,,(unknown),,,,,,,,,,,
2466,9798232600211,A Christmas Carol: Dyslexia-Friendly Edition,$21.48,,https://www.amazon.com/CHRISTMAS-CAROL-PROSE-DYSLEXIA-FRIENDLY/dp/B0CDK1VD2J/ref=tmm_pap_swatch_0,,,,,,,(unknown),,,,,,,,,,,
1632,9798714881695,Nubes bajas (Spanish Edition),$21.48,,https://www.amazon.co.uk/Nubes-bajas-N%C3%BAria-A%C3%B1%C3%B3/dp/B095M37BWF,,,,,,,NA ONE PRESS,,,,,,,,,,,3
1633,9798341001121,The Dead Writer,$21.48,,https://www.amazon.co.uk/Dead-Writer-N%C3%BAria-A%C3%B1%C3%B3/dp/B0DKDR33J8,,,,,,,NA ONE PRESS,,,,,,,,,,,3
192,9798292424666,"Die große Verdrängung: Was werden Sie tun, wenn Ihr Job nicht mehr existiert? (German Edition)",$21.48,,,,,,,,,Independently Published,,,,,,,,,,,145
218,9798257450655,"L'aldilà nel Paganesimo Romano: Vita dopo la morte degli antichi romani: religione, filosofia e tradizioni sull’oltretomba (Italian Edition)",$21.48,,,,,,,,,Independently Published,,,,,,,,,,,145
1425,9798232719968,ભીતર સુધી (Gujarati Edition),$21.48,,,,,,,,,Nirmohi Publication,,,,,,,,,,,7
1427,9798231988006,સારથીનો સ્પર્શ થતાં (Gujarati Edition),$21.48,,,,,,,,,Nirmohi Publication,,,,,,,,,,,7
1603,9788126137305,Anmol Publications Pvt Ltd Basics of Photochemistry,$21.48,,,,,,,,,Anmol Publications Pvt Ltd,,,,,,,,,,,3
1638,9784824109668,Conspiracy (The Fourth Age Shadow Wars),$21.48,,,,,,,,,Next Chapter,,,,,,,,,,,3
1768,9798304465205,Library Sketches: Reflections on the would-be society,$21.48,,,,,,,,,Independent,,,,,,,,,,,2
1878,9789988953812,Little Kwame's Big Mystery,$21.48,,,,,,,,,Adwinsa Publications,,,,,,,,,,,1
2208,9789789820566,"VOICE OF NIGERIA AT THIRTY, QUO VADIS?",$21.48,,,,,,,,,Niche Media Ltd,,,,,,,,,,,1
2493,9798259251687,"AI Agents With LangChain & LangGraph for Absolute Beginners and Expert: Build Autonomous AI Systems Fast Using Python, RAG, and Multi-Agent ... and Machine Learning Mastery with Python)",$21.48,,,,,,,,,(unknown),,,,,,,,,,,
2617,9798297254947,"DECODING THE MONTANA CONSTITUTION: Articles, Amendments, And Legal Frameworks Explained",$21.48,,,,,,,,,(unknown),,,,,,,,,,,
2709,9798263772192,"Goldie Hawn: A Life of Laughter, Love, and Legacy Goldie",$21.48,,,,,,,,,(unknown),,,,,,,,,,,
2745,9789365578355,"History of Science, Technology, and Medicine in India (HISTEM)",$21.48,,,,,,,,,(unknown),,,,,,,,,,,
3085,9789390647880,TEXTBOOK ON PROBLEMATIC SOILS & THEIR MANAGEMENT,$21.36,,,,,,,,,(unknown),,,,,,,,,,,
2658,9781911477280,Ecocritical Interpretation: The AQA English Literature A Level Theory and Independence Component,$21.00,,https://www.abebooks.co.uk/Ecocritical-Interpretation-AQA-English-Literature-Level/32484228419/bd,,,,,,,(unknown),,,,,,,,,,,
2120,9798218254391,Breaking Silences: The Memoir of Hospital Corpsman HM2 John David Kerr at the Battle of Khe Sanh,$20.28,,https://www.amazon.com/dp/B0CGC52JQZ?lv=shuf&channelId=500&plpRedirect=mhFallback,,,,,,,J & a Publishing,,,,,,,,,,,1
231,9798246691878,Leonardtown and the Silent Widow: The Unsolved Murder of Henrietta Ragan and a Community Bound by Secrets (Lives and Legacies Through Time),$20.28,,https://www.abebooks.co.uk/book-search/isbn/9798246691878/n/100121501,,,,,,,Independently Published,,,,,,,,,,,145
181,9798296758781,Big B The Bully Slayer,$20.28,,,,,,,,,Independently Published,,,,,,,,,,,145
184,9798241520159,"Call Centers: System of Apparent Blame (SAB): Management, supervision, QA, and training failures in call centers—and why the real problem lies in the system",$20.28,,,,,,,,,Independently Published,,,,,,,,,,,145
195,9798247370253,El vacío existencial tiene nombre: Orfandad (Spanish Edition),$20.28,,,,,,,,,Independently Published,,,,,,,,,,,145
247,9798245814667,Non collaborativo (Italian Edition),$20.28,,,,,,,,,Independently Published,,,,,,,,,,,145
256,9798250922128,Radium Girls: The True Story of Corporate Deceit and the Women Who Fought for Modern Workplace Safety,$20.28,,,,,,,,,Independently Published,,,,,,,,,,,145
280,9798264037948,The Great Decoupling: How U.S.–China Rivalry and Economic Nationalism Are Breaking the World Apart,$20.28,,,,,,,,,Independently Published,,,,,,,,,,,145
289,9798268753554,The War to End All Wars: Ending the Lie of Human Inferiority,$20.28,,,,,,,,,Independently Published,,,,,,,,,,,145
1639,9784824109651,Conspiracy (The Fourth Age Shadow Wars),$20.28,,,,,,,,,Next Chapter,,,,,,,,,,,3
1899,9798232365738,All About Friendship: A Kid's Guide to Being a Great Friend (Knowledge Books for Kids),$20.28,,,,,,,,,Anam Rasheed,,,,,,,,,,,1
1978,9798232189792,Our Doggie Delinquents,$20.28,,,,,,,,,Celeen Pub,,,,,,,,,,,1
2051,9783907369241,Inframince / Infradünn: 036,$20.28,,,,,,,,,Engeler Urs Editor,,,,,,,,,,,1
2373,9798232192846,Facing Injustice The Story of Dr. Aafia Siddiqui,$20.28,,,,,,,,,Stephen Carver,,,,,,,,,,,1
2393,9783842011250,Sword Art Online - Novel 12,$20.28,,,,,,,,,TOKYOPOP Verlag,,,,,,,,,,,1
2672,9781536876789,Erewhon,$20.28,,,,,,,,,(unknown),,,,,,,,,,,
2693,9798268266740,From Confusion to Clarity: Understanding Crypto and DeFi Without the Hype,$20.28,,,,,,,,,(unknown),,,,,,,,,,,
2696,9789365575507,Fundamentals of Entrepreneurship and E-commerce,$20.28,,,,,,,,,(unknown),,,,,,,,,,,
2740,9798244358438,Hidden Origins of the Sacred Hand,$20.28,,,,,,,,,(unknown),,,,,,,,,,,
2876,9798257598623,My Killer Father: The Green Hollow Murders: Revealing The Shocking Family Secret Lucy Studey McKiddy Finally Broke Open After Decades of Silence,$20.28,,,,,,,,,(unknown),,,,,,,,,,,
2947,9798257467714,Paths From The Garden Within: Unveiling learning an original approach,$20.28,,,,,,,,,(unknown),,,,,,,,,,,
2969,9798332873072,Project 2025: Blueprint for America's Future,$20.28,,,,,,,,,(unknown),,,,,,,,,,,
2974,9798273466517,QUANTUM PHYSICS FOR KIDS: A Fun Guide through Quantum Physics,$20.28,,,,,,,,,(unknown),,,,,,,,,,,
3088,9798254562221,THE DECONSTRUCTION ZONE: Questioning What You Were Told to Believe,$20.28,,,,,,,,,(unknown),,,,,,,,,,,
3103,9789365574265,Teacher Counsellor,$20.28,,,,,,,,,(unknown),,,,,,,,,,,
3140,9798259368736,The Man and The Myth: How Charles Manson Was Convicted and the Secrets of the Manson Family,$20.28,,,,,,,,,(unknown),,,,,,,,,,,
3155,9798247352747,The Scream Murder: Cassie Jo Stoddart And The Night That Changed Pocatello Beyond Repair,$20.28,,,,,,,,,(unknown),,,,,,,,,,,
3167,9798253990735,The Truth And Tragedy Of Moriah Wilson: A Remarkable Journey of a Cyclist Who Lived with Electric Spirit and Left an Enduring Light,$20.28,,,,,,,,,(unknown),,,,,,,,,,,
3202,9798257788413,Understandings From CounterWeights: Journey of discovery in book education,$20.28,,,,,,,,,(unknown),,,,,,,,,,,
3236,9798258077349,Young Washington True Story: One Young Man’s Journey From Frontier Ambition To Enduring Legend,$20.28,,,,,,,,,(unknown),,,,,,,,,,,
283,9798181006737,The Magic Mountain: A New Translation,$20.00,,,,,,,,,Independently Published,,,,,,,,,,,145
1389,9798892674638,"¡No joda, señor Murillo, decídase! (Entrevistas a un genio rebelde) (Spanish Edition)",$20.00,,,,,,,,,Erandique Literatura,,,,,,,,,,,8
1611,9782322583256,Et si les solutions existaient déjà pour transformer notre monde ?: Identifier et partager les innovations éthiques pour bâtir une société meilleur (French Edition),$20.00,,,,,,,,,Bod - Books on Demand,,,,,,,,,,,3
1617,9783758411052,60 Short Stories in Danish A Dual-Language Book in English and Danish: A Danish Learning Book for Children and Beginners Learn Danish Language Through ... Stories for Young Minds English - Danish,$20.00,,,,,,,,,de Fryske Wrald,,,,,,,,,,,3
2003,9783061212926,Treffpunkt. Deutsch als Zweitsprache in Alltag & Beruf A1. Teilband 02 - Übungsbuch,$20.00,,,,,,,,,Cornelsen Verlag GmbH & Co,,,,,,,,,,,1
2037,9783991970187,Englisch lernen mit lustigen Kurzgeschichten (A2-B1) — The Therapy Alpacas of Truro: Englisch lesen und alles verstehen — ohne Wörterbuch | Frank-Lesemethode mit Audio | Englisch-Deutsch,$20.00,,https://www.iberlibro.com/Englisch-lernen-lustigen-Kurzgeschichten-A2-B1-Therapy/32456926307/bd,,,,,,,EasyOriginal Verlag,,,,,,,,,,,1
2951,9781105271496,"People Skills For kids: How to Communicate Clearly, Build Confidence, and Connect with Others",$20.00,,,,,,,,,(unknown),,,,,,,,,,,
2953,9780815108269,Perioperative educator's resource manual,$20.00,,,,,,,,,(unknown),,,,,,,,,,,
224,9781790867271,La mirada del hijo (Spanish Edition),$19.00,,https://www.amazon.com/dp/1790867274?lv=shuf&channelId=500&plpRedirect=mhFallback,,,,,,,Independently Published,,,,,,,,,,,145
259,9798180816313,"Retirement Planning for the 21st Century: A Practical Guide to Financial Security, Tax Savings, and Lifetime Income",$19.00,,,,,,,,,Independently Published,,,,,,,,,,,145
1384,9798892674591,"Diarios de trabajo, el Bolívar descalzo, Loubavagu y La danza con las almas (Spanish Edition)",$19.00,,https://www.amazon.com/dp/B0FQLCDZ1S?lv=shuf&language=he&channelId=500&plpRedirect=mhFallback,,,,,,,Erandique Literatura,,,,,,,,,,,8
1386,9798892674003,El caso de Riccy Mabel (Creo que nadie es capaz de mentir) (Spanish Edition),$19.00,,,,,,,,,Erandique Literatura,,,,,,,,,,,8
1652,9781977253910,The Daughter,$19.00,,,,,,,,,Outskirts Press,,,,,,,,,,,3
1733,9781923224810,Stanley Melbourne Bruce: Institution Builder (Australian Biographical Monograph),$19.00,,,,,,,,,Connor Court Publishing,,,,,,,,,,,2
2021,9798235470835,Berlin: Through A Spy's Eyes (The Espionage Atlas Travel Guides),$19.00,,,,,,,,,Directorate Press,,,,,,,,,,,1
2172,9781940220543,A Diplomat's Solitude,$19.00,,https://www.amazon.com/dp/1940220548?lv=shuf&channelId=500&plpRedirect=mhFallback,,,,,,,M-Graphics Pub.,,,,,,,,,,,1
2203,9781926780627,إمبراطورية رابح (Arabic Edition),$19.00,,,,,,,,,Neelan,,,,,,,,,,,1
2286,9798899330063,The Flood of Remembrance: Essays,$19.00,,https://www.amazon.com/dp/B0FQHNKK1L?lv=shuf&channelId=500&plpRedirect=mhFallback,,,,,,,Redhawk Publications,,,,,,,,,,,1
2506,9798181051867,"African Skies: How an Ex-Navy Top Gun Became Entangled in War, Coups and Diamonds in Africa (Dangerous Skies)",$19.00,,https://www.amazon.co.uk/African-Skies-Ex-Navy-Entangled-Diamonds/dp/B0H4TP369N,,,,,,,(unknown),,,,,,,,,,,
2636,9781913769437,Devil In Me,$19.00,,,,,,,,,(unknown),,,,,,,,,,,
3032,9798892673570,Seis grandes piezas teatrales (Obra completa Tomo I),$19.00,,,,,,,,,(unknown),,,,,,,,,,,
159,9798243468602,"10th Grade Science: Physical Science, Earth Science, Environmental Science & Biology (The Complete Science Curriculum: K-12)",$18.96,,,,,,,,,Independently Published,,,,,,,,,,,145
163,9798275964578,"5th Grade English: Foundations of Reading, Writing & Communication (Grades K-12 English Curriculum - Elementary to High School English Language Arts Textbooks for Schoo)",$18.96,,,,,,,,,Independently Published,,,,,,,,,,,145
164,9798243467032,"6th Grade Science: Complete Curriculum with Lessons, Reviews & Assessments (The Complete Science Curriculum: K-12)",$18.96,,,,,,,,,Independently Published,,,,,,,,,,,145
165,9798241992536,9th Grade Biology: A Complete High School Science Curriculum (The Complete Science Curriculum: K-12),$18.96,,,,,,,,,Independently Published,,,,,,,,,,,145
176,9798275396256,Ancient Rome For Kids (Kids History Books),$18.96,,,,,,,,,Independently Published,,,,,,,,,,,145
178,9798275895520,Aztec Empire for Kids (Kids History Books),$18.96,,,,,,,,,Independently Published,,,,,,,,,,,145
220,9798277691861,"LA GRAN TORMENTA: B1 Spanish reader for intermediate learners with clear vocabulary support, reading practice, practical exercises and full Spanish audio. (World of Words - Spanish) (Spanish Edition)",$18.96,,,,,,,,,Independently Published,,,,,,,,,,,145
263,9798246834701,"Six Weeks Missing: A Memoir of a Coma, a Secret, and a Life That Wouldn’t Behave",$18.96,,,,,,,,,Independently Published,,,,,,,,,,,145
1915,9789941494635,Georgian Culture of Winemaking (Getting to Know Georgia),$18.96,,,,,,,,,Artanuji Publishing,,,,,,,,,,,1
2141,9789967102170,The Blood Bound Promise: Where Magic Binds And Blood Remembers,$18.96,,,,,,,,,KC Ren,,,,,,,,,,,1
2233,9789694949765,Chinese Made Easy: Spoken Chinese in 100 Lessons,$18.96,,https://www.amazon.co.uk/Chinese-Made-Easy-Spoken-Lessons/dp/9694949769,,,,,,,Paramount Publishing Enterprise,,,,,,,,,,,1
2305,9788188458905,INTRODUCTION TO DATABASES [Paperback] D.S. Sehrawat & Sanjay Sharma,$18.96,,https://www.retailmaharaj.com/products/introduction-to-databases,,,,,,,S.K Kataria & Sons (Distributed by,,,,,,,,,,,1
2574,9798304501149,Cambridge Grammar Grade 6: questions & answers,$18.96,,,,,,,,,(unknown),,,,,,,,,,,
2609,9798268551938,Crave Me,$18.96,,,,,,,,,(unknown),,,,,,,,,,,
2657,9798282199239,Echo Play: The Secret Operations of MACV-SOG and U.S. Special Forces in the Vietnam War,$18.96,,,,,,,,,(unknown),,,,,,,,,,,
2750,9798342672511,Humans: The Breathless Machines,$18.96,,https://www.amazon.com/dp/B0DJWQSP6G?lv=shuf&channelId=500&plpRedirect=mhFallback,,,,,,,(unknown),,,,,,,,,,,
2820,9798315891390,Lost Innocence: The Shocking True Story of the Atlanta Child Murders,$18.96,,,,,,,,,(unknown),,,,,,,,,,,
3023,9798276429595,"Sardegna, terra di leggende: Un viaggio tra i miti, i misteri e le voci dell’isola antica (Italian Edition)",$18.96,,,,,,,,,(unknown),,,,,,,,,,,
3052,9798255938483,"Speak English in 30 Days Fluently: Learn Everyday English, Practice Real Conversations, Think in English & Speak Confidently Without Grammar Stress",$18.96,,,,,,,,,(unknown),,,,,,,,,,,
160,9798275225600,12th Grade English Language Arts: A Complete College-Ready Curriculum (Grades K-12 English Curriculum - Elementary to High School English Language Arts Textbooks for Schoo),$17.76,,,,,,,,,Independently Published,,,,,,,,,,,145
161,9798276801209,"3rd Grade English: Foundations of Reading, Writing & Communication (Grades K-12 English Curriculum - Elementary to High School English Language Arts Textbooks for Schoo)",$17.76,,,,,,,,,Independently Published,,,,,,,,,,,145
193,9798291826959,Dwelling in the In-Between: a Phenomenology of Hybrid Being,$17.76,,https://www.amazon.com/dp/B0FH6P3X93?lv=shuf&language=zh_TW&channelId=500&plpRedirect=mhFallback,,,,,,,Independently Published,,,,,,,,,,,145
216,9798276808758,"Kindergarten Science: Observation, Exploration & Discovery (The Complete Science Curriculum: K-12)",$17.76,,,,,,,,,Independently Published,,,,,,,,,,,145
226,9798242241688,Las cuatro claves para la superación del dolor crónico: Una guía resumida y práctica (Spanish Edition),$17.76,,,,,,,,,Independently Published,,,,,,,,,,,145
228,9798242080744,Le scimmie in RMN? Anche no.: Manuale pratico di sopravvivenza per tecnici di Risonanza Magnetica (Italian Edition),$17.76,,,,,,,,,Independently Published,,,,,,,,,,,145
257,9798291761915,Reclaiming the Promise Buried Beneath “We the People”,$17.76,,,,,,,,,Independently Published,,,,,,,,,,,145
274,9798257010767,The Collapse: How Tyranny Destroys Nations from Within (Vita-Pedia),$17.76,,,,,,,,,Independently Published,,,,,,,,,,,145
286,9798272498328,The Outrage Machine: How Algorithms Hijacked Democracy — and How Citizens Can Take It Back,$17.76,,,,,,,,,Independently Published,,,,,,,,,,,145
293,9798274944496,USA: The Best Country in the World,$17.76,,,,,,,,,Independently Published,,,,,,,,,,,145
298,9798278623816,Where Time Softens: The Coffeehouse Stories,$17.76,,https://www.amazon.com/Where-Time-Softens-Coffeehouse-Stories/dp/B0H2WKWQ2M/ref=tmm_pap_swatch_0,,,,,,,Independently Published,,,,,,,,,,,145
338,9798232330460,The First Minute: Virginia Apgar,$17.76,,,,,,,,,Michael Webster,,,,,,,,,,,78
1619,9789403667881,Leer het jezelf De Friese Taal: Fries Gemakkelijk Gemaakt Geschikt voor Beginners (Dutch Edition),$17.76,,,,,,,,,de Fryske Wrald,,,,,,,,,,,3
2300,9798232420062,"The Race to Indian Territory: Three Railroads, Their Struggle, and Their Ultimate Fates",$17.76,,,,,,,,,Robert Collins,,,,,,,,,,,1
2389,9789966062345,The Political Economy of Elitist Growth: A Proposition for a New Index on Inequalities,$17.76,,,,,,,,,Thryve Africa,,,,,,,,,,,1
2573,9798253992791,California Schemin: The True Story of Billy Boyd and Gavin Bain and the Lie That Almost Destroyed Their Friendship,$17.76,,,,,,,,,(unknown),,,,,,,,,,,
2766,9798248531295,IlPane Invisibile di Allin: In un'Italia post-bellica che non ha pane per tutti (Italian Edition),$17.76,,,,,,,,,(unknown),,,,,,,,,,,
2821,9798263860202,Love across borders: A survival guide for modern long distance relationship,$17.76,,,,,,,,,(unknown),,,,,,,,,,,
2858,9798255680146,"Mastering the Multimeter: A Practical Beginner’s Guide to Measuring Voltage, Current, and Resistance While Troubleshooting Electrical and Electronic Devices",$17.76,,,,,,,,,(unknown),,,,,,,,,,,
2940,9798248802470,POLITICAL POWER: ABSOLUTE POWER CORRUPTS ABSOLUTELY,$17.76,,,,,,,,,(unknown),,,,,,,,,,,
2956,9789388658782,Philosophy of the supreme,$17.76,,https://www.meripustak.com/Philosophy-of-the-Supreme-Vol-1-The-Spiritual-Science-of-God-and-His-Creation-477238?srsltid=AfmBOootpXLyWWwBeCSj-lfOZmJuDBB8wETWogVTE2QRFsZjSJfItKfi,,,,,,,(unknown),,,,,,,,,,,
3072,9798268685701,Sustainable Investing: Aligning Profit with Purpose in a Changing World (The Investing Essentials Library),$17.76,,,,,,,,,(unknown),,,,,,,,,,,
1670,9781529611878,The Sociological Review Monographs 70/4: Sociography: Writing Differently (First Edition),$17.29,,,,,,,,,SAGE Publications Inc,,,,,,,,,,,3
2189,9788195237203,Plant Genetic Engineerig - Recent Methods and Protocols,$17.28,,https://www.jainbookagency.com/newdetails.aspx?id=279280&srsltid=AfmBOorzYCQ2ZCe1rE_26Q49-r0MqjZK2d31rMJyVExjlQ_vPuftNfKM,,,,,,,Medtech,,,,,,,,,,,1
1529,9781032148823,An Introduction to Sociology: Feminist Perspectives (Third Edition),$17.24,,https://www.mypustak.com/book/an-introduction-to-sociology-feminist-perspectives-third-edition-pamela-abbott-claire-wallace-melissa-tyler-9781032148823?2038874=&srsltid=AfmBOopvXOwsbGiTG2lpTLjVrc_yu8sh-_cA0mkGp6I-1si3hDnQTFWf,,,,,,,Routledge (Manohar Publishers & Distributors),,,,,,,,,,,5
1118,9788184047486,Natural Language Processing with Python,$17.04,,,,,,,,,Shroff,,,,,,,,,,,19
1327,9788181478085,Principles Of Fermentation Technology,$17.00,,https://www.abebooks.com/Principles-Fermentation-Technology-Stanbury-P.F-Whitaker/31102075536/bd,,,,,,,Elsevier,,,,,,,,,,,10
1407,9783739988092,"Les cygnes sauvages - Дикі лебіді (français - ukrainien): Livre bilingue pour enfants d'après un conte de fées de Hans Christian Andersen, avec livre ... Illustrés En Deux Langues) (French Edition)",$17.00,,https://atlanticbooks.com/products/les-cygnes-sauvages-1044-1080-1082-1110-1083-1077-1073-1110-1076-1110-francais-ukrainien-livre-bilingue-pour-enfants-dap-9783739988092,,,,,,,Sefa Verlag,,,,,,,,,,,8
1408,9783739987910,"The Wild Swans - De vilde svaner (English - Danish): Bilingual children's book based on a fairy tale by Hans Christian Andersen, with online audio and video (Sefa Picture Books in Two Languages)",$17.00,,https://www.abebooks.co.uk/Wild-Swans-vilde-svaner-English-Danish/32432774263/bd,,,,,,,Sefa Verlag,,,,,,,,,,,8
1409,9783739987903,"The Wild Swans - Els cignes salvatges (English - Catalan): Bilingual children's book based on a fairy tale by Hans Christian Andersen, with online audio and video",$17.00,,https://atlanticbooks.com/products/the-wild-swans-els-cignes-salvatges-english-catalan-bilingual-childrens-book-based-on-a-fairy-tale-by-hans-christian-andersen-with-online-aud-9783739987903,,,,,,,Sefa Verlag,,,,,,,,,,,8
1410,9783739987934,The Wild Swans - Qazqulingên Bejî (English - Kurmanji Kurdish): Bilingual children's book based on a fairy tale by Hans Christian Andersen (Sefa Picture Books in Two Languages),$17.00,,,,,,,,,Sefa Verlag,,,,,,,,,,,8
1411,9783739987880,"The Wild Swans - Οι Άγριοι Κύκνοι (English - Greek): Bilingual children's book based on a fairy tale by Hans Christian Andersen, with online audio and video (Sefa Picture Books in Two Languages)",$17.00,,,,,,,,,Sefa Verlag,,,,,,,,,,,8
1412,9783739987996,The Wild Swans - გარეული გედები (English - Georgian): Bilingual children's book based on a fairy tale by Hans Christian Andersen (Sefa Picture Books in Two Languages),$17.00,,https://atlanticbooks.com/products/the-wild-swans-4306-4304-4320-4308-4323-4314-4312-4306-4308-4307-4308-4305-4312-english-georgian-bilingual-children-9783739987996,,,,,,,Sefa Verlag,,,,,,,,,,,8
1413,9783739987378,The Wild Swans - 야생의 백조 (English - Korean): Bilingual children's book based on a fairy tale by Hans Christian Andersen (Sefa Picture Books in Two Languages),$17.00,,https://atlanticbooks.com/products/the-wild-swans-50556-49373-51032-48177-51312-english-korean-bilingual-childrens-book-based-on-a-fairy-tale-by-hans-christian-ander-9783739987378,,,,,,,Sefa Verlag,,,,,,,,,,,8
1414,9783739977133,"Дикі лебіді – Les cygnes sauvages (українською – французькою): Двомовна дитяча книга за мотивами казки Ганска Крістіана Андерсена, з онлайн аудіо та відео (Ukrainian Edition)",$17.00,,,,,,,,,Sefa Verlag,,,,,,,,,,,8
1920,9783537659019,Chairside-Leistungen in der zahnärztlichen Praxis: Das Kurzverzeichnis,$17.00,,,,,,,,,Asgard Verlag,,,,,,,,,,,1
1952,9781919321608,A Love Letter in a Hammock,$17.00,,https://www.amazon.co.uk/Love-Letter-Hammock-David-Shiels/dp/1919321608,,,,,,,Blackened Lines,,,,,,,,,,,1
1957,9781807384906,"Confessions of an Indie Author: A Collection of Struggles, Missteps, and Complaints",$17.00,,,,,,,,,Bookvault Publishing,,,,,,,,,,,1
2315,9781989963364,Seeking Soteria: Being in Process,$17.00,,https://www.abebooks.com/9781989963364/Seeking-Soteria-Being-Process-Larkin-1989963366/plp,,,,,,,Samizdat Health Writer's Co-operative Inc.,,,,,,,,,,,1
2867,9781973809838,Mistress Branican,$17.00,,,,,,,,,(unknown),,,,,,,,,,,
3069,9781998851799,Sunbathers,$17.00,,https://www.abebooks.com/Sunbathers-McLeod-Lindz-Hedone-Books/32194964786/bd,,,,,,,(unknown),,,,,,,,,,,
212,9798273988378,Home Folks and All the Animals,$16.44,,,,,,,,,Independently Published,,,,,,,,,,,145
297,9798297713130,"Where Being Yields to Ought: Blake, Jeanson, and the Sartrean Void",$16.44,,,,,,,,,Independently Published,,,,,,,,,,,145
299,9798257459849,"Wolves Decoded: Instinct, Intelligence, and The Pack",$16.44,,https://www.amazon.co.uk/Wolves-Decoded-Instinct-Intelligence-Pack/dp/B0GXBN3RCV,,,,,,,Independently Published,,,,,,,,,,,145
1850,9798233024870,500 Must-Have Questions for Mechanical Engineering,$16.44,,,,,,,,,Sunny Virdi,,,,,,,,,,,2
1904,9786500259773,Mankala: O (in)visível presente (Portuguese Edition),$16.44,,https://www.amazon.com/dp/6500259777?lv=shuf&channelId=500&plpRedirect=mhFallback,,,,,,,Angela Linhares,,,,,,,,,,,1
1916,9798232041977,Lake Effect,$16.44,,,,,,,,,Arthur Blackwood,,,,,,,,,,,1
2043,9789930966075,La guerra y yo: La guerra termina y la vida continúa (Spanish Edition),$16.44,,https://www.amazon.com/dp/9930966072?lv=shuf&language=he&channelId=500&plpRedirect=mhFallback,,,,,,,Editorial Eva,,,,,,,,,,,1
2209,9798294924102,The Forged Coupon: A story about how a small evil gives birth to a big one (Annotated),$16.44,,,,,,,,,Publishing House No.10,,,,,,,,,,,1
2256,9798233023620,Next-of-Kin,$16.44,,,,,,,,,Prodigy,,,,,,,,,,,1
2292,9781764550031,"Advance Australia Fairer: Towards Justice, Belonging, and the Common Good",$16.44,,,,,,,,,"Resource Publications, an imprint of Wipf and Stock Publishers",,,,,,,,,,,1
2348,9798230951391,Aquele restaurante junto ao lago (Portuguese Edition),$16.44,,,,,,,,,Sonia Bellido Aguirre,,,,,,,,,,,1
2557,9798255237432,"Businessman Edition for Kids: Become a Money Master! A Fun Guide to Finance, Accounting, and Entrepreneurship (20 Days for Kids: Vipinancy Series)",$16.44,,https://www.amazon.com/dp/B0GWGTD9M2?lv=shuf&channelId=500&plpRedirect=mhFallback,,,,,,,(unknown),,,,,,,,,,,
3130,9798246332528,The Grafted Hearth: A Legacy: Planted in Adversity and Harvested in Hope|Based on a True Story|An Account of the Immigrant Experience|5 x 8 inches|256pages (Echoes of the Hearth series),$16.44,,,,,,,,,(unknown),,,,,,,,,,,
3147,9798258243041,The New Troubles: Why Britain is drifting towards civil conflict,$16.44,,,,,,,,,(unknown),,,,,,,,,,,
1446,9788184895063,Springer India Low Power Design Methodologies,$16.27,,https://www.mypustak.com/book/low-power-design-methodologies-rabaey-jm-9788184895063?1888158&srsltid=AfmBOoq5ln5E8veqwr7aXFYurxKyzpavKDz-avUe18s7xlaYCtXxHeQn,,,,,,,Springer,,,,,,,,,,,7
1732,9781923224537,James Scullin (Australian Biographical Monograph),$16.00,,,,,,,,,Connor Court Publishing,,,,,,,,,,,2
1750,9798892210812,Surgeon Across the Miles from Bombay to Boston,$16.00,,,,,,,,,Fulton Books,,,,,,,,,,,2
2090,9798998517037,Sunlight Trapped in Stone,$16.00,,,,,,,,,Green Writers Pr,,,,,,,,,,,1
3071,9781881528289,"Surgery, 1997 Edition: Current Clinical Strategies",$16.00,,,,,,,,,(unknown),,,,,,,,,,,
3172,9781105242700,"The Valiant: Superheroes of 1776: American 250 book of 30 True Stories of Courage, Faith, and Sacrifice That Built America and Inspired a Nation",$16.00,,,,,,,,,(unknown),,,,,,,,,,,
3084,9789390647279,TEXTBOOK OF SOILS & PLANT ANALYSIS,$15.96,,https://agrotechbooks.com/product/textbook-of-soil-and-plant-analysis/,,,,,,,(unknown),,,,,,,,,,,
1367,9780521270977,Applied Geophysics,$15.25,,,,,,,,,Cambridge University Press,,,,,,,,,,,8
2050,9788178671444,"Anesthesia And Co-Existing Disease, 4E",$15.25,,,,,,,,,ELSEVIER RS(O),,,,,,,,,,,1
158,9798274278287,101 PRECEPTS,$15.24,,,,,,,,,Independently Published,,,,,,,,,,,145
180,9798262481767,"Bhima Koregaon: The Great Untold War Against Oppression ( 500 vs 30,000 )",$15.24,,,,,,,,,Independently Published,,,,,,,,,,,145
229,9798250347594,Learn to sign with Trae: Finding your voice through British Sign Language.,$15.24,,,,,,,,,Independently Published,,,,,,,,,,,145
230,9798255193639,Learn to sign with Trae: Trae's family village,$15.24,,,,,,,,,Independently Published,,,,,,,,,,,145
260,9798297277663,Schatten über Oberschlesien: Die oberschlesische Tragödie 1945–1948 (German Edition),$15.24,,,,,,,,,Independently Published,,,,,,,,,,,145
261,9798257698477,"Shattered Bloodline: A Family Torn by Tragedy: A True Story of Tragedy, Secrets, and a Family Torn Apart",$15.24,,,,,,,,,Independently Published,,,,,,,,,,,145
267,9798258151858,THE CAUSAL ANCHORING: ONTOLOGY OF POWERS AND THE NECESSITY OF IPSUM ESSE IN MODERN COSMOLOGY (Catena Aurea English),$15.24,,,,,,,,,Independently Published,,,,,,,,,,,145
273,9798296004642,"The Bloody Espinosas: Americas first serial killers, The brothers revenge",$15.24,,,,,,,,,Independently Published,,,,,,,,,,,145
1422,9798232037727,કાવ્યમાલા (Gujarati Edition),$15.24,,,,,,,,,Nirmohi Publication,,,,,,,,,,,7
1423,9798231786855,તિતિક્ષા (Gujarati Edition),$15.24,,https://www.amazon.co.uk/%E0%AA%A4%E0%AA%BF%E0%AA%A4%E0%AA%BF%E0%AA%95%E0%AB%8D%E0%AA%B7%E0%AA%BE-Pooja-Gadhvi-Manthana/dp/B0G75GNQ71,,,,,,,Nirmohi Publication,,,,,,,,,,,7
1424,9798233101069,નિર્દોષ છોરાં (Gujarati Edition),$15.24,,,,,,,,,Nirmohi Publication,,,,,,,,,,,7
1717,9788416138647,Tortillas,$15.24,,https://www.abebooks.com/Tortillas-Monn%C3%83-Campa%C3%83%C2%B1a-Toni-Mar%C3%83a-%C3%83ngeles/32484192221/bd,,,,,,,BLUME (Naturart),,,,,,,,,,,2
1865,9788184734362,THE M.D. ANDERSON HANDBOOK SURGICAL ONCOLOGY(SAE),$15.24,,https://www.retailmaharaj.com/collections/academic/products/old-the-m-d-anderson-handbook-surgical-oncologysae,,,,,,,Wolters Kluwer,,,,,,,,,,,2
1995,9798224668144,Aprendiendo Python: Desde los Fundamentos hasta la Programación Avanzada (La Colección de Ti) (Spanish Edition),$15.24,,,,,,,,,CKF Publishing,,,,,,,,,,,1
2005,9798233970078,Calls in the Life of a Medic: Volume 1,$15.24,,https://www.amazon.com/Calls-Life-Medic-Paramedic-Stories/dp/B0GFDBK6Y2/ref=tmm_pap_swatch_0,,,,,,,Crazy Bird Publishing,,,,,,,,,,,1
2108,9788592352127,Discover everything you need to know about games and non-games,$15.24,,https://www.amazon.com/dp/8592352126?lv=shuf&channelId=500&plpRedirect=mhFallback,,,,,,,Igor de Albuquerque Cieslak,,,,,,,,,,,1
2164,9798223330288,Authentic Art in the Age of AI (Sentience),$15.24,,https://www.abebooks.co.uk/Authentic-Art-Age-Sentience-Band-3/32464689155/bd,,,,,,,Logic of Dreams,,,,,,,,,,,1
2212,9788475561646,Verduras y Ensaladas,$15.24,,,,,,,,,Oceano De Mexico,,,,,,,,,,,1
2266,9798232492809,A Short History Of The Internet (Quick Dives),$15.24,,,,,,,,,Quick Dives,,,,,,,,,,,1
2356,9783958924604,Spektrum Kompakt - Krisen meistern: Was uns in schwierigen Zeiten hilft,$15.24,,,,,,,,,Spektrum der Wissenschaft,,,,,,,,,,,1
2544,9798263539436,"Bioflocculating Bacteria: Mechanisms, Applications and Future Perspectives",$15.24,,,,,,,,,(unknown),,,,,,,,,,,
2590,9798246633472,Cloud Computing Fundamentals: A Platform Engineer's Guide to Modern Cloud Architecture,$15.24,,,,,,,,,(unknown),,,,,,,,,,,
3036,9798277006726,Shadows on the Map: Robert Hoddle and the Making of Melbourne,$15.24,,,,,,,,,(unknown),,,,,,,,,,,
3203,9798294485900,United States History: From Origins to Today’s America,$15.24,,,,,,,,,(unknown),,,,,,,,,,,
3208,9798269104577,VUELO GERMANWINGS 9525: Silencio sobre los Alpes (ECHO FILES) (Spanish Edition),$15.24,,,,,,,,,(unknown),,,,,,,,,,,
2497,9781718505247,"AUTOMATE THE BORING STUFF WITH PYTHON, 3RD EDITION",$15.11,,,,,,,,,(unknown),,,,,,,,,,,
1383,9798892673761,"""Joyo Chele"" y el cuento de la identidad (Obra completa Tomo II) (Spanish Edition)",$15.00,,,,,,,,,Erandique Literatura,,,,,,,,,,,8
2049,9781928586234,From Science to God: A Physicist's Journey Into the Mystery of Consciousness,$15.00,,https://www.abebooks.com/first-edition/Science-God-Physicists-Journey-Mystery-Consciousness/32421951528/bd,,,,,,,Elf Rock Productions,,,,,,,,,,,1
2070,9781909266247,Scottish Myths & Magic,$15.00,,,,,,,,,Forth Books,,,,,,,,,,,1
2301,9798235671904,What I Would Pay: A Fight to Keep my Child Alive.,$15.00,,,,,,,,,Rodney McGreavey,,,,,,,,,,,1
2793,9781981122592,Kipps,$15.00,,,,,,,,,(unknown),,,,,,,,,,,
3091,9798180418593,THE SECRET JOBS OF BACKYARD CREATURES: 50 Tiny Helpers Kids Never Knew Were Working Outside,$15.00,,,,,,,,,(unknown),,,,,,,,,,,
3096,9798180686053,"THE YAHOO BOYS EXPOSED: Inside Nigeria's Internet Scam Economy, Romance Fraud Tactics, Digital Psychology, and How to Stay Safe",$15.00,,,,,,,,,(unknown),,,,,,,,,,,
3135,9781979148498,The Iron Heel,$15.00,,,,,,,,,(unknown),,,,,,,,,,,
2406,9780979875229,21 Lessons for the 21st Century - Yuval Noah Harari,$14.94,,,,,,,,,Vintage,,,,,,,,,,,1
1120,9789352133529,Quantitative Methods for Managers An Introduction to R Programming,$14.64,,https://www.sterlingbookhouse.com/books/computers/programming/quantitative-methods-for-managers/?srsltid=AfmBOooYRoXrOSR7zNix09sCaA_2tyQIgKYQKFDUoA3rNqYL0MAfMtC1,,,,,,,Shroff,,,,,,,,,,,19
2188,9789352601820,Factory Physics For Managers : How Leaders Improve Performance In A Post-Lean Six Sigma World,$14.64,,,,,,,,,McGraw-Hill,,,,,,,,,,,1
1368,9781316612187,Computational Methods for Physics,$14.28,,,,,,,,,Cambridge University Press,,,,,,,,,,,8
1696,9789360327125,ALLEN Biology NCERT Fast Track for NEET-UG 2.0 in Hindi | NON-RETURNABLE,$14.04,,,,,,,,,Allen Career Institute Private Limited,,,,,,,,,,,2
2025,9789393418111,Omanathingal Pakshi(ഓമനത്തിങ്കൾപക്ഷി),$14.04,,https://keralabookstore.com/book/omana-thinkal-pakshi/2063/,,,,,,,Don Books,,,,,,,,,,,1
2253,9781838173418,Life De(fined): Living in the Shadow of a Silent Killer,$14.00,,,,,,,,,Pressure Ink,,,,,,,,,,,1
2327,9788491597506,"Interpretaciones del poema ""Almanaques"": 105",$14.00,,https://www.abebooks.com/INTERPRETACIONES-POEMA-ALMANAQUES-ANGELES-MORA-UNIVERSIDAD/32462240441/bd,,,,,,,Servicio de Publicaciones,,,,,,,,,,,1
2429,9798994889909,"Violet's Wild Adventures - The Amazing Amazon: A First-Person Illustrated Adventure Exploring Rainforest Animals, Geography, Conservation, and Culture for ages 6-12.",$14.00,,,,,,,,,Wild Adventures Press,,,,,,,,,,,1
2694,9781951897635,Full Moon Reaction,$14.00,,https://www.amazon.co.uk/Full-Moon-Reaction-Justin-Geoffrey/dp/1951897633,,,,,,,(unknown),,,,,,,,,,,
3157,9781981560400,The Secret Agent,$14.00,,,,,,,,,(unknown),,,,,,,,,,,
170,9798279171385,AI Agent Memory Architecture: he Cognitive Science Blueprint for Building LLMs That Remember,$13.92,,,,,,,,,Independently Published,,,,,,,,,,,145
191,9798242890503,Did You Know...?: 90 Fascinating Facts About the Human Body (Italian Edition),$13.92,,,,,,,,,Independently Published,,,,,,,,,,,145
205,9798276176192,Frammenti d'ombra: Sette racconti di mente e follia (Italian Edition),$13.92,,,,,,,,,Independently Published,,,,,,,,,,,145
208,9798241312563,Grammar Adventures: Early Grammar (Grades 1–3) (Grades K-12 English Curriculum - Elementary to High School English Language Arts Textbooks for Schoo),$13.92,,,,,,,,,Independently Published,,,,,,,,,,,145
223,9798289780522,La forma del silenzio (Italian Edition),$13.92,,,,,,,,,Independently Published,,,,,,,,,,,145
242,9798278893974,"Moje małe marzenie: Historia o drodze, odpowiedzialności i marzeniu, które nie chciało umrzeć (Polish Edition)",$13.92,,,,,,,,,Independently Published,,,,,,,,,,,145
262,9798249352547,Simply Me: A Life lived,$13.92,,,,,,,,,Independently Published,,,,,,,,,,,145
275,9798261752462,The Concious Exit: The Transition That Succession Planning Misses,$13.92,,,,,,,,,Independently Published,,,,,,,,,,,145
277,9798248006977,The Everyday Monster: Chris Watts And The Banality Of Evil,$13.92,,https://www.abebooks.co.uk/Everyday-Monster-Chris-Watts-Banality-Evil/32391332092/bd,,,,,,,Independently Published,,,,,,,,,,,145
287,9798246212905,The Shadow and The Anchor,$13.92,,,,,,,,,Independently Published,,,,,,,,,,,145
288,9798249765309,The Tsunami: A Novel of Catastrophe and Human Decision,$13.92,,,,,,,,,Independently Published,,,,,,,,,,,145
290,9798249028671,The imperfect teacher,$13.92,,,,,,,,,Independently Published,,,,,,,,,,,145
292,9798292629719,Twin Flames In The Multiverse,$13.92,,,,,,,,,Independently Published,,,,,,,,,,,145
1621,9788131219225,The Mont Reid Surgical Handbook 6ED,$13.92,,https://bhalani.com/products/the-mont-reid-surgical-handbook,,,,,,,Elsevier Health - INR,,,,,,,,,,,3
1716,9788415317722,500 platos ligeros,$13.92,,,,,,,,,BLUME (Naturart),,,,,,,,,,,2
1889,9798279139163,"Réveillons l’ Afrique : Héros , Courage et Civilisation (French Edition)",$13.92,,,,,,,,,Alpha Saliou Cissé,,,,,,,,,,,1
2063,9788412371529,El ciclo vital humano: nuestra peculiar forma de crecer,$13.92,,,,,,,,,FisicalBook,,,,,,,,,,,1
2169,9789385149313,Bharatiya Sanskrit ke Aadharbhut Tatva भारतीय संस्कृति के आधारभूत तत्व,$13.92,,https://hindibook.com/index.php?p=sr&format=fullpage&Field=bookcode&String=9789385149313,,,,,,,"Luminous Books, Varanasi",,,,,,,,,,,1
2302,9798223522904,Enforcer,$13.92,,,,,,,,,Ryleigh Rhodes,,,,,,,,,,,1
2438,9788184737677,The Washington Manual of Echocardiography,$13.92,,,,,,,,,Wolter Kluwer,,,,,,,,,,,1
2467,9798265676900,A Ciência de Ficar Rico: Princípios práticos para criar riqueza (As Leis do Sucesso) (Portuguese Edition),$13.92,,https://www.amazon.com/dp/B0FRGK58XR?lv=shuf&language=zh_TW&channelId=500&plpRedirect=mhFallback,,,,,,,(unknown),,,,,,,,,,,
2583,9798863594798,Chavacano To English Phrasebook - Everyday Common Words And Phrases,$13.92,,,,,,,,,(unknown),,,,,,,,,,,
2678,9798271222849,Excel Mastery From Beginner to Professional: A Step-by-Step Guide to Unlock the Full Power of Microsoft Excel,$13.92,,,,,,,,,(unknown),,,,,,,,,,,
2706,9798246704387,"Gladiator: A Shocking, True Crime Story into the Most Notorious Super Max Prison",$13.92,,,,,,,,,(unknown),,,,,,,,,,,
2718,9798242207042,Guide pratique des élections en HAÏTI Tome I: Du Cadre Légal à la Sensibilisation et l’Éducation Civique (Collection : Échos de Dessalines héros de l'indépendance d'Haïti) (French Edition),$13.92,,https://www.amazon.com/dp/B0GFKCY4JG?lv=shuf&channelId=500&plpRedirect=mhFallback,,,,,,,(unknown),,,,,,,,,,,
2801,9798254705680,LEARN HOW TO READ,$13.92,,,,,,,,,(unknown),,,,,,,,,,,
2803,9798258160652,LES PARDAILLAN: Volume I (English version) (The Pardaillan a Complete Cycle in Ten Volumes by Michel Zévaco Translated by Edgard Bronce-Ceray),$13.92,,https://www.amazon.com/dp/B0GXYC3F18?lv=shuf&language=zh_TW&channelId=500&plpRedirect=mhFallback,,,,,,,(unknown),,,,,,,,,,,
3035,9798399826301,Sesotho To English Phrasebook - Everyday Common Words And Phrases,$13.92,,,,,,,,,(unknown),,,,,,,,,,,
3112,9798293792672,The Anatomy of Evil: True Crime Stories Vol. 2: Ten Unforgettable Cases of Crime and Mistery,$13.92,,,,,,,,,(unknown),,,,,,,,,,,
3238,9789654989954,"speaking of women*s health, the book, 1999",$13.92,,,,,,,,,(unknown),,,,,,,,,,,
985,9780367459345,Conflict and Collective Action: The Sardar Sarovar Project in India,$13.78,,https://www.bestbookmart.com/bookinfo/443198/Conflict-and-Collective-Action-The-Sardar-Sarovar-Project-in-India,,,,,,,Routledge India,,,,,,,,,,,23
991,9781032535203,Frontline Workers and Women as Warriors in the Covid-19 Pandemic [Hardcover] R. C. Sobti and Vipin Sobti (eds.),$13.78,HIGH PRICE,https://www.flipkart.com/frontline-workers-women-warriors-covid-19-pandemic/p/itm5d02598bc096d,,,,,,,Routledge India,,,,,,,,,,,23
996,9781138679528,Interrogating Inclusive Growth: Poverty and Inequality in India,$13.78,,https://mybooksfactory.com/store/interrogating-inclusive-growth-poverty-and-inequality-in-india-by-k-p-kannan?srsltid=AfmBOooI_xa7JWhaX0unCtOKK9z7puf3uDNJ-_siq2uHEVGr4GwfhN72,,,,,,,Routledge India,,,,,,,,,,,23
1001,9781032768557,Routledge Readings on Colonial to Contemporary Northeastern India,$13.78,,,,,,,,,Routledge India,,,,,,,,,,,23
1531,9781032655390,Emerging Trends in Decision Sciences and Business Operations,$13.78,,https://www.flipkart.com/emerging-trends-decision-sciences-business-operations/p/itm06d2a112853f3,,,,,,,Routledge (Manohar Publishers & Distributors),,,,,,,,,,,5
1532,9781032658209,Tribal Development Report: Livelihoods,$13.78,,https://mybooksfactory.com/store/tribal-development-report-livelihoods-by-mihir-shah-p-s-vijayshankar-and-bharat-rural-livelihoods-foundation?srsltid=AfmBOorMaca0WKG50qDfIA8lRP-a8X5ToKn8RZcOjDxpPncLwLrJGhuy,,,,,,,Routledge (Manohar Publishers & Distributors),,,,,,,,,,,5
1979,9788131522462,CENGAGE INDIA Value-Based Metrics For Improving Results : An Enterprise Project Management Toolkit 1St Ed,$13.77,,,,,,,,,Cengage Publications,,,,,,,,,,,1
1083,9789355423771,"Raspberry Pi Cookbook: Software and Hardware Problems and Solutions, Fourth Edition (Grayscale Indian Edition)",$13.26,,,,,,,,,Shroff/O'Reilly,,,,,,,,,,,20
2382,9781032748764,"Buddhism, War, and Nationalism",$13.25,OUT OF STOCK,https://www.mypustak.com/book/buddhism-war-and-nationalism-9781032748764?1927712&srsltid=AfmBOoqB610ehBAeHbmZiPpAtNXRS3KhnrTKs5UbmQfvNflBawZWXY5L,,,,,,,Taylor & Francis,,,,,,,,,,,1
2073,9788172163327,Principles And History of Physical Education,$13.20,,,,,,,,,Friends Publications (India),,,,,,,,,,,1
2632,9789385621475,Demonetisation and Cashless Economy,$13.20,,https://jainbookdepot.com/servlet/BookDetails?bookno=B023119&title=Demonetisation-and-Cashless-Economy,,,,,,,(unknown),,,,,,,,,,,
2733,9789385621499,Handbook of Biotechnology,$13.20,,,,,,,,,(unknown),,,,,,,,,,,
1702,9781398864757,Pensées: Gilded Pocket Edition,$13.08,,,,,,,,,Arcturus,,,,,,,,,,,2
1703,9781398864719,The Wind in the Willows (Arcturus Ornate Classics),$13.08,,,,,,,,,Arcturus,,,,,,,,,,,2
1659,9788178242460,Gandhi's Conscience Keeper: C. Rajagopalachari and Indian Politics,$13.02,,,,,,,,,Permanent Black,,,,,,,,,,,3
2695,9788131219706,"Fundamentals of Body CT, 3/e",$13.01,,,,,,,,,(unknown),,,,,,,,,,,
2772,9789353887490,Integrated Supply Chain and Logistics Management,$13.01,,,,,,,,,(unknown),,,,,,,,,,,
1887,9781948235228,Vern in the Heat,$13.00,,,,,,,,,All Due Respect,,,,,,,,,,,1
2064,9781919220062,Outside The Boardroom - A Father's Fight Through Illness and Loss,$13.00,,,,,,,,,Flamingo House Publishing,,,,,,,,,,,1
2144,9781836322214,Stealth Bombers,$13.00,,https://www.amazon.co.uk/Stealth-Bombers-David-Baker/dp/1836322216,,,,,,,Key Publishing Ltd,,,,,,,,,,,1
2280,9781912119035,Beef Every Day But No Latin,$13.00,,https://www.abebooks.co.uk/Beef-Day-Latin-eleven-year-old-boy-who/32201000845/bd,,,,,,,Real Press,,,,,,,,,,,1
2395,9783965510425,Le Corbusier oder der Übervater kann noch nicht getötet werden,$13.00,,,,,,,,,treppe b Galerie & Verlag,,,,,,,,,,,1
2419,9798994940853,Relapse: Healing a Fractured Mind (Politics of Addiction),$13.00,,https://www.amazon.com/dp/B0GT1J9ZJ5?lv=shuf&channelId=500&plpRedirect=mhFallback,,,,,,,Warfield Publications,,,,,,,,,,,1
2644,9781737572404,Down the Shore: The Complete Series (Poppy Parkes Anthologies),$13.00,,,,,,,,,(unknown),,,,,,,,,,,
2812,9781973752813,Le phare du bout du monde (French Edition),$13.00,,,,,,,,,(unknown),,,,,,,,,,,
2866,9781973982050,Mister Flow,$13.00,,,,,,,,,(unknown),,,,,,,,,,,
2358,9788184896282,Undergraduate Analysis,$12.96,,,,,,,,,Springer-Verlag New York Inc.,,,,,,,,,,,1
171,9798821341730,Adventure to the Moon,$12.60,,,,,,,,,Independently Published,,,,,,,,,,,145
187,9798293630622,Cienie nad Górnym Śląskiem: Tragedia Górnośląska 1945-1948 (Polish Edition),$12.60,,,,,,,,,Independently Published,,,,,,,,,,,145
941,9789352836093,"Essentials of Physical Chemistry, 28/e",$12.60,,,,,,,,,S Chand Publishing,,,,,,,,,,,25
1072,9789351100843,Embedded Android,$12.60,,,,,,,,,Shroff/O'Reilly,,,,,,,,,,,20
1082,9789352134977,R FOR DATA SCIENCE,$12.60,,,,,,,,,Shroff/O'Reilly,,,,,,,,,,,20
1265,9781035802074,"Dreams, Disasters and Joy",$12.60,,https://www.amazon.com/dp/1035802074?lv=shuf&channelId=500&plpRedirect=mhFallback,,,,,,,Austin Macauley Publishers,,,,,,,,,,,12
1729,9789353503857,"Organic Chemistry for JEE (Advanced): Part 2, 3rd edition",$12.60,,https://www.flipkart.com/cengage-organic-chemistry-jee-advanced-part-2-advanced-3/p/itm99978d5d676a3,,,,,,,Cengage Learning India Pvt. Ltd.,,,,,,,,,,,2
1929,9789948697183,حكايات من اليابان (Arabic Edition),$12.60,,,,,,,,,Austin MacAuley Publishers Fze,,,,,,,,,,,1
1989,9798223538509,Quantum Computing: The Future of Information Processing (The Science Collection),$12.60,,https://www.amazon.co.uk/Quantum-Computing-Information-Processing-Collection/dp/B0CQB1488N,,,,,,,Christopher Ford,,,,,,,,,,,1
2165,9788475058054,POESIAS,$12.60,,,,,,,,,Losada,,,,,,,,,,,1
2184,9798215179673,Fortitude's Footing: Coming to Terms With Stroke,$12.60,,,,,,,,,Mary Ellen Gambutti,,,,,,,,,,,1
2229,9783954722143,Die Tote Stadt (German Edition),$12.60,,,,,,,,,Paderborner Grodruckbuch Verlag,,,,,,,,,,,1
2400,9788474966053,La antigüedad en la historiografía española del S. XVIII: El Marqués de Valdeflores,$12.60,,,,,,,,,Universidad de Malaga,,,,,,,,,,,1
2434,9798233298769,5 G un réseau mondialiste,$12.60,,,,,,,,,William Kergroach,,,,,,,,,,,1
2846,9781543177183,Madame de Mauves,$12.60,,,,,,,,,(unknown),,,,,,,,,,,
2927,9789388658775,P.F. Strawson's philosophy of language,$12.60,,https://www.meripustak.com/Peter-Frederick-Strawson%60s-Philosophy-of-Language-420124?srsltid=AfmBOopSvNQ_u2lkWJi97BfbpUcQo-_285LMbzVqVXQnxbGJZ-wf1zLp,,,,,,,(unknown),,,,,,,,,,,
3232,9798864181362,Yakut To English Phrasebook - Everyday Common Words And Phrases,$12.60,,,,,,,,,(unknown),,,,,,,,,,,
1864,9788189836474,MGH Handbook of Pain Management,$12.23,,,,,,,,,Wolters Kluwer,,,,,,,,,,,2
3009,9789370600935,SHORT RANGE WIRELESS COMMUNICATION,$12.23,,https://usedbookstore.in/buy-second-hand-books-online/buy-shortrange-wireless-communications-prof-rolf-kraemer-dr-marcos-d-katz/?srsltid=AfmBOooIEnK57SLAiTTvWvJMuVoiLaqgL_PeI_i3zlJojDsdoIZiS_BU,,,,,,,(unknown),,,,,,,,,,,
1739,9781032934167,Biomaterials,$12.19,,,,,,,,,CRC Pr I Llc,,,,,,,,,,,2
2132,9789354248412,Wiley India Exclusive (Cbs) Ellis Clinical Anatomy For Medical Students 2Ed (Pb 2021) An Indian Adaptation (Pb 2021),$12.19,,,,,,,,,John Wiley,,,,,,,,,,,1
2161,9788184730838,"Kaplan and Sadock's Concise Textbook of Clinical Psychiatry (Sadock, Kaplan and Sadock Concise Textbook of Clinical Psychiatry) Third edition by Sadock, Benjamin J.; Sadock, Virginia A. published by Lippincott Williams & Wilkins [ Paperback ]",$12.19,,https://www.abebooks.com/Kaplan-Sadocks-Concise-Textbook-Clinical-Psychiatry/31733324134/bd,,,,,,,Lippincott Williams and Wilkins,,,,,,,,,,,1
194,9798257244117,ECONOMICS FOR KIDS: A Fun Guide to Economics and Finance (20 Days for Kids: Vipinancy Series),$12.00,,https://www.amazon.com/dp/B0GXPMTYYS?lv=shuf&language=zh_TW&channelId=500&plpRedirect=mhFallback,,,,,,,Independently Published,,,,,,,,,,,145
235,9798180547521,Lost Without Words: A Spanish-Immersion Adventure Novel,$12.00,,,,,,,,,Independently Published,,,,,,,,,,,145
1511,9788122437959,Indian Economy: Problems of Development and Planning,$12.00,,,,,,,,,New Age International Private Limited,,,,,,,,,,,5
1694,9781988898032,ElderStory 3: Where We Came From,$12.00,,https://www.amazon.com/dp/198889803X?lv=shuf&channelId=500&plpRedirect=mhFallback,,,,,,,Airborn Press,,,,,,,,,,,2
1695,9781988898292,My Days in Surrey,$12.00,,https://www.amazon.co.uk/My-Days-Surrey-Bernadette-Law/dp/1988898293,,,,,,,Airborn Press,,,,,,,,,,,2
2041,9782755807295,Rome: l'eternite au quotidien (French Edition),$12.00,,,,,,,,,Editions Jean-Paul Gisserot,,,,,,,,,,,1
2107,9781947662735,Prince Ndoki Mukete The man,$12.00,,,,,,,,,Iem Press,,,,,,,,,,,1
2444,9781800998407,Hud y Mabinogion,$12.00,,https://www.abebooks.co.uk/Hud-Mabinogion-Ifans-Rhiannon-Lolfa/32429787922/bd,,,,,,,Y Lolfa,,,,,,,,,,,1
2606,9798180434012,Controlled Experiments,$12.00,,,,,,,,,(unknown),,,,,,,,,,,
3001,9788194043645,Rural Cooperative and Development [Hardcover] Dr. P.K.Sirohi,$12.00,,https://www.flipkart.com/rural-cooperative-development/p/itmd972dce455d97,,,,,,,(unknown),,,,,,,,,,,
3209,9781902382623,Vanishing Trick,$12.00,,,,,,,,,(unknown),,,,,,,,,,,
3225,9788126567805,"Wiley's Physical Chemistry for JEE (Main & Advanced), 2018ed",$12.00,,https://www.flipkart.com/wiley-s-physical-chemistry-jee-main-advanced/p/itmekp8ewmgq9anj,,,,,,,(unknown),,,,,,,,,,,
2410,9789389662474,UGC-CSIR NET Life Sciences: Explanations and Solutions,$11.88,,https://www.meripustak.com/UGC-CSIR-NET-Life-Sciences-Explanations-and-Solutions-358436?srsltid=AfmBOoqATOK8fu4aGAX4UZ3T_RPlNBvCk0hJ5iX2VuO2n8yjdSk0F78O,,,,,,,VIVA BOOKS - ORIGINALS,,,,,,,,,,,1
2646,9788194043720,E- Governance,$11.88,,,,,,,,,(unknown),,,,,,,,,,,
3066,9788181283832,Structure Determination of Organic Compounds,$11.88,,https://www.ajayonlinestall.com/product/structure-determination-of-organic-compounds-tables-of-spectral-data-with-cd-book-paperback/?srsltid=AfmBOooPuMFaS3rkESJT1XhJLZcD9Y0m_9eLPOrZI7s6SK92XoWc1-mr,,,,,,,(unknown),,,,,,,,,,,
2577,9780019898423,"Careless People: A Story of Where I Used to Work, Power, Greed, Madness - by Sarah Wynn-Williams",$11.82,,,,,,,,,(unknown),,,,,,,,,,,
2433,9788126555987,Advanced Electrical and Electronics Materials: Processes and Applications,$11.52,,,,,,,,,Wiley-Scrivener,,,,,,,,,,,1
167,9798258534057,A Caçada (Portuguese Edition),$11.40,,,,,,,,,Independently Published,,,,,,,,,,,145
207,9798258427786,"Genua w 3 dni - gotowy plan podróży na city break: 3 dni zwiedzania, atrakcje, budżetowy przewodnik i ukryte miejsca Włochy: Kompletny plan wyjazdu do ... i świadomie odkryć miasto (Polish Edition)",$11.40,,https://www.amazon.com/dp/B0GY5878R3?lv=shuf&language=es&channelId=500&plpRedirect=mhFallback,,,,,,,Independently Published,,,,,,,,,,,145
217,9798276824215,L'accent franc-comtois (French Edition),$11.40,,,,,,,,,Independently Published,,,,,,,,,,,145
246,9798259045514,Niños de la Biblia: para niños de 4 a 10 años (Spanish Edition),$11.40,,http://amazon.com/dp/B0GZ3R11Z9?lv=shuf&language=zh_TW&channelId=500&plpRedirect=mhFallback,,,,,,,Independently Published,,,,,,,,,,,145
269,9798269516530,THE MINIMUM EFFORT HOME: SYSTEMATIC CLEANING,$11.40,,,,,,,,,Independently Published,,,,,,,,,,,145
294,9798249003463,Ucz się angielskiego przez filmy i seriale (Polish Edition),$11.40,,https://www.amazon.com/dp/B0GPC25Q6X?lv=shuf&language=es&channelId=500&plpRedirect=mhFallback,,,,,,,Independently Published,,,,,,,,,,,145
1772,9798231200320,The Forgotten Word (Speak Confidently),$11.40,,,,,,,,,Kaye Terrelonge,,,,,,,,,,,2
1773,9798231098590,Top 10 Mistakes English Learners Make and How to Fix Them,$11.40,,,,,,,,,Kaye Terrelonge,,,,,,,,,,,2
1851,9798232489076,"Shadows in Uniform: A Police Thriller of Betrayal, Blood, and the Hunt for Justice",$11.40,,,,,,,,,Sunny Virdi,,,,,,,,,,,2
1966,9791281358720,Il Vangelo spiegato ai bambini: Gesù interpretato da Tolstój (Italian Edition),$11.40,,,,,,,,,Bruno Osimo,,,,,,,,,,,1
2124,9798230266693,Poetry of a Soldier,$11.40,,,,,,,,,Jack Young,,,,,,,,,,,1
2145,9798232330859,Book Two: Wings of the Broken Dawn,$11.40,,,,,,,,,Kively P,,,,,,,,,,,1
2174,9798215525845,The Path Of Truth (Loth the Unworthy),$11.40,,,,,,,,,Mad Cow Press,,,,,,,,,,,1
2223,9780198799627,Drugs in Anaesthesia and Intensive Care 5th/2016,$11.40,,https://www.medtree.co.in/product/drugs-in-anaesthesia-and-intensive-care-5th-2016/,,,,,,,OUP Oxford,,,,,,,,,,,1
2260,9788479667184,Cuando perdemos a un ser querido: Vivir y acompañar el duelo,$11.40,,https://www.abebooks.co.uk/PERDEMOS-QUERIDO-PRADO-AYUSO-FERNANDO-CLARETIANAS/32419771635/bd,,,,,,,Publicaciones Claretianas,,,,,,,,,,,1
2566,9780193501584,"COME, HOLY GHOST, THE MAKER.",$11.40,,https://www.abebooks.co.uk/Holy-Ghost-Maker-Davie-Cedric-Thorpe/31986887756/bd,,,,,,,(unknown),,,,,,,,,,,
2913,9798247498902,ONE DAY: Why Delay Feels Safe—and Why Starting Now Changes Everything.,$11.40,,,,,,,,,(unknown),,,,,,,,,,,
2924,9798254052692,"OpenClaw: Your First AI Agent: A Complete Beginner's Guide to Installing, Using, and Mastering OpenClaw (Openclaw for Absolute Beginners)",$11.40,,,,,,,,,(unknown),,,,,,,,,,,
2959,9789384866419,Polity Constitution and Governance in India,$11.40,,,,,,,,,(unknown),,,,,,,,,,,
2991,9798277187845,Reconectando contigo mismo: El camino para recuperar tu autoestima y felicidad (Spanish Edition),$11.40,,,,,,,,,(unknown),,,,,,,,,,,
2992,9798231115303,Renewing Hope (Restoration Ranch),$11.40,,,,,,,,,(unknown),,,,,,,,,,,
2993,9798231440450,Renovating Grief,$11.40,,,,,,,,,(unknown),,,,,,,,,,,
3081,9788475057903,TARTUFO O EL IMPOSTOR,$11.40,,,,,,,,,(unknown),,,,,,,,,,,
3132,9798277364796,The Illustrated Gothic Luciferian Gnostic Bible Revised,$11.40,,,,,,,,,(unknown),,,,,,,,,,,
3160,9798263700126,The Silent Tears of Tanya,$11.40,,https://www.amazon.com/dp/B0FQ39WLQ5?lv=shuf&language=es&channelId=500&plpRedirect=mhFallback,,,,,,,(unknown),,,,,,,,,,,
1713,9789393511003,Telugu Bible | with Zip (Golden Edges - Contains Old and New Testament),$11.28,,https://biblestore.in/products/holy-bible-telugu-1,,,,,,,Bible Society of India,,,,,,,,,,,2
2418,9789355742483,Birds of the Indian Subcontinent & their Scientific Names Explained,$11.28,,,,,,,,,Walnut Publication,,,,,,,,,,,1
2854,9781107414419,Marketing Strategy A Life Cycle Approach,$11.28,,,,,,,,,(unknown),,,,,,,,,,,
982,9781032607313,Academic Leadership: Enhancing School Effectiveness,$11.19,,https://www.mypustak.com/book/academic-leadership-enhancing-school-effectiveness-9781032607313?1920058&srsltid=AfmBOoqxotu0TcVjmU4VFtIp4ovle_inUsRYioA76oNwH7RxPbDudu3t,,,,,,,Routledge India,,,,,,,,,,,23
984,9781032608020,Beyond Punjab: Sikhs in East and Northeast India,$11.19,,https://mybooksfactory.com/store/beyond-punjab-sikhs-in-east-and-northeast-india-by-himadri-banerjee?srsltid=AfmBOorhmr5-Q-p_z8kBInQkJBLtDdzvEqIZajCIMAiw_DaPk5hMmsW8,,,,,,,Routledge India,,,,,,,,,,,23
987,9781032607344,Cosmopolitan Cultures and Oceanic Thought,$11.19,,https://www.bookswagon.com/book/cosmopolitan-cultures-oceanic-thought-dilip/9781032607344?srsltid=AfmBOoo0106e0vczpGawaLBiHyFykNLHB0qhUJD6k74zNs-DJj3XM2N3,,,,,,,Routledge India,,,,,,,,,,,23
988,9781032250052,"Decentralisation in Contemporary India: Status, Issues and the Way Forward",$11.19,,https://www.flipkart.com/decentralisation-contemporary-india-status-issues-way-forward/p/itmf012d3279b019,,,,,,,Routledge India,,,,,,,,,,,23
989,9781032607481,Environmental Governance for Sustainable Development: South Asian Perspectives,$11.19,,https://www.flipkart.com/environmental-governance-sustainable-development-south-asian-perspectives/p/itmf5f1c0821a37d,,,,,,,Routledge India,,,,,,,,,,,23
990,9781032466316,"Fighting Falsehoods: Suspicion, Analysis, and Response",$11.19,,https://www.flipkart.com/fighting-falsehoods-suspicion-analysis-response/p/itmfd79805f0760e,,,,,,,Routledge India,,,,,,,,,,,23
992,9781032466309,Higher Education Financing in India: Student Loans and Equity in Access,$11.19,,https://mybooksfactory.com/store/higher-education-financing-in-india-student-loans-and-equity-in-access-by-jinusha-panigrahi?srsltid=AfmBOorxxCFLvkD2WKBQlu0eRUV39dz1lK1hZgpqyGbtWOMMAs1BXbMz,,,,,,,Routledge India,,,,,,,,,,,23
993,9781032468341,"Histories, Myths and Decolonial Interventions: A Planetary Resistance [Hardcover] Arti Nirmal (ed.) and Sayan Dey (ed.)",$11.19,,https://mybooksfactory.com/store/histories-myths-and-decolonial-interventions-a-planetary-resistance-by-arti-nirmal-and-sayan-dey?srsltid=AfmBOoq-MnG0pq2zA383KsN1hPHv8isjZzKftCKUGYgfG4a4lfstbqGG,,,,,,,Routledge India,,,,,,,,,,,23
994,9781032425641,INDIA AND GLOBAL GOVERNANCE: A RISING POWER AND ITS DISCONTENTS (),$11.19,,https://atlanticbooks.com/products/india-and-global-governance-a-rising-power-and-its-discontents-9781032425641,,,,,,,Routledge India,,,,,,,,,,,23
995,9781032535623,India's Naval Diplomacy: Contours and Constraints [Hardcover] P.V. Rao,$11.19,,https://www.bookswagon.com/book/indias-naval-diplomacy-pv-rao/9781032535623?srsltid=AfmBOopKrdqIud5NDagUtSxH84koQ4zlUhji_1lFkoARdNBdJTdGwTaj,,,,,,,Routledge India,,,,,,,,,,,23
998,9781032607092,"Literature and the War on Terror: Nation, Democracy and Liberalisation",$11.19,,https://www.flipkart.com/literature-war-terror-nation-democracy-liberalisation/p/itm4757bbd888044,,,,,,,Routledge India,,,,,,,,,,,23
999,9781032781006,"Maoist Insurgency, State and People",$11.19,,https://www.flipkart.com/maoist-insurgency-state-people-overlooked-issues-unaddressed-grievances/p/itmaac4ba48e8b30,,,,,,,Routledge India,,,,,,,,,,,23
1000,9781032425696,Patrick Geddes' Contribution to Sociology and Urban Planning: Vision of a city,$11.19,,https://www.bookswagon.com/book/patrick-geddes-contribution-sociology-urban/9781032425696?srsltid=AfmBOooe81fN78Usk_uTnDeKug8AzF3nRB8oLQ7ANKi4KvKkIDQqWmUI,,,,,,,Routledge India,,,,,,,,,,,23
1002,9781032466460,Science Education: Developing Pedagogical Content Knowledge,$11.19,,https://www.flipkart.com/hi/science-education-developing-pedagogical-content-knowledge/p/itm1f62c0274e725,,,,,,,Routledge India,,,,,,,,,,,23
1003,9781032535920,Tagore beyond Borders: Essays on His Influence and Cultural Legacy,$11.19,,https://mybooksfactory.com/store/tagore-beyond-borders-essays-on-his-influence-and-cultural-legacy-by-mihaela-gligor-and-elisabetta-marino?srsltid=AfmBOoodOVh2WCWTB-7pGygO_A2-0G9Is6PkLd0soXYJdc6DbV4w4hfZ,,,,,,,Routledge India,,,,,,,,,,,23
1530,9781032468372,Deprovincializing Habermas: Global Perspectives Tom Bailey (ed.),$11.19,,https://www.flipkart.com/deprovincializing-habermas-global-perspectives/p/itmef2eb1f0c6a8f,,,,,,,Routledge (Manohar Publishers & Distributors),,,,,,,,,,,5
1533,9781032607238,United Nations Peace Operations in Africa: Civil-Military Coordination and State-Building,$11.19,,https://www.flipkart.com/united-nations-peace-operations-africa/p/itm707693d2621b0,,,,,,,Routledge (Manohar Publishers & Distributors),,,,,,,,,,,5
2650,9789363860292,ELECTRIC POWER SYSTEMS WITH RENEWEABLES,$11.17,,,,,,,,,(unknown),,,,,,,,,,,
2462,9788189795047,9788189795047,$11.10,,,,,,,,,(unknown),,,,,,,,,,,
1111,9789352136483,Database Management Systems,$11.04,,,,,,,,,Shroff,,,,,,,,,,,19
253,9798874188092,Prendre Plaisir à Arrêter de Fumer: Méthode simple et moderne pour Savourer la Liberté | Un Guide Inspirant pour une Vie Sans Tabac | Ne plus fumer et stopper la cigarette. (French Edition),$11.00,,,,,,,,,Independently Published,,,,,,,,,,,145
1385,9798892674584,"Diarios de trabajo, el Bolívar descalzo, Loubavagu y La danza con las almas (Spanish Edition)",$11.00,,,,,,,,,Erandique Literatura,,,,,,,,,,,8
1390,9798892674621,"¡No joda, señor Murillo, decídase! (Entrevistas a un genio rebelde) (Spanish Edition)",$11.00,,,,,,,,,Erandique Literatura,,,,,,,,,,,8
1890,9783649648338,Jetzt geht's los,$11.00,,,,,,,,,Amadeus Verlag,,,,,,,,,,,1
1963,9781989469132,"Depression! Let’s Tackle It: 15 Proven Ways To Personally Overcome Depression (how to personally overcome Depression? Addiction cure, Anxiety)",$11.00,,,,,,,,,Brighters Publishing,,,,,,,,,,,1
2113,9781971622361,Depression Is Not The Boss Of Me,$11.00,,,,,,,,,In59seconds Publishing,,,,,,,,,,,1
2424,9781784617585,Ffeiloffaith 2020,$11.00,,,,,,,,,WELSH BOOKS COUNCIL,,,,,,,,,,,1
2852,9798869782724,Mari To English Phrasebook - Everyday Common Words And Phrases,$11.00,,,,,,,,,(unknown),,,,,,,,,,,
2897,9788471418234,Normas básicas para la formación de los diáconos permanentes en las diócesis españolas,$11.00,,https://www.abebooks.co.uk/9788471418234/NORMAS-B%C3%A1SICAS-FORMACI%C3%B3N-DI%C3%A1CONOS-PERMANENTES-8471418231/plp,,,,,,,(unknown),,,,,,,,,,,
2954,9781906613938,"Petrol, Cyan, Electric",$11.00,,,,,,,,,(unknown),,,,,,,,,,,
2986,9781976191459,Rappaccini's Daughter,$11.00,,,,,,,,,(unknown),,,,,,,,,,,
3028,9781470612146,Searching for the Dolphin,$11.00,,,,,,,,,(unknown),,,,,,,,,,,
3118,9781976333620,The Celestial Railroad,$11.00,,,,,,,,,(unknown),,,,,,,,,,,
3164,9781984388322,The System of Doctor Tarr and Professor Fether,$11.00,,,,,,,,,(unknown),,,,,,,,,,,
3175,9781974335398,The life of Lazarillo de Tormes,$11.00,,,,,,,,,(unknown),,,,,,,,,,,
1579,9780857427335,A Frank Friendship,$10.91,,,,,,,,,Seagull Books,,,,,,,,,,,4
1449,9781484278840,Zero Trust Security: An Enterprise Guide,$10.81,,,,,,,,,Springer,,,,,,,,,,,7
772,9788126561957,The Industry Specific Impact of Ifrs,$10.68,,,,,,,,,Wiley,,,,,,,,,,,35
775,9788126555390,"Using Excel for Business Analysis: A Guide to Financial Modelling Fundamentals, + Website",$10.68,,,,,,,,,Wiley,,,,,,,,,,,35
1653,9788184045796,ALOCHNA AUR SAMVAD,$10.68,,,,,,,,,Packt Publishing Limited,,,,,,,,,,,3
1712,9788122136678,Kannada Bible - with Zip (Golden Edges - Contains Old and New Testament),$10.62,,,,,,,,,Bible Society of India,,,,,,,,,,,2
1903,9780199545001,Structure and Dynamics,$10.56,,,,,,,,,Ane/Oxford Exclusive,,,,,,,,,,,1
2258,9789387486935,Organizational Project Management Maturity Model OPM3 Knowle,$10.56,,,,,,,,,Project Management Inst,,,,,,,,,,,1
2610,9788119114542,Criminology Penology & Victimology,$10.56,,https://www.sapnaonline.com/books/criminology-penology-victimology-ahmad-siddique-811911454x-9788119114542,,,,,,,(unknown),,,,,,,,,,,
48,9788125061250,Harmony Book Class 5 Term 1,$10.50,,https://www.mypustak.com/book/harmoney-the-orient-blackswan-term-book-class-5-term-1-samson-thomas-9788125061250?2317146&srsltid=AfmBOor2ukIyEqe7Iri7P5u17p-XcSAlBrqXc797oxUyt-trUWQcncZj,,,,,,,Orient BlackSwan,,,,,,,,,,,155
49,9788125061274,Harmony Book Class 5 Term 3,$10.50,,https://www.flipkart.com/harmony-book-class-v-term-3/p/itmf783ckk2hndwf,,,,,,,Orient BlackSwan,,,,,,,,,,,155
1969,9789383635634,Advanced Pharmacology (PB),$10.44,,,,,,,,,BSP BOOKS,,,,,,,,,,,1
2482,9789351761358,A Textbook of ORGANIC CHEMISTRY for JEE Main & Advanced,$10.32,,,,,,,,,(unknown),,,,,,,,,,,
2479,9789351761365,"A Textbook of INORGANIC CHEMISTRY for JEE Main & Advanced [Paperback] [Jan 01, 2016] Dr. R.K. Gupta (Author)",$10.20,,,,,,,,,(unknown),,,,,,,,,,,
3083,9789385616303,TEXTBOOK OF FUNDAMENTALS OF NURSING FOR FIRST YEAR B.SC NURSING,$10.19,,https://prithvibooks.com/product/the-complete-text-book-of-nursing-foundation-for-first-year-b-sc-nursing-by-s-anuradha/?srsltid=AfmBOopUH9nEPZKb1B1-ssYq5YumRKqUyIx8LdBR3isqy98sNqy85FL4,,,,,,,(unknown),,,,,,,,,,,
2570,9789370601369,CYBER PHYSICAL SYSTEMS THEORY METHODOLOGY AND APP,$10.15,,,,,,,,,(unknown),,,,,,,,,,,
162,9798243947381,"585 WISEASS MUSINGS by an 84-YEAR-OLD WESTERN YOGI: Philosophical, Thought-Provoking, Witty, Sarcastic, Wise, Flippant, and Funny",$10.08,,,,,,,,,Independently Published,,,,,,,,,,,145
166,9798264618246,A Casa do Lago Silencioso: Segredos Submersos (Portuguese Edition),$10.08,,,,,,,,,Independently Published,,,,,,,,,,,145
168,9798269915388,A Filha que Eu Deixei Partir (Portuguese Edition),$10.08,,,,,,,,,Independently Published,,,,,,,,,,,145
169,9798264738661,A Fé que Transforma: Histórias Reais de Esperança e Superação (Portuguese Edition),$10.08,,,,,,,,,Independently Published,,,,,,,,,,,145
186,9798293741793,Christmas at Evergreen Inn: A M/M Holiday Novella,$10.08,,,,,,,,,Independently Published,,,,,,,,,,,145
204,9798285497936,Forever Yours (Forever and Always),$10.08,,,,,,,,,Independently Published,,,,,,,,,,,145
206,9798267855761,GOOD VIBES ONLY: Uplifting Stuff to Make You Smile,$10.08,,,,,,,,,Independently Published,,,,,,,,,,,145
222,9798272304599,La figlia che ho lasciato andare (Italian Edition),$10.08,,,,,,,,,Independently Published,,,,,,,,,,,145
233,9798272736925,Living in His Spirit: Discover the joy of walking with the Holy Spirit,$10.08,,,,,,,,,Independently Published,,,,,,,,,,,145
239,9798245937823,"Married to the Weather: Loving, Staying, and the Quiet Work of a Bipolar Marriage",$10.08,,,,,,,,,Independently Published,,,,,,,,,,,145
249,9798268264166,O Olhar do Predador: Fragmentos Macabros (Portuguese Edition),$10.08,,,,,,,,,Independently Published,,,,,,,,,,,145
254,9798264886799,Primeiro Deus: A Jornada de Cada Amanhecer (Portuguese Edition),$10.08,,,,,,,,,Independently Published,,,,,,,,,,,145
258,9798266194816,Religião ou Relação?: Fé sem Máscaras (Portuguese Edition),$10.08,,,,,,,,,Independently Published,,,,,,,,,,,145
268,9798242142657,THE COUGH SYRUP PROPHET: A Novella,$10.08,,,,,,,,,Independently Published,,,,,,,,,,,145
279,9798289642943,The Girl from Across the Street,$10.08,,,,,,,,,Independently Published,,,,,,,,,,,145
281,9798270432706,The Kiss of The Doctor: A Dark Gothic Romance of Love and Sickness,$10.08,,,,,,,,,Independently Published,,,,,,,,,,,145
1804,9798288680847,I Accidentally Summoned a Retired Hero to Run My Bakery With Me!: A Cozy Romantasy Light Novella (Tales of Mytherra),$10.08,,,,,,,,,Novel Novellas LLC,,,,,,,,,,,2
1805,9798241753731,The Library Cat is Actually a Prince (And I Might Be His Favorite Librarian): A cozy romantasy light novella (Tales of Mytherra),$10.08,,https://www.amazon.com/dp/B0GD1N7919?lv=shuf&language=he&channelId=500&plpRedirect=mhFallback,,,,,,,Novel Novellas LLC,,,,,,,,,,,2
1892,9798272953575,The Throne:The Liberator,$10.08,,,,,,,,,Amazon KDP,,,,,,,,,,,1
1897,9798264455476,The Long Follow (The Laurel Bend Series),$10.08,,https://www.amazon.com/dp/B0FQPPSZY3?lv=shuf&language=zh_TW&channelId=500&plpRedirect=mhFallback,,,,,,,Amnesty Press,,,,,,,,,,,1
1974,9788496613812,Los Oscars de 2014,$10.08,,https://www.abebooks.com/9788496613812/Oscars-2014-Ramos-Rodr%C3%ADguez-Jos%C3%A9-849661381X/plp,,,,,,,"Cacitel, S.L.",,,,,,,,,,,1
2083,9798244379051,"Learning To Rise: Sleep, Rhythm, and Growing Together Through Mornings",$10.08,,https://www.amazon.co.uk/Learning-Rise-Growing-Together-Mornings/dp/B0H66J64QN/ref=tmm_pap_swatch_0,,,,,,,Gentle Shift Press,,,,,,,,,,,1
2121,9798297792746,A saga de Gilder: A guerra de Margus (Portuguese Edition),$10.08,,,,,,,,,Júlio Silva,,,,,,,,,,,1
2183,9798231241125,Butterflies in the Shadow of War: Two Hearts Tested by War and Fate,$10.08,,,,,,,,,Mark Bishop,,,,,,,,,,,1
2196,9798233798931,The Girl Who Loved Turtles,$10.08,,,,,,,,,N. S. Streets,,,,,,,,,,,1
2235,9781733292979,Death is Personal: A Murder Mystery Novella,$10.08,,https://www.amazon.com/dp/1733292977?lv=shuf&channelId=500&plpRedirect=mhFallback,,,,,,,Paso Publishing,,,,,,,,,,,1
2248,9798246884669,A Spiritual Journey through the Song of Solomon,$10.08,,https://www.amazon.com/dp/B0GLHZ21TH?lv=shuf&language=es&channelId=500&plpRedirect=mhFallback,,,,,,,Pothana Publications,,,,,,,,,,,1
2568,9788490053676,CUADERNO DE ESCRITURA 2,$10.08,,https://www.abebooks.co.uk/9788490053676/CUADERNO-ESCRITURA-2-AA.VV-8490053677/plp,,,,,,,(unknown),,,,,,,,,,,
2578,9798245640327,Carissa: The Neighbor from Another World,$10.08,,,,,,,,,(unknown),,,,,,,,,,,
2587,9798294734992,Class Clown,$10.08,,,,,,,,,(unknown),,,,,,,,,,,
2616,9798279028337,Cursed Inheritance: Witches' Woven Hex (Eternal Fortunes: Sapphic Immortal Billionaires),$10.08,,,,,,,,,(unknown),,,,,,,,,,,
2626,9798251959369,De 0 a 1.000€ al Mes con Ingresos Pasivos: El Método Simple que Nadie Explica para Generar Dinero Mientras Duermes,$10.08,,,,,,,,,(unknown),,,,,,,,,,,
2627,9798248250462,Deadly Driftwood: A Sequel to Revenge Falls,$10.08,,,,,,,,,(unknown),,,,,,,,,,,
2633,9798275678109,Depois do Silêncio (Portuguese Edition),$10.08,,,,,,,,,(unknown),,,,,,,,,,,
2645,9798279379842,Dystopian or Utopian: Will AI Eliminate or Amplify Poverty ?,$10.08,,,,,,,,,(unknown),,,,,,,,,,,
2675,9798333583505,Estados: de la mente y materia (Spanish Edition),$10.08,,https://www.amazon.com/dp/B0DGLGJKS7?lv=shuf&channelId=500&plpRedirect=mhFallback,,,,,,,(unknown),,,,,,,,,,,
2688,9798335266048,Forever and Always,$10.08,,,,,,,,,(unknown),,,,,,,,,,,
2734,9798245963563,"Hanuman Sadhana – Sacred Prayers, Stotras & Aartis: A Complete Devotional Collection of Chalisa, Bajrang Baan, Bahuk, Ashtak, Aartis and Bhajans",$10.08,,,,,,,,,(unknown),,,,,,,,,,,
2798,9798344108599,LA CARTA DE BILL (Spanish Edition),$10.08,,https://www.amazon.com/dp/B0DKNZLHZD?lv=shuf&language=es&channelId=500&plpRedirect=mhFallback,,,,,,,(unknown),,,,,,,,,,,
2806,9798275934137,"Laid Off at 50 Reinvent Yourself and Rise Again: A Compassionate Guide to Rebuilding Your Confidence, Career, and Purpose After Job Loss",$10.08,,,,,,,,,(unknown),,,,,,,,,,,
2828,9798559333090,MATH YEAR 6 AGE 10: PRACTICE QUESTIONS AND MODEL ANSWERS: 14 (MATH PATHWAY FOR PRIMARY SCHOOL),$10.08,,,,,,,,,(unknown),,,,,,,,,,,
2882,9798264766701,My white cat was summoned to slay a dragon. 1,$10.08,,,,,,,,,(unknown),,,,,,,,,,,
3059,9798290065045,Stoned Out,$10.08,,,,,,,,,(unknown),,,,,,,,,,,
3089,9798275560824,THE DEVINE NAMES: Meditations on God’s Attributes,$10.08,,,,,,,,,(unknown),,,,,,,,,,,
1387,9798892673990,El caso de Riccy Mabel (Creo que nadie es capaz de mentir) (Spanish Edition),$10.00,,,,,,,,,Erandique Literatura,,,,,,,,,,,8
1388,9798892673563,Seis grandes piezas teatrales (Obra completa Tomo I) (Spanish Edition),$10.00,,,,,,,,,Erandique Literatura,,,,,,,,,,,8
1840,9781906613341,A Drink with Camus After the Match,$10.00,,,,,,,,,Smith|Doorstop Books,,,,,,,,,,,2
2383,9781941955451,Child of Fire: A Dragon Mage Short Story Prequel (Chronicles of Eidyn),$10.00,,,,,,,,,Teacup Dragon Publishing,,,,,,,,,,,1
2470,9781906613181,A Midgie,$10.00,,,,,,,,,(unknown),,,,,,,,,,,
2507,9781906613808,Ah've Soiled Ma Breeks,$10.00,,,,,,,,,(unknown),,,,,,,,,,,
2513,9781906613259,American Shadow,$10.00,,,,,,,,,(unknown),,,,,,,,,,,
2519,9781902382579,Anecdotal Evidence {SIGNED By AUTHOR),$10.00,,https://www.amazon.com/dp/1902382579?lv=shuf&channelId=500&plpRedirect=mhFallback,,,,,,,(unknown),,,,,,,,,,,
2520,9781906613365,Armour,$10.00,,,,,,,,,(unknown),,,,,,,,,,,
2552,9781906613730,Breathing Through Our Bones,$10.00,,,,,,,,,(unknown),,,,,,,,,,,
2679,9781906613204,Exploring the Orinoco,$10.00,,,,,,,,,(unknown),,,,,,,,,,,
2687,9781910367070,For Real,$10.00,,,,,,,,,(unknown),,,,,,,,,,,
2731,9781902382555,Ha-Ha,$10.00,,,,,,,,,(unknown),,,,,,,,,,,
2780,9781910367056,Jazz Peas,$10.00,,,,,,,,,(unknown),,,,,,,,,,,
2898,9781910367063,Not Really,$10.00,,,,,,,,,(unknown),,,,,,,,,,,
2926,9781906613655,Outside the Blue Hebium,$10.00,,,,,,,,,(unknown),,,,,,,,,,,
3047,9781906613082,Skylight,$10.00,,https://www.abebooks.com/Skylight-Carole-Bromley-SmithDoorstop/30457474633/bd,,,,,,,(unknown),,,,,,,,,,,
3051,9781902382098,Soon Every House Will Have One,$10.00,,,,,,,,,(unknown),,,,,,,,,,,
3110,9781906613723,That So-Easy Thing,$10.00,,https://www.amazon.com/dp/1906613729?lv=shuf&channelId=500&plpRedirect=mhFallback,,,,,,,(unknown),,,,,,,,,,,
3181,9781906613990,This Poem,$10.00,,,,,,,,,(unknown),,,,,,,,,,,
1071,9789352137732,"Docker Up & Running - Shipping Reliable Containers in Production, Second Edition",$9.96,,,,,,,,,Shroff/O'Reilly,,,,,,,,,,,20
1085,9789350236086,SQL and Relational Theory: How to Write Accurate SQL Code,$9.96,,https://bookzoneindia.com/products/sql-and-relational-theory-2nd-edition?srsltid=AfmBOooDPgwFYfg1WBtvYotkGW8e_7UOVcg9ley7sSiy5N1t3mynRMMR,,,,,,,Shroff/O'Reilly,,,,,,,,,,,20
1660,9788178242996,Permanent Black Extreme Poetry: The South Asian Movement Of Simultaneous Narration,$9.84,,,,,,,,,Permanent Black,,,,,,,,,,,3
2304,9789352532162,Conceptual Chemistry for Class 12 - Vol. II: With Value - Based Questions,$9.84,,https://www.flipkart.com/hi/conceptual-chemistry-volume-ii-class-xii/p/itmemfjebtu5fwyg,,,,,,,S. Chand School Books,,,,,,,,,,,1
47,9788125061229,Harmony Book Class 4 Term 1,$9.66,,https://www.orientblackswan.com/Harmony-Class-4-Term-1/details?obsin=1423&format=paperback,,,,,,,Orient BlackSwan,,,,,,,,,,,155
2735,9788125061236,Harmony Class 4 term 2,$9.66,,https://www.orientblackswan.com/Harmony-Class-4-term-2/details?obsin=1424&format=paperback,,,,,,,(unknown),,,,,,,,,,,
1793,9788131218181,Practical Orthopedics,$9.64,,,,,,,,,Mosby,,,,,,,,,,,2
1067,9789352135714,Advanced Analytics with Spark Patterns for Learning from Data at Scale,$9.60,,,,,,,,,Shroff/O'Reilly,,,,,,,,,,,20
3063,9789352871537,Streams Class 5 Term 2,$9.60,,https://www.orientblackswan.com/Streams-Class-5-Term-2-The-Term-Book/details?obsin=3274,,,,,,,(unknown),,,,,,,,,,,
3064,9789352871544,Streams Class 5 Term 3,$9.60,,https://www.orientblackswan.com/Streams-Class-5-Term-3-The-Term-Book/details?obsin=3275,,,,,,,(unknown),,,,,,,,,,,
2331,9788190340359,A History of Modern Poetry: Modernism and After,$9.48,,https://www.abebooks.co.uk/History-Modern-Poetry-Volume-Modernism-After/32500601661/bd,,,,,,,Shivalik Prakashan,,,,,,,,,,,1
767,9788126563234,Professional Clojure,$9.36,,,,,,,,,Wiley,,,,,,,,,,,35
1470,9789351191537,An Administrator's Guide: Powershell in Depth (Manning),$9.36,,https://www.abebooks.com/PowerShell-Depth-Hicks-Jeffrey-Manning-Pubns/32316453575/bd,,,,,,,Dreamtech Press,,,,,,,,,,,6
1688,9789390427123,A Text Book of Applied Anatomy for B.SC.Nursing First Year SEMESTER-I ( Asper INC New Syllabus 2022-2023),$9.36,,,,,,,,,Vijayam Publications,,,,,,,,,,,3
1786,9780070680753,"Construction Project Management Plan, Second Edition",$9.36,,https://www.ajayonlinestall.com/product/construction-project-management-planning-scheduling-and-controlling-book-hardcover-k-k-chitkara/?srsltid=AfmBOoolxxNpjWgWDtf31HzWIWnstBIq6BuGPw1w_eZrSW-adzT3Grv2,,,,,,,McGraw Hill Education,,,,,,,,,,,2
2336,9789352136674,Make: High-Power Rockets - Construction and Certification for Thousands of Feet and Beyond,$9.36,,,,,,,,,"Shroff/Make Community, LLC.",,,,,,,,,,,1
1914,9789399889748,The Little Book That Builds Wealth,$9.30,,,,,,,,,Arnold Publishers,,,,,,,,,,,1
1970,9788198072160,BATTLE OF CHHAMB 1971: 5 Assam Regiment Blunts Pakistan’s Juggernaut with Fire & Fury | Colonel Mani K Gahatraj (Veteran),$9.30,,,,,,,,,BukAnt,,,,,,,,,,,1
3062,9789352871506,Streams Class 4 Term 2,$9.30,,https://www.flipkart.com/streams-term-book-class-4-2/p/itme4614e1356236,,,,,,,(unknown),,,,,,,,,,,
1852,9780070677425,"(OLD)LANGE CURRENT DIAGNOSIS & TREATMENT GASTROENTEROLOGY, HEPATOLOGY, & ENDOSCOPY",$9.24,,,,,,,,,Tata McGraw Hill Education,,,,,,,,,,,2
1062,9789357027380,The Bharat I Saw Editionhardback,$9.13,,,,,,,,,Rupa,,,,,,,,,,,20
154,9788125054078,Voyagerâ€”Class 5 Semester 2,$9.06,,,,,,,,,Orient BlackSwan,,,,,,,,,,,155
1364,9789366277646,Ratna Sagar - Living Science 7 (Rationalized Edition) (NCF 2023),$9.06,,https://kitabkopy.com/products/ratna-sagar-living-science-class-7-2025?srsltid=AfmBOoqdAPqydI5H8ybGKPikNELQfMpy4zIIalOp1gfZFuDnTPVHczoq,,,,,,,Ratna Sagar P. Ltd.,,,,,,,,,,,9
759,9788126547104,Introduction to Chemical Engineering: Tools for Today and Tomorrow,$9.00,,,,,,,,,Wiley,,,,,,,,,,,35
1080,9789352136810,Practical Programming: An Introduction to Computer Science Using Python 3.6 [Paperback],$9.00,,,,,,,,,Shroff/O'Reilly,,,,,,,,,,,20
1917,9798235169203,Rani Chennabhairadevi - The Pepper Queen of Gerusoppa,$9.00,,,,,,,,,Artsum Publications,,,,,,,,,,,1
2594,9798985977264,Combat Cravings With Essential Oils: A Simple Guide to Understanding and Healing Emotional Eating,$9.00,,https://www.amazon.com/dp/B0C9S7QFHP?lv=shuf&channelId=500&plpRedirect=mhFallback,,,,,,,(unknown),,,,,,,,,,,
2807,9781906613372,Largo,$9.00,,,,,,,,,(unknown),,,,,,,,,,,
3108,9781910367339,Tenants,$9.00,,,,,,,,,(unknown),,,,,,,,,,,
3122,9781910367087,The Death of Narrative,$9.00,,,,,,,,,(unknown),,,,,,,,,,,
3178,9781906613105,Theatre of Dreams,$9.00,,,,,,,,,(unknown),,,,,,,,,,,
3194,9781910367094,Twentyone Men and a Ghost,$9.00,,,,,,,,,(unknown),,,,,,,,,,,
3235,9781906613020,You've Been Great,$9.00,,,,,,,,,(unknown),,,,,,,,,,,
2428,9789363129962,No Longer Human and The Bell Jar (Paperback),$8.94,,,,,,,,,Wilco International LLP,,,,,,,,,,,1
3060,9789352871469,Streams Class 3 Term 1,$8.94,,https://www.orientblackswan.com/Streams-Class-3-Term-1-The-Term-Book/details?obsin=3267,,,,,,,(unknown),,,,,,,,,,,
3061,9789352871483,Streams Class 3 Term 3,$8.94,,https://www.orientblackswan.com/Streams-Class-3-Term-3-The-Term-Book/details?obsin=3269,,,,,,,(unknown),,,,,,,,,,,
2411,9798233612060,The Shadow Legacy,$8.88,,,,,,,,,Vivek Gandavaram,,,,,,,,,,,1
1121,9789350233795,R COOKBOOK,$8.86,,https://www.shroffpublishers.com/books/9789350233795/?srsltid=AfmBOop6I4UezYTMb8Takh0L_eHunXjtLrCL0RVjPbLgHt14G80adCdc,,,,,,,Shroff,,,,,,,,,,,19
46,9788125061212,Harmony Book Class 3 Term 3,$8.82,,https://www.orientblackswan.com/Harmony-Class-3-Term-3/details?obsin=1422&format=paperback,,,,,,,Orient BlackSwan,,,,,,,,,,,155
3255,9788198276223,சூளாமணிச் சுருக்கம்,$8.66,,https://www.flipkart.com/hi/civil-procedure-code-book-2025-hindi-comprehensive-guide-law-students-aspirants-ideal-all-state-judiciary-exams-upsc-optional-pcs-llb-llm/p/itm919c58bd3ffca?pid=9788198276223&lid=LSTBOK9788198276223EVLFPX&hl_lid=&marketplace=FLIPKART&fm=eyJ3dHAiOiJhZHZlcnRpc2VtZW50IiwicHJwdCI6InBwIiwibWlkIjoicGxhL3AycHNpbWlsYXIifQ%3D%3D,,,,,,,(unknown),,,,,,,,,,,
152,9788125054047,Voyager Orient Blackswan Semester Book Class 4 Term 1,$8.64,,,,,,,,,Orient BlackSwan,,,,,,,,,,,155
153,9788125054054,Voyager Orient Blackswan Semester Book Class 4 Term 2,$8.64,,,,,,,,,Orient BlackSwan,,,,,,,,,,,155
1109,9788184040364,C++ Cookbook,$8.64,,,,,,,,,Shroff,,,,,,,,,,,19
1501,9788188569762,Haddapaar Raja Thibaw,$8.64,,https://www.sapnaonline.com/books/haddapar-raja-thiba-sudha-shah-8188569763-9788188569762,,,,,,,Indus Source Books,,,,,,,,,,,5
2401,9788187358688,EVERYDAY NATIONALISM (HB),$8.52,,,,,,,,,University of Pennsylvania Press,,,,,,,,,,,1
2572,9788173198427,Calculus For Scientists & Engineers,$8.40,,,,,,,,,(unknown),,,,,,,,,,,
1687,9789385616051,A Text Book Of Medical Surgical Nursing2,$8.28,,,,,,,,,Vijayam Publications,,,,,,,,,,,3
3252,9788184355420,சிறகுகள் வரையும் வானம்,$8.28,,https://adhyayanbooks.com/products/%E0%A4%B8%E0%A4%BE%E0%A4%AE%E0%A4%BE%E0%A4%9C%E0%A4%BF%E0%A4%95-%E0%A4%85%E0%A4%A8%E0%A5%81%E0%A4%B8%E0%A4%82%E0%A4%A7%E0%A4%BE%E0%A4%A8-samajik-anusandhan?srsltid=AfmBOorFAGONptaHxp5OuMV924xcOzHGBjaHFAMyNGlKWe3suVyzSHJw,,,,,,,(unknown),,,,,,,,,,,
1447,9788184895438,Theorems And Counter Examples In Maths,$8.22,,,,,,,,,Springer,,,,,,,,,,,7
2170,9780781760348,THE WASHINGTON MANUAL OF MEDICAL THERAPEUTICS,$8.16,,,,,,,,,Lww Rs,,,,,,,,,,,1
2730,9788131202951,HB of Superconductivity,$8.11,,,,,,,,,(unknown),,,,,,,,,,,
2377,9788180545740,Advanced Cost and Management Accounting: Problems and Solution,$8.10,OUT OF STOCK,https://www.retailmaharaj.com/products/advanced-cost-management-accounting,,,,,,,Sultan Chand & Sons,,,,,,,,,,,1
1074,9789352130993,HOT SEAT: THE STARTUP CEO GUIDEBOOK,$8.04,,https://www.flipkart.com/hi/hot-seat-startup-ceo-guidebook/p/itmetjk3rhasgzvc,,,,,,,Shroff/O'Reilly,,,,,,,,,,,20
3251,9788184355055,சித்தரஞ்சனி,$8.04,,https://adhyayanbooks.com/products/%E0%A4%B8%E0%A4%9A%E0%A4%BE%E0%A4%B0-%E0%A4%A4%E0%A4%95%E0%A4%A8%E0%A5%80%E0%A4%95%E0%A5%80-%E0%A4%8F%E0%A4%B5%E0%A4%82-%E0%A4%97%E0%A5%8D%E0%A4%B0%E0%A4%BE%E0%A4%AE%E0%A5%80%E0%A4%A3-%E0%A4%B5%E0%A4%BF%E0%A4%95%E0%A4%BE%E0%A4%B8-%E0%A4%B8%E0%A5%88%E0%A4%A6%E0%A5%8D%E0%A4%B5%E0%A4%BE%E0%A4%A8%E0%A5%8D%E0%A4%A4%E0%A4%BF%E0%A4%95-%E0%A4%8F%E0%A4%B5%E0%A4%82-%E0%A4%85%E0%A4%A8%E0%A5%81%E0%A4%AD%E0%A4%B5%E0%A4%BE%E0%A4%A4%E0%A5%8D%E0%A4%AE%E0%A4%95-%E0%A4%A4%E0%A4%A5%E0%A5%8D%E0%A4%AF%E0%A5%8B%E0%A4%82-%E0%A4%95%E0%A4%BE-%E0%A4%8F%E0%A4%95-%E0%A4%B8%E0%A4%82%E0%A4%B6%E0%A5%8D%E0%A4%B2%E0%A5%87%E0%A4%B7%E0%A4%A3-sachar-takniki-evam-graamin-vikas-saidhvantik-evam-anubhavatmak-tathyon-ka-ek-sanshleshan?srsltid=AfmBOoq6sy6UKGzV8T4tANNx3bAn3eQuNqMb-_56E3YCOqu49RDFcl4c,,,,,,,(unknown),,,,,,,,,,,
1841,9781902382548,Oh My Rub!,$8.00,,,,,,,,,Smith|Doorstop Books,,,,,,,,,,,2
2549,9781906613013,Boukhara,$8.00,,,,,,,,,(unknown),,,,,,,,,,,
2715,9781906613037,Growing Pains,$8.00,,,,,,,,,(unknown),,,,,,,,,,,
2945,9781906613075,Party Piece,$8.00,,,,,,,,,(unknown),,,,,,,,,,,
2958,9781904634812,Poems,$8.00,,,,,,,,,(unknown),,,,,,,,,,,
3043,9781906613068,Singer,$8.00,,https://www.amazon.com/dp/1906613060?lv=shuf&channelId=500&plpRedirect=mhFallback,,,,,,,(unknown),,,,,,,,,,,
3131,9781906613006,The Half-mile-high Club,$8.00,,,,,,,,,(unknown),,,,,,,,,,,
3156,9781906613112,The Sea and the Forest,$8.00,,,,,,,,,(unknown),,,,,,,,,,,
45,9788125061182,Harmony Book Class 2 Term 3,$7.92,,https://www.orientblackswan.com/Harmony-Class-2-Term-3/details?obsin=1419&format=paperback,,,,,,,Orient BlackSwan,,,,,,,,,,,155
778,9788126550227,What Great Brands Do : The Seven Brand-,$7.92,,https://www.amazon.com/dp/B01N6PUWRW?lv=shuf&channelId=500&plpRedirect=mhFallback,,,,,,,Wiley,,,,,,,,,,,35
1112,9789351104063,Designing and Implementing Test Automation Frameworks,$7.92,,https://www.bestbookmart.com/bookinfo/434524/DESIGNING-AND-IMPLEMENTING-TEST-AUTOMATION-FRAMEWORKS-WITH-QTP,,,,,,,Shroff,,,,,,,,,,,19
1339,9788177395099,"Viteya Lekhankan B.Com. I Semester I, Ucchaytar Viteya Lekhankan B.Com. I Semester II (KU)",$7.92,,,,,,,,,Avichal Publishing Company,,,,,,,,,,,9
1443,9788184896183,"Complex Analysis with Applications in Science and Engineering, 2/e",$7.92,,https://www.flipkart.com/hi/complex-analysis-applications-science/p/itmdyuv8z4ywsvbk,,,,,,,Springer,,,,,,,,,,,7
2254,9788173715082,Mathematics in Nature,$7.92,,,,,,,,,Princeton University Press,,,,,,,,,,,1
2767,9789385621895,India Foreign Policy in Modi Era,$7.92,,https://www.bookchor.com/book/9789385621895/india-foreign-policy-in-modi-era,,,,,,,(unknown),,,,,,,,,,,
3073,9788194051039,Swachchhta Abhiyan,$7.92,,https://www.flipkart.com/hi/swachchhta-abhiyan/p/itm468c8f0b8c434,,,,,,,(unknown),,,,,,,,,,,
3254,9788172162658,சுவாமியும் சிநேகிதர்களும்,$7.92,,,,,,,,,(unknown),,,,,,,,,,,
766,9788126524471,Process Equipment Design,$7.80,,,,,,,,,Wiley,,,,,,,,,,,35
1445,9788184894585,PROBABILITY MODELS (SPRINGER UNDERGRADUATE MATHEMATICS SERIES),$7.80,,,,,,,,,Springer,,,,,,,,,,,7
3182,9788178244785,Three Ways To Be Alien Pb,$7.80,,,,,,,,,(unknown),,,,,,,,,,,
1084,9789351100294,SPRING DATA: MODERN DATA ACCESS FOR ENTERPRISE JAVA,$7.68,,,,,,,,,Shroff/O'Reilly,,,,,,,,,,,20
1923,9781631028298,Postgraduate Medicine Volume 28,$7.65,,,,,,,,,Association Of Physicians India,,,,,,,,,,,1
1622,9788181471239,"Urology Secrets, 3/e",$7.60,,https://www.bestbookmart.com/BookInfo/120380/Urology-Secrets-3rd-Edi,,,,,,,Elsevier Health - INR,,,,,,,,,,,3
939,9789369587988,Deepstambh - Jawahar Navoday Vidyalaya Pravesh Pariksha - Class 6vi - Marathi Madhyam - 2026/Ed.,$7.56,,https://www.schandpublishing.com/books/competitive-books/state-government-exams/deepstambh-jawahar-navodaya-vidyalaya-pravesh-pariksha-class-6-marathi-edition/9789369587988/?srsltid=AfmBOorEA_oS8By8P8pHCJ-8Qxa3qZLBuXbYSl9_t1r8UKRl-1tJFZ-u,,,,,,,S Chand Publishing,,,,,,,,,,,25
1948,9798218846480,"When Presence Follows Distance: A Devotional Essay on Love, Absence, and Grace",$7.56,,,,,,,,,Bible Beater Biker Press,,,,,,,,,,,1
2517,9789971973971,"Anatomy Regional, Functional and Clinical",$7.56,,,,,,,,,(unknown),,,,,,,,,,,
2543,9780804202596,Big God Big Questions: Confirmation for a Growing Faith Sample Book,$7.56,,,,,,,,,(unknown),,,,,,,,,,,
2651,9788181780959,ELECTROTHERAPY FOR PHYSIOTHERAPISTS,$7.56,,,,,,,,,(unknown),,,,,,,,,,,
2703,9788199254886,Gayatri : A Sociolinguistic Classic – A Monograph,$7.56,,,,,,,,,(unknown),,,,,,,,,,,
2881,9789810182441,My pals are here! English 4B workbook,$7.56,,,,,,,,,(unknown),,,,,,,,,,,
3026,9798902072270,Scars of the Memory,$7.56,,,,,,,,,(unknown),,,,,,,,,,,
758,9788126512867,"Interaction Design: Beyond Human-Computer Interaction, 2Nd Ed",$7.54,,,,,,,,,Wiley,,,,,,,,,,,35
1456,9789357788342,"Taxmann's Labour Laws – Comprehensive Coverage of 20+ Indian Labour, Industrial Relations, and Dispute Laws—Accompanied by a 50+ Page 'Guide To Labour Laws' [2025]",$7.50,,,,,,,,,Taxmann Publications Pvt. Ltd.,,,,,,,,,,,7
2128,9780065549706,A Little Life: The Million-Copy Bestseller Paperback,$7.50,,dbm,,,,,,,JAIN BOOK DEPOT,,,,,,,,,,,1
2272,9788175812598,Village By The Sea: Anita Desai,$7.50,,,,,,,,,Rama Brothers India Pvt Ltd,,,,,,,,,,,1
91,9789352874019,New Maths Time 6,$7.38,,https://www.sapnaonline.com/books/new-maths-time-class-6-vijaya-srinivasan-9352874013-9789352874019,,,,,,,Orient BlackSwan,,,,,,,,,,,155
6,9788125036357,BEACON ACROSS ASIA (PB) EDITION,$7.32,,,,,,,,,Orient BlackSwan,,,,,,,,,,,155
2219,9780070472778,Object-Oriented Analysis and Design,$7.32,,https://bookzoneindia.com/products/object-oriented-analysis-and-design?srsltid=AfmBOoo3f1j-FivZc_bAPX9s-zD2h7sw57eekpK7-0pOT3n976nmFgNJ,,,,,,,Osborne/McGraw-Hill,,,,,,,,,,,1
2674,9788183325714,Essential Chemistry 12,$7.32,,,,,,,,,(unknown),,,,,,,,,,,
2704,9788187680307,George Bernard Shaw (Tamil),$7.20,,,,,,,,,(unknown),,,,,,,,,,,
3257,9788172299224,திரைப்பட மேதைகள்,$7.20,,,,,,,,,(unknown),,,,,,,,,,,
2753,9788174732019,ICD-10 International Statistical Classification of Diseases and Related Health Problems,$7.09,,https://www.abebooks.co.uk/Alphabetical-Index-ICD-10-International-Statistical-Classification/32112508616/bd,,,,,,,(unknown),,,,,,,,,,,
142,9788125060345,Success with Getting Ahead Book 7 (Comb),$7.08,,https://www.mypustak.com/book/new-success-with-getting-a-head-social-science-for-class-7-obs-9788125060345?38182&srsltid=AfmBOooDUSjFmTsTVI_wUDM-j9_Gpwa59MuE_gmyCnb49QvZfrzASbiA,,,,,,,Orient BlackSwan,,,,,,,,,,,155
1886,9780739081518,Danza Spiccato: Sheet (Signature Series),$7.00,,,,,,,,,Alfred Publishing Company Inc,,,,,,,,,,,1
3019,9798296350770,STAGES OF CLOSURE: Short Stories (23TH LIFE),$7.00,,https://www.bookswagon.com/book/stages-closure-shreshtha-gupta/9798296350770?srsltid=AfmBOoqesNKWGBvOfDkRP7OU2lRX_1fqXGRI0ZgToe5OzqFEoUmDWWap,,,,,,,(unknown),,,,,,,,,,,
3171,9781902382562,The Uses of Pepper,$7.00,,,,,,,,,(unknown),,,,,,,,,,,
3227,9781902382470,Woman Scouring a Pot,$7.00,,,,,,,,,(unknown),,,,,,,,,,,
1076,9789352137954,MANAGING KUBERNETES,$6.96,,,,,,,,,Shroff/O'Reilly,,,,,,,,,,,20
1482,9788177584141,LaTeX: A Document Preparation System (2nd Edition),$6.96,,,,,,,,,Pearson Education,,,,,,,,,,,6
44,9788125045830,Gul Mohar : Reader 8 (Nepal Edition),$6.90,,,,,,,,,Orient BlackSwan,,,,,,,,,,,155
90,9788125056317,New Gul Mohar Reader 2,$6.84,EXPENSIVE,https://www.malikbooksellers.com/product/obs-new-gul-mohar-reader-textbook-for-class-2/?srsltid=AfmBOopDI0EvN9PYpqMF2sujBhZp2zIKaS4jPCoOBa_hBP1fuPUBU57Z,,,,,,,Orient BlackSwan,,,,,,,,,,,155
1328,9789381269527,Probability and Random Processes:With Applications to Signal Processing and Communications,$6.84,,,,,,,,,Elsevier,,,,,,,,,,,10
43,9788125045823,Gul Mohar : Reader 7 (Nepal Edition),$6.72,,,,,,,,,Orient BlackSwan,,,,,,,,,,,155
1206,9788173701207,Modern School Mathematics: Book 6,$6.72,,https://orientblackswan.com/Modern-School-Mathematics-6/details?obsin=2110&format=paperback,,,,,,,Sangam Books,,,,,,,,,,,14
1479,9788173668401,SECURITY WARRIOR,$6.72,,,,,,,,,O'Reilly Media,,,,,,,,,,,6
2912,9789367258606,OI SCIENCE C 3 (WITH PRACTICE BOOKLET),$6.72,,,,,,,,,(unknown),,,,,,,,,,,
42,9788125045816,Gul Mohar : Reader 6 (Nepal Edition),$6.60,,,,,,,,,Orient BlackSwan,,,,,,,,,,,155
757,9788126553044,Data Structures,$6.60,,https://www.flipkart.com/data-structures/p/itme3z8fargjge5p,,,,,,,Wiley,,,,,,,,,,,35
878,9788184974331,"Children's Encyclopedia [Hardcover] [May 15, 2012] BPI",$6.60,,,,,,,,,S.Chand (G/L) & Company Ltd,,,,,,,,,,,29
1219,9789386224842,Kasturba Ki Rahasyamayi Diary: The Secret Diary Of Kasturba - Hindi (Hindi Edition),$6.60,,,,,,,,,Westland/Yatra,,,,,,,,,,,14
1444,9788184894615,Elements of Functional Analysis,$6.60,,,,,,,,,Springer,,,,,,,,,,,7
1450,9789350719947,FEMA & FDI Ready Reckoner [Paperback] V.S.Datey [Paperback] V.S.Datey,$6.60,,,,,,,,,Taxmann Publications Pvt. Ltd.,,,,,,,,,,,7
1489,9788130910864,Business Essentials: Human Resource Management,$6.60,,,,,,,,,Viva Books Private Limited,,,,,,,,,,,6
2357,9789386221759,Introduction to Plasma Physics,$6.60,,,,,,,,,Springer Nature,,,,,,,,,,,1
2472,9789390427208,A TEXTBOOK OF APPLIED SOCIOLOGY,$6.60,,https://www.flipkart.com/text-book-applied-sociology-b-sc-nursing-first-year-semester-1/p/itm044bdafd788e9,,,,,,,(unknown),,,,,,,,,,,
2599,9788187680239,Comprehensive Food Fermentation Biotechnology 2Volume Set,$6.60,,,,,,,,,(unknown),,,,,,,,,,,
2809,9789385621734,Law Against Family Violence and Cruelty,$6.60,,https://www.bookchor.com/book/9789385621734/law-against-family-violence-and-cruelty,,,,,,,(unknown),,,,,,,,,,,
2976,9788180522062,Quantum Matrix,$6.60,,,,,,,,,(unknown),,,,,,,,,,,
3250,9788198120991,சிங்கப்பூர் ஒரு முழுமையான பார்வை,$6.59,,https://www.flipkart.com/ta/csir-net-chemical-sciences-physical-chemistry-theory-book-best-science-ugc-net-gate-dbt-icmr-exams/p/itm020612f1e64ba?pid=9788198120991&lid=LSTBOK9788198120991JFV6DY&hl_lid=&marketplace=FLIPKART&fm=eyJ3dHAiOiJhZHZlcnRpc2VtZW50IiwicHJwdCI6InBwIiwibWlkIjoicGxhL3AycHNpbWlsYXIifQ%3D%3D,,,,,,,(unknown),,,,,,,,,,,
1620,9788181471758,Dental Secrets (English) 3rd Edition,$6.58,,,,,,,,,Elsevier Health - INR,,,,,,,,,,,3
89,9788125056300,New Gul Mohar Reader 1,$6.54,,https://www.mypustak.com/book/new-gul-mohar-reader-1-m-p-bhaskaran-9788125056300?44543&srsltid=AfmBOopJwFHml4-9CYTDZnvgto94Jk893yeS5DZ159ZNL4PRaSrFUpPp,,,,,,,Orient BlackSwan,,,,,,,,,,,155
2341,9783443951085,My Friends A Goodreads' MOST anticipated novel of 2025,$6.54,,,,,,,,,Simon & Schuster UK,,,,,,,,,,,1
39,9788125045786,Gul Mohar : Reader 3 (Nepal Edition),$6.48,,,,,,,,,Orient BlackSwan,,,,,,,,,,,155
2502,9788189059224,"Abnormal: Lectures At The Coll罟Ge De France, 1974-75 [Paperback] [Jan 01, 2010]",$6.48,,,,,,,,,(unknown),,,,,,,,,,,
2830,9789348734600,MCQs in Pharmaceutical Chemistry,$6.48,,,,,,,,,(unknown),,,,,,,,,,,
41,9788125045809,Gul Mohar : Reader 5 (Nepal Edition),$6.42,,,,,,,,,Orient BlackSwan,,,,,,,,,,,155
2346,9789348569134,"Snowwhite's The Maharashtra Protection of Interest of Depositors (In Financial Establishments) Act, 1999 and Rules, 1999 (MPID) with Short Notes, Case Law and Relevant Appendices - 2026 Edition",$6.42,,https://www.ebcwebstore.com/product/the-maharashtra-protection-of-interest-of-depositors-sunil-dighe?products_id=99110569&srsltid=AfmBOooRNv1hsqsPUE7ypv4ug24oi1eJ3IJsuOZi-ZOc0-lhvw-9BbP_,,,,,,,Snow White Publications Pvt Ltd,,,,,,,,,,,1
1148,9788123905938,Introduction To Plant Diseases: Identification And Management Lucas,$6.38,,,,,,,,,CBS,,,,,,,,,,,15
2403,9788123904771,Air Pollution Effects on Biodiversity,$6.38,,,,,,,,,"Van Nostrand Reinhold Inc.,U.S.",,,,,,,,,,,1
816,9788182964204,Understanding I.S.C. Economics Class- XI,$6.36,,,,,,,,,Arya Publishing Company,,,,,,,,,,,33
1041,9788181374882,"Together With Lab Kit Science - 10 [Perfect Paperback] [Jan 01, 2016] Rachna Sagar",$6.36,,,,,,,,,Rachna Sagar,,,,,,,,,,,20
1075,9789352137008,"Kubernetes Cookbook: Building Cloud Native Applications [Paperback] [Jan 01, 2018] Sébastien Goasguen",$6.36,,,,,,,,,Shroff/O'Reilly,,,,,,,,,,,20
1086,9789350239544,The Art of Readable Code,$6.36,,,,,,,,,Shroff/O'Reilly,,,,,,,,,,,20
1483,9788131788028,"QB CSE, 5th sem-Anna University",$6.36,,,,,,,,,Pearson Education,,,,,,,,,,,6
1485,9788131790977,The C++ Programming Language - Anna University,$6.36,,,,,,,,,Pearson Education,,,,,,,,,,,6
1513,9788122435351,Pharmaceutical Techno Vol-II,$6.36,,,,,,,,,New Age International Private Limited,,,,,,,,,,,5
1604,9788126106691,Practical Manual of Plant Anatomy and Embryology,$6.36,,,,,,,,,Anmol Publications Pvt Ltd,,,,,,,,,,,3
2293,9788170366782,Organization Development - Interventions & Strategies,$6.36,,,,,,,,,Response Books,,,,,,,,,,,1
2340,9789381535820,Silver Zone IOS Question Paper Booklet - VIII,$6.36,,https://pragationline.com/olympiad-excellence-guide-reasoning-aptitude-class-2-silver-zone/?srsltid=AfmBOornMlwTb-2eJgqZDDPb8DKuekgLO4fpZUO5SDo9Vfx6dh9uk1Y0,,,,,,,Silver Zone,,,,,,,,,,,1
2392,9788170195009,Electrical Power System,$6.36,,,,,,,,,Today & Tomorrow's printed publisher,,,,,,,,,,,1
2832,9789361038143,MEGABYTE BOOK 6 (WITH ACTIVITY BOOKLET),$6.36,,,,,,,,,(unknown),,,,,,,,,,,
2873,9789810185473,Mph! Maths P5b Pract Bk-Te,$6.36,,,,,,,,,(unknown),,,,,,,,,,,
2919,9789352271399,Olympiad Excellence Guide Class 4,$6.36,,,,,,,,,(unknown),,,,,,,,,,,
3025,9798901765265,Scars of the Memory,$6.36,,,,,,,,,(unknown),,,,,,,,,,,
3129,9788122612905,The Good Doctor,$6.36,,https://keralabookstore.com/book/the-good-doctor/6144/,,,,,,,(unknown),,,,,,,,,,,
3265,9780000146441,വക്രോക്തി ഭാഷ,$6.36,,,,,,,,,(unknown),,,,,,,,,,,
40,9788125045793,Gul Mohar : Reader 4 (Nepal Edition),$6.30,,,,,,,,,Orient BlackSwan,,,,,,,,,,,155
38,9788125045779,Gul Mohar : Reader 2 (Nepal Edition),$6.24,,,,,,,,,Orient BlackSwan,,,,,,,,,,,155
2511,9789311122717,"All in One Mathematics CBSE for Class 12 [Paperback] [Jan 01, 2017] Prem Kumar (Author)",$6.24,,,,,,,,,(unknown),,,,,,,,,,,
2760,9789367259764,INSPIRE EVS 2 WITH PRACTICE BOOKLET,$6.24,,,,,,,,,(unknown),,,,,,,,,,,
2761,9789367256572,INSPIRE MATHS 1 (WITH PRACTICE BOOKLET),$6.24,,,,,,,,,(unknown),,,,,,,,,,,
2333,9789812557148,SAP Creative Writing Book 6,$6.18,,,,,,,,,Shree Book Centre,,,,,,,,,,,1
2918,9789396954401,Ogilvy On Advertising,$6.18,,,,,,,,,(unknown),,,,,,,,,,,
1573,9780199574735,Oxford Handbook of Paediatrics,$6.12,,https://www.bookchor.com/book/9780199574735/oxford-handbook-of-paediatrics,,,,,,,Oxford University Press,,,,,,,,,,,4
3201,9788177395112,Understanding ICSE Mathematics Class- X,$6.12,,https://www.mypustak.com/book/understanding-icse-mathematics-for-class-10-m-l-aggarwal-neeraj-raj-jain-r-g-gupta-9788177395112?36297&srsltid=AfmBOornpVqGu9t-Hpjhad0eYJeFxK45S-SYV6jhoOZSiJQq3n0yaxYo,,,,,,,(unknown),,,,,,,,,,,
1792,9788131224632,"Endocrine Secrets ,5/e",$6.07,,,,,,,,,Mosby,,,,,,,,,,,2
53,9788125053866,I Can! Maths: Book 4,$6.06,,https://www.orientblackswan.com/details?obsin=1528,,,,,,,Orient BlackSwan,,,,,,,,,,,155
3116,9789396115611,The Bitcoin Standard: The Decentralized Alternative to Central Banking,$6.06,,,,,,,,,(unknown),,,,,,,,,,,
1439,9788178695433,Most Popular Cookbook Collection (English),$6.00,,,,,,,,,Snab Publishers,,,,,,,,,,,7
1518,9788120334601,Windows Server 2008 Tcp/Ip Protocols And Services [Paperback] Davies,$6.00,,https://www.flipkart.com/windows-server-2008-tcp-ip-protocols-services/p/itmdytdyxdvahd8a,,,,,,,Prentice Hall India Learning Private Limited,,,,,,,,,,,5
1959,9788193895115,Fall,$6.00,,https://www.sapnaonline.com/books/sararik-siksha-yog-tatha-jivan-ramesh-kumar-8193895118-9788193895115,,,,,,,The Borough Press,,,,,,,,,,,1
2056,9788187495253,Creating Outstanding Term Paper,$6.00,,,,,,,,,Excel Books,,,,,,,,,,,1
2210,9788172112820,Buddhist Psychology,$6.00,,,,,,,,,Northern Book Centre,,,,,,,,,,,1
2282,9788184049824,IBM WEBSPHERE RFID HANDBOOK A SOLUTION GUIDE,$6.00,,https://www.bestbookmart.com/bookinfo/380276/IBM-WebSphere-RFID-Handbook-A-Solution-Guide,,,,,,,Redbooks,,,,,,,,,,,1
2414,9788185990910,The Myth of Saint Thomas and the Mylapore Shiva Temple,$6.00,,,,,,,,,Voice of India,,,,,,,,,,,1
2618,9788193303658,"DMRC Electrical Engineering (Junior Engg. Recruitment Exam.) (Includes 3 Practice Papers) [Paperback] [Jan 01, 2017] GKP",$6.00,,,,,,,,,(unknown),,,,,,,,,,,
2659,9789694690391,Educational Philosophy Of The Holy Qur'An Life And Struggles If A Revilutionary Memoir Of Dada Amir Haider Khan,$6.00,,,,,,,,,(unknown),,,,,,,,,,,
2727,9788125045762,Gul Mohar : Reader 1 (Nepal Edition),$6.00,,,,,,,,,(unknown),,,,,,,,,,,
2744,9788187746393,"Hindu legends of justice: Panchatantra & Smrti [Hardcover] [Jan 01, 2002] L. Sternback",$6.00,,,,,,,,,(unknown),,,,,,,,,,,
2802,9788184046458,LEARNING RAILS,$6.00,,https://www.shroffpublishers.com/books/9788184046458/?srsltid=AfmBOop8ttMBX_uqC1XJFDy_8v3lPfsIJhN0w-xwEb_8sJ6UPmpQTWKp,,,,,,,(unknown),,,,,,,,,,,
3107,9788186762158,Telugu Vyasa parinamam,$6.00,,,,,,,,,(unknown),,,,,,,,,,,
2010,9788180280085,"Poetry and Community: Lectures and Essays, 1991-2001",$5.94,,,,,,,,,D C Publishers,,,,,,,,,,,1
2052,9789334073034,English Connection 5000+ Daily Use English Sentences (New First Edition) - Kanchan Keshari,$5.94,,https://www.flipkart.com/hi/5000-daily-use-english-sentences-kanchan-keshari-paperback/p/itmc64da8b0be874?pid=9789334073034&lid=LSTBOK9789334073034LI8VBV&hl_lid=&marketplace=FLIPKART&fm=eyJ3dHAiOiJyZWNvIiwicHJwdCI6InBwIiwibWlkIjoicHJvZHVjdFJlY29tbWVuZGF0aW9uL3NpbWlsYXIifQ%3D%3D,,,,,,,English Connection,,,,,,,,,,,1
2236,9789386232076,Pathfinder Life Science Fundamentals and Practice Part II by Pranav Kumar (Fifth Revised Edition),$5.94,,,,,,,,,Pathfinder Publication,,,,,,,,,,,1
2353,9789396465402,How to ADHD,$5.94,,,,,,,,,Souvenir Press,,,,,,,,,,,1
141,9788125055303,Succeed - Class X,$5.88,,,,,,,,,Orient BlackSwan,,,,,,,,,,,155
880,9788121932585,Engneering Mathematics: v. 1: for JNTU Students (anantpur) (Engneering Mathematics: for JNTU Students (anantpur)),$5.88,,,,,,,,,S.Chand (G/L) & Company Ltd,,,,,,,,,,,29
1263,9789312143162,Ugc-Net/Set General Paper-1,$5.88,,,,,,,,,Arihant Publication,,,,,,,,,,,12
1140,9788123900520,(Old Edition ) THE PROCESSES OF FOSSILIZATION,$5.87,,,,,,,,,CBS,,,,,,,,,,,15
1313,9789382616368,Harold Kushner Pack,$5.87,,,,,,,,,Pan Macmillan India,,,,,,,,,,,11
1323,9789380931876,"Engineering-A Compiler, 2e",$5.87,,,,,,,,,Elsevier,,,,,,,,,,,10
1742,9798217090167,K2: LIFE AND DEATH ON THE WORLD'S MOST DANGEROUS MOUNTAIN,$5.87,,,,,,,,,Crown,,,,,,,,,,,2
1743,9798217090174,NO SHORTCUTS TO THE TOP: CLIMBING THE WORLD'S 14 HIGHEST PEAKS,$5.87,,https://atlanticbooks.com/products/no-shortcuts-to-the-top-climbing-the-worlds-14-highest-peaks-9798217090174,,,,,,,Crown,,,,,,,,,,,2
1873,9788126577743,The Barefoot Investor,$5.87,,,,,,,,,ABC/Audible Audio,,,,,,,,,,,1
2091,9780888993045,Broken Shields (Stella),$5.87,,,,,,,,,Groundwood Books,,,,,,,,,,,1
2351,9781728260167,At the End of Everything,$5.87,,,,,,,,,Sourcebooks Fire,,,,,,,,,,,1
2655,9798217090150,ENOUGH: CLIMBING TOWARD A TRUE SELF ON MOUNT EVEREST,$5.87,,,,,,,,,(unknown),,,,,,,,,,,
1581,9788170463221,Seagull Books The Magic Of Making,$5.84,,,,,,,,,Seagull Books,,,,,,,,,,,4
2683,9789385932564,Feminist Research Methodology,$5.84,,,,,,,,,(unknown),,,,,,,,,,,
52,9788125053859,I Can! Maths: Book 3,$5.76,,https://www.orientblackswan.com/details?obsin=1527,,,,,,,Orient BlackSwan,,,,,,,,,,,155
813,9788178556062,Problems & Solutions in Accountancy Class- XI,$5.76,,clankart.com/books/PROBLEMS-amp-SOLUTIONS-IN-ACCOUNTANCY?7611719505375434,,,,,,,Arya Publishing Company,,,,,,,,,,,33
1755,9789352530540,S. Chand's ICSE Mathematics for Class X,$5.76,,,,,,,,,Generic,,,,,,,,,,,2
2499,9789381510308,Aatmaon Ki Mahayatra,$5.76,,,,,,,,,(unknown),,,,,,,,,,,
2567,9789311121536,"CTET Success Master Paper-II Teacher Selection for Class VI-VIII MATHS & SCIENCE 2017 [Paperback] [Jan 01, 2017] Books Wagon",$5.76,,,,,,,,,(unknown),,,,,,,,,,,
2888,9788198885722,New Delhi Paper 13 Operation Sindoor Rewriting the India Pakistan Rulebook,$5.76,,,,,,,,,(unknown),,,,,,,,,,,
753,9788126516643,"Beginning Microsoft Visual C# 2008 [ BEGINNING MICROSOFT VISUAL C# 2008 BY Watson, Karli ( Author ) Apr-01-2008",$5.75,,,,,,,,,Wiley,,,,,,,,,,,35
215,9789356190436,Jayeza | A Roman Urdu Poetry Book,$5.64,,,,,,,,,Independently Published,,,,,,,,,,,145
762,9788126519385,Moral Fiber: A Practical Guide to Living Our Values,$5.64,,,,,,,,,Wiley,,,,,,,,,,,35
1110,9788173660450,"CGI Programming with Perl, Second Edition",$5.64,,https://www.mypustak.com/book/cgi-programming-with-perl-scott-guelich-9788173660450?1570011&srsltid=AfmBOoppngAL9T-Q-hlLSdqYJm2OQGOCrNtlcKbDcHHi2KRtrtEhb7wZ,,,,,,,Shroff,,,,,,,,,,,19
1288,9789385288494,A BOOK OF SIMPLE LIVING,$5.64,,,,,,,,,Audible Studios on Brilliance audio,,,,,,,,,,,11
1516,9788120344549,Successful Project Managent : Applying best practices and real world techniques with Microsoft Project,$5.64,,,,,,,,,Prentice Hall India Learning Private Limited,,,,,,,,,,,5
1571,9781405127264,EPZ - Blueprints Notes & Cases-Phar,$5.64,,,,,,,,,Oxford University Press,,,,,,,,,,,4
1574,9780195669459,"Oxford Paperback Thesaurus, Indian Edition",$5.64,,,,,,,,,Oxford University Press,,,,,,,,,,,4
1631,9788121509077,Transcendence and negation: A study of Buddhist compassion and Christian love,$5.64,,,,,,,,,Munshiram Manoharlal Publishers Pvt Ltd,,,,,,,,,,,3
1641,9798902317395,Coexist,$5.64,,,,,,,,,Notion Press,,,,,,,,,,,3
1787,9780071072496,"Principles And Applications Of Electrical Engineering (Sie), 5Ed",$5.64,,,,,,,,,McGraw Hill Education,,,,,,,,,,,2
1809,9789354425486,"Orient Black Swan Maths Ahead Class 8 Textbook, NEP NCF",$5.64,,https://www.flipkart.com/neptune-science-1/p/itmf3ab6924d6153,,,,,,,ORIENT BLACK SWAN,,,,,,,,,,,2
1859,9788173711596,The Creative Problem Solver’s Toolbox,$5.64,,,,,,,,,Universities Press,,,,,,,,,,,2
1869,9789391406721,Your stolen heartbeats (Part 1: Shimmering Moments),$5.64,,,,,,,,,The Write Order Publications,,,,,,,,,,,2
1876,9789392880346,Kshamaprarthana Ani Krutadnyata | क्षमाप्रार्थना आणि कृतज्ञता,$5.64,,,,,,,,,Acel Learning s pte ltd,,,,,,,,,,,1
1883,9788192682815,"सत्संग योग चारों भाग ।। Satsang Yog Charo Bhag ।। Ved-Upanishad, Geeta-Raamaayan, aadi sanskrt saahityon ke saath aur 52 Sant-Mahaatmaon ke vachanon dvaara pramaanit yog ka varnan.",$5.64,,,,,,,,,Akhil Bharatiya Santmat Satsang Prakashan,,,,,,,,,,,1
1906,9788187784609,England me Majdoor Varg ki Dasha (Friedrich Engels) | इंग्लैंड में मजदूर वर्ग की दशा,$5.64,,,,,,,,,Antararashtriya Prakashan,,,,,,,,,,,1
1988,9788186693605,Temerathi Tejani Safar,$5.64,,,,,,,,,Chitshakti Publication,,,,,,,,,,,1
2149,9788197400766,The Cartridge (ദി കാർട്രിഡ്ജ്),$5.64,,https://keralabookstore.com/book/the-cartridge/1003277/,,,,,,,Kottayam Pushpanath Publications,,,,,,,,,,,1
2201,9788186921807,Mewari Gita-Govinda,$5.64,,,,,,,,,National Museum,,,,,,,,,,,1
2202,9788194118596,Ticketshuda Rukka,$5.64,,,,,,,,,navarun,,,,,,,,,,,1
2306,9788192976006,Samaithu Paar(Part 1) (Samaithu Par),$5.64,,,,,,,,,S.Meenakshi Ammal Publications,,,,,,,,,,,1
2309,9789388597432,Nakshathra Nireekshanam,$5.64,OUT OF STOCK,https://keralabookstore.com/book/nakshathra-nireekshanam/13266/,,,,,,,Sahithya Pravarthaka Co-operative Society Ltd.,,,,,,,,,,,1
2347,9789352818150,Upanishad Bharati,$5.64,,,,,,,,,Somayaji,,,,,,,,,,,1
2360,9781732025639,मेरा पैसा किसने सफेद किया?,$5.64,,,,,,,,,Sree Iyer Books,,,,,,,,,,,1
2439,9789382134824,"Christian Religious Spiritual Hindi Book Combo of 2 "" स्वामी के चरणों में "" साधु सुंदर सिंह (At The Master's Feet by Sadhu Sundar Singh) and ' दर्शन ' ( Vision by Sadhu Sundar Singh)",$5.64,,,,,,,,,Word of Christ,,,,,,,,,,,1
2702,9788184044522,"GUIDE TO THE CMMI,2/ED:INTERPRETING THE CAPABILITY MATURITY MODEL INTEGRATION",$5.64,,,,,,,,,(unknown),,,,,,,,,,,
3200,9788184028768,Udal Manathai Samanilai Seidhal-[உடல் மனதை சமநிலை செய்தல்],$5.64,,,,,,,,,(unknown),,,,,,,,,,,
2914,9780198895312,OXFORD HANDBOOK OF RESPIRATORY MEDICINE,$5.61,,,,,,,,,(unknown),,,,,,,,,,,
752,9788126505708,Beginning Java 2 Jdk (5Th Ed.),$5.60,,,,,,,,,Wiley,,,,,,,,,,,35
138,9788125050858,Spoken English 4/Ed,$5.58,,,,,,,,,Orient BlackSwan,,,,,,,,,,,155
2105,9789381335901,Financial Accounting And Auditing,$5.56,,,,,,,,,Ibh,,,,,,,,,,,1
782,9789388991117,Wiley's ExamXpert Technical Approach for Campus Placements,$5.52,,,,,,,,,Wiley,,,,,,,,,,,35
2031,9788193611951,Ella Prashnangalum Nammudethalla The Stoic Way of Thinking,$5.52,,,,,,,,,Dream Asia Books,,,,,,,,,,,1
2206,9788183990981,Forestry Solution for all Forestry Competitive Exams (PB),$5.52,,,,,,,,,New Vishal Publications,,,,,,,,,,,1
612,9781401945831,"Irritable Bowel Syndrome: Causes, Symptoms and Natural Solutions (What Doctors Don't Tell You)",$5.46,,,,,,,,,Hay House,,,,,,,,,,,50
2325,9781590791950,Communicate or Die: Getting Results Through Speaking and Listening (Global Leader Series),$5.46,,,,,,,,,Select Books Inc,,,,,,,,,,,1
2371,9780915066506,COLLECTED POEMS OF ROSE DRACHLER,$5.46,,,,,,,,,Station Hill Press,,,,,,,,,,,1
2372,9780930794668,PARTS AND OTHER PARTS,$5.46,,,,,,,,,"Station Hill Press,U.S.",,,,,,,,,,,1
86,9780201060386,New Gul Mohar (ICSE) Companion - Class 8,$5.40,,,,,,,,,Orient BlackSwan,,,,,,,,,,,155
93,9788125060314,New Success with Getting Ahead in Social Science Book 4,$5.40,,https://www.mypustak.com/book/new-success-with-getting-ahead-in-social-studies-class-4-obs-9788125060314?17088&srsltid=AfmBOoqlMJjjxauZeF8EY6BIAisL992RzBFmwmOlIVskkW_3Q0p5PAvs,,,,,,,Orient BlackSwan,,,,,,,,,,,155
1762,9788194719588,Divine Comedy [డివైన్ కామెడీ],$5.40,,,,,,,,,Godavari Prachuranalu,,,,,,,,,,,2
1901,9789395469166,Lakhima Ki Aankein,$5.40,,https://www.flipkart.com/lakhima-ki-aankein/p/itmf79cc68356627,,,,,,,Ananya Prakashan,,,,,,,,,,,1
1943,9788190829274,Ramayana,$5.40,,,,,,,,,Bhakti Vikas Trust,,,,,,,,,,,1
2014,9789357320467,SARGAGEETHAM: THIRANJEDUTHA VAYALAR KAVITHAKAL,$5.40,,https://keralabookstore.com/book/sargageetham-thiranjedutha-vayalar-kavithakal/1003871/,,,,,,,DCB,,,,,,,,,,,1
2255,9788172866921,Signals and Systems 6 ED,$5.40,,https://www.flipkart.com/signals-systems-6-ed-uday-kumar-s-english-prism-books-pvt-ltd-bangalore-paperback-edition-6th-6th/p/itmdfm55hehjjz6h,,,,,,,Prism Publications,,,,,,,,,,,1
2263,9789381209271,A study of socio religious beliefs practices of the Bodos,$5.40,,,,,,,,,Punthi Pustak,,,,,,,,,,,1
2387,9789387791381,Ahobilam - Abode of Nava Narasimhas,$5.40,,,,,,,,,THG PUBLISHING PRIVATE LIMITED,,,,,,,,,,,1
2890,9788125056454,New Gul Mohar Companion 8,$5.40,,,,,,,,,(unknown),,,,,,,,,,,
3150,9783443950682,The Power of Now By Eckhart Tolle,$5.40,,,,,,,,,(unknown),,,,,,,,,,,
3220,9788186782774,Vyāpaka Vishṇu kā Saṃskr̥ta kāvyoṃ meṃ pratibimbana (Hindi Edition),$5.40,,,,,,,,,(unknown),,,,,,,,,,,
1151,9788123900087,Principles of Air Pollution Meteorology,$5.36,,,,,,,,,CBS,,,,,,,,,,,15
1615,9789388725774,New Sarp Series For Neet Nbe Ai Dermatology Nothing Beyond For Pgmee (Pb 2019),$5.36,,,,,,,,,CBS (PGMEE),,,,,,,,,,,3
54,9788125020967,ICSE Comprehension Practice (Rev. Edn),$5.34,,https://www.orientblackswan.com/details?obsin=1532,,,,,,,Orient BlackSwan,,,,,,,,,,,155
763,9788126559152,"Neuro-Linguistic Programming for Dummies, 3ed",$5.30,,,,,,,,,Wiley,,,,,,,,,,,35
765,9788126546268,Playing Keyboard For Dummies,$5.30,,,,,,,,,Wiley,,,,,,,,,,,35
2067,9788126554904,Nosql For Dummies,$5.30,,,,,,,,,For Dummies,,,,,,,,,,,1
50,9788125053842,I Can! Maths Class 2,$5.28,,https://www.orientblackswan.com/details?obsin=1526,,,,,,,Orient BlackSwan,,,,,,,,,,,155
88,9788125056430,New Gul Mohar Companion 6,$5.28,,https://www.sapnaonline.com/books/gulmohar-companion-6-language-life-v-sasikumar-8125056432-9788125056430,,,,,,,Orient BlackSwan,,,,,,,,,,,155
480,9789351038986,Jessica Cole Model Spy: Code Red Lipstick [Paperback] Sarah Sky,$5.28,,,,,,,,,Scholastic,,,,,,,,,,,72
515,9781743625804,Thelma the Unicorn (Thelma The Unicorn),$5.28,,,,,,,,,Scholastic,,,,,,,,,,,72
716,9789388689755,Be Social: Building Brand YOU Online,$5.28,,,,,,,,,Westland,,,,,,,,,,,36
721,9789386036636,Chicken Soup For The Soul - Reboot Your Life,$5.28,,,,,,,,,Westland,,,,,,,,,,,36
723,9789385724039,Chicken Soup For The Soul: Say Hello To A Better Body,$5.28,,,,,,,,,Westland,,,,,,,,,,,36
725,9789385152429,Chicken Soup For The Soul: Think Positive For Kids,$5.28,,,,,,,,,Westland,,,,,,,,,,,36
727,9789385152719,Chicken Soup for the iitians soul [Paperback] NEWMARK AMY,$5.28,,https://www.clankart.com/books/Chicken-Soup-for-the-Soul--for-the-IITians-Soul?6321681574340862,,,,,,,Westland,,,,,,,,,,,36
734,9789386224453,"I, Krishnadevaraya",$5.28,,,,,,,,,Westland,,,,,,,,,,,36
737,9788189975869,Life Lessons For Mastering The Law Of Attraction: Chicken Soup For The Soul,$5.28,,,,,,,,,Westland,,,,,,,,,,,36
743,9789387578500,Tarikshir: The Awakening,$5.28,,,,,,,,,Westland,,,,,,,,,,,36
777,9788126544769,"WINE FOR DUMMIES, 5TH ED",$5.28,,,,,,,,,Wiley,,,,,,,,,,,35
897,9788184975574,Sikh Spiritual Practice,$5.28,,,,,,,,,S.Chand (G/L) & Company Ltd,,,,,,,,,,,29
898,9788184975611,"Sivananda Buried Yoga [Sep 30, 2012] Manamoyanand, Yogi",$5.28,,,,,,,,,S.Chand (G/L) & Company Ltd,,,,,,,,,,,29
1027,9789387672666,CBSE Practice Material Chapterwise for Class 10 Social Science for 2019 Examination,$5.28,,https://www.clankart.com/books/Togetherwith-Social-Science-Practice-Material-based-on-NCERT-and-CBSE?9231718959778821,,,,,,,Rachna Sagar,,,,,,,,,,,20
1078,9789350235096,PACKET GUIDE TO ROUTING AND SWITCHING [Paperback],$5.28,,,,,,,,,Shroff/O'Reilly,,,,,,,,,,,20
1117,9789351105374,Introducing Erlang,$5.28,,https://www.sapnaonline.com/books/introducing-erlang-19454806,,,,,,,Shroff,,,,,,,,,,,19
1222,9789386224804,"Sialkot Gatha: The Sialkot Saga [Paperback] [Jul 03, 2017] NA",$5.28,,,,,,,,,Westland/Yatra,,,,,,,,,,,14
1244,9788170948315,How to Make Money Trading Stock Trends,$5.28,,,,,,,,,Vision Books,,,,,,,,,,,13
1245,9788170949510,How to Save Tax on Capital Gains: AY 2016-17,$5.28,,,,,,,,,Vision Books,,,,,,,,,,,13
1251,9788170949138,"Very, Very Rich and How They Got That Way",$5.28,,,,,,,,,Vision Books,,,,,,,,,,,13
1455,9789386189059,Spreadsheet Skills for Financial Professionals,$5.28,,,,,,,,,Taxmann Publications Pvt. Ltd.,,,,,,,,,,,7
1474,9788126560844,"Wiley's State Bank Of India Probationary Officer (Sbi Po) Exam Goalpost Big Book, Prelims (Phase-I)",$5.28,,,,,,,,,Dreamtech Press,,,,,,,,,,,6
1492,9788130930824,The Virtual Training Guidebook,$5.28,,https://www.bestbookmart.com/BookInfo/422724/The-Virtual-Training-Guidebook,,,,,,,Viva Books Private Limited,,,,,,,,,,,6
1515,9788120347915,MICROSOFT ACCESS 2013 PLAIN AND SIMPLE,$5.28,,,,,,,,,Prentice Hall India Learning Private Limited,,,,,,,,,,,5
1565,9789351442134,Ongc Civil Asst Executive Engineering Recruitment Examination (Old Edition),$5.28,,,,,,,,,G.K. Publications Private Limited,,,,,,,,,,,4
1630,9788121501330,The Champubharata of Shrimad Anantkavi,$5.28,,,,,,,,,Munshiram Manoharlal Publishers Pvt Ltd,,,,,,,,,,,3
1654,9789351101888,Instant MapReduce Patterns - Hadoop Essentials How-to,$5.28,,,,,,,,,Packt Publishing Limited,,,,,,,,,,,3
1686,9789385616402,A Study Material Of Nursing Foundations,$5.28,,,,,,,,,Vijayam Publications,,,,,,,,,,,3
1690,9788188479764,Dream Of Consciousness: Contemplations on Advaita,$5.28,,,,,,,,,Yogi Impressions,,,,,,,,,,,3
1691,9788188479177,"Living as God [Paperback] [Jan 01, 1900] P Raymond Stewart",$5.28,,,,,,,,,Yogi Impressions,,,,,,,,,,,3
1715,9789381626092,"The Blaft Anthology of Tamil Pulp Fiction - Volume 2 (The Blaft Anthology of Tamil Pulp Fiction, #2)",$5.28,,,,,,,,,Blaft Tranquebar Press,,,,,,,,,,,2
1728,9788131515082,10 Steps to Successful Customer Service,$5.28,,,,,,,,,Cengage Learning India Pvt. Ltd.,,,,,,,,,,,2
1761,9788187746126,Quran And Future Of Science,$5.28,,,,,,,,,Global Vision Publishing House,,,,,,,,,,,2
1771,9788188260003,The Fundamentals of Advaita Vedanta,$5.28,,,,,,,,,Indological Research Centre,,,,,,,,,,,2
1839,9789350238196,PRODUCT PLACEMENT,$5.28,,https://www.shroffpublishers.com/books/marketing-and-online-marketing/9789350238196/?srsltid=AfmBOoqGmiO8c4qZ4mCxvVJQyCfcbuv_oMh8JcnIa1ne3GqfK-atFd8r,,,,,,,Shroff Publishers & Distributers Private Limited - Mumbai,,,,,,,,,,,2
1874,9788188683154,Prabhakar Machve Ke Upanyason Me Prayogshilta (Hindi),$5.28,,,,,,,,,Abhijit Publications,,,,,,,,,,,1
1908,9788187721161,C FOR ALL,$5.28,,,,,,,,,Anuradha Publications,,,,,,,,,,,1
1950,9780552779111,Best Laid Plans,$5.28,,,,,,,,,Black Swan,,,,,,,,,,,1
1985,9789380283715,Chicken Soup For The Soul Moms And Sons,$5.28,,,,,,,,,Chicken Soup for the Soul,,,,,,,,,,,1
2099,9789384030070,The Krishna Key (Marathi) (Marathi Edition),$5.28,,,,,,,,,Hind Yugm,,,,,,,,,,,1
2352,9788121508735,"Upanisads Retold, Vol. 1",$5.28,,,,,,,,,South Asia Books,,,,,,,,,,,1
2355,9788179308301,VISHWA ITIHAAS 2022,$5.28,,,,,,,,,Spectrum Books Pvt. Ltd.,,,,,,,,,,,1
2397,9789384061371,You Can Be Rich Too With Goal Based Investing,$5.28,,,,,,,,,TV18 Broadcast Limited (CNBC TV18),,,,,,,,,,,1
2437,9789350671306,Women Liberation,$5.28,,,,,,,,,Wisdom Collections,,,,,,,,,,,1
2449,9788180600906,Aawajen(Collection of Revolutionary Poetry),$5.28,,,,,,,,,पेंगुइन बुक्स इंडिया,,,,,,,,,,,1
2514,9788121500302,An Outline Of Madhava Philosophy,$5.28,,,,,,,,,(unknown),,,,,,,,,,,
2524,9789391855314,BHAIRAV CHALISA POCKET EDITION,$5.28,,,,,,,,,(unknown),,,,,,,,,,,
2542,9788193895184,Bharat ka Swantra Sangra,$5.28,,,,,,,,,(unknown),,,,,,,,,,,
2548,9788176493956,Body Reflexology : Healing At Your Fingertips,$5.28,,,,,,,,,(unknown),,,,,,,,,,,
2555,9788184782462,Business Communication and Organisation & Management,$5.28,,https://www.sterlingbookhouse.com/r.-agarwal/?srsltid=AfmBOorRTYzOIvNEcntnJqZc4PWlMN960CnhL1sUuxP5bZ235hMquvw2,,,,,,,(unknown),,,,,,,,,,,
2621,9789391855321,DURGA CHALISA POCKET EDITION,$5.28,,,,,,,,,(unknown),,,,,,,,,,,
2665,9789352134137,Employee Well-being in the 21st Century,$5.28,,,,,,,,,(unknown),,,,,,,,,,,
2668,9789352837861,Engineering Mathematics-I,$5.28,,https://www.usedbooksworld.in/product/32425763/Engineering-Mathematics-Volume-1-Jntu-Kakinada-R-20-T-K-V-Iyengar-Gandhi-Prasad,,,,,,,(unknown),,,,,,,,,,,
2680,9789351760146,"Fast Track Objective Arithmetic [Paperback] [Jan 01, 2014] Rajesh Verma",$5.28,,,,,,,,,(unknown),,,,,,,,,,,
2684,9788173667473,Flash Hacks: 100 Industrial-Strength Tips & Tools,$5.28,,,,,,,,,(unknown),,,,,,,,,,,
2741,9788172130800,Higher Education in the North-East A Perspective,$5.28,,,,,,,,,(unknown),,,,,,,,,,,
2799,9789391855482,LAKSHMI CHALISA POCKET EDITION,$5.28,,,,,,,,,(unknown),,,,,,,,,,,
2831,9789361030451,MEGABYTE BOOK 4 (WITH ACTIVITY BOOKLET),$5.28,,,,,,,,,(unknown),,,,,,,,,,,
2944,9789385621284,Partibhasheel kaise bane,$5.28,,,,,,,,,(unknown),,,,,,,,,,,
2946,9788172112936,Passion Longing Awareness : The Spiritual Experiences Of A Westerner Of India,$5.28,,,,,,,,,(unknown),,,,,,,,,,,
2962,9788174530400,Prasāda tathā Rāya kī mūlya cetanā (Hindi Edition),$5.28,,,,,,,,,(unknown),,,,,,,,,,,
2967,9788184045673,Programming .Net 3.5,$5.28,,,,,,,,,(unknown),,,,,,,,,,,
3008,9789391855093,SHIV CHALISA POCKET EDITION,$5.28,,,,,,,,,(unknown),,,,,,,,,,,
3014,9788184042207,SQL Hacks Tips & Tools For Digging Into Your Data,$5.28,,https://www.bestbookmart.com/bookinfo/168944/SQL-Hacks,,,,,,,(unknown),,,,,,,,,,,
3021,9789350943892,Sainik School Pravesh Pariksha 2017 for Class IX All India Entrance Examination,$5.28,,,,,,,,,(unknown),,,,,,,,,,,
3075,9789385621338,Swasthya ka khazana,$5.28,,,,,,,,,(unknown),,,,,,,,,,,
3121,9789384385033,The Daragah of Khwaja Gharib-un-Nawaz of Ajmer,$5.28,,https://rgbooks.net/shop/english-language/dargah-of-khwaja-gharib-un-nawaz-of-ajmer/,,,,,,,(unknown),,,,,,,,,,,
1159,9788178120812,Csir-Ugc Net Life Science (Popular Master Guide): Life Sciences,$5.22,,,,,,,,,RPH,,,,,,,,,,,15
2303,9789358705003,सामान्य अध्ययन पेपर 5 UPPSC Samanya Adhyayan Paper 5 Book 2025 (In Hindi) for Mains & Prelims Civil Services Exam | UPPSC 2023 Previous year solved ... GS Paper 5 | UPSC | General Studies Exams,$5.22,,,,,,,,,"S Chand and Company Ltd , 40/2A Site IV, Sahibabad Industrial Area, Ghaziabad, U.P - 201010",,,,,,,,,,,1
3109,9789349562615,"Textbook of Regulatory Affairs, Intellectual Property Rights, Patents and Quality Assurance",$5.22,,https://meripustak.com/Textbook-of-Regulatory-Affairs-Intellectual-Property-Rights-Patents-and-Quality-Assurance-PB-519311?srsltid=AfmBOorWG-c9ucvTlAfVPB7z4clcPbhO2HWxRiSGhotya64ObuViZCKW,,,,,,,(unknown),,,,,,,,,,,
948,9788121938464,"S. Chand's Mathematics For Class 9 (Term 2) [Perfect Paperback] [Jan 01, 2011] H.K. Dass",$5.16,,clankart.com/books/S-Chand-Mathematics-Term-II-Class-IX?1211730048750991,,,,,,,S Chand Publishing,,,,,,,,,,,25
2142,9789386386823,Spoken English (Latest Edition) | Neetu Singh | KD Publication | Original,$5.16,,,,,,,,,KD Publication,,,,,,,,,,,1
2311,9789351732556,अन्तर्राष्ट्रीय सम्बन्ध के सिद्धान्त ( Theories of International Relations ) - Sahitya Bhawan Publications,$5.16,,,,,,,,,Sahitya Bhawan Publications,,,,,,,,,,,1
2553,9780071241762,Brief Ed. of Statistical techniques in business & economic,$5.16,,,,,,,,,(unknown),,,,,,,,,,,
51,9788125053835,I Can! Maths: Book 1,$5.10,,https://www.orientblackswan.com/details?obsin=1525,,,,,,,Orient BlackSwan,,,,,,,,,,,155
2565,9780190137977,CEETELUGU DICTIONARY SECOND EDITION_PM,$5.10,,,,,,,,,(unknown),,,,,,,,,,,
1048,9789355204752,50 Greatest Short Stories For Children (Hb),$5.05,,,,,,,,,Rupa,,,,,,,,,,,20
1142,9788123919454,"CBS AIIMS MD Entrance Examination, 1 , Vol. 2",$5.05,,,,,,,,,CBS,,,,,,,,,,,15
2763,9788174732033,"INTERNATIONAL STATISTICAL CLASSIFICATION OF DISEASES ICD-10, VOL 3",$5.05,,,,,,,,,(unknown),,,,,,,,,,,
2964,9788181475473,Prep Manual for undergraduate medicine - second edition,$5.05,,,,,,,,,(unknown),,,,,,,,,,,
1,9788125020950,A Comprehensive English Language Course (Revised),$5.04,,https://www.orientblackswan.com/details?obsin=39,,,,,,,Orient BlackSwan,,,,,,,,,,,155
68,9788125044581,Malhaar Hindi Vyakaran Aur Rachna Book 6,$5.04,,https://www.orientblackswan.com/Malhaar-6-Hindi-Vyakaran-Aur-Rachna/details?obsin=1953,,,,,,,Orient BlackSwan,,,,,,,,,,,155
69,9788125044598,Malhaar Hindi Vyakaran Aur Rachna Book 7 (Hindi Edition),$5.04,,,,,,,,,Orient BlackSwan,,,,,,,,,,,155
70,9788125044604,Malhaar Hindi Vyakaran Aur Rachna Book 8,$5.04,,,,,,,,,Orient BlackSwan,,,,,,,,,,,155
146,9788125043249,The Old Playhouse and Other Poems,$5.04,,,,,,,,,Orient BlackSwan,,,,,,,,,,,155
797,9788178555522,Fundamentals of Financial Accounting Semester I of BBA,$5.04,,https://www.bestbookmart.com/BookInfo/456181/Fundamentals-of-Financial-Accounting-Semester-I-of-BBA,,,,,,,Arya Publishing Company,,,,,,,,,,,33
914,9781039007956,Is a River Alive?,$5.04,,,,,,,,,Penguin,,,,,,,,,,,28
1209,9788173703119,NatureQuest 10: Environmental Education (NatureQuest Environment Edition),$5.04,,,,,,,,,Sangam Books,,,,,,,,,,,14
1262,9789311124414,Ordnance Trade Apprentice Practice Workbook Electrician Trade For ITI 2017,$5.04,,https://www.sterlingbookhouse.com/books/practice-workbook-10-practice-setsstudy-material-ordnance-trade-apprentice-electrician-trade-for-iti-d757-book-shop-book-store-book-shop-mumbai-book-store-mumbai/?sef_rewrite=1&srsltid=AfmBOopnIDzaTSVil-a8gm_1tL5EdqbR_K_-tqe9cYrCOzxVJ2n1achu,,,,,,,Arihant Publication,,,,,,,,,,,12
1453,9789389368079,SCANNER - SECURITIES LAWS & CAPITAL MARKETS [Paperback] N.S ZAD,$5.04,,,,,,,,,Taxmann Publications Pvt. Ltd.,,,,,,,,,,,7
1744,9780241634523,Londres Guía Top 10 (Pocket Travel Guide) (Spanish Edition),$5.04,,,,,,,,,DK Eyewitness Travel,,,,,,,,,,,2
1745,9780241626474,Sicilia Guía Visual (Travel Guide) (Spanish Edition),$5.04,,,,,,,,,DK Eyewitness Travel,,,,,,,,,,,2
1885,9780735241381,A Time Outside This Time,$5.04,,,,,,,,,Aleph Book Company,,,,,,,,,,,1
1936,9780385698207,What Time the Sexton's Spade Doth Rust,$5.04,,,,,,,,,Bantam,,,,,,,,,,,1
2029,9780385687843,Uncertain Kin,$5.04,,,,,,,,,Doubleday Canada,,,,,,,,,,,1
2146,9781039056480,Margaret's New Look,$5.04,,,,,,,,,Knopf Canada,,,,,,,,,,,1
2200,9788187540571,Pharmacology For Undergraduate (Saq's),$5.04,,,,,,,,,The National Book Depot,,,,,,,,,,,1
2308,9781543342963,Text Book Of Pharmacognosy & Phytochemistry 1 : B Pharmacy 4th Semester,$5.04,,,,,,,,,S.Vikas And Company,,,,,,,,,,,1
2834,9789367255407,MERRY BIRDS-UKG TERM 2 (ASMI ED.),$5.04,,,,,,,,,(unknown),,,,,,,,,,,
2889,9788125056423,New Gul Mohar Companion 5,$5.04,,https://www.flipkart.com/new-gul-mohar-eighth-companion-5/p/itm39a6191158526,,,,,,,(unknown),,,,,,,,,,,
2894,9788122611861,Nisambtha Bhavanagal,$5.04,,,,,,,,,(unknown),,,,,,,,,,,
2985,9788178440378,Rangeya Raghav Ka Upanyas Sahatiya Aur Yug Chetna,$5.04,,,,,,,,,(unknown),,,,,,,,,,,
3006,9789311124223,SBI PO Phase-1 Preliminary Examination Study Guide 2017,$5.04,,,,,,,,,(unknown),,,,,,,,,,,
3018,9789311122441,SSC Sub-Inspector & Assistant Sub-Inspector Recruitment Examination Study Guide,$5.04,,,,,,,,,(unknown),,,,,,,,,,,
609,9789381431283,Golden Wayne W.Dyer Collection,$5.03,,,,,,,,,Hay House,,,,,,,,,,,50
754,9788126568031,"Building the Internet of Things: Implement New Business Models, Disrupt Competitors, Transform Your Industry [Hardcover] [Jun 16, 2017] Maciej Kranz",$5.03,,,,,,,,,Wiley,,,,,,,,,,,35
755,9788126578887,Business Chemistry,$5.03,,,,,,,,,Wiley,,,,,,,,,,,35
768,9788126577460,Sales Enablement,$5.03,,,,,,,,,Wiley,,,,,,,,,,,35
771,9788126565689,The Art of Opportunity: How to Build Growth and Ventures Through Strategic Innovation and Visual Thinking,$5.03,,,,,,,,,Wiley,,,,,,,,,,,35
776,9788126578863,WEconomy,$5.03,,,,,,,,,Wiley,,,,,,,,,,,35
1291,9788126567232,Hopping Over the Rabbit Hole: How Entrepreneurs Turn Failure into Success [Hardcover] Anthony Scaramucci,$5.03,,,,,,,,,Audible Studios on Brilliance audio,,,,,,,,,,,11
1298,9788126578900,The Persuasion Code,$5.03,,,,,,,,,Audible Studios on Brilliance audio,,,,,,,,,,,11
1310,9789389109191,Beautiful Place (HB),$5.03,,,,,,,,,Pan Macmillan India,,,,,,,,,,,11
1319,9788126563371,"The New Leader's 100-Day Action Plan: How to Take Charge, Build or Merge Your Team, and Get Immediate Results by George B. Bradt Jayme A. Check John A. Lawler(2016-02-01)",$5.03,,,,,,,,,Pan Macmillan India,,,,,,,,,,,11
1320,9781447228387,Wilbur Smith X 3 Spl,$5.03,,,,,,,,,Pan Macmillan India,,,,,,,,,,,11
1585,9781501191732,Picasso and the Painting That Shocked the World,$5.03,,,,,,,,,Simon & Schuster,,,,,,,,,,,4
1956,9781471125263,Doctor Proctor,$5.03,,,,,,,,,Bolinda Audio Books,,,,,,,,,,,1
2098,9781804090909,Creator Takes It All: Forge your own creative path and thrive by doing work you love,$5.03,,,,,,,,,Harriman House,,,,,,,,,,,1
2231,9781349959556,Breakthrough Marketing Plans,$5.03,,,,,,,,,Palgrave Macmillan,,,,,,,,,,,1
2240,9780143427476,Jai Ho! Collected Lyrics (Box Set),$5.03,,,,,,,,,Penguin Random House India,,,,,,,,,,,1
2388,9781509881093,Braid,$5.03,,,,,,,,,Thorndike Pr,,,,,,,,,,,1
2529,9789394613119,BLISS BRAIN,$5.03,,,,,,,,,(unknown),,,,,,,,,,,
2765,9798217191642,ISLAND WITCH,$5.03,,,,,,,,,(unknown),,,,,,,,,,,
3137,9789386215468,The LIC Story,$5.03,,,,,,,,,(unknown),,,,,,,,,,,
1926,9788171568079,"Contemporary American Literature Poetry, Fiction, Drama and",$5.00,,,,,,,,,Atlantic,,,,,,,,,,,1
1994,9781788640008,"Care Line, The",$5.00,,,,,,,,,Cinnamon Press,,,,,,,,,,,1
2575,9780571550098,Can-can,$5.00,,,,,,,,,(unknown),,,,,,,,,,,
2625,9780571551828,"Day of the Dolphin, The(stringsets bass)",$5.00,,,,,,,,,(unknown),,,,,,,,,,,
2714,9783943638028,Gregorian. Gesange SATB Single Part,$5.00,,,,,,,,,(unknown),,,,,,,,,,,
2860,9781423437871,Memory chant,$5.00,,,,,,,,,(unknown),,,,,,,,,,,
2999,9780571551248,Rodgers & Hammerstein: South Pacific/The King & I,$5.00,,,,,,,,,(unknown),,,,,,,,,,,
3086,9781858680255,THE ART OF EROTIC MESSAGE,$5.00,,,,,,,,,(unknown),,,,,,,,,,,
3264,9782122611579,ചെറുകാടിന്റെ ചെറുകഥകള്,$5.00,,,,,,,,,(unknown),,,,,,,,,,,
528,9788178121406,CBSE-UGC-NET/SET: History (Paper II & III) Guide (Popular Master Guide),$4.98,,,,,,,,,Ramesh Publishing House,,,,,,,,,,,66
2110,9789960966687,Women Around The Messenger,$4.98,,,,,,,,,IIPH *Indian Printed BEST Quality +91 9945744117,,,,,,,,,,,1
2117,9788179292150,Becoming Street Smart - The Money-Making Secrets Of A Streetwise Entrepreneur,$4.98,,,,,,,,,Infinity Books N Delhi,,,,,,,,,,,1
85,9789352874392,New Buzzword Workbook 1,$4.92,DUPLICATE,https://www.mypustak.com/book/new-buzzword-workbook-1-leena-kaimal-anil-9789352874392?2007156&srsltid=AfmBOorm8GFz84bvxod_igg0FXRzvoVX_BmpFyLrJCKjYHQjoBWsqK9r,,,,,,,Orient BlackSwan,,,,,,,,,,,155
87,9788125056393,New Gul Mohar Companion 2,$4.92,DUPLICATE,https://www.mypustak.com/book/new-buzzword-workbook-1-leena-kaimal-anil-9789352874392?2007156&srsltid=AfmBOorm8GFz84bvxod_igg0FXRzvoVX_BmpFyLrJCKjYHQjoBWsqK9r,,,,,,,Orient BlackSwan,,,,,,,,,,,155
149,9788125016687,The enemy within (Literature in translation),$4.92,DUPLICATE,https://www.mypustak.com/book/new-buzzword-workbook-1-leena-kaimal-anil-9789352874392?2007156&srsltid=AfmBOorm8GFz84bvxod_igg0FXRzvoVX_BmpFyLrJCKjYHQjoBWsqK9r,,,,,,,Orient BlackSwan,,,,,,,,,,,155
770,9789370608900,"Tarkash Momentum General Science: For UPSC Civil Services, BPSC, UPPSC, and Other Competitive Examinations",$4.92,,,,,,,,,Wiley,,,,,,,,,,,35
947,9789352532018,"S. Chand's ICSE Biology for Class IX [Paperback] [Jan 01, 2017] Sarita Aggarwal",$4.92,,,,,,,,,S Chand Publishing,,,,,,,,,,,25
1169,9788178120218,UPSC SCRA Special Class Railway Apprentices Examination (Popular Master Guide) (2015 Edition),$4.92,,,,,,,,,RPH,,,,,,,,,,,15
2460,9789311127736,40 Days NEET- JEEV VIGYAN,$4.92,,,,,,,,,(unknown),,,,,,,,,,,
2726,9788125045915,Gul Mohar : Companion 8 (Nepal Edition),$4.92,,,,,,,,,(unknown),,,,,,,,,,,
541,9788178121758,Electrical Engineers Recruitment Exam Guide,$4.86,,,,,,,,,Ramesh Publishing House,,,,,,,,,,,66
584,9788178120287,UGC-NET-Geography (Paper II & III) (Popular Master Guide),$4.86,,,,,,,,,Ramesh Publishing House,,,,,,,,,,,66
1763,9788194719502,Misrani [మిస్రాణి],$4.86,,,,,,,,,Godavari Prachuranalu,,,,,,,,,,,2
1949,9789363475243,"Akashik Record Reading Dwara ""Aatmgyan Ki Yatra""",$4.86,,,,,,,,,Bigfoot Publications,,,,,,,,,,,1
2131,9789396611359,"Talking With Psychopaths,& Savages, Book",$4.86,,,,,,,,,John Blake Publishing Ltd,,,,,,,,,,,1
2725,9788125045908,Gul Mohar : Companion 7 (Nepal Edition),$4.86,,,,,,,,,(unknown),,,,,,,,,,,
2728,9789354424298,Gulmohar Language Practice 1 Nep Ncf,$4.86,,https://www.orientblackswan.com/Gul-Mohar-Language-Practice-1-NEP-NCF/details?obsin=1373&format=paperback,,,,,,,(unknown),,,,,,,,,,,
1325,9788131228234,Nutrition & Biochemistry for Nurses 1ED (English) 1st Edition,$4.84,,,,,,,,,Elsevier,,,,,,,,,,,10
2870,9788181890092,Modern Technology on Vegetable Production,$4.84,,,,,,,,,(unknown),,,,,,,,,,,
554,9788178122427,MTNL Management Trainees/Junior Telecom Trainee Officers Recruitment Test: Computer Sc./IT/Computer Engg. (Popular Master Guide),$4.80,,,,,,,,,Ramesh Publishing House,,,,,,,,,,,66
1158,9788178120478,Csir-Ugc Net (Chemical Science) I & Ii Guide: Joint Research Fellowship & Eligibility For Lectureship,$4.80,,,,,,,,,RPH,,,,,,,,,,,15
3067,9789311128818,"Study Guide for B.Arch 2018 [Paperback] [Jan 01, 2017] PK Mishra",$4.80,,,,,,,,,(unknown),,,,,,,,,,,
3262,9788199261341,ஸ்ரீ விநாயகர் அகவல்: காரியசித்தி மாலை ஸ்ரீ விநாயகர் கவசம் 108 அஷ்டோத்தர சத நாமாவளி மற்றும் துதிகள் தியான ஸ்லோகங்கள் அடங்கியது: பெரிய எழுத்தில் - Sri Vinayagar Agaval: Karya Siddhi Maalai - Kavacham-Namavali & Dhyana Slokas: Bold Letters (Tamil),$4.80,,,,,,,,,(unknown),,,,,,,,,,,
2637,9788185263441,Dhanapāla kr̥ta Tilaka-mañjarī: Eka sāṃskr̥tika adhyayana (Hindi Edition),$4.76,,,,,,,,,(unknown),,,,,,,,,,,
10,9788125014560,Dictionary of Bharata Natya,$4.74,,,,,,,,,Orient BlackSwan,,,,,,,,,,,155
963,9788181433831,Jal Tootata Hua,$4.74,,,,,,,,,Vani Prakashan,,,,,,,,,,,24
967,9788181430496,Kurukshetra,$4.74,,,,,,,,,Vani Prakashan,,,,,,,,,,,24
969,9788170552543,Narmedh,$4.74,,,,,,,,,Vani Prakashan,,,,,,,,,,,24
972,9788170553021,Rajshekhar,$4.74,,,,,,,,,Vani Prakashan,,,,,,,,,,,24
977,9788181431226,Sampradaikta Ke Badalte Chehre,$4.74,,,,,,,,,Vani Prakashan,,,,,,,,,,,24
1758,9788196342364,Nikah Guide (URDU ROMAN),$4.74,,https://www.flipkart.com/nikah-guide/p/itmddab9fa9d0e5f,,,,,,,GIP BOOK STORE,,,,,,,,,,,2
1759,9788196342319,Seerat Un Nabi,$4.74,,,,,,,,,GIP BOOK STORE,,,,,,,,,,,2
1868,9789391406738,Your Stolen Heartbeats: Part 2 Radiant Sorrows,$4.74,,,,,,,,,The Write Order Publications,,,,,,,,,,,2
1925,9789386516268,100 Eucharistic Miracles,$4.74,,,,,,,,,ATC Publishers,,,,,,,,,,,1
2116,9789391045265,Janamsakhi Parampara Vich Guru Nanak Darshan,$4.74,,,,,,,,,Indira Gandhi National Centre For The Arts,,,,,,,,,,,1
2581,9789381018996,Chanda,$4.74,,,,,,,,,(unknown),,,,,,,,,,,
2724,9788125045892,Gul Mohar : Companion 6 (Nepal Edition),$4.74,,,,,,,,,(unknown),,,,,,,,,,,
3245,9788120843417,அயல்மொழி அலமாரி,$4.74,,,,,,,,,(unknown),,,,,,,,,,,
1785,9788126569991,Openoffice.Org For Dummies,$4.71,,,,,,,,,Manjul Publishing House,,,,,,,,,,,2
502,9789351033592,Star Wars Episode #04: A New Hope Novelization,$4.68,,,,,,,,,Scholastic,,,,,,,,,,,72
503,9789351033578,Star Wars: Episode #02 Attack Of The Clones,$4.68,,,,,,,,,Scholastic,,,,,,,,,,,72
504,9789351033608,Star Wars: Episode #05 :Empire Strikes Back Novelization,$4.68,,,,,,,,,Scholastic,,,,,,,,,,,72
505,9789351033615,Star Wars: Episode #06 Return Of The Jedi Novelization,$4.68,,,,,,,,,Scholastic,,,,,,,,,,,72
728,9789380032894,"Earthbound: Navdanya’s Guide to Easy, Organic Cooking",$4.68,,,,,,,,,Westland,,,,,,,,,,,36
783,9788126563869,Wiley's Institute of Banking Personnel Selection Probationary Officers (Ibps Po) Exam Goalpost Solved Papers & Mock Tests: Prelims and Mains,$4.68,,,,,,,,,Wiley,,,,,,,,,,,35
890,9788184975550,Mantra and the Goddess,$4.68,,,,,,,,,S.Chand (G/L) & Company Ltd,,,,,,,,,,,29
1108,9788184047110,Beautiful Security Leading Security Experts Explain How They Think,$4.68,,https://www.sapnaonline.com/books/beautiful-security-leading-security-experts-oram-8184047118-9788184047110,,,,,,,Shroff,,,,,,,,,,,19
1124,9788173669385,राष्ट्रपिता और नेताजी- Father of the Nation and Netaji (A Panoramic Historical View),$4.68,,,,,,,,,Shroff,,,,,,,,,,,19
1216,9789385152832,Ek Haseena Ka Katal (Hindi Edition),$4.68,,,,,,,,,Westland/Yatra,,,,,,,,,,,14
1223,9789386850393,The Rozabal Line (Marathi) (Marathi Edition),$4.68,,,,,,,,,Westland/Yatra,,,,,,,,,,,14
1471,9789350046821,Comdex Basic Computer and Hardware Networking Course Kit: Hindi,$4.68,,,,,,,,,Dreamtech Press,,,,,,,,,,,6
1505,9788175545427,Appreciative Inquiry for Change Management,$4.68,,,,,,,,,Kogan Page India Private Limited,,,,,,,,,,,5
1517,9788120344617,Windows Azure Step by Step [Paperback] Brunetti,$4.68,,,,,,,,,Prentice Hall India Learning Private Limited,,,,,,,,,,,5
1595,9789386850201,AVAL EZHUDHIYA BESTSELLER [Paperback] MAHARATHI (Tamil Edition),$4.68,,,,,,,,,Westland/Mysticswrite,,,,,,,,,,,4
1642,9798903421442,Constellations of Absence: A Short Noveletta,$4.68,,,,,,,,,Notion Press,,,,,,,,,,,3
1681,9789383260812,Day's End Stories: Life After Sundown In Small-Town India: 1,$4.68,,,,,,,,,Tranquebar,,,,,,,,,,,3
1682,9789385152726,Ticklish Matters: 1,$4.68,,,,,,,,,Tranquebar,,,,,,,,,,,3
1738,9788181930637,Basic notes in PSYCHIATRY (4th ed.),$4.68,,,,,,,,,CRC Pr I Llc,,,,,,,,,,,2
1749,9788176212458,Planting Seeds,$4.68,,,,,,,,,Full Circle Publishing,,,,,,,,,,,2
2087,9789386309303,Reasoning for Competitive Examinations,$4.68,,https://www.flipkart.com/hi/reasoning-competitive-examinations/p/itm784ae8f3462fb,,,,,,,GK PUBLICATION,,,,,,,,,,,1
2109,9788195478651,Iiitprep Ugee Reap 2025,$4.68,,https://www.mypustak.com/book/a-complete-guide-for-ugee-reap-2023-iiit-hyderabad-part-2-others-9788195478651?1682002&srsltid=AfmBOoqIlfs5cfliv15iErNvG1zE6mehXJwKuJsKdx8deZnHY3ttNcMX,,,,,,,IIITprep Printing Solutions,,,,,,,,,,,1
2136,9788178440484,Swatanteryotar Hindi-Mahila Natakkaro Ke Natako Mein Samajik Chetna [Hardcover] Shrimati Vinod Jain,$4.68,,,,,,,,,K.K. Publications,,,,,,,,,,,1
2211,9788184046939,SQL And Relational Theory How To Write Accurate SQL Code,$4.68,,https://www.shroffpublishers.com/books/9788184046939/?srsltid=AfmBOooKWuT7BhVcsFiI4jhKJEANX6Lmdw7kAyJMEPwtvQA4lKWcxE98,,,,,,,O′Reilly,,,,,,,,,,,1
2220,9789380658025,The Wild Geese And The Water,$4.68,,,,,,,,,Osho International Foundation,,,,,,,,,,,1
2247,9788171853632,Mastani (Marathi Edition),$4.68,,,,,,,,,Popular Prakashan P.Ltd.,,,,,,,,,,,1
2264,9788175256972,Cosmos and Human Consciousness,$4.68,,,,,,,,,Pushpa Gupta And Krishna Murari,,,,,,,,,,,1
2278,9788173669040,"It's Not about the Burqa: Muslim Women on Faith, Feminism, Sexuality and Race",$4.68,,,,,,,,,RDS Press,,,,,,,,,,,1
2512,9788174532411,Amarakānta kī kahāniyoṃ ke pramukha caritra,$4.68,,,,,,,,,(unknown),,,,,,,,,,,
2551,9789385621222,Brahamlok Ki Kathayein,$4.68,,,,,,,,,(unknown),,,,,,,,,,,
2667,9788198149206,End Of The Journey,$4.68,,https://www.ajayonlinestall.com/product/end-of-the-journey-book-paperback-j-krishnamurti/?srsltid=AfmBOop9RQw06DRqVWeI7Df6mDWSs_56vH6o1xc4HiXWV6RF5D9Kl_pK,,,,,,,(unknown),,,,,,,,,,,
2774,9788184041811,Internet The Missing Manual,$4.68,,https://www.shroffpublishers.com/books/9788184041811/?srsltid=AfmBOoqp70ytNKBBhGnzdFFFguxV6eH57y64m8m0Ip8iryxja-Q27XyS,,,,,,,(unknown),,,,,,,,,,,
2920,9788174530202,On Indian Music,$4.68,,,,,,,,,(unknown),,,,,,,,,,,
2968,9788131508534,Programming with PERL,$4.68,,,,,,,,,(unknown),,,,,,,,,,,
2996,9788174532183,Ritimukt Kavi Thakur Aur Unka Kavya,$4.68,,,,,,,,,(unknown),,,,,,,,,,,
3068,9788185094779,"Study of socio religious ceremoney of Upananaya, Investuture with sacred thread in the Sutras and the Dharmasastras",$4.68,,,,,,,,,(unknown),,,,,,,,,,,
3224,9788184045062,Web 2.0: A Strategy Guide,$4.68,,,,,,,,,(unknown),,,,,,,,,,,
16,9788173704024,English - I Reading Book 3,$4.62,,,,,,,,,Orient BlackSwan,,,,,,,,,,,155
17,9788173704055,English - I Reading Book 6,$4.62,,https://www.mypustak.com/book/reading-book-6-english-i-global-communication-for-the-21st-century-sharda-kaushik-9788173704055?2318557&srsltid=AfmBOor_JEYDTNy5W0nnx2fI0zUpaVaCI5zUKjVsuL9AHwifu7KgJnPJ,,,,,,,Orient BlackSwan,,,,,,,,,,,155
919,9780143422372,Prakash Iyer Two Books Combo,$4.62,,,,,,,,,Penguin,,,,,,,,,,,28
956,9789364681414,Vyavsaay Sangathan Evam Prabandhan Semester II: MJ-2: For B.Com Students - NEP 2020 Jharkhand,$4.62,,https://www.schandpublishing.com/books/higher-education/economics/vyavsaay-sangathan-evam-prabandhan-semester-ii-mj-2-bcom-students-nep-2020-jharkhand/9789364681414/?srsltid=AfmBOorOpjholtn8OX-Ifo-z3xW2-0aPbvDQC9XDPqadbeGs0UzniLmv,,,,,,,S Chand Publishing,,,,,,,,,,,25
1157,9788178122755,CBSE-UGC-NET Commerce (Paper II & III) Guide (Popular Master Guide),$4.62,,,,,,,,,RPH,,,,,,,,,,,15
1580,9788170462828,Chitrakar ; The Artist Benodebehari Mukherjee,$4.62,,,,,,,,,Seagull Books,,,,,,,,,,,4
1661,9788178242927,WESTERN SCIENCE IN MODERN INDIA (PB),$4.62,,,,,,,,,Permanent Black,,,,,,,,,,,3
1697,9789395576642,ALLEN Maths Handbook For IIT-JEE Exam (Hindi),$4.62,,,,,,,,,Allen Career Institute Private Limited,,,,,,,,,,,2
1882,9789357171663,WHAT NO ONE TELLS YOU : THE HONEST ANSWERS WE ALL NEED IN LIFE,$4.62,,,,,,,,,Akash Sandhya Nema,,,,,,,,,,,1
1968,9788122129533,TAMIL- O.V. HOLY BIBLE (RED EDGES) COMPACT SIZE New Font CONTAINS OLD AND NEW TESTAMENT (TAMIL) Plastic Comb,$4.62,,,,,,,,,BSI,,,,,,,,,,,1
2180,9788126546770,Awwal Aao Ya Bheed Mein Kho Jao,$4.62,,,,,,,,,Manohar Publishers & Distributors,,,,,,,,,,,1
2197,9789376500789,Public Speaking Skills,$4.62,,,,,,,,,Namya Online Publishing Platform,,,,,,,,,,,1
2366,9781137464675,Elements Of Mentoring,$4.62,,,,,,,,,St. Martin's Griffin,,,,,,,,,,,1
2381,9788199947351,Digital Transformation: Navigating the Digital Shift,$4.62,,,,,,,,,SYBGEN Learning India Private Limited,,,,,,,,,,,1
2723,9788125045885,Gul Mohar : Companion 5 (Nepal Edition),$4.62,,,,,,,,,(unknown),,,,,,,,,,,
2923,9780241997116,One Day in December (Lead Title),$4.62,,,,,,,,,(unknown),,,,,,,,,,,
2977,9781405959919,"Queen's Gambit: Soon To Be a Major Motion Picture, FIREBRAND",$4.62,,,,,,,,,(unknown),,,,,,,,,,,
2699,9789370038691,GHOST STORIES FROM MUSSOORIE - HB,$4.59,,,,,,,,,(unknown),,,,,,,,,,,
2762,9788126136582,INTERNATIONAL FINANCIAL MANAGEMENT TEXT AND CASES 7ED (PB 2008),$4.59,,,,,,,,,(unknown),,,,,,,,,,,
550,9788178126586,Jawahar Navodaya Vidyalaya Exam Guide for Class IX: Class 9th (Popular Master Guide),$4.56,,,,,,,,,Ramesh Publishing House,,,,,,,,,,,66
2541,9780521682596,"Better English Pronunciation Book with 2 ACDs, 2nd Edition (CLPE)",$4.56,,,,,,,,,(unknown),,,,,,,,,,,
2721,9788125045861,Gul Mohar : Companion 3 (Nepal Edition),$4.56,,,,,,,,,(unknown),,,,,,,,,,,
2796,9788175250376,"Kumudeśvara Baraṭhākura, 1893-1966, racanā saṃgraha",$4.56,,,,,,,,,(unknown),,,,,,,,,,,
3002,9789355014665,S. Chand's CUET-UG Common University Entrance Test History for Section-II,$4.56,,https://www.flipkart.com/cuet-ug-history-section-ii-smart-question-bank-mcqs/p/itmf5eaed433de97,,,,,,,(unknown),,,,,,,,,,,
3015,9789311127781,SSC CGL Tier-1 Pre Examination 2017,$4.56,,,,,,,,,(unknown),,,,,,,,,,,
980,9788188473199,Tapoo Ka Rahasya,$4.50,,,,,,,,,Vani Prakashan,,,,,,,,,,,24
2720,9788125045854,Gul Mohar : Companion 2 (Nepal Edition),$4.50,,,,,,,,,(unknown),,,,,,,,,,,
92,9789352873944,New Maths Time Primer A,$4.44,,https://orientblackswan.com/New-Maths-Time-Primer-A/details?obsin=2434&format=paperback,,,,,,,Orient BlackSwan,,,,,,,,,,,155
557,9788178121741,NTPC/NHPC/IOC/HP- Electronics Engineering Guide: Recruitment Exam,$4.44,,,,,,,,,Ramesh Publishing House,,,,,,,,,,,66
849,9789380644318,A10-0195-195-ACADEMIC CCE S SC T-II X [Paperback] Books Wagon,$4.44,,,,,,,,,Laxmi Publications,,,,,,,,,,,29
1004,9789351194750,Web Engineering And Technology,$4.44,,,,,,,,,Routledge India,,,,,,,,,,,23
1028,9789387672314,CBSE/NCERT Practice Material Chapterwise for Class 12 Economics for 2019 Examination [Paperback],$4.44,,,,,,,,,Rachna Sagar,,,,,,,,,,,20
1472,9789350042755,"Comdex Multimedia and Web Design Course Kit, Hindi [Paperback] [Jan 01, 2012] VIKAS GUPTA",$4.44,,,,,,,,,Dreamtech Press,,,,,,,,,,,6
1572,9780199482153,Information Technology And Its Applications In Business,$4.44,,,,,,,,,Oxford University Press,,,,,,,,,,,4
2719,9788125045847,Gul Mohar : Companion 1 (Nepal Edition),$4.44,,,,,,,,,(unknown),,,,,,,,,,,
2722,9788125045878,Gul Mohar : Companion 4 (Nepal Edition),$4.44,,,,,,,,,(unknown),,,,,,,,,,,
3078,9788182091634,System Software,$4.44,,https://www.bestbookmart.com/BookInfo/212752/Systems-Software-1-e,,,,,,,(unknown),,,,,,,,,,,
3261,9788180542848,வன்னியூர் பொன்னன்,$4.44,,,,,,,,,(unknown),,,,,,,,,,,
1538,9789351038528,Tombequest #2: Amulet Keepers [Hardcover] Michael Northrop,$4.41,,,,,,,,,Schoalstic,,,,,,,,,,,5
1586,9781449403102,Pocket Posh Brain Games 3: 100 Puzzles,$4.41,,,,,,,,,Simon & Schuster,,,,,,,,,,,4
1324,9789381269480,Fundamentals of transmission lines and antennas,$4.33,,,,,,,,,Elsevier,,,,,,,,,,,10
735,9789384030322,Islands: Short Stories,$4.32,,,,,,,,,Westland,,,,,,,,,,,36
739,9788189975654,Private Eye Anonymous,$4.32,,,,,,,,,Westland,,,,,,,,,,,36
793,9788178555829,Composite Social Sciences- VI,$4.32,,https://www.flipkart.com/composite-social-sciences-class-vi/p/itmf8bkhqa9snmcz,,,,,,,Arya Publishing Company,,,,,,,,,,,33
800,9788182964181,I.S.C. Commerce Class - XI,$4.32,,,,,,,,,Arya Publishing Company,,,,,,,,,,,33
812,9788178555515,Prarambhik Vyasthi aivam Sumsthi Arthshastra (Question Answer Form) Class 12 | For 2027 Examination | Latest Edition,$4.32,,https://www.bestbookmart.com/bookinfo/456180/Prarambhik-Vyasthi-aivam-Sumsthi-Arthshastra-Question-Answer-Form-Class-XII,,,,,,,Arya Publishing Company,,,,,,,,,,,33
871,9788131809006,"T09-8647-095-COMP. CCE QB SO SC T-II IX [Paperback] [Jan 01, 2017] Books Wagon",$4.32,,https://www.bestbookmart.com/bookinfo/486036/Comprehensive-CCE-Question-Bank-in-Social-Science-with-solutions-Term-II-IX-160-,,,,,,,Laxmi Publications,,,,,,,,,,,29
940,9788121936590,Engineering Mathematics: Volume 2,$4.32,,,,,,,,,S Chand Publishing,,,,,,,,,,,25
944,9788121927383,Mathematics For Class 9 (Term I),$4.32,,,,,,,,,S Chand Publishing,,,,,,,,,,,25
1106,9788173669347,'Hibernate A Developer's Notebook,$4.32,,,,,,,,,Shroff,,,,,,,,,,,19
1221,9789386224613,Shivagami Katha Bahubali Khanda 1: The Rise Of Sivagami Hindi (Hindi Edition),$4.32,,,,,,,,,Westland/Yatra,,,,,,,,,,,14
1476,9788173666377,Access Hacks: Tips & Tools For Wrangling Your Data,$4.32,,,,,,,,,O'Reilly Media,,,,,,,,,,,6
1478,9788184040050,Practical Development Enviornments,$4.32,,,,,,,,,O'Reilly Media,,,,,,,,,,,6
1480,9788173668838,Windows Server Hacks,$4.32,,https://www.bestbookmart.com/bookinfo/358963/WINDOWS-SERVER-HACKS-100-INDUSTRIAL-STRENGTH-TIPS-TOOLS,,,,,,,O'Reilly Media,,,,,,,,,,,6
1514,9788120345911,Linguistics Workbook: Companion to Linguistics,$4.32,,,,,,,,,Prentice Hall India Learning Private Limited,,,,,,,,,,,5
1563,9788183553339,Guide to Computer Teachers Recruitment Exam.,$4.32,,,,,,,,,G.K. Publications Private Limited,,,,,,,,,,,4
1566,9788183554909,"Quick Learn Series Engineering Mechanics (Statics & Dynamics in SI Units) [Paperback] [Jan 01, 2016] GKP",$4.32,,,,,,,,,G.K. Publications Private Limited,,,,,,,,,,,4
1583,9788125060079,Breakaway 4,$4.32,,https://www.mypustak.com/book/breakaway-4-obs-9788125060079?2059162&srsltid=AfmBOopAoY95mibcRUB5Jz2T0QLs9UN6TUvXT-astN8PumxxZMYi2ZOz,,,,,,,Simon & Schuster,,,,,,,,,,,4
1700,9788170641094,APC Digest Hindi Course-A Class- X,$4.32,,https://www.bestbookmart.com/BookInfo/456022/APC-Digest-Hindi-Course-A-Class-X,,,,,,,APC BOOKS,,,,,,,,,,,2
1760,9788182200203,Dasakumara Charita (Adventures of the Ten Princes),$4.32,,,,,,,,,Global Vision Publishing House,,,,,,,,,,,2
1782,9789364022149,Aadmi aur Khargosh,$4.32,,,,,,,,,Manda Publishers,,,,,,,,,,,2
1881,9789390760978,The Untold Tales of Jamshedpur,$4.32,,,,,,,,,Ajitabha Publishers,,,,,,,,,,,1
2178,9789386243522,Beginning Modernism,$4.32,,,,,,,,,Manchester Univ Pr,,,,,,,,,,,1
2199,9788173199523,Biochemistry,$4.32,,,,,,,,,Narosa,,,,,,,,,,,1
2316,9788174530196,"Hindī nāṭaka, paramparā aura prayoga (Hindi Edition)",$4.32,,,,,,,,,Sañjaya Prakāśana,,,,,,,,,,,1
2450,9788195393718,நூலக மனிதர்கள் - Noolaga Manithargal,$4.32,,,,,,,,,தேசாந்திரி பதிப்பகம்,,,,,,,,,,,1
3159,9783443950569,"The Silent Patient: The record-breaking, multimillion copy Sunday Times bestselling thriller and TikTok sensation",$4.32,,,,,,,,,(unknown),,,,,,,,,,,
84,9789352874552,New Buzzword Supplementary Reader 8,$4.26,,https://www.mypustak.com/book/new-buzzword-supplementary-reader-8-others-9789352874552?1662498=&srsltid=ARcRdnqBj_cV5qqoftISxGLBMbKyMzaGajBzRZ3TvVx42aS7lAe2p5w6,,,,,,,Orient BlackSwan,,,,,,,,,,,155
2635,9789369582877,Developmental Economics & Statistical Methods Semester V & VI | As per latest NEP 2020 FYUGP Syllabus for all Colleges and Universities in Chhattisgarh,$4.26,,https://www.schandpublishing.com/books/higher-education/economics/developmental-economics-statistical-methods-semester-v-vi-as-per-latest-nep-2020-fyugp-syllabus-all-colleges-universities-chhattisgarh/9789369582877/?srsltid=AfmBOop7s2-ReFgjy-ZUapKnwzxF7JegSeDdpmorM0Rnl1J1rkWMt5mz,,,,,,,(unknown),,,,,,,,,,,
2864,9789369585830,Micro Economics & Macro Economics Semester III & IV | As per latest NEP 2020 FYUGP Syllabus for all Colleges and Universities in Chhattisgarh,$4.26,,,,,,,,,(unknown),,,,,,,,,,,
1044,9789386500908,Together with Enriched Scanner PYQs Chemistry - 12,$4.20,,https://www.clankart.com/books/Cbse-chemistry-question-bank-class-12---enriched-scanner?2091715429989693,,,,,,,Rachna Sagar,,,,,,,,,,,20
1361,9788183324755,Grammar Plus 8,$4.20,,https://www.flipkart.com/grammar-plus-8/p/itmdyuqehfbuhzku,,,,,,,Ratna Sagar P. Ltd.,,,,,,,,,,,9
1945,9789380550305,The Rigveda and vedic Religion [Hardcover] A.C.Clayton,$4.20,,,,,,,,,"Bharati Prakashan, Varanasi",,,,,,,,,,,1
2129,9789380628660,Sati,$4.20,,,,,,,,,Janvani Prakashan Pvt Ltd,,,,,,,,,,,1
2214,9788199154155,"New Humanism of Pope Francis: Missiological Implications for Contemporary India [Paperback] [Sep 30, 2025] Alexander Kulandaisamy [Paperback] [Sep 30, 2025] Alexander Kulandaisamy",$4.20,,,,,,,,,Omega Book World,,,,,,,,,,,1
2379,9788122903652,Living English Structure PB,$4.20,,,,,,,,,Surjeet Publications,,,,,,,,,,,1
2380,9788193425671,Brick By Brick Class 8 Book By Survi Books International,$4.20,,https://www.flipkart.com/brick-building-values-book-8/p/itm61eca0e382679,,,,,,,Survi Books International,,,,,,,,,,,1
2412,9789350586037,Entrepreneurship Class XI (English) Poonam Gandhi,$4.20,,,,,,,,,VK PUB,,,,,,,,,,,1
2500,9789386763716,Aavarana (Telugu),$4.20,,,,,,,,,(unknown),,,,,,,,,,,
2531,9788178120300,BSNL: Junior Telecom Officer (JTO) Guide (Old Edition) (Popular Master Guide),$4.20,,,,,,,,,(unknown),,,,,,,,,,,
2579,9788178121130,Cbse - Ugc - Net - English Guide (Paper Ii And Iii): Paper Ii & Iii (Popular Master Guide),$4.20,,,,,,,,,(unknown),,,,,,,,,,,
2987,9789350947265,Rashtriya Indian Military College (RIMC) Admission Test for Class VIII,$4.20,,,,,,,,,(unknown),,,,,,,,,,,
3013,9789367253342,SPICE WORLD CLASS 8 ENGLISH TERM TM,$4.20,,,,,,,,,(unknown),,,,,,,,,,,
619,9789385827976,Naushadnama: The Life & Music Of Naushad,$4.19,,,,,,,,,Hay House,,,,,,,,,,,50
760,9788126578849,Leading With Emotional Courage,$4.19,,,,,,,,,Wiley,,,,,,,,,,,35
769,9788126577712,Strive,$4.19,,,,,,,,,Wiley,,,,,,,,,,,35
773,9788126578955,The Storytelling Edge,$4.19,,,,,,,,,Wiley,,,,,,,,,,,35
774,9788126578856,Uncovering the Life of Your Dreams: An Enlightening Story,$4.19,,,,,,,,,Wiley,,,,,,,,,,,35
924,9780670088102,The House of Wives,$4.19,,,,,,,,,Penguin,,,,,,,,,,,28
1230,9788175993396,NOVAS SAT PREP COURSE- 2017,$4.19,,,,,,,,,PRAKASH BOOKS,,,,,,,,,,,13
1292,9788126564538,"Learning Leadership: The Five Fundamentals of Becoming an Exemplary Leader [Hardcover] [Jan 01, 2016] NA",$4.19,,,,,,,,,Audible Studios on Brilliance audio,,,,,,,,,,,11
1293,9788126578979,Sales Leadership,$4.19,,,,,,,,,Audible Studios on Brilliance audio,,,,,,,,,,,11
1296,9788126575091,Stop Selling and Start Leading,$4.19,,,,,,,,,Audible Studios on Brilliance audio,,,,,,,,,,,11
1315,9788126565139,Leading with Noble Purpose [Hardcover],$4.19,,,,,,,,,Pan Macmillan India,,,,,,,,,,,11
1577,9780752266558,The Little Book of Wabi-Sabi,$4.19,,,,,,,,,Pan Macmillan UK,,,,,,,,,,,4
1775,9780753448397,The Iliad,$4.19,,,,,,,,,Kingfisher,,,,,,,,,,,2
1893,9781878424495,The Voice of Knowledge: A Practical Guide to Inner Peace,$4.19,,,,,,,,,Amber-Allen Publishing,,,,,,,,,,,1
1937,9788172345563,"Novas Gmat Prep Course 2016 Edition [Paperback] [Jan 01, 2015] JEFF KOLBY",$4.19,,,,,,,,,Batra Art Press,,,,,,,,,,,1
1965,9781501134845,The Buddha's Wife,$4.19,,,,,,,,,Brilliance Audio,,,,,,,,,,,1
2030,9780753448403,The Odyssey,$4.19,,,,,,,,,Doubleday Books for Young Readers,,,,,,,,,,,1
2038,9781509823239,The Family Fang: Film tie-in,$4.19,,,,,,,,,Ecco,,,,,,,,,,,1
2059,9789381431870,His Holiness the 17th Karmapa Ogyen Trinley Dorje: A Biography,$4.19,,,,,,,,,Facsimile Publisher,,,,,,,,,,,1
2239,9780670082476,The Quotable Tycoon A treasury Of Business Quoatations,$4.19,,,,,,,,,Penguin Portfolio,,,,,,,,,,,1
2244,9781913738242,The Yearbook of Indian Poetry in English 2024,$4.19,,,,,,,,,Pippa Rann Books & Media,,,,,,,,,,,1
2252,9788175993358,Nova'S Gmat Prep Course 2017 Ed,$4.19,,https://www.ajayonlinestall.com/product/nova-gmat-2017/?srsltid=AfmBOoo5lAohb-6l4f_tYTJ4bvvkq7T8Lm6N-mkRMLj0He1WGK6cs87V,,,,,,,PRAKASH BOOKS(Old Edition),,,,,,,,,,,1
2365,9781509816057,The Spiritual Child: The New Science on Parenting for Health and Lifelong Thriving,$4.19,,,,,,,,,St. Martin's Press,,,,,,,,,,,1
2451,9781740511384,.,$4.19,,,,,,,,,(unknown),,,,,,,,,,,
2558,9780670091515,CALLING SEHMAT,$4.19,,,,,,,,,(unknown),,,,,,,,,,,
2603,9781740511438,Conference-ville,$4.19,,,,,,,,,(unknown),,,,,,,,,,,
3039,9780860370987,Shari'ah: The Way to God,$4.19,,,,,,,,,(unknown),,,,,,,,,,,
3125,9781740511421,The Electrical Experience,$4.19,,,,,,,,,(unknown),,,,,,,,,,,
3136,9780857425904,The Jew Car : Fourteen Days from Two Decades,$4.19,,,,,,,,,(unknown),,,,,,,,,,,
3153,9788126578986,The Revenue Acceleration Rules,$4.19,,,,,,,,,(unknown),,,,,,,,,,,
1493,9789385932557,Ambiguity Machines and Other Stories,$4.16,,,,,,,,,Zubaan,,,,,,,,,,,6
1166,9788178120416,POPULAR MASTER GUIDE JNU MCA ENTRANCE EXAM,$4.14,,,,,,,,,RPH,,,,,,,,,,,15
472,9789814333658,GRAMMAR SMART CB-4,$4.12,,,,,,,,,Scholastic,,,,,,,,,,,72
860,9788131808979,Comprehensive CCE Question Bank in Social Science (with solutions) Term-II X,$4.08,,https://www.bestbookmart.com/bookinfo/486035/Comprehensive-CCE-Question-Bank-in-Social-Science-with-solutions-Term-II-X-160-,,,,,,,Laxmi Publications,,,,,,,,,,,29
866,9788131809143,"History of the Press, Traslation and Films",$4.08,,https://www.bestbookmart.com/bookinfo/486037/Comprehensive-CCE-Question-bank-in-Mathematics-with-solutions-Term-I-IX-160-,,,,,,,Laxmi Publications,,,,,,,,,,,29
949,9788121927727,S. Chand's Social Sciences for Class IX (Old Edition),$4.08,,,,,,,,,S Chand Publishing,,,,,,,,,,,25
2287,9788193434888,Aao Jyotish Seekhen / आओ ज्योतिष सीखें,$4.08,,,,,,,,,Reena Publications,,,,,,,,,,,1
2391,9788194809852,Vishwa Itihas - Arya Competition Times | 3rd Edition | 2022,$4.08,,https://www.flipkart.com/hi/vishwa-itihas-arya-competition-times-3rd-2022/p/itmcf9c72d5a7b5e?pid=9788194809852&lid=LSTBOK9788194809852ZVJERX&hl_lid=&marketplace=FLIPKART&fm=eyJ3dHAiOiJyZWNvIiwicHJwdCI6InBwIiwibWlkIjoicHJvZHVjdFJlY29tbWVuZGF0aW9uL3NpbWlsYXIifQ%3D%3D,,,,,,,Today Mirror Publication,,,,,,,,,,,1
2596,9788183323543,Communicate in English Reader 7 (IT Edition),$4.08,,,,,,,,,(unknown),,,,,,,,,,,
2857,9789396902204,Mastering the Mental Game of Trading: Harnessing the power of the inner self to fuel trading outperformance,$4.08,,,,,,,,,(unknown),,,,,,,,,,,
3180,9788129142269,Think With Me Apne Desh Ko Aadarsh Banane Ke Multav Hindi-hb,$4.08,,,,,,,,,(unknown),,,,,,,,,,,
3219,9789350555934,Vision Speed Mission Neet-PG Physiology 2nd/2015,$4.08,,,,,,,,,(unknown),,,,,,,,,,,
2126,9789347027871,"The Psychology of Money: : Timeless Lessons on Wealth, Greed, and Happiness (Manipuri)",$4.07,,,,,,,,,Jaico Publishing House,,,,,,,,,,,1
1056,9798129107823,Driving Holidays in the Himalayas: Zanskar,$4.03,,,,,,,,,Rupa,,,,,,,,,,,20
2118,9789381335451,Business Communication,$4.03,,https://www.bookchor.com/book/9789381335451/business-communication,,,,,,,International Book House,,,,,,,,,,,1
2845,9788131214954,MULTIPLE CHOICE QUESTION IN MEDICINE,$4.03,,,,,,,,,(unknown),,,,,,,,,,,
3230,9788131208229,"Writing The Short Film, 3rd Edition",$4.03,,https://www.sterlingbookhouse.com/books/writing-the-short-film-3rd-edition-book-shop-book-store-book-shop-mumbai-book-store-mumbai/?srsltid=AfmBOorkjg1hHAivGnTvmtfUpnT8BSy_h0hPmRlryVtMyk4xkN-lsy99,,,,,,,(unknown),,,,,,,,,,,
2017,9780875161969,Let's Try This Way,$4.00,,,,,,,,,DeVorss & Company,,,,,,,,,,,1
2490,9799788195121,ACHARYA ABHINAVAGUPTA,$4.00,,,,,,,,,(unknown),,,,,,,,,,,
2692,9781782442592,Friendship Bracelets,$4.00,,,,,,,,,(unknown),,,,,,,,,,,
2988,9781846841804,Reader's Guides: Spinoza's Ethics,$4.00,,,,,,,,,(unknown),,,,,,,,,,,
511,9789351033714,The Last Of The Jedi #10 Reckoning [Paperback] Jude Watson,$3.96,,,,,,,,,Scholastic,,,,,,,,,,,72
718,9789387578265,"Casino Job [Paperback] Fadia, Ankit",$3.96,,https://www.bookchor.com/book/9789387578265/the-casino-job,,,,,,,Westland,,,,,,,,,,,36
720,9789381626450,Chicken Soup For The Indian Soul: At Work,$3.96,,,,,,,,,Westland,,,,,,,,,,,36
722,9789382618881,Chicken Soup For The Soul: Say Goodbye To Stress,$3.96,,,,,,,,,Westland,,,,,,,,,,,36
724,9789380658155,Chicken Soup For The Soul: The Cancer Book,$3.96,,,,,,,,,Westland,,,,,,,,,,,36
726,9789380283968,"Chicken Soup for the Soul Divorce and Recovery [Dec 08, 2009] Canfield, Jack",$3.96,,,,,,,,,Westland,,,,,,,,,,,36
729,9789383260096,"Engagement Formula: Learn How Google, Intel, Marriott Hotels & Others Achieve Full Employee Engagement",$3.96,,,,,,,,,Westland,,,,,,,,,,,36
731,9789381626771,Gray Wolves And White Doves,$3.96,,,,,,,,,Westland,,,,,,,,,,,36
732,9789387578449,"Gurudeva : Shikhar Ke Shirsh Par [Paperback] [Jan 01, 2018] Bhanumathi Narasimhan (Hindi Edition)",$3.96,,,,,,,,,Westland,,,,,,,,,,,36
738,9789387894297,Panchamapadhagam (Tamil),$3.96,,,,,,,,,Westland,,,,,,,,,,,36
741,9789386850249,Sakthiyin 7 Ragasiyangal - 7 Secrets Of The Goddess (Tamil): From The Hindu Trinity Series (Tamil Edition),$3.96,,,,,,,,,Westland,,,,,,,,,,,36
744,9789384030964,"The Business Of Belief: How The Worlds Best Marketers, Designers, Sales Peoples, Coaches, Fundraisers",$3.96,,,,,,,,,Westland,,,,,,,,,,,36
745,9789383260188,The Mute Anklet,$3.96,,,,,,,,,Westland,,,,,,,,,,,36
747,9789385152610,Word Up!,$3.96,,https://www.ajayonlinestall.com/product/word-up/?srsltid=AfmBOorAfgSZa1cCJwJj3ehtaJq-I7ht91hO7huAUw5eV560_X0ULljc,,,,,,,Westland,,,,,,,,,,,36
779,9788126560714,"Wiley's CTET, Paper II, Social Studies / Social Science: Solved Papers & Mock Tests with Complete Solutions",$3.96,,,,,,,,,Wiley,,,,,,,,,,,35
780,9788126560707,"Wiley's Ctet, Exam Goalpost, Paper II, Maths/Science: Solved Papers & Mock Tests with Complete Solutions",$3.96,,https://www.bestbookmart.com/bookinfo/433446/Wiley-s-CTET-Paper-II-Maths-Science-Solved-Papers-Mock-Tests-with-Complete-Solutions,,,,,,,Wiley,,,,,,,,,,,35
784,9788126562695,Wiley's State Bank of India Probationary Officers (Sbi Po) Exam Goalpost Solved Papers & Mock Tests: Prelims and Mains,$3.96,,,,,,,,,Wiley,,,,,,,,,,,35
807,9788170641056,"Mahila Upanyaskar Aivam Unke Naari Paatra (Shivani, Mamata Kalia Aivam Priyamvada Ke Vishesh Sandarbh Mein) (Hindi)",$3.96,,,,,,,,,Arya Publishing Company,,,,,,,,,,,33
851,9789380644196,Academic CCE in Social Science X,$3.96,,https://www.bestbookmart.com/BookInfo/486672/Academic-CCE-in-Social-Science-X-160-,,,,,,,Laxmi Publications,,,,,,,,,,,29
863,9788131809709,Comprehensive PSA (Problem Solving Assessment Class XI),$3.96,,,,,,,,,Laxmi Publications,,,,,,,,,,,29
879,9788121935272,Engineering Mathematics - Vol. 3: Recommended as a Textbook for Second Yr B.Tech. Students of JNTU: v. 3 (Engineering Mathematics: Recommended as a Textbook for Second Yr B.Tech. Students of JNTU),$3.96,,,,,,,,,S.Chand (G/L) & Company Ltd,,,,,,,,,,,29
892,9788184975666,Religion Versus Science,$3.96,,,,,,,,,S.Chand (G/L) & Company Ltd,,,,,,,,,,,29
952,9788121910163,Solutions to Problems in Advanced Accounts,$3.96,,,,,,,,,S Chand Publishing,,,,,,,,,,,25
986,9789351194699,Coreldraw X7 in Simple Steps,$3.96,,,,,,,,,Routledge India,,,,,,,,,,,23
1177,9789384028237,Not Just the Small Book of Meditation,$3.96,,,,,,,,,Omji Publishing House Pvt. Ltd.,,,,,,,,,,,14
1198,9780863111082,A Dictionary of Bharata Natya,$3.96,,https://www.abebooks.com/book-search/title/dictionary-bharata-natya/author/rao-u-s-krishna/,,,,,,,Sangam Books,,,,,,,,,,,14
1212,9789385152849,Aakhri Saboot (Hindi Edition),$3.96,,,,,,,,,Westland/Yatra,,,,,,,,,,,14
1213,9789386036834,Bestseller Ki Mallika: The Bestseller She Wrote (Hindi Edition),$3.96,,,,,,,,,Westland/Yatra,,,,,,,,,,,14
1215,9789385724282,Dabbu Those Pricey thakur Girls - Hindi),$3.96,,,,,,,,,Westland/Yatra,,,,,,,,,,,14
1224,9789382618379,"Yaad Shehar, Vol 1",$3.96,,,,,,,,,Westland/Yatra,,,,,,,,,,,14
1225,9789386224910,Zoya: The Zoya Factor - Marathi (Marathi Edition),$3.96,,https://www.flipkart.com/zoya/p/itmeke22gyexd88h,,,,,,,Westland/Yatra,,,,,,,,,,,14
1243,9788170949947,How To Save Income Tax Through Tax Planning: 2018-19,$3.96,,,,,,,,,Vision Books,,,,,,,,,,,13
1256,9789350948941,CBSE Chapterwise Solved Papers 2016-2009 ACCOUNTANCY Class 12th,$3.96,,,,,,,,,Arihant Publication,,,,,,,,,,,12
1290,9789380283982,Chicken Soup For The Soul: Dads & Daughters,$3.96,,,,,,,,,Audible Studios on Brilliance audio,,,,,,,,,,,11
1380,9781608270156,VANAPRASTHA (MANANAM SERIES),$3.96,,,,,,,,,Chinmaya Prakashan,,,,,,,,,,,8
1381,9781608270163,Words to the Wordless: The Living Legacy of Swami Chinmayananda,$3.96,,,,,,,,,Chinmaya Prakashan,,,,,,,,,,,8
1452,9789350716694,Mutual Funds - Products And Services,$3.96,,,,,,,,,Taxmann Publications Pvt. Ltd.,,,,,,,,,,,7
1454,9789386189134,Scanner -Capital Markets & Securities Laws (CS-Executive) [Paperback] N.S. Zad [Paperback] N.S. Zad,$3.96,,,,,,,,,Taxmann Publications Pvt. Ltd.,,,,,,,,,,,7
1487,9788130902968,A Journey Within the Self: A Diary of Yogic Experiences,$3.96,,,,,,,,,Viva Books Private Limited,,,,,,,,,,,6
1490,9788176496070,Connolly Book of Numbers Volume-1,$3.96,,,,,,,,,Viva Books Private Limited,,,,,,,,,,,6
1512,9788122421101,Infinity and the Mind,$3.96,,,,,,,,,New Age International Private Limited,,,,,,,,,,,5
1547,9789350235812,Career Guidebook for IT in Consultancy,$3.96,,https://www.buybooksindia.com/career-guidebook-for-it-in-consultancy-9789350235812-36435.htm,,,,,,,Bizle,,,,,,,,,,,4
1594,9789385879111,START A NEW LIFE NOW: A BOOK ON SELF-DEVELOPMENT,$3.96,,,,,,,,,Vikas Publishing House,,,,,,,,,,,4
1598,9789386850232,The One You Cannot Have (Tamil) - Nee Adaya Mudiyatha Ondru (Tamil Edition),$3.96,,,,,,,,,Westland/Mysticswrite,,,,,,,,,,,4
1635,9788189059491,A Second Sunrise: Poems by Cheran,$3.96,,,,,,,,,Navayana,,,,,,,,,,,3
1636,9788195838592,Reservations: A Spark and the Blaze,$3.96,,https://padhegaindia.in/product/reservations/,,,,,,,Navayana,,,,,,,,,,,3
1637,9788189059521,Unclaimed Terrain,$3.96,,,,,,,,,Navayana,,,,,,,,,,,3
1643,9798903924936,Ink and Rain: Beyond the Straight Lines,$3.96,,,,,,,,,Notion Press,,,,,,,,,,,3
1666,9788122310443,Set-Rapidex Office Secretary Course (With Cd) (Rx),$3.96,,,,,,,,,Pustak Mahal - New Delhi,,,,,,,,,,,3
1675,9788178791302,Gymnastics Rule Books,$3.96,,,,,,,,,Sports Publication,,,,,,,,,,,3
1684,9788184620276,Jamva Chaloji - Parsi Delicacies for all Occasions,$3.96,,,,,,,,,Vakils Feffer And Simons Ltd,,,,,,,,,,,3
1711,9781626569492,Mastering the New Media Landscape [Paperback] Barbara cave & Rusty Shelton,$3.96,,,,,,,,,Berrett-Koehler,,,,,,,,,,,2
1730,9789351037477,A Dark Inheritance,$3.96,,,,,,,,,Chicken House,,,,,,,,,,,2
1766,9789387894631,A Night in the Hills (Prem Kabootar -- English translation),$3.96,,,,,,,,,Hind Yugm / Westland,,,,,,,,,,,2
1770,9788188260027,The Doctrine of Bhakti in Vallabha Vedanta,$3.96,,,,,,,,,Indological Research Centre,,,,,,,,,,,2
1791,9789382363026,Humanscapes: Stories on Human nature,$3.96,,,,,,,,,Mind Melodies,,,,,,,,,,,2
1871,9789380444505,Signals & Systems,$3.96,,https://www.sapnaonline.com/books/signals-systems-sharma-9380444508-9789380444505,,,,,,,A.B.PUBLICATION,,,,,,,,,,,1
1898,9788186302040,"Man, environment crisis and sikh faith.",$3.96,,,,,,,,,Amrit Publishing House,,,,,,,,,,,1
1928,9788126536443,Napoleon Hill's Golden Rules: The Lost Writings (Business),$3.96,,,,,,,,,Auerbach Publications,,,,,,,,,,,1
1947,9788172764876,Sree Krishnam Bhaja Maanasa,$3.96,,https://www.amazon.in/Krishnam-Maanasa-Parvathi-Sankaran-G-Sankaran/dp/8172764871,,,,,,,Bhartiya Vidya Bhavan,,,,,,,,,,,1
1954,9781405121583,Lecture Notes on Immunology EPZ,$3.96,,,,,,,,,Blk E (Jw),,,,,,,,,,,1
2036,9789387894303,"Vivek, Vishnu Konjam Vibareedham (Tamil)",$3.96,,,,,,,,,E-Kitap Projesi & Cheapest Books,,,,,,,,,,,1
2048,9789388754316,7 Secrets of Shiva (Malayalam) (Malayalam Edition),$3.96,,,,,,,,,Eka,,,,,,,,,,,1
2140,9789351190868,C# 2012 IN SIMPLE STEPS,$3.96,,,,,,,,,Kaplan Publishing,,,,,,,,,,,1
2187,9788184041460,Application Development Managing The Project Life Cycle,$3.96,,https://www.bestbookmart.com/BookInfo/211735/Application-Development-Managing-Project-Lifecycle-Book-CD-ROM,,,,,,,MC Press,,,,,,,,,,,1
2205,9788122427271,Science of Engineering Materials and Carbon Nanotubes,$3.96,,,,,,,,,New Academic Science Ltd,,,,,,,,,,,1
2270,9789384030506,Yatrik: The Traveller,$3.96,,,,,,,,,Rajhans Prakashan,,,,,,,,,,,1
2408,9789350651520,Ye Hain Hamare Tenaliram-2,$3.96,,https://www.flipkart.com/hi/ye-hain-hamare-tenaliram-2/p/itmecb75z4ggt7ur,,,,,,,Vishv Books Private Ltd.,,,,,,,,,,,1
2492,9788170977988,AGRICULTURAL ENGINEERING (THROUGH WORKED EXAMPLES),$3.96,,,,,,,,,(unknown),,,,,,,,,,,
2582,9789352512942,Chapter-wise Objective Question Bank(With Solution) Law,$3.96,,,,,,,,,(unknown),,,,,,,,,,,
2585,9789381626436,Chicken Soup For The Indian Couples Soul,$3.96,,https://www.mypustak.com/book/chicken-soup-for-the-indian-couples-soul-jack-canfield-9789381626436?1821472&srsltid=AfmBOop7sdzhF7t3-I4SIEa0W0uGONnDJCPwUNRowyQaxlzP9iXnS9m-,,,,,,,(unknown),,,,,,,,,,,
2686,9788170544234,Folk Tales of North East India,$3.96,,,,,,,,,(unknown),,,,,,,,,,,
2779,9789350943779,Jawahar Navodaya Vidyalaya Entrance Exam 2017 For Class VI,$3.96,,https://www.mypustak.com/book/navodaya-vidlaya-entrance-exam-2017-class-6-others-9789350943779?1749618&srsltid=AfmBOoqV_sdYZG8QNZL586nut_7KdQ_e8J3OCEWINQOrtRByiuS5l6QO,,,,,,,(unknown),,,,,,,,,,,
2815,9788188128037,Leaves Selected Poems Of Bulu Imam,$3.96,,,,,,,,,(unknown),,,,,,,,,,,
2851,9789311125527,Map the SNAP Solved Paper & 5 Mock Tests,$3.96,,https://www.sterlingbookhouse.com/books/map-the-snap-5-mock-tests-and-solved-papers-2016-2005-d430-book-shop-book-store-book-shop-mumbai-book-store-mumbai/?srsltid=AfmBOopasxiS6cU3Zxi24a9W1JuZL1FjJD1-9OlnXlASJAxNDasAa4Jr,,,,,,,(unknown),,,,,,,,,,,
2933,9789361030536,PENCIL CLASS 4 SEMESTER 1 MATHEMATICS,$3.96,,https://atlanticbooks.com/products/pencil-class-4-semester-1-mathematics-9789361030536,,,,,,,(unknown),,,,,,,,,,,
2934,9789361034442,PENCIL CLASS 4 SEMESTER 1 SOCIAL STUDIES,$3.96,,https://atlanticbooks.com/products/pencil-class-4-semester-1-social-studies-9789361034442,,,,,,,(unknown),,,,,,,,,,,
2935,9789361032011,PENCIL CLASS 4 SEMESTER 2 MATHEMATICS,$3.96,,https://atlanticbooks.com/products/pencil-class-4-semester-2-mathematics-9789361032011,,,,,,,(unknown),,,,,,,,,,,
2936,9789361030024,PENCIL CLASS 4 SEMESTER 2 SOCIAL STUDIES,$3.96,,https://atlanticbooks.com/products/pencil-class-4-semester-2-social-studies-9789361030024,,,,,,,(unknown),,,,,,,,,,,
3145,9788121615730,The Mystic Muse: Sain Bulleh Shah,$3.96,,,,,,,,,(unknown),,,,,,,,,,,
3168,9780749449131,"The Ultimate Psychometric Test Book: Over 1,000 Test Questions With Explanations",$3.96,,,,,,,,,(unknown),,,,,,,,,,,
3199,9789386309013,"UPSC General Studies Topic-Wise Objective Question Bank (Includes Solved Papers 2011-16) Paper I [Paperback] [Jan 01, 2017] Gautam Puri",$3.96,,,,,,,,,(unknown),,,,,,,,,,,
3263,9788120797765,శ్రీ శివపార్వతుల సంవాదం శ్రీ గౌరీకాంజలికా తంత్రమ్: Dialogue of Sri Sivaparvatula Sri Gaurikanjalika Tantram (Telugu),$3.96,,,,,,,,,(unknown),,,,,,,,,,,
529,9788178122595,CBSE-UGC-NET: Public Administration (Paper II & III) Exam Guide: Public Administration (Paper II and III) Exam Guide (Popular Master Guide),$3.90,,,,,,,,,Ramesh Publishing House,,,,,,,,,,,66
581,9788178120904,UGC NET / SET ECONOMICS { HINDI },$3.90,,,,,,,,,Ramesh Publishing House,,,,,,,,,,,66
1163,9788186877357,NIFT/NID/IIFT Entrance Exam Guide,$3.90,,,,,,,,,RPH,,,,,,,,,,,15
1724,9788199018051,Dakshinamurti Stotram,$3.90,,,,,,,,,CBH Publications,,,,,,,,,,,2
2660,9789355180896,Ek Naukrani Ki Diary,$3.90,,,,,,,,,(unknown),,,,,,,,,,,
3057,9788178121628,Ssc Jr.Engineer (Elect) Exam Guide (Popular Master Guide),$3.90,,,,,,,,,(unknown),,,,,,,,,,,
3214,9788170553014,Vigyan Ka Darshan Aur Rajneeti,$3.90,,,,,,,,,(unknown),,,,,,,,,,,
1037,9788181370075,Together With Environmental Studies - 4,$3.84,,,,,,,,,Rachna Sagar,,,,,,,,,,,20
2115,9789371970587,7 Dates and the Bullets,$3.84,,,,,,,,,IndiePress,,,,,,,,,,,1
2262,9788170540847,Jaina perspective in philosophy and religion (Pārśvanātha śodhapīṭha granthamālā),$3.84,,,,,,,,,Pujya Sohanalal Smaraka Parsvanatha Sodhapitha,,,,,,,,,,,1
2525,9788192803043,BHARAT KE NIRMATA-CHHATRAPATI SHIVAJI,$3.84,,https://www.hindibook.com/index.php?p=sr&format=fullpage&Field=bookcode&String=9788192803043,,,,,,,(unknown),,,,,,,,,,,
2526,9788192803074,BHARAT KE NIRMATA-JAIPRAKASH NARAYAN,$3.84,,https://www.hindibook.com/index.php?p=sr&format=fullpage&Field=bookcode&String=9788192803074,,,,,,,(unknown),,,,,,,,,,,
2527,9788192803005,BHARAT KE NIRMATA-LAL BAHADUR SHASTRI,$3.84,,https://www.bookchor.com/book/9788192803005/bharat-ke-nirmatalal-bahadur-shastri,,,,,,,(unknown),,,,,,,,,,,
2528,9788192803067,BHARAT KE NIRMATA-PANDIT DEENDAYAL UPADHYAYA,$3.84,,https://www.starpublic.com/index.php?p=sr&format=fullpage&Field=bookcode&String=9788192803067,,,,,,,(unknown),,,,,,,,,,,
2559,9789311127033,CBSE Chapterwise Solved Papers English Core for Class 12 2017-2009,$3.84,,,,,,,,,(unknown),,,,,,,,,,,
2607,9788192976075,Cook & See 3 (Cook& See),$3.84,,,,,,,,,(unknown),,,,,,,,,,,
2937,9789833517763,"PHONICS READING PROGRAMME 3A, NA",$3.84,,https://www.abebooks.co.uk/servlet/SearchResults?bi=s&ds=5&sortby=17&tn=phonics%20reading%20programme,,,,,,,(unknown),,,,,,,,,,,
3163,9789361855153,The Songs We Swore Not To Sing,$3.84,,,,,,,,,(unknown),,,,,,,,,,,
2432,9788177227611,Financial Accounting,$3.83,,https://www.bookchor.com/book/9788177227611/financial-accounting,,,,,,,Wiley India (P) Ltd.,,,,,,,,,,,1
2237,9789332516649,FOCUS ON IELTS (B/CD),$3.79,,,,,,,,,Pearson Longman,,,,,,,,,,,1
605,9789381398876,Fearless in Tibet the Life of the Mystic Terton Sogyal,$3.78,,,,,,,,,Hay House,,,,,,,,,,,50
635,9789394613614,The Science Behind Tapping,$3.78,,,,,,,,,Hay House,,,,,,,,,,,50
1289,9788126572458,"Book Yourself Solid (3rd Edition) [Paperback] [Jan 01, 2018] MICHAEL PORT",$3.78,,,,,,,,,Audible Studios on Brilliance audio,,,,,,,,,,,11
1294,9781569571569,Shambhala Not For Happiness,$3.78,,,,,,,,,Audible Studios on Brilliance audio,,,,,,,,,,,11
1311,9789386215055,"Cashvertising: How to Use More Than 100 Secrets of Ad-Agency Psychology to Make Big Money Selling Anything to Anyone [Paperback] [Jan 01, 2017] Drew Eric Whitman",$3.78,,,,,,,,,Pan Macmillan India,,,,,,,,,,,11
1578,9781509846771,The Red Tent,$3.78,,,,,,,,,Pan Macmillan UK,,,,,,,,,,,4
1774,9780753449387,Rocket League - Game Guide,$3.78,,,,,,,,,Kingfisher,,,,,,,,,,,2
1810,9781509897520,GHOSTED,$3.78,,,,,,,,,Pamela Dorman Books,,,,,,,,,,,2
2261,9780143505723,The Other Christy,$3.78,,,,,,,,,Puffin,,,,,,,,,,,1
2837,9789354710681,MORTAL ENGINES (PREQUEL TRILOGY) BOOK 1: FEVER CRUMB,$3.78,,,,,,,,,(unknown),,,,,,,,,,,
2838,9789354710841,MORTAL ENGINES (PREQUEL TRILOGY) BOOK 3: SCRIVENER'S MOON,$3.78,,,,,,,,,(unknown),,,,,,,,,,,
2839,9789354710445,MORTAL ENGINES QUARTET BOOK 1: MORTAL ENGINES,$3.78,,,,,,,,,(unknown),,,,,,,,,,,
2840,9789354710520,MORTAL ENGINES QUARTET BOOK 2: PREDATOR'S GOLD,$3.78,,,,,,,,,(unknown),,,,,,,,,,,
2841,9789354710964,MORTAL ENGINES QUARTET BOOK 3: INFERNAL DEVICES,$3.78,,,,,,,,,(unknown),,,,,,,,,,,
2842,9789354710605,MORTAL ENGINES QUARTET BOOK 4: A DARKLING PLAIN,$3.78,,,,,,,,,(unknown),,,,,,,,,,,
2973,9780143306511,Punchlines,$3.78,,,,,,,,,(unknown),,,,,,,,,,,
3166,9780330473415,The Triumph Of The Sun,$3.78,,,,,,,,,(unknown),,,,,,,,,,,
801,9788182964372,I.S.C. Commerce Class - XII (Old Edition),$3.72,,,,,,,,,Arya Publishing Company,,,,,,,,,,,33
805,9788170641001,Kitni Door Kinara (Hindi),$3.72,,https://www.bestbookmart.com/BookInfo/456015/Kitni-Door-Kinara-Hindi,,,,,,,Arya Publishing Company,,,,,,,,,,,33
882,9788125953005,Essentials of Engineering Drawing and Graphics using AutoCAD,$3.72,,,,,,,,,S.Chand (G/L) & Company Ltd,,,,,,,,,,,29
943,9788121932615,Mathematical Methods,$3.72,,,,,,,,,S Chand Publishing,,,,,,,,,,,25
1069,9788173663192,C# Essentials,$3.72,,,,,,,,,Shroff/O'Reilly,,,,,,,,,,,20
1107,9788184046007,Apache 2 Pocket Reference: For Apache Programmers & Administrators,$3.72,,,,,,,,,Shroff,,,,,,,,,,,19
1122,9789351108108,Responsive Typography,$3.72,,https://www.buybooksindia.com/responsive-typography-using-type-well-on-the-web-9789351108108-36414.htm,,,,,,,Shroff,,,,,,,,,,,19
1255,9789352032884,500 Solved Problems In Physics Exercise Book For Jee Main Advnaced and Other Engineering Entrances,$3.72,,,,,,,,,Arihant Publication,,,,,,,,,,,12
1259,9789350941072,Laboratory Manual Biology Class 11th [Experiments|Viva-Voce] - COMBO,$3.72,,https://www.mypustak.com/book/laboratory-manual-biology-class-11-dr-anjali-shrivastav-9789350941072?2267264&srsltid=AfmBOorD2n8aeWLskhAET5VNuqQWrnUQEtSjP-FWq7CyRdRkn2xCmy09,,,,,,,Arihant Publication,,,,,,,,,,,12
1550,9789350237038,Career Guidebook for IT in Retails Banking,$3.72,,https://www.bestbookmart.com/BookInfo/370572/Career-Guidebook-for-IT-in-Retail-Banking,,,,,,,Bizle,,,,,,,,,,,4
1769,9789358119954,Maithili - Ek Unkahi Gatha,$3.72,,,,,,,,,Independent,,,,,,,,,,,2
1815,9788131702284,OP-AMPS & LINEAR INTEGRATED CIRCUIT,$3.72,,,,,,,,,Pearson,,,,,,,,,,,2
1838,9789350238936,100 % Forex Learning and Earning,$3.72,,,,,,,,,Shroff Publishers & Distributers Private Limited - Mumbai,,,,,,,,,,,2
1982,9789351194767,Database Management Systems Applications,$3.72,,,,,,,,,Chapman and Hallcrc,,,,,,,,,,,1
2078,9789382730200,Patni Pidit Pareshan Patiyo,$3.72,,,,,,,,,Garima,,,,,,,,,,,1
2246,9789356278271,"Miracles of Yoga Series - 1: MESSAGE OF BHAGWAN BALAYOGI (Mummidivaram, India)",$3.72,,,,,,,,,POLAMURI VANAJA,,,,,,,,,,,1
2749,9781638502500,How to start English Speaking,$3.72,,https://www.bookswagon.com/book/how-start-english-speaking-vinay/9781638502500?srsltid=AfmBOorhj2tIZnj4cvV2HgZot6ZFEujf79w6facgYfPwto8hQMJfyOMf,,,,,,,(unknown),,,,,,,,,,,
2823,9789364875202,MADATHIL VITTAVAL MADAM VITTAVAL,$3.72,,,,,,,,,(unknown),,,,,,,,,,,
2905,9780190137205,OA LC GRADE 1 ENGLISH TM,$3.72,,,,,,,,,(unknown),,,,,,,,,,,
2906,9780190137236,OA LC GRADE 1 HINDI TM,$3.72,,,,,,,,,(unknown),,,,,,,,,,,
2907,9780190137212,OA LC GRADE 1 MATHS TM,$3.72,,,,,,,,,(unknown),,,,,,,,,,,
2908,9780190137229,OA LC GRADE 1 WAU TM,$3.72,,,,,,,,,(unknown),,,,,,,,,,,
2909,9780190137243,OA LC GRADE 2 ENGLISH TM,$3.72,,,,,,,,,(unknown),,,,,,,,,,,
2910,9780190137656,OA LC GRADE 2 HINDI TM,$3.72,,,,,,,,,(unknown),,,,,,,,,,,
2911,9780190137267,OA LC GRADE 2 WAU TM,$3.72,,,,,,,,,(unknown),,,,,,,,,,,
3046,9789351761457,"Skills in Mathematics - VECTORS & 3D GEOMETRY for JEE Main & Advanced [Paperback] [Jan 01, 2016] Amit M Agarwal (Author)",$3.72,,,,,,,,,(unknown),,,,,,,,,,,
3099,9780947655617,Take Up Snooker (Take Up Sport),$3.72,,,,,,,,,(unknown),,,,,,,,,,,
3198,9789388426305,UPPSC RO & ARO 2019: Samanya Adhyayan (Preliminary & Mains) 32 Practice Sets,$3.72,,,,,,,,,(unknown),,,,,,,,,,,
3247,9788186762899,இளைஞர்களுக்குப் பெரியார் அறிவுரை,$3.72,,,,,,,,,(unknown),,,,,,,,,,,
2653,9789380485140,ENGINEERING MATHEMATICS - I,$3.67,,,,,,,,,(unknown),,,,,,,,,,,
751,9788126546220,Apne Andar Chhupe Leader Ko Kaise Ubhare,$3.66,,,,,,,,,Wiley,,,,,,,,,,,35
2932,9789361034855,PENCIL CLASS 2 SEMESTER 1 ENGLISH,$3.66,,https://atlanticbooks.com/products/pencil-class-2-semester-1-english-9789361034855,,,,,,,(unknown),,,,,,,,,,,
2122,9788192054001,"సెక్స్ సమస్యలు, డాక్టర్ సమరం సమాధానాలు (Sex Samasyalu â€"" Dr. Samaram Samadhanalu)",$3.60,,,,,,,,,J P Publications,,,,,,,,,,,1
2532,9789350716687,Banking Products And Services,$3.60,,,,,,,,,(unknown),,,,,,,,,,,
2417,9781406337686,Confessions of Teen Drama,$3.59,,https://www.mypustak.com/book/confessions-of-a-teenage-drama-queen-every-single-word-is-true-dyan-sheldon-9781406337686?33190=&srsltid=AfmBOoqMTse8ATlqClrJWKleFiiXt68rL-qhJD60tAQVhcK1i-_t5kPx,,,,,,,Walker Books Ltd,,,,,,,,,,,1
997,9788131207031,Journalism Online : 01 Edition,$3.57,,https://www.bestbookmart.com/bookinfo/185590/Journalism-Online,,,,,,,Routledge India,,,,,,,,,,,23
1321,9788131203507,"Analog and Digital Filter Design, 2e",$3.57,,,,,,,,,Elsevier,,,,,,,,,,,10
123,9788125033394,Sangam Symphony Class 4 Term 1,$3.54,,,,,,,,,Orient BlackSwan,,,,,,,,,,,155
124,9788125033400,Sangam Symphony Class 4 Term 2,$3.54,,,,,,,,,Orient BlackSwan,,,,,,,,,,,155
125,9788125033417,Sangam Symphony Class 4 Term 3,$3.54,,,,,,,,,Orient BlackSwan,,,,,,,,,,,155
126,9788125033424,Sangam Symphony Class 5 Term 1,$3.54,,,,,,,,,Orient BlackSwan,,,,,,,,,,,155
127,9788125033431,Sangam Symphony Class 5 Term 2,$3.54,,,,,,,,,Orient BlackSwan,,,,,,,,,,,155
128,9788125033448,Sangam Symphony Class 5 Term 3,$3.54,,,,,,,,,Orient BlackSwan,,,,,,,,,,,155
523,9788178122373,All About Reasoning (Verbal and Non-Verbal),$3.54,,,,,,,,,Ramesh Publishing House,,,,,,,,,,,66
574,9788178122694,Reasoning Test (Verbal and Non - Verbal) (Popular Master Guide),$3.54,,https://www.urbanbae.com/reasoning-test-hindi-p,,,,,,,Ramesh Publishing House,,,,,,,,,,,66
582,9788178122182,UGC NET/SLET Geography (Paper II & III) Exam Guide (Popular Master Guide),$3.54,,,,,,,,,Ramesh Publishing House,,,,,,,,,,,66
975,9788170552864,Samay Se Samvad,$3.54,,,,,,,,,Vani Prakashan,,,,,,,,,,,24
1975,9788126544905,Jeet ke Rang Aatmvishwas ke Sang,$3.54,,,,,,,,,Cambridge University Press (Virtual Publishing)',,,,,,,,,,,1
2137,9789359739014,Mailanchippookkal Parayan Bakkivechath,$3.54,,https://www.lookabook.in/product/mylanchipookkal-parayan-bakkivechath/,,,,,,,Kairali Books Pvt Ltd,,,,,,,,,,,1
2182,9789387441262,जाति का विनाश (Jati Ka Vinash) Bhimrao Ambedkar,$3.54,,,,,,,,,The Marginalised Publication,,,,,,,,,,,1
2289,9789391080044,Numaainda Kahaaniyaan | 8 Famous Stories of Rajinder Singh Bedi. [Paperback] Rajinder Singh Bedi,$3.54,,https://www.bookchor.com/book/9789391080044/numaainda-kahaaniyaan,,,,,,,Rekhta,,,,,,,,,,,1
2893,9788181438133,Nirala Shabdkosh (Kavya),$3.54,,,,,,,,,(unknown),,,,,,,,,,,
2931,9789361036057,PENCIL CLASS 1 SEMESTER 2 ENGLISH,$3.54,,https://atlanticbooks.com/products/pencil-class-1-semester-2-english-9789361036057,,,,,,,(unknown),,,,,,,,,,,
1330,9788131217122,Smart Study Series: Forensic Medicine & Toxicology,$3.52,,https://www.padhegaindia.in/product/smart-study-series-forensic-medicine-toxicology/,,,,,,,Elsevier,,,,,,,,,,,10
1486,9788131761106,"The Rules of Life: A Personal Code for Living a Better, Happier, More Successful Life: A Personal Code for Living a Better, Happier, More Successful Kind of Life",$3.52,,,,,,,,,Pearson Education,,,,,,,,,,,6
1535,9789351038269,Backlash [Paperback] Sarha Darer Littman,$3.49,,,,,,,,,Schoalstic,,,,,,,,,,,5
112,9788125019022,Prati Dwandi,$3.48,,,,,,,,,Orient BlackSwan,,,,,,,,,,,155
120,9788125033363,Sangam Symphony Class 3 Term 1,$3.48,,,,,,,,,Orient BlackSwan,,,,,,,,,,,155
121,9788125033370,Sangam Symphony Class 3 Term 2,$3.48,,,,,,,,,Orient BlackSwan,,,,,,,,,,,155
122,9788125033387,Sangam Symphony Class 3 Term 3,$3.48,,,,,,,,,Orient BlackSwan,,,,,,,,,,,155
855,9781403929648,"An Unofficial Guide To Ethical Hacking, 2/E",$3.48,,,,,,,,,Laxmi Publications,,,,,,,,,,,29
1039,9789388632294,Together With Icse Chemistry Lab Practical For Class 10,$3.48,,,,,,,,,Rachna Sagar,,,,,,,,,,,20
1469,9789350044193,ASP.NET with C#,$3.48,,,,,,,,,Dreamtech Press,,,,,,,,,,,6
2074,9789351550143,FULL MARKS ICSE SCIENCE (PHYSICS+CHEMISTRY+BIOLOGY),$3.48,,,,,,,,,Full Marks Private Limited,,,,,,,,,,,1
3022,9788184070330,Sankarnarayana Telugu English Nigantuvu,$3.48,,,,,,,,,(unknown),,,,,,,,,,,
3226,9781850157212,With Love to a Special Husband (Everyday),$3.48,,https://www.bookswagon.com/book/with-love-a-special-husband/9781850157212?srsltid=AfmBOoo_JBbDGkTsErkDB3xwJcLX5oWg5dBxhQ8R1DNuiljV1wX19YbI,,,,,,,(unknown),,,,,,,,,,,
102,9788125035800,Orient BlackSwan Maths Lab ACtivities - 9,$3.42,,,,,,,,,Orient BlackSwan,,,,,,,,,,,155
104,9788125035824,Orient BlackSwan Maths Lab Activities - 10,$3.42,,https://raajkart.com/orient-blackswan-maths-lab-activities-book-10-3.html?srsltid=AfmBOoqbIR_8YkQLf7GVgVUgrHdMYpc-PIrI6YnxSR1xjbng_adbLGvk,,,,,,,Orient BlackSwan,,,,,,,,,,,155
107,9788125035787,Orient BlackSwan Maths Lab Activities - 6,$3.42,,,,,,,,,Orient BlackSwan,,,,,,,,,,,155
108,9788125035794,Orient BlackSwan Maths Lab Activities - 7,$3.42,,https://raajkart.com/orient-blackswan-maths-lab-activities-book-7-3.html?srsltid=AfmBOopp_wpzUrFh4FiVFBqfD8OW9ow7iZvhI5NFOxjeQRlCG6oxDnhb,,,,,,,Orient BlackSwan,,,,,,,,,,,155
109,9788125035817,Orient BlackSwan Maths Lab Activities - 8,$3.42,,,,,,,,,Orient BlackSwan,,,,,,,,,,,155
1208,9788173702907,Nature Quest Class 2: Environmental Studies,$3.42,NOT WORKING,https://www.sangambooks.com/BookDescription.aspx?isbn=9788173702907,,,,,,,Sangam Books,,,,,,,,,,,14
1783,9789364028929,Man Ki Kitaab,$3.42,,https://www.flipkart.com/man-ki-kitaab/p/itmf9d66ccd34544,,,,,,,Manda Publishers,,,,,,,,,,,2
1918,9788193929025,108 SRI VAISHNAVA DIVYA DESA DARISANAM,$3.42,,,,,,,,,ARULMIGU AMMAN PATHIPPAGAM,,,,,,,,,,,1
2150,9789352129270,Rectification of Birth Time | English | KP | : | Prof. K. Hariharan |,$3.42,,,,,,,,,Krishnamurti Publications,,,,,,,,,,,1
2213,9788173620492,"Pilgrim's Progress, The (Hindi)",$3.42,,https://www.flipkart.com/masihi-musafir-spiritual-book/p/itm110099a51b47e,,,,,,,OM Book,,,,,,,,,,,1
2885,9788178120713,NTSE (Class X) Exam Guide,$3.42,,,,,,,,,(unknown),,,,,,,,,,,
8,9788125057529,CAREER ENGLISH FOR NURSES (THIRD EDITION),$3.36,,,,,,,,,Orient BlackSwan,,,,,,,,,,,155
117,9788125033332,Sangam Symphony Class 2 Term 1,$3.36,,,,,,,,,Orient BlackSwan,,,,,,,,,,,155
118,9788125033349,Sangam Symphony Class 2 Term 2,$3.36,,,,,,,,,Orient BlackSwan,,,,,,,,,,,155
119,9788125033356,Sangam Symphony Class 2 Term 3,$3.36,,,,,,,,,Orient BlackSwan,,,,,,,,,,,155
465,9789351031697,"Cricket Changed My Life: Stories of Hope and Despair from the IPL and Elsewhere [Paperback] [Apr 23, 2014] Shamya Dasgupta,Foreword by Javagal Srinath",$3.36,,,,,,,,,Scholastic,,,,,,,,,,,72
478,9789351039013,Jamie Johnson #2: Shoot to Win,$3.36,,https://www.abebooks.com/9780702310270/Shoot-Win-2021-edition-Jamie-0702310271/plp,,,,,,,Scholastic,,,,,,,,,,,72
499,9788184776782,Secret Of Sums (Murderous Maths),$3.36,,,,,,,,,Scholastic,,,,,,,,,,,72
710,9788121618540,The Power Of Tantra,$3.36,,,,,,,,,Hind Pocket Books,,,,,,,,,,,37
714,9781542016551,105 నెంబరు గదిలో అమ్మాయి,$3.36,,,,,,,,,Westland,,,,,,,,,,,36
717,9789382618393,Behind The Silicon Mask: 1,$3.36,,,,,,,,,Westland,,,,,,,,,,,36
736,9788189975470,Kkrishnaa's Konfessions: 1,$3.36,,,,,,,,,Westland,,,,,,,,,,,36
746,9788189975647,Wind from the Hills,$3.36,,,,,,,,,Westland,,,,,,,,,,,36
748,9781542044219,द गर्ल इन रूम १०५,$3.36,,,,,,,,,Westland,,,,,,,,,,,36
749,9781542044196,ધ ગર્લ ઈન રૂમ ૧૦૫,$3.36,,,,,,,,,Westland,,,,,,,,,,,36
786,9788170640882,"APC Digest English Language and Literature Class- IX [Paperback] [Jan 01, 2017] APC",$3.36,,,,,,,,,Arya Publishing Company,,,,,,,,,,,33
893,9788121941570,S. Chand's Basic Mathematics,$3.36,,,,,,,,,S.Chand (G/L) & Company Ltd,,,,,,,,,,,29
933,9788121923941,"AWARENCESS ENVIRONMENTAL STUDIES - 4 [Paperback] [Jan 01, 2009] ABHA SAHGAL",$3.36,,,,,,,,,S Chand Publishing,,,,,,,,,,,25
946,9788121933452,Rapid Revision in Economics (Question Bank and Sample Papers) Book-XII,$3.36,,,,,,,,,S Chand Publishing,,,,,,,,,,,25
1036,9788181371881,Together With English Hands - on - Grammar - 4,$3.36,,,,,,,,,Rachna Sagar,,,,,,,,,,,20
1043,9789386500854,"Together with Enriched Scanner NCERT Chemistry - 12 [Perfect Paperback] [Jan 01, 2017] Rachna Sagar",$3.36,,,,,,,,,Rachna Sagar,,,,,,,,,,,20
1081,9789351100089,"Privacy and Big Data: The Players, Regulators, and Stakeholders",$3.36,,,,,,,,,Shroff/O'Reilly,,,,,,,,,,,20
1114,9788184044768,Hard-Knocks Communication: Thirty Six Timeless Rules for Success [4-Color],$3.36,,,,,,,,,Shroff,,,,,,,,,,,19
1207,9788173702891,Nature Quest Class 1: Environmental Studies,$3.36,NOT WORKING,https://www.sangambooks.com/BookDescription.aspx?isbn=9788173702891,,,,,,,Sangam Books,,,,,,,,,,,14
1214,9789387578807,Bhannat Marks Milvinyache 13 Marg: 13 Steps To Bloody Good Marks(Marathi) (Marathi Edition),$3.36,,https://akshardhara.com/products/9789387578807-bhannat-marks-milavanyache-13-marg?srsltid=AfmBOopEzdcBV-RLI1bkCTmVA8Gzwlp0LsBzarSivJt7Pxp3frdXatTb,,,,,,,Westland/Yatra,,,,,,,,,,,14
1249,9788170947349,Tax Smart Personal Investing from A to Z,$3.36,,,,,,,,,Vision Books,,,,,,,,,,,13
1260,9789350941065,Laboratory Manual Chemistry Class 11th [Experiments|Projects|Viva-Voce] - COMBO,$3.36,,,,,,,,,Arihant Publication,,,,,,,,,,,12
1498,9789383074792,The Misfits,$3.36,,,,,,,,,Zubaan,,,,,,,,,,,6
1509,9788122432626,"Engineering Mathematics-II (VTU) [Paperback] Ganesh, A.",$3.36,,,,,,,,,New Age International Private Limited,,,,,,,,,,,5
1539,9788189161309,Autobiography in Indian Writing in English,$3.36,,,,,,,,,Adhyayan Publishers & Distributors,,,,,,,,,,,4
1570,9788131900550,The Memory Workbook,$3.36,,,,,,,,,Health Harmony,,,,,,,,,,,4
1596,9789386850263,Ashoka: Mauriya Singham - Ashoka: Lion Of Maurya (Tamil) (Tamil Edition),$3.36,,https://omnibookslibrary.com/book/ZXlKcGRpSTZJbXRCVm1KTFRHUnpVR1oySzFwRmVpODRWMEZEU25jOVBTSXNJblpoYkhWbElqb2ljMHQ1TDNoR2JtUldRM1pxZUhOMlRXbzBaVEYxVEhsdE16QkZjblZZV1VaU05VTk9Oa3hHTDNReVFUMGlMQ0p0WVdNaU9pSmlNMk5sTVdRek1UVTJZbUUxTkRFNE9UUTVNR05pTlRreFl6RTRPV1E1Wm1JNE5qQTJORGd3WVRSbE9XTXdNRGRtT0dNMFlXTTBZMlZqTVRFNU1qSmpJaXdpZEdGbklqb2lJbjA9,,,,,,,Westland/Mysticswrite,,,,,,,,,,,4
1600,9789384465056,Sylvan Tales: Stories from the Munda country,$3.36,,,,,,,,,adivaani,,,,,,,,,,,3
1629,9788185501000,Siddha Yoga Diksha (In Hindi),$3.36,,,,,,,,,Munshiram Manoharlal Publishers Pvt Ltd,,,,,,,,,,,3
1655,9789350238189,Marvels of Indian Sweets,$3.36,,https://www.sapnaonline.com/books/marvels-indian-sweets-meena-shankaran-9350238187-9789350238189,,,,,,,Packt Publishing Limited,,,,,,,,,,,3
1689,9788188479429,As It Is,$3.36,,,,,,,,,Yogi Impressions,,,,,,,,,,,3
1704,9781685231903,Bikri Ke Ankahe Rahasya,$3.36,,https://www.flipkart.com/bikri-ke-ankahe-rahasya/p/itmcd10f2dab86da?pid=9781685231903,,,,,,,Arushi book enterprises,,,,,,,,,,,2
1714,9789380658407,Doctor Dread,$3.36,,,,,,,,,Blaft Tranquebar Press,,,,,,,,,,,2
1767,9789387578609,"Musafir Café: An Unusual Love Story [Paperback] Dubey, Divya Prakash",$3.36,,,,,,,,,Hind Yugm / Westland,,,,,,,,,,,2
1818,9788176559478,666: The Number Of The Beast,$3.36,,https://www.bookchor.com/book/9788176559478/666-the-number-of-the-beast,,,,,,,Point,,,,,,,,,,,2
1933,9788131941904,Science,$3.36,,,,,,,,,B Jain Publishers Pvt Ltd Noida UP,,,,,,,,,,,1
2001,9780976302995,Light of Love,$3.36,,,,,,,,,Coreopsis Publications LLC,,,,,,,,,,,1
2139,9789327280074,Fundamentals Of Horticulture,$3.36,,,,,,,,,Kalyani Publishers,,,,,,,,,,,1
2179,9788187812234,Vrndavana Dhama Ki Jaya (Hard),$3.36,,,,,,,,,Mandala Publishing (CA),,,,,,,,,,,1
2222,9788197282744,Cbse Last Years 10 Solved Papers Economics Class XII for 2025 Examination,$3.36,,https://www.flipkart.com/gurukul-oswal-economics-cbse-10-years-solved-papers-class-12-exam-2025/p/itmcf73829fcba3d,,,,,,,Oswal Publishers,,,,,,,,,,,1
2228,9788120417359,Must For Mums : Mumbai,$3.36,,https://www.bestbookmart.com/BookInfo/394948/Must-For-Mums-Mumbai,,,,,,,Oxford & Ibh Publi.,,,,,,,,,,,1
2277,9788187812654,Songs of Bhaktivinoda Thakura Kalyana Kalpataru the Desire Tree of Auspiciousness,$3.36,,,,,,,,,RASBIHARI LAL & SONS,,,,,,,,,,,1
2350,9789386385925,"General Intelligence and Reasoning Test, 2/e (Hindi)",$3.36,,,,,,,,,SOURCE BOOKS - A Unit of Viva Books,,,,,,,,,,,1
2474,9781543342970,A Text Book of Physics Pharmaceutics-III,$3.36,,https://www.sapnaonline.com/books/text-book-physical-pharmaceutics-2-shalini-sharma-1543342973-9781543342970,,,,,,,(unknown),,,,,,,,,,,
2600,9789380408026,Computer Networks,$3.36,,,,,,,,,(unknown),,,,,,,,,,,
2784,9789352134748,Jump Start Foundation,$3.36,,https://www.sapnaonline.com/books/jump-start-foundation-syed-fazle-9352134745-9789352134748,,,,,,,(unknown),,,,,,,,,,,
2818,9789810615598,Lm Test Papers Math P5 2ed,$3.36,,,,,,,,,(unknown),,,,,,,,,,,
2850,9788171853755,"Manusa, kalavanta, ani samaja",$3.36,,,,,,,,,(unknown),,,,,,,,,,,
2887,9781543345483,New Concepts In Social Pharmacy For D Pharmacy 1 Year,$3.36,,https://medioks.com/singleproduct/New-Concepts-in-Social-Pharmacy/NnpaUjNldGFLTmp2QjZaMzdreHdKUT09?srsltid=AfmBOopMVm921f0zyrGmAKidqtDqlN-1qHsbkwp0F9tbi0eqg-2gF-DQ,,,,,,,(unknown),,,,,,,,,,,
2895,9788174532480,Nisha ki Banhen,$3.36,,,,,,,,,(unknown),,,,,,,,,,,
2975,9788187671763,Qigong: Essence of The Healing Dance,$3.36,,https://www.mypustak.com/book/qigong-essence-of-the-healing-dance-others-9788187671763?2402529&srsltid=AfmBOoryVqaGarC6AkBsyV8tPoZUko7hLEyDqycHIXP39-KNhGexWq0c,,,,,,,(unknown),,,,,,,,,,,
3104,9788174531391,Teaching Of Art [Hardcover] Ghanshyam Thakur and Manish Daga (Illustrator),$3.36,,,,,,,,,(unknown),,,,,,,,,,,
3120,9788131901175,The Cure For All Hiv & Aids,$3.36,,,,,,,,,(unknown),,,,,,,,,,,
3183,9788184040302,Time Management For System Administrators,$3.36,,https://www.bestbookmart.com/bookinfo/210416/Test-Management-For-System-Administrators-,,,,,,,(unknown),,,,,,,,,,,
463,9789351036814,Conspiracy 365 #7 - July [Paperback] Gabrielle Lord,$3.35,,,,,,,,,Scholastic,,,,,,,,,,,72
464,9789351036753,"Conspiracy 365 - January [Paperback] [Apr 21, 2015] Gabrielle Lord",$3.35,,,,,,,,,Scholastic,,,,,,,,,,,72
591,9789394613041,Ancestral Healing Made Easy: How to Resolve Ancestral Patterns and Honour Your Family History,$3.35,,,,,,,,,Hay House,,,,,,,,,,,50
592,9789381431696,"Archangels 101: How to Connect Closely with Archangels Michael, Raphael, Gabriel, Uriel, and Others for Healing, Protection, and Guidance",$3.35,,https://www.bestbookmart.com/BookInfo/380523/Archangels-101,,,,,,,Hay House,,,,,,,,,,,50
593,9789385827945,"Art & Soul, Reloaded: A Yearlong Apprenticeship For Summoning The Muses And Reclaiming Your Bold, Au [Paperback]",$3.35,,,,,,,,,Hay House,,,,,,,,,,,50
599,9789385827853,Crystals: How To Use Crystals And Their Energy To Enhance Your Life,$3.35,,,,,,,,,Hay House,,,,,,,,,,,50
601,9789388302814,Empower Yourself,$3.35,,,,,,,,,Hay House,,,,,,,,,,,50
603,9789381431689,"Fairies 101: An Introduction To Connecting, Working, And Healing With The Fairies And Other Elementals",$3.35,,https://www.bookchor.com/book/9789381431689/fairies-101-an-introduction-to-connecting-working-and-healing-with-the-fairies-and-other-elementals,,,,,,,Hay House,,,,,,,,,,,50
608,9789385827815,"Golden Cloud, Silver Lining: Lessons From The Masters On Happiness & Longevity [Paperback] Ashok Chopra",$3.35,,,,,,,,,Hay House,,,,,,,,,,,50
611,9789388302159,In Tune With Consciousness,$3.35,,https://www.bestbookmart.com/BookInfo/501526/In-Tune-With-Consciousness,,,,,,,Hay House,,,,,,,,,,,50
613,9789384544973,LIVING AN INSPIRED LIFE: Your Ultimate Calling,$3.35,,,,,,,,,Hay House,,,,,,,,,,,50
615,9789384544386,Living Pain - Free: Natural And Spiritual Solutions to Eliminate Physical pain Natural And Spiritual Solutions to Eliminate Physical Pain,$3.35,,,,,,,,,Hay House,,,,,,,,,,,50
617,9789391067908,MANTRAS IN MOTION: MANIFESTING WHAT YOU WANT THROUGH MINDFUL MOVEMENT,$3.35,,,,,,,,,Hay House,,,,,,,,,,,50
620,9789366118734,Not Another Book on Manifestation: A Science-backed System for Creating Real-world Results,$3.35,,,,,,,,,Hay House,,,,,,,,,,,50
626,9789385827594,"Sole Guidance: Ancient Secrets Of Chinese Reflexology To Heal The Body, Mind, Heart, And Spirit [Paperback] Holly Tse",$3.35,,,,,,,,,Hay House,,,,,,,,,,,50
632,9789381431146,"The Golden Motorcycle Gang [Paperback] [Jan 01, 2011] Canfield; Jack & Gladstone; William",$3.35,,,,,,,,,Hay House,,,,,,,,,,,50
637,9789394613508,Trauma,$3.35,,,,,,,,,Hay House,,,,,,,,,,,50
638,9789380480947,What If? The Challenge Of Self-Relaxation,$3.35,,https://www.bestbookmart.com/BookInfo/371082/What-If-The-Challenge-of-Self-Realization,,,,,,,Hay House,,,,,,,,,,,50
750,9788126560028,5 Gears: How to Be Present and Productive When There Is Never Enough Time,$3.35,,,,,,,,,Wiley,,,,,,,,,,,35
764,9788126564545,On Target Living,$3.35,,,,,,,,,Wiley,,,,,,,,,,,35
921,9780143427711,Songs of the Gurus: From Guru Nanak to Guru Gobind Singh,$3.35,,,,,,,,,Penguin,,,,,,,,,,,28
1229,9788175993341,"NOVAS GRE MATH TEST -2017 [Paperback] [Jan 01, 2017] JEFF COLBY",$3.35,,,,,,,,,PRAKASH BOOKS,,,,,,,,,,,13
1234,9788172345556,"Novas Gmat Math Prep Course 2016 Edition [Paperback] [Jan 01, 2015] JEFF KOLBY",$3.35,,,,,,,,,PRAKASH BOOKS,,,,,,,,,,,13
1312,9788126563487,China's Future,$3.35,,,,,,,,,Pan Macmillan India,,,,,,,,,,,11
1314,9788126560035,"Its Not Rocket Science: 4 Simple Strategies for Mastering the Art of Execution [Paperback] [Jan 01, 2016] Dave Anderson",$3.35,,https://www.amazon.com/dp/8126560037?lv=shuf&language=he&channelId=500&plpRedirect=mhFallback,,,,,,,Pan Macmillan India,,,,,,,,,,,11
1318,9788126565177,The First Two Rules of Leadership,$3.35,,,,,,,,,Pan Macmillan India,,,,,,,,,,,11
1395,9789381431573,ON THE WINGS OF PRAYER: The Love Story that Created the Healing Modality ThetaHealing®,$3.35,,,,,,,,,Hay House UK Ltd,,,,,,,,,,,8
1431,9789381398944,"The Big Book of Angel Tarot: The Essential Guide to Symbols, Spreads and Accurate Readings",$3.35,,,,,,,,,Pan,,,,,,,,,,,7
1435,9780330525893,The Daily Telegraph Cryptic Crosswords 67,$3.35,,,,,,,,,Pan,,,,,,,,,,,7
1710,9781523089062,"Hello, My Name Is Awesome",$3.35,,,,,,,,,Berrett-Koehler,,,,,,,,,,,2
1801,9788172345532,"Novas GMAT Data Sufficiency Prep Course 2016 Edition [Paperback] [Jan 01, 2014]",$3.35,,,,,,,,,Nova Press,,,,,,,,,,,2
1930,9789381431733,Hay House What If They Knew? Secrets Of An Impressive Woman [Paperback] Lisa Payne,$3.35,,,,,,,,,Authorhouse,,,,,,,,,,,1
2135,9788126561292,"Ready to be a Thought Leader?: How to Increase Your Influence, Impact, and Success",$3.35,,,,,,,,,Jossey-Bass Inc Pub,,,,,,,,,,,1
2221,9781447210863,Buddha: His Life and Teachings and Impact On Humanity,$3.35,,,,,,,,,Osho Media International,,,,,,,,,,,1
2345,9781569571811,The Mahamudra Lineage Prayer : A Guide to Practice,$3.35,,,,,,,,,Snow Lion Pubns,,,,,,,,,,,1
2510,9788126561414,All In Startup: Launching a New Idea When Everything Is on the Line,$3.35,,,,,,,,,(unknown),,,,,,,,,,,
2630,9789380480572,"Deliberate Receiving: Finally, The Universe Makes Some Freakin’ Sense!",$3.35,,,,,,,,,(unknown),,,,,,,,,,,
2729,9789391067861,HAPPY DAYS:,$3.35,,,,,,,,,(unknown),,,,,,,,,,,
2884,9788175993716,"NOVAS GMAT MATH TESTS - 2017 ED [Paperback] [Jan 01, 2016] NA",$3.35,,,,,,,,,(unknown),,,,,,,,,,,
3101,9781447210894,Tantra: The Way of Acceptance,$3.35,,,,,,,,,(unknown),,,,,,,,,,,
468,9789352750450,"Epic Football Expert [Hardcover] [Jan 01, 2017] Kevin Pettman",$3.32,,https://www.amazon.in/Epic-Football-Expert-Kevin-Pettman/dp/9352750454,,,,,,,Scholastic,,,,,,,,,,,72
1237,9788172343804,Novas SAT Prep Course 2012,$3.32,,https://www.mypustak.com/book/novas-sat-prep-course-2012-j-kolby-9788172343804?2370641&srsltid=AfmBOoq2BFXivGh-TDURh6ErnURlBih9QmL4kJQrZmMkXKRG0qWYImF1,,,,,,,PRAKASH BOOKS,,,,,,,,,,,13
1326,9788131203231,Optical Materials: Optics And Photonics,$3.32,,,,,,,,,Elsevier,,,,,,,,,,,10
2321,9781743629093,I Need a Hug (I NEED A HUG),$3.32,,,,,,,,,Scholastic Pr,,,,,,,,,,,1
2778,9788172341572,Japji Sahib:Way to God in Sikhism,$3.32,,,,,,,,,(unknown),,,,,,,,,,,
2902,9788172343163,Novas Sat Prep Course 2010 Edition,$3.32,,,,,,,,,(unknown),,,,,,,,,,,
101,9788125033752,Orient BlackSwan Maths Lab ACtivities - 5,$3.30,,https://raajkart.com/orient-blackswan-maths-lab-activities-book-5-3.html?srsltid=AfmBOooJJ-w8MpcV87RYQoTOBEZFoRaGc0COUFxPvd5RWNw3q5ziZcfY,,,,,,,Orient BlackSwan,,,,,,,,,,,155
106,9788125033707,Orient BlackSwan Maths Lab Activities - 3,$3.30,,,,,,,,,Orient BlackSwan,,,,,,,,,,,155
115,9788125033318,Sangam Symphony Class 1 Term 2,$3.30,,,,,,,,,Orient BlackSwan,,,,,,,,,,,155
116,9788125033325,Sangam Symphony Class 1 Term 3,$3.30,,,,,,,,,Orient BlackSwan,,,,,,,,,,,155
2929,9789382578727,PASUMPON MUTHURAMALINGA THEVAR,$3.30,,,,,,,,,(unknown),,,,,,,,,,,
808,9788182963948,Mastering Mathematics- 2,$3.24,,,,,,,,,Arya Publishing Company,,,,,,,,,,,33
935,9788121938518,"CCE Hindi Vyakaran Avam Rachna for Class X (Course A, Term I & II)",$3.24,,https://www.mypustak.com/book/cce-hindi-vyakaran-avam-rachna-for-class-10-meenakshi-aggarwal-9788121938518?1897168&srsltid=AfmBOopRZHH_H9XSuxZmbQv90By3EBNlfQpy5JpywBn1mYdI0a8uPhs8,,,,,,,S Chand Publishing,,,,,,,,,,,25
1033,9789388537650,Happy Learning Pullout Worksheets Mathematics for Class 2,$3.24,,,,,,,,,Rachna Sagar,,,,,,,,,,,20
1201,9788173702501,Enjoying Mental Maths: Book 5,$3.24,,https://www.sapnaonline.com/books/enjoying-mental-maths-5-joycelene-gnanaraj-8173702500-9788173702501,,,,,,,Sangam Books,,,,,,,,,,,14
1593,9788125942634,Managerial Economics (GBTU),$3.24,,,,,,,,,Vikas Publishing House,,,,,,,,,,,4
1777,9789385054983,Swapnapaash,$3.24,,https://starpublic.com/index.php?p=sr&format=fullpage&Field=bookcode&String=9789385054983,,,,,,,Kitabghar Prakashan,,,,,,,,,,,2
2343,9780952999485,Sixties Press Anthology of Gregory Fellows Poetry,$3.24,,,,,,,,,Sixties Press,,,,,,,,,,,1
2622,9789385160110,Daanvir Karn,$3.24,,https://www.hindibook.com/index.php?p=sr&format=fullpage&Field=bookcode&String=9789385160110,,,,,,,(unknown),,,,,,,,,,,
2751,9788185566511,I Confess.,$3.24,,,,,,,,,(unknown),,,,,,,,,,,
2758,9789350717431,INCLUSIVE BANKING THRO'BUSINESS CORRESPONDENT(TELEGU),$3.24,,,,,,,,,(unknown),,,,,,,,,,,
1484,9789371368971,Science and Technology for UPSC and State Civil Services Examination,$3.23,,,,,,,,,Pearson Education,,,,,,,,,,,6
136,9788125034476,Sangam Term Book Class 5 Term 1 Revised A.P.,$3.18,,,,,,,,,Orient BlackSwan,,,,,,,,,,,155
137,9788125034483,Sangam Term Book Class 5 Term 2 Revised A.P.,$3.18,,,,,,,,,Orient BlackSwan,,,,,,,,,,,155
1060,9788129118486,Scared Art of Listening,$3.18,,,,,,,,,Rupa,,,,,,,,,,,20
2024,9789363924246,Career Calling,$3.18,,,,,,,,,Publication Division,,,,,,,,,,,1
2080,9789386883988,"Prem Aur Vivah (प्रेम और विवाह) | Acharya Shri Rajneesh (Osho) | Love, Marriage, Relationship, Spirituality, Self Help, Philosophy Hindi Book (Prem Aur Vivah Book)",$3.18,,,,,,,,,Gautam Book Centre,,,,,,,,,,,1
3030,9789334138078,Secret To Live Long Happy Life,$3.18,,,,,,,,,(unknown),,,,,,,,,,,
2844,9788120046863,MRIGASAMRAKSHANAM - BY DR.G.AJITH KUMAR /DR.K.S ANIL / DR. T.V JAYAMOHAN- A MALAYALAM BOOK ON ANIMAL HUSBANDRY,$3.17,,,,,,,,,(unknown),,,,,,,,,,,
1149,9788123928661,Marwahs Internal Medicine Mcq's References From The Latest Edition Of Harrison's 19E 2015 & 18E(Pb 2015),$3.16,,,,,,,,,CBS,,,,,,,,,,,15
1152,9788123925936,SARP Self Study Guide Postgraduate Medical Admission Test : Surgery,$3.16,,,,,,,,,CBS,,,,,,,,,,,15
103,9788125033684,Orient BlackSwan Maths Lab Activities - 1,$3.12,,,,,,,,,Orient BlackSwan,,,,,,,,,,,155
105,9788125033691,Orient BlackSwan Maths Lab Activities - 2,$3.12,,,,,,,,,Orient BlackSwan,,,,,,,,,,,155
865,9788131801864,Comprehensive Sample Papers English - Communicative X,$3.12,,https://www.bestbookmart.com/bookinfo/486524/Comprehensive-Sample-Papers-English-Communicative-X,,,,,,,Laxmi Publications,,,,,,,,,,,29
1035,9788181376862,Together With CBSE Three Men In A Boat To Say Nothing of the Dog Unabridged Edition Novel for Class 9 Exam,$3.12,,,,,,,,,Rachna Sagar,,,,,,,,,,,20
1645,9788125026099,Geometrical Drawing For Art Students,$3.12,,,,,,,,,Orient Publishing,,,,,,,,,,,3
2086,9789364481106,PATANJAL YOG PRADEEP,$3.12,,,,,,,,,GITA PRESS,,,,,,,,,,,1
2877,9789367257623,My Learning Train Express World Around Me Beginners Teachers Manual,$3.12,,,,,,,,,(unknown),,,,,,,,,,,
2878,9789367257869,My Learning Train Express World Of Letters Beginners Teachers Manual,$3.12,,,,,,,,,(unknown),,,,,,,,,,,
2879,9789367251232,My Learning Train Express World Of Numbers Beginners Teachers Manual,$3.12,,,,,,,,,(unknown),,,,,,,,,,,
3187,9789386585431,Together With Computer Applications ICSE-9,$3.12,,,,,,,,,(unknown),,,,,,,,,,,
2204,9789380200132,10/10 Now Control Your Money?.Perfectly,$3.07,,,,,,,,,NETW6,,,,,,,,,,,1
15,9788173704208,English - I Literature Reader 7,$3.06,,,,,,,,,Orient BlackSwan,,,,,,,,,,,155
100,9788125009382,Open Sesame: Book 4,$3.06,,,,,,,,,Orient BlackSwan,,,,,,,,,,,155
133,9788125034445,Sangam Term Book Class 4 Term 1 Revised A.P.,$3.06,,,,,,,,,Orient BlackSwan,,,,,,,,,,,155
134,9788125034452,Sangam Term Book Class 4 Term 2 Revised A.P.,$3.06,,,,,,,,,Orient BlackSwan,,,,,,,,,,,155
135,9788125034469,Sangam Term Book Class 4 Term 3 Revised A.P.,$3.06,,,,,,,,,Orient BlackSwan,,,,,,,,,,,155
535,9788178120355,Delhi University BBS/BFIA/BBE: Joint Entrance Test (JET) (Popular Master Guide),$3.06,,,,,,,,,Ramesh Publishing House,,,,,,,,,,,66
546,9788178121338,GATE-Civil Engineering Guide: As Per Latest Pattern of the Examination (Popular Master Guide),$3.06,,,,,,,,,Ramesh Publishing House,,,,,,,,,,,66
2138,9788195904853,ஒரு பார்வையில் சென்னை நகரம் (Oru paarvaiyil chennai nagaram),$3.06,,,,,,,,,"Kalachuvadu Publications Pvt. Ltd.,",,,,,,,,,,,1
2338,9789392950773,"Night by Elie Wiesel, Malayalam Translation by Dr. K. Govindan Nair, Nobel Peace Prize Winner's Holocaust Memoir Sign Books (Holocaust Literature)",$3.06,,https://www.flipkart.com/hi/rathri/p/itm339c55109f58b,,,,,,,Sign Books,,,,,,,,,,,1
1047,9788129116789,365 Steps to Practical Spirituality,$3.01,,,,,,,,,Rupa,,,,,,,,,,,20
1049,9788129105721,Am I Hindu (Hindi Edition),$3.01,,,,,,,,,Rupa,,,,,,,,,,,20
1052,9789370036185,"BIG FEELINGS, BAD PURCHASES: Emotional Spending In The Digital Age",$3.01,,,,,,,,,Rupa,,,,,,,,,,,20
1055,9788129119858,Chuang-Tzu: The Tao of Perfect Happiness,$3.01,,,,,,,,,Rupa,,,,,,,,,,,20
1063,9789370030336,The Magic of More: Live Your Journey With No Limits,$3.01,,,,,,,,,Rupa,,,,,,,,,,,20
1064,9789370038622,"The Ultimate Edge: How To Win Hearts, Minds, And Opportunities",$3.01,,,,,,,,,Rupa,,,,,,,,,,,20
1329,9788131229590,Smart Study Series Psychiatry 2 /e,$3.01,,https://www.bestbookmart.com/bookinfo/344690/Smart-Study-Series-Psychiatry-2-e,,,,,,,Elsevier,,,,,,,,,,,10
1824,9788129119032,Everyday Dharma,$3.01,,,,,,,,,Rupa Publcations India,,,,,,,,,,,2
1825,9788129119643,The Complete Works of Lao Tzu,$3.01,,,,,,,,,Rupa Publcations India,,,,,,,,,,,2
2028,9798129108073,The Money Changers,$3.01,,,,,,,,,Doubleday,,,,,,,,,,,1
2550,9789361564741,Bounce Back Like A Boss Mastering The Art Of Resilience In The Real World,$3.01,,,,,,,,,(unknown),,,,,,,,,,,
2589,9789361560378,Clock Work Mastery : Own Your Time Master Your Life,$3.01,,,,,,,,,(unknown),,,,,,,,,,,
2701,9789361562150,GREATEST SPEECHES OF THE MODERN WORLD - POPULAR,$3.01,,,,,,,,,(unknown),,,,,,,,,,,
2712,9789361560118,Grace Oand Grit Outsm Art In G Difficult People An Yw Here And Every Where,$3.01,,,,,,,,,(unknown),,,,,,,,,,,
2748,9789370034723,How To Tidy Up,$3.01,,,,,,,,,(unknown),,,,,,,,,,,
2764,9788174732026,"INTERNATIONAL STATITICAL CLASSIFICATION OF DISEASES ICD-10, VOL 2",$3.01,,,,,,,,,(unknown),,,,,,,,,,,
3004,9788174730626,SAFETY IN HEALTH-CARE LABORATORIES,$3.01,,,,,,,,,(unknown),,,,,,,,,,,
3162,9789361565014,The Social Jungle : Communicate Like Niver Before !,$3.01,,,,,,,,,(unknown),,,,,,,,,,,
14,9788173704185,English - I Literature Reader 5,$3.00,,,,,,,,,Orient BlackSwan,,,,,,,,,,,155
131,9788125034414,Sangam Term Book Class 3 Term 1 Revised A.P.,$3.00,,,,,,,,,Orient BlackSwan,,,,,,,,,,,155
132,9788125034438,Sangam Term Book Class 3 Term 3 Revised A.P. (Sangam Term Book A.P.),$3.00,,,,,,,,,Orient BlackSwan,,,,,,,,,,,155
474,9789351030942,How To Be Gorgeous,$3.00,,,,,,,,,Scholastic,,,,,,,,,,,72
740,9789383260669,"Sahyadri Adventure: Anirudh's Dream [Paperback] [Dec 02, 2013] Deepak Dalal",$3.00,,,,,,,,,Westland,,,,,,,,,,,36
756,9788177229127,Cases in Retail Management,$3.00,,,,,,,,,Wiley,,,,,,,,,,,35
951,9789352532117,Self-practice Book For Science For Tenth Class Part 1 Physics,$3.00,,,,,,,,,S Chand Publishing,,,,,,,,,,,25
958,9788170559757,Abhivadan Aur Khed Sahit,$3.00,,,,,,,,,Vani Prakashan,,,,,,,,,,,24
978,9788170553236,Samudayikta Ka Aadhar: Ek Anushilan,$3.00,,,,,,,,,Vani Prakashan,,,,,,,,,,,24
979,9789350726204,Swapn,$3.00,,https://www.hindibook.com/index.php?p=sr&format=fullpage&Field=bookcode&String=9789350726204,,,,,,,Vani Prakashan,,,,,,,,,,,24
981,9789350726778,Wah Din Zaroor Ayega,$3.00,,https://hindibook.com/index.php?p=sr&format=fullpage&Field=bookcode&String=9789350726778,,,,,,,Vani Prakashan,,,,,,,,,,,24
1068,9789350230312,Bash Pocket Reference,$3.00,,,,,,,,,Shroff/O'Reilly,,,,,,,,,,,20
1200,9780863112065,Cinema and Television: 50 Years of Reflection in France,$3.00,,,,,,,,,Sangam Books,,,,,,,,,,,14
1210,9788175300217,The Dogs of Justice,$3.00,,,,,,,,,Sangam Books,,,,,,,,,,,14
1218,9789386036872,Everyone Has A Story: Har Kisi Ki Hoti Hai...Kahani (Hindi Edition),$3.00,,,,,,,,,Westland/Yatra,,,,,,,,,,,14
1220,9788193432013,"Kaun Ho Tum, Ajnabi: Ajnabi Shrinkhla Ki Pehli Kitaab (Marry Me, Stranger- Book 1 Of The Stranger Trilogy-Hindi) (Hindi Edition)",$3.00,,,,,,,,,Westland/Yatra,,,,,,,,,,,14
1240,9788170948926,51 Tips for Saving Income Tax,$3.00,,,,,,,,,Vision Books,,,,,,,,,,,13
1246,9788170949749,Income Tax Kaise Bachayen - FY 2017-18,$3.00,,,,,,,,,Vision Books,,,,,,,,,,,13
1372,9780521704120,"Study Reading, 2nd Edition",$3.00,,,,,,,,,Cambridge University Press,,,,,,,,,,,8
1477,9789351106456,Getting Started with Openshift,$3.00,,https://www.shroffpublishers.com/books/9789351106456/?sef_rewrite=1&currency=CAD&srsltid=AfmBOooZ9sV60zWZVdXoqiotgtRSlK8ukNzUh8z4lDbDi_isZBqzXUkk,,,,,,,O'Reilly Media,,,,,,,,,,,6
1592,9789325984592,ELECTRICAL MEASUREMENT AND CONTROL (FOR WBSCTE),$3.00,,,,,,,,,Vikas Publishing House,,,,,,,,,,,4
1649,9788125017226,Orient Longman Light On Yoga Sutras Of Patanjali,$3.00,,,,,,,,,Orient Longman,,,,,,,,,,,3
1679,9788190850100,If and I,$3.00,,,,,,,,,Suryastra,,,,,,,,,,,3
1725,9788199018099,Thirty two Vidyas,$3.00,,,,,,,,,CBH Publications,,,,,,,,,,,2
1776,9788193432501,Chhote-Chhote Bade Yuddh,$3.00,,https://www.hindibook.com/index.php?p=sr&format=fullpage&Field=bookcode&String=9788193432501,,,,,,,Kitabghar Prakashan,,,,,,,,,,,2
1788,9781789290905,All That Glisters ...: And Other Quotations You Should Know,$3.00,,,,,,,,,Michael O'Mara,,,,,,,,,,,2
1814,9789387444041,"Legal Aptitude for CLAT, AILET & Other Law Entrance Examination",$3.00,,,,,,,,,Pearson,,,,,,,,,,,2
2033,9788192594880,Vortal Shockwave,$3.00,,,,,,,,,Duckbill,,,,,,,,,,,1
2133,9788173660078,The Tcp/ip Companion,$3.00,,,,,,,,,John Wiley & Sons Australia Ltd,,,,,,,,,,,1
2250,9789382898771,"Antheen talash [Hardcover] [Jan 01, 2017] Books Wagon",$3.00,,https://starpublic.com/index.php?p=sr&format=fullpage&Field=bookcode&String=9789382898771,,,,,,,Prabhat Prakashan,,,,,,,,,,,1
2367,9788180140761,"Hydraulics & Hydraulic Machines (Drav Engineering Avam Drav Chalit Machine ) [Paperback] [Jan 01, 2017] B.L.Gupta",$3.00,,,,,,,,,STANDARD PUBLICATIONS-DELHI,,,,,,,,,,,1
2396,9788181469359,LET'S PLANT TREES - HINDI,$3.00,,,,,,,,,Tulika Publishers,,,,,,,,,,,1
2593,9780007341283,Collins German School Dictionary,$3.00,,,,,,,,,(unknown),,,,,,,,,,,
2639,9788170557746,Din Jaaye Raat Jaaye,$3.00,,,,,,,,,(unknown),,,,,,,,,,,
2705,9788195267477,Gītāmṛta : Śrīmadbhagavadgītā kā Hindī kāvyānuvāda,$3.00,,,,,,,,,(unknown),,,,,,,,,,,
2732,9788170559559,"Hamāre lokapriya gītakāra, Ramānātha Avasthī (Hindi Edition)",$3.00,,,,,,,,,(unknown),,,,,,,,,,,
2771,9789350947678,Indian Navy Secondary (SSR) Recruitment Exam [Paperback],$3.00,,,,,,,,,(unknown),,,,,,,,,,,
2794,9788190636292,Kshitij Ke Paar,$3.00,,,,,,,,,(unknown),,,,,,,,,,,
2826,9788129709288,"MAKNG WORK WORK [Paperback] [Jan 01, 2017] SCOTT HUNTER",$3.00,,,,,,,,,(unknown),,,,,,,,,,,
2883,9780190137144,NEW PATHWAYS TH 6 NCF ED_2024,$3.00,,,,,,,,,(unknown),,,,,,,,,,,
3185,9788188260034,Tithinirnayah (Sanskrit),$3.00,,,,,,,,,(unknown),,,,,,,,,,,
3216,9788126317400,Viravrdhamancharita,$3.00,,https://www.jainabooks.in/Product19232/Sakalkirti-Virchit-VEERVARDHMANCHARIT?srsltid=AfmBOorfp5oJGY-9Qcmy1moxTDKeVPhcUalwPdVvFFwOVVj5mDMWfEY1,,,,,,,(unknown),,,,,,,,,,,
3249,9788131809723,கிரகர் ஜோஹான் மெண்டல்,$3.00,,,,,,,,,(unknown),,,,,,,,,,,
130,9788125034407,Sangam Term Book Class 2 Term 3 Revised A.P.,$2.94,,,,,,,,,Orient BlackSwan,,,,,,,,,,,155
481,9789351036104,"Lobsters [Paperback] [Feb 15, 2015] Lucy Ivison & Tom Ellen",$2.94,,https://www.amazon.in/Lobsters-Lucy-Ivison-Tom-Ellen/dp/9351036103,,,,,,,Scholastic,,,,,,,,,,,72
483,9789352751020,Make Your Own: Magic Tricks,$2.94,,,,,,,,,Scholastic,,,,,,,,,,,72
494,9788184779523,Ruskin Bonds Favourite Ghost Stories From Around The World,$2.94,,,,,,,,,Scholastic,,,,,,,,,,,72
589,9789394613782,21 Days to Work with Crystals,$2.94,,,,,,,,,Hay House,,,,,,,,,,,50
590,9789388302326,"A Fierce Heart: Finding Strength, Courage, and Wisdom in Any Moment",$2.94,,,,,,,,,Hay House,,,,,,,,,,,50
600,9788119554898,Dream Guidance,$2.94,,,,,,,,,Hay House,,,,,,,,,,,50
610,9789381431511,Great Sex Naturally,$2.94,,https://www.bestbookmart.com/BookInfo/374510/Great-Sex-Naturally,,,,,,,Hay House,,,,,,,,,,,50
625,9788189988760,"Sara Book 3 [Paperback] [Jan 01, 2002] Hicks, Esther",$2.94,,,,,,,,,Hay House,,,,,,,,,,,50
628,9789384544027,Stress-O-Paedia: A Detailed Guide For A Stress-Free Life,$2.94,,,,,,,,,Hay House,,,,,,,,,,,50
629,9789385827273,"Thank And Grow Rich: A 30-Day Experiment In Shameless Gratitude And Unabashed Joy [Paperback] [Jan 01, 2016] Grout,Pam",$2.94,,,,,,,,,Hay House,,,,,,,,,,,50
630,9789385827136,"The Courage to Be Creative: How to Believe in Yourself, Your Dreams and Ideas, and Your Creative Career Path",$2.94,,,,,,,,,Hay House,,,,,,,,,,,50
925,9780143104063,The Small House,$2.94,,,,,,,,,Penguin,,,,,,,,,,,28
1236,9788172344627,Novas Gre Prep Course 2014 Edition,$2.94,,,,,,,,,PRAKASH BOOKS,,,,,,,,,,,13
1295,9788126572489,Simply Said: Communicating Better at Work and Beyond,$2.94,,,,,,,,,Audible Studios on Brilliance audio,,,,,,,,,,,11
1392,9789380480886,Baby to Toddler: Month By Month,$2.94,,,,,,,,,Hay House UK Ltd,,,,,,,,,,,8
1393,9789386832733,DOGS AND CATS HAVE SOULS TOO,$2.94,,https://www.bookchor.com/book/9789386832733/dogs-and-cats-have-souls-too-incredible-true-stories-of-pets-who-heal-protect-and-communicate,,,,,,,Hay House UK Ltd,,,,,,,,,,,8
1397,9788119554133,The Wisdom Wheel,$2.94,,,,,,,,,Hay House UK Ltd,,,,,,,,,,,8
1582,9788170461593,Wada Trilogy,$2.94,,,,,,,,,Seagull Books,,,,,,,,,,,4
1731,9789351037682,BIG GAME,$2.94,,,,,,,,,Chicken House,,,,,,,,,,,2
2299,9789381431535,INFINITE LIFE: Seven Virtues for Living Well,$2.94,,https://www.bestbookmart.com/bookinfo/374847/Infinite-Life-Seven-Virtues-for-Living-Well,,,,,,,Riverhead Books,,,,,,,,,,,1
2339,9789385827808,Soulmate: A Love Story [Paperback] DEEPAK CHOPRA,$2.94,,,,,,,,,Signet,,,,,,,,,,,1
2556,9788193234556,Business Communications,$2.94,,https://www.bookchor.com/book/9788193234556/business-communications,,,,,,,(unknown),,,,,,,,,,,
2737,9781492604723,Have You Ever... Would You Like To...: 23 Sexy Questions for Couples to Answer Together,$2.94,,,,,,,,,(unknown),,,,,,,,,,,
2901,9788172344634,Novas Sat Math Prep Course 2014,$2.94,,,,,,,,,(unknown),,,,,,,,,,,
2022,9789395761055,Samanya Vigyan Avum Praudyogiki Compendium with Ncert (Class 6 to 10) Coverage for Upsc IAS & State Psc Samanya Adhyayan Paper 1 Prelim & Main Exams ... Practice Objective & Subjective Question Bank,$2.92,,https://dishapublication.com/products/samanya-vigyan-avum-praudyogiki-compendium-with-ncert-class-6-to-10-coverage-for-upsc-ias-state-psc-samanya-adhyayan-paper-1-prelim-main-exams-3rd-edition-civil-sewa-services-theory-previous-year-practice-objective-subjective-question-bank?srsltid=AfmBOor2oJfT1dh30Nz00zX2ZyInOGviPwVU1jm5x-o7y4lIE9-n3n0l,,,,,,,Disha Publication,,,,,,,,,,,1
1816,9780143482024,A Hundred Days of Summer | A Sequel to Crossing over by Kaushik Mitra,$2.90,,,,,,,,,Penguin Enterprise,,,,,,,,,,,2
129,9788125034377,Sangam Term Book Class 1 Term 3 Revised A.P.,$2.88,,,,,,,,,Orient BlackSwan,,,,,,,,,,,155
552,9789350126868,Latest Essays,$2.88,,,,,,,,,Ramesh Publishing House,,,,,,,,,,,66
587,9788178122007,UPSC Engineering Services Exam: Electrical Engineering Previous Years Papers' (Solved) (Old Edition),$2.88,,,,,,,,,Ramesh Publishing House,,,,,,,,,,,66
798,9788178556581,Fundamentals of Financial Statement Analysis Semester II of BBA,$2.88,,https://www.bestbookmart.com/bookinfo/456209/Fundamentals-of-Financial-Statement-Analysis-Semester-II-of-BBA-KU,,,,,,,Arya Publishing Company,,,,,,,,,,,33
1030,9789388563000,Happy Learning Pullout Worksheets English for Class 1,$2.88,,,,,,,,,Rachna Sagar,,,,,,,,,,,20
1034,9788181371478,Together With Bal Mahabharat-7,$2.88,,,,,,,,,Rachna Sagar,,,,,,,,,,,20
1155,9788178120195,B.Arch Entrance Exam Guide: Entrance Examination (Popular Master Guide),$2.88,,,,,,,,,RPH,,,,,,,,,,,15
1168,9788178122014,UPSC Engineering Services Exam: Mechanical Engineering Previous Years Papers' (Solved) (Old Edition),$2.88,,,,,,,,,RPH,,,,,,,,,,,15
1331,9788177394634,Financial Management B.Com. II Semester IV,$2.88,,https://raajkart.com/apc-financial-management-semester-v-of-b-com-iii-k-u.html?srsltid=AfmBOoqR0Tvsdobehzlfxe_DKg5C99-cgFRJdCaJzb2C4vPtaMfvGSS4,,,,,,,Avichal Publishing Company,,,,,,,,,,,9
2018,9788177000092,Computer Science C++ A Textbook For Class Xi,$2.88,,,,,,,,,Dhanpat Rai & Co.,,,,,,,,,,,1
2595,9788183329453,Communicate In English Activity 5 (Cce Edition),$2.88,,https://www.flipkart.com/hi/revised-communicate-english-activity-5/p/itmdbc23d9fb8aa0,,,,,,,(unknown),,,,,,,,,,,
2613,9788178122649,Csir Ugc - Net: Mathematical Sciences Previous Papers (Solved) And 25 Practice Sets,$2.88,,,,,,,,,(unknown),,,,,,,,,,,
36,9788125030324,Golden Gate Reader 8,$2.82,,,,,,,,,Orient BlackSwan,,,,,,,,,,,155
1727,9789386827104,Textbook Of Nutrition For Gnm Students (Pb 2018),$2.81,,,,,,,,,CBS NURSING,,,,,,,,,,,2
35,9788125030317,Golden Gate Reader 7,$2.76,,,,,,,,,Orient BlackSwan,,,,,,,,,,,155
113,9788125000068,Routes to English: Starter 2,$2.76,,,,,,,,,Orient BlackSwan,,,,,,,,,,,155
585,9788178121376,UGC-NET/SET Shikshan evam Shodh Abhiyogyata (Compulsory Paper-I) (Hindi): Sikshan and Shodh Abhiyogita,$2.76,,,,,,,,,Ramesh Publishing House,,,,,,,,,,,66
867,9780333937341,Poems Old and New,$2.76,,,,,,,,,Laxmi Publications,,,,,,,,,,,29
1257,9789311125879,"CRPF Assistant Sub-Inspector (Steno) 2017 [Paperback] [Jan 01, 2017] Arihant Experts and NA",$2.76,,,,,,,,,Arihant Publication,,,,,,,,,,,12
1261,9789351415732,Ncert Prash-Uttar Samajik Vigyan Class 10Th,$2.76,,,,,,,,,Arihant Publication,,,,,,,,,,,12
1366,9788183322782,Targeting Science 2,$2.76,,,,,,,,,Ratna Sagar P. Ltd.,,,,,,,,,,,9
1676,9788178793856,How to Play Bowling,$2.76,,,,,,,,,Sports Publication,,,,,,,,,,,3
1705,9789390540334,The Richest Man In Babylon Hindi,$2.76,,,,,,,,,Arushi book enterprises,,,,,,,,,,,2
1756,9789348960115,Prakriti : Ishwar Ka Nyayik Madhyam | प्रकृति: ईश्वर का न्यायिक माध्यम - Brahmandiya Nyay Ka Adrishya Tantra (ब्रह्मांडीय न्याय का अद्रश्य तंत्र),$2.76,,,,,,,,,Ghanikhama,,,,,,,,,,,2
1821,9789398961155,The Housemaid's Wedding: A Short Story Paperback,$2.76,,,,,,,,,Poisoned Pen Press,,,,,,,,,,,2
1888,9789362830159,Malathi,$2.76,,,,,,,,,The Alliance Company,,,,,,,,,,,1
1935,9789393683298,"On Earth as It Is in Heaven by Warren W. Wiersbe, Book on How the Lord's Prayer Teaches Us to Pray More Effectively",$2.76,,,,,,,,,Baker Pub Group,,,,,,,,,,,1
2082,9789392536021,Pollyanna Gujarati,$2.76,,,,,,,,,GenNext Publication,,,,,,,,,,,1
2171,9788195676866,"Word World Vol.2 (One Word Substitution, Idioms & Phrases , Spelling Test)",$2.76,,,,,,,,,M. B. Books Pvt. Ltd.,,,,,,,,,,,1
2227,9788120417489,"MUST FOR MUMS Delhi, n/e",$2.76,,,,,,,,,Oxford & Ibh Publishing Co.,,,,,,,,,,,1
2402,9788186089194,The textbook for Shadbala & Bhava Bala,$2.76,,,,,,,,,V&S Publishers,,,,,,,,,,,1
2415,9789384328375,Tortured for Christ,$2.76,,,,,,,,,Vom Books,,,,,,,,,,,1
2886,9788193770412,Navamsha - An Essential Tool for Predictive Astrology,$2.76,,https://bookkish.com/products/navamsha-an-essential-tool-for-predictive-astrology-english?srsltid=AfmBOoplACsc_uhCC_Tt_4nY7QmfXAU70XEF62TBTv8nHkjAi2ZUhcQk,,,,,,,(unknown),,,,,,,,,,,
3020,9789350943885,Sainik School Entrance Exam 2017 (For Class VI),$2.76,,,,,,,,,(unknown),,,,,,,,,,,
3154,9789380834528,The Scientific Art of Living Vol. 13,$2.76,,,,,,,,,(unknown),,,,,,,,,,,
699,9788121615709,Poot Anokho Jayo,$2.73,,,,,,,,,Hind Pocket Books,,,,,,,,,,,37
1231,9788172345006,Nova Gmat Prep Course 2015 Edition,$2.73,,,,,,,,,PRAKASH BOOKS,,,,,,,,,,,13
1232,9788172344047,Novas GMAT prep course -2013 Edition,$2.73,,,,,,,,,PRAKASH BOOKS,,,,,,,,,,,13
1233,9788172343460,Novas GRE Prep course 2011 edition,$2.73,,,,,,,,,PRAKASH BOOKS,,,,,,,,,,,13
1235,9788172343149,Novas Gre Prep Course 2010 Edition,$2.73,,,,,,,,,PRAKASH BOOKS,,,,,,,,,,,13
1316,9781509819072,Princess Diaries- 09: Bad Heir Day,$2.73,,,,,,,,,Pan Macmillan India,,,,,,,,,,,11
1627,9781509818990,Princess Diaries 3:Princess in the Middle,$2.73,,,,,,,,,Macmillan Children's Books,,,,,,,,,,,3
1628,9781509819058,Princess Diaries- 10: Crowning Glory,$2.73,,,,,,,,,Macmillan Children's Books,,,,,,,,,,,3
1765,9781509819010,Princess Diaries- 05: Prom Princess [Paperback] MEG CABOT,$2.73,,,,,,,,,HarperCollins,,,,,,,,,,,2
1800,9788172345013,GMAT Math Prep. Course - 2015,$2.73,,,,,,,,,Nova Press,,,,,,,,,,,2
2097,9781509818983,Princess Diaries- 02: A Royal Disaster [Paperback] MEG CABOT,$2.73,,,,,,,,,HarperTeen,,,,,,,,,,,1
2960,9780330473019,Power Of The Sword,$2.73,,,,,,,,,(unknown),,,,,,,,,,,
34,9788125030300,Golden Gate Reader 6,$2.70,,,,,,,,,Orient BlackSwan,,,,,,,,,,,155
114,9788125034537,Sangam National Primer A Term 2,$2.70,,,,,,,,,Orient BlackSwan,,,,,,,,,,,155
976,9789387330900,Sameerana Geet,$2.70,,,,,,,,,Vani Prakashan,,,,,,,,,,,24
2942,9788170556022,Palon Ki Parchhaiyan,$2.70,,,,,,,,,(unknown),,,,,,,,,,,
3010,9789361034220,SPICE WORLD CLASS 1 TERM 1 EVS,$2.70,,https://atlanticbooks.com/products/spice-world-class-1-term-1-evs-9789361034220,,,,,,,(unknown),,,,,,,,,,,
3079,9788170554912,Śabarī: Oṛiyā kavitāem̐ (Hindi Edition),$2.70,,,,,,,,,(unknown),,,,,,,,,,,
460,9789352751761,Boy Number 32,$2.69,,,,,,,,,Scholastic,,,,,,,,,,,72
2019,9789362971111,Dhirubhaism (धीरूभाईवाद) (Hindi Edition),$2.66,,https://www.flipkart.com/dhirubhaism-in-hindi/p/itmc08abc481fc50,,,,,,,Diamond Books,,,,,,,,,,,1
1662,9780330470544,A Writer's People,$2.65,,,,,,,,,Picador,,,,,,,,,,,3
13,9788173704161,English - I Literature Reader 3,$2.64,OUT OF STOCK,https://www.malikbooksellers.com/product/obs-english-i-literary-reader-textbook-for-class-3/?srsltid=AfmBOorExP-uC28SWkURZqkGpIsYKCfThaS3tBo3TKM8wPJAFNm0ZlGR,,,,,,,Orient BlackSwan,,,,,,,,,,,155
140,9788125015444,Story of a Seaside Village,$2.64,,,,,,,,,Orient BlackSwan,,,,,,,,,,,155
455,9789351039303,Age Of Ultron Movie Novel,$2.64,,,,,,,,,Scholastic,,,,,,,,,,,72
466,9789351038160,Disaster Strikes #4: Volcano Blast,$2.64,,,,,,,,,Scholastic,,,,,,,,,,,72
488,9789351038634,Mystery Of The Nizam's Jewels,$2.64,,,,,,,,,Scholastic,,,,,,,,,,,72
687,9788121619431,Fakir (Bangla),$2.64,,,,,,,,,Hind Pocket Books,,,,,,,,,,,37
712,9788121614887,Urdu Ki Behatarin Shayri,$2.64,,,,,,,,,Hind Pocket Books,,,,,,,,,,,37
719,9788187671855,Catch Me A Colobus(New Edn),$2.64,,,,,,,,,Westland,,,,,,,,,,,36
733,9789388754682,His Drunken Wife (Marriages Made in India),$2.64,,,,,,,,,Westland,,,,,,,,,,,36
815,9788170640622,"The Poetry of Jayanta Mahapatra - A Study in Style and Sensibility [Paperback] [Jan 01, 2017] Archana Kumar",$2.64,,,,,,,,,Arya Publishing Company,,,,,,,,,,,33
848,9789380644264,A10-0192-195-ACADEMIC CCE IN HINDI X B,$2.64,,,,,,,,,Laxmi Publications,,,,,,,,,,,29
850,9789380644172,Academic CCE in Mathematics X,$2.64,,,,,,,,,Laxmi Publications,,,,,,,,,,,29
853,9789380644226,Academic Mathematics Term-I X,$2.64,,,,,,,,,Laxmi Publications,,,,,,,,,,,29
905,9780143031260,80 Ways to Prosperity With Feng Shui,$2.64,,,,,,,,,Penguin,,,,,,,,,,,28
918,9788189013707,Phosphorus and Stone,$2.64,,,,,,,,,Penguin,,,,,,,,,,,28
1042,9788181372758,"Together With Tripta Punjabi TB - 4 [Perfect Paperback] [Jan 01, 2016] Rachna sagar",$2.64,,,,,,,,,Rachna Sagar,,,,,,,,,,,20
1115,9788184046229,How to Improve Trainer Effectiveness,$2.64,,https://www.shroffpublishers.com/books/9788184046229/?sef_rewrite=1&srsltid=AfmBOopKKLNK0H8gWhdC0vnxQb7FUUMny-o7xDmCxUPUoqeUiv3SCmZp,,,,,,,Shroff,,,,,,,,,,,19
1179,9789384028077,Still Waiting for You,$2.64,,,,,,,,,Omji Publishing House Pvt. Ltd.,,,,,,,,,,,14
1337,9788177392401,Problems and Solutions in Financial Accounting B.Com. I Semester II,$2.64,,,,,,,,,Avichal Publishing Company,,,,,,,,,,,9
1360,9788170701484,Gem's Mental Maths 7,$2.64,,,,,,,,,Ratna Sagar P. Ltd.,,,,,,,,,,,9
1491,9789387486645,Team Learning in Projects: Theory and Practice,$2.64,,,,,,,,,Viva Books Private Limited,,,,,,,,,,,6
1503,9788188569588,"Surilay(Marathi) [Paperback] [Jan 01, 2014] Ramakrishna Bakre(Author),?Prabhakar Karekar(Foreword)",$2.64,,,,,,,,,Indus Source Books,,,,,,,,,,,5
1506,9788175543942,"Aptitude, Personality & Motivation Tests, 2/e [Paperback] [Jan 01, 2008] Jim Barrett",$2.64,,,,,,,,,Kogan Page India Private Limited,,,,,,,,,,,5
1508,9788175545175,Leadership for Innovation,$2.64,,,,,,,,,Kogan Page India Private Limited,,,,,,,,,,,5
1510,9788122417289,Everyday Letters for Busy People,$2.64,,,,,,,,,New Age International Private Limited,,,,,,,,,,,5
1522,9788122314625,Over 300 Great Lives,$2.64,,,,,,,,,Pustak Mahal,,,,,,,,,,,5
1537,9789351037507,"STAR WARS REBELS: THE REBELLION BEGINS [Paperback] [Jan 01, 2017] No Author",$2.64,,,,,,,,,Schoalstic,,,,,,,,,,,5
1548,9789350237045,Career Guidebook for IT in Insurance,$2.64,,,,,,,,,Bizle,,,,,,,,,,,4
1549,9789350237052,Career Guidebook for IT in Investment Banking,$2.64,,,,,,,,,Bizle,,,,,,,,,,,4
1564,9788183556811,Objective English for Competitive Examinations,$2.64,,,,,,,,,G.K. Publications Private Limited,,,,,,,,,,,4
1599,9788192554198,Becoming Me,$2.64,,,,,,,,,adivaani,,,,,,,,,,,3
1601,9788192554150,The Santal and the Biblical Creation Traditions: Anthropological & Theological Reflections,$2.64,,,,,,,,,adivaani,,,,,,,,,,,3
1656,9781407533797,Essential Mexican,$2.64,,,,,,,,,Parragon,,,,,,,,,,,3
1658,9781781861400,"The Pocket Book of Running [Paperback] [Jan 01, 2015] Parragon Books",$2.64,,,,,,,,,Parragon,,,,,,,,,,,3
1678,9788190367844,I Am a Bird (English and Hindi Edition),$2.64,,,,,,,,,Suryastra,,,,,,,,,,,3
1680,9789380032757,Chocolate Guitar Momos: 1,$2.64,,,,,,,,,Tranquebar,,,,,,,,,,,3
1685,9788187111962,The Joys Of Vegetarian Cooking,$2.64,,,,,,,,,Vakils Feffer And Simons Ltd,,,,,,,,,,,3
1708,9788131905296,Bach Flower Remedies: A Comprehensive Study (Hindi Edition),$2.64,,,,,,,,,B. Jain Regional Health Harmony,,,,,,,,,,,2
1808,9789350040171,Object Oriented Software Engineering,$2.64,,,,,,,,,ORIENT BLACK SWAN,,,,,,,,,,,2
1860,9788184774658,Funny and Funnier,$2.64,,,,,,,,,Virgin Books,,,,,,,,,,,2
1910,9789380283296,Arks Anniversary,$2.64,,,,,,,,,Arcade Pub,,,,,,,,,,,1
1967,9788192813431,Success Secrets for Engineering Students,$2.64,,,,,,,,,BS Publications/BSP Books,,,,,,,,,,,1
1997,9780007518982,Collins Gem Spanish Dictionary,$2.64,,,,,,,,,Collins,,,,,,,,,,,1
2011,9789388850568,The Soul's Journey After Death,$2.64,,,,,,,,,Dar UL Thaqafah,,,,,,,,,,,1
2057,9789395019095,"NABARD Assistant Manager/Manager Recruitment Exam, Economic and Social Issues & Agriculture and Rural Development Previous Year Papers",$2.64,,,,,,,,,Excellence Brings Success,,,,,,,,,,,1
2061,9788171020751,Fables and folk-tales of Assam,$2.64,,,,,,,,,Firma KLM Private Limited,,,,,,,,,,,1
2088,9788130932200,Sukh Ani Samadhan Yethe Ani Sarvatra,$2.64,,,,,,,,,Goel Book Agency,,,,,,,,,,,1
2159,9789382536840,A 20-Something Cool Dude,$2.64,,,,,,,,,LiFi Publications Pvt Ltd,,,,,,,,,,,1
2176,9789351472124,Standards and Quality Practices in Production (GSEA 05),$2.64,,,,,,,,,Made Easy Publications,,,,,,,,,,,1
2177,9789386025630,Malayala Manorama 60th Edition,$2.64,,,,,,,,,Malayala Manorama,,,,,,,,,,,1
2218,9788125022206,Roots,$2.64,,,,,,,,,Orient Blackswan Private Limited - New Delhi,,,,,,,,,,,1
2267,9788187863229,Together With Art - 8,$2.64,,,,,,,,,Rachana sagar pvt.ltd,,,,,,,,,,,1
2307,9788192153421,Hand Book of Sports Medicine Badminton,$2.64,,,,,,,,,S.R. Health Sciences Pvt.Ltd,,,,,,,,,,,1
2317,9788121612098,Bhuli Nahi Jo Yaden,$2.64,,,,,,,,,Saraswati Vihar,,,,,,,,,,,1
2337,9789352130528,Make: Learn to Solder - Tools & Techniques For Assembling Electronics,$2.64,,,,,,,,,Shroff/Maker Media,,,,,,,,,,,1
2364,9789386224408,Lock-Up: Jottings of an Ordinary Man,$2.64,,,,,,,,,Srishti Publishers & Distributors,,,,,,,,,,,1
2368,9788180141492,Architectural Design (Principles & Design),$2.64,,,,,,,,,Standard Publishes,,,,,,,,,,,1
2369,9788180140617,Civil Engineering Drawing,$2.64,,,,,,,,,STAR PUBLICATIONS (P)LTD-NEW DELHI,,,,,,,,,,,1
2409,9788190584128,"It Happens! ( A Romantic Fiction; a Story of Love: Love between Girl and Family ) Smile When it Happens Because it's Happen to you and me, AZNM",$2.64,,,,,,,,,Vital Publications,,,,,,,,,,,1
2416,9780992846121,"Rasakhan Rasa Ki Khan [Dec 01, 2012] Krishnaakinkari",$2.64,,,,,,,,,Vraja Kishori Publications,,,,,,,,,,,1
2457,9789311123738,"25 Pratice Sets SSC-CGL Tier 1 Online Exam 2017 [Paperback] [Jan 01, 2017] Arihant Experts (Author)",$2.64,,,,,,,,,(unknown),,,,,,,,,,,
2465,9788170230489,A CRITICAL HISTORY OF ENGLISH LITERATURE: THE RESORATION TO 1800 VOL 3,$2.64,,,,,,,,,(unknown),,,,,,,,,,,
2647,9789387984585,EAD 15+1 cbse sample papers for class 10 Social science for 2019 examination,$2.64,,,,,,,,,(unknown),,,,,,,,,,,
2648,9789387984523,EAD 15+1 cbse sample papers for class 12 Accountancy for 2019 examination,$2.64,,,,,,,,,(unknown),,,,,,,,,,,
2664,9788131924037,Emotions and Feelings,$2.64,,,,,,,,,(unknown),,,,,,,,,,,
2681,9788187553021,Faultlines: Writings on Conflict and Resolution,$2.64,,,,,,,,,(unknown),,,,,,,,,,,
2768,9789311126838,Indian Army MER Nursing Assistant,$2.64,,,,,,,,,(unknown),,,,,,,,,,,
2859,9788182658455,Mathrubhumi Yearbook 2014,$2.64,,,,,,,,,(unknown),,,,,,,,,,,
2961,9788190000208,Practical Guide to Lettering: English and Hindi Lettering Styles,$2.64,,,,,,,,,(unknown),,,,,,,,,,,
2984,9788174531728,Raghuveer Sahay Aur Shrikant Varma ki Kavita,$2.64,,,,,,,,,(unknown),,,,,,,,,,,
3117,9789385621239,The Cartoon Guide to Biology,$2.64,,,,,,,,,(unknown),,,,,,,,,,,
3144,9789381626382,The Mine,$2.64,,,,,,,,,(unknown),,,,,,,,,,,
3188,9789386585912,Together With English Literature Practice Material For Icse Examination For Class 10,$2.64,,,,,,,,,(unknown),,,,,,,,,,,
3239,9788194920977,शिक्षा मनोविज्ञान - Psychology Education,$2.64,,,,,,,,,(unknown),,,,,,,,,,,
3242,9788131965573,हंसो हंसो जल्दी हंसो: Hanso Hanso Jaldee Hanso (A Book of Poems),$2.64,,,,,,,,,(unknown),,,,,,,,,,,
3243,9788131965658,"বাংলার হারানো নদীর ইতিকথা (আদিগঙ্গা, সরস্বতী, যমুনা, বিদ্যাধরী): History of Lost Rivers of Bengal (Adiganga, Saraswati, Yamuna, Vidyadhari)(Bengali)",$2.64,,,,,,,,,(unknown),,,,,,,,,,,
18,9788125011620,English Practice For Intermediate Students,$2.58,,,,,,,,,Orient BlackSwan,,,,,,,,,,,155
32,9788125030287,Golden Gate Reader 4,$2.58,,,,,,,,,Orient BlackSwan,,,,,,,,,,,155
33,9788125030294,Golden Gate Reader 5,$2.58,,,,,,,,,Orient BlackSwan,,,,,,,,,,,155
932,9780143065081,piece-of-cake,$2.58,,,,,,,,,Penguin,,,,,,,,,,,28
2181,9789380005300,Afro Asian Short Stories,$2.58,,,,,,,,,Maple Press,,,,,,,,,,,1
2922,9788197852251,"On Your MARKS, Get SAT, Go!!",$2.58,,,,,,,,,(unknown),,,,,,,,,,,
1147,9788123924052,DAMS AIIMS: PG Medical Entrance Examination May 2013 (With Explanatory Answers),$2.55,,,,,,,,,CBS,,,,,,,,,,,15
2833,9789385616167,MENTAL HEALTH AND PSYCHIATRIC NURSING FOR 2ND YEAR GNM STUDENTS STUDY MATERIAL (PB 2017),$2.55,,,,,,,,,(unknown),,,,,,,,,,,
3169,9789353529048,The Ultimate Winning Minds Quiz Challenge,$2.55,,,,,,,,,(unknown),,,,,,,,,,,
31,9788125030270,Golden Gate Reader 3,$2.52,,,,,,,,,Orient BlackSwan,,,,,,,,,,,155
526,9788186877432,CBSE UGC-NET JRF and Assistant Professor Exam (Paper-I - Teaching and Research Aptitude): Paper - 1 Teaching and Research Aptitude (Popular Master Guide),$2.52,,,,,,,,,Ramesh Publishing House,,,,,,,,,,,66
1239,9788170943150,134 Tips for the Go-ahead Manager,$2.52,,,,,,,,,Vision Books,,,,,,,,,,,13
1332,9788177394658,Fundamentals of Financial Management Semester IV of BBA (KU),$2.52,,,,,,,,,Avichal Publishing Company,,,,,,,,,,,9
1363,9788183321778,Poetry Magic 8,$2.52,,,,,,,,,Ratna Sagar P. Ltd.,,,,,,,,,,,9
1451,9788171946228,Life of a CA Student: 40 Pass But 49 Fail,$2.52,,,,,,,,,Taxmann Publications Pvt. Ltd.,,,,,,,,,,,7
1857,9789351870340,William Congreve : The Way of the World (Code : 5.26.2) PB,$2.52,,,,,,,,,Unique Publishers,,,,,,,,,,,2
2155,9780333904459,The Jonah - Audio,$2.52,,,,,,,,,LAXMI PUBLICATIONS (P) LTD.,,,,,,,,,,,1
2329,9789698263478,State and Legislation in Islam,$2.52,,,,,,,,,Shariah Academy,,,,,,,,,,,1
2334,9788194562634,"Pavan Purushottam Mas, Large Fonts, illustrated, Hard Cover, Gujarati Language (Purushottam Mas Mahatmya Adhik Masni Katha)",$2.52,,,,,,,,,Shree Pustak Mandir,,,,,,,,,,,1
2354,9788197467455,J-TET (VI-VIII) Samaj Adhyayan Practice Work Book,$2.52,,,,,,,,,Spardha Prakashan,,,,,,,,,,,1
2456,9788123773131,1971-BANGLADESH MUKTI KI KAHANIYAN,$2.52,,,,,,,,,(unknown),,,,,,,,,,,
2592,9788130001234,Collecter,$2.52,,,,,,,,,(unknown),,,,,,,,,,,
2663,9788184871388,"Elements of Control Theory, Second Edition [Paperback] K. Balachandran",$2.52,,,,,,,,,(unknown),,,,,,,,,,,
2804,9788178553245,Laboratory Manual Chemistry Class - XII,$2.52,,,,,,,,,(unknown),,,,,,,,,,,
2904,9788188230846,Numerology and Your Business,$2.52,,,,,,,,,(unknown),,,,,,,,,,,
496,9789386313898,Scar Island,$2.51,,,,,,,,,Scholastic,,,,,,,,,,,72
595,9789386832610,Beyond The Everyday Existence: Working With The Field Of Potentialilty,$2.51,,,,,,,,,Hay House,,,,,,,,,,,50
596,9789381431290,Choice Point,$2.51,,,,,,,,,Hay House,,,,,,,,,,,50
597,9788189988555,Commit To Sit: Tools For Cultivating,$2.51,,,,,,,,,Hay House,,,,,,,,,,,50
598,9789385827716,Crescendo: A Novel [Paperback] Amy Weiss,$2.51,,,,,,,,,Hay House,,,,,,,,,,,50
602,9789381431627,FLEXI : THE PENGUIN,$2.51,,,,,,,,,Hay House,,,,,,,,,,,50
604,9789385827952,Father Therapy: How To Heal Your Father Issues So You Can Enjoy Your Life,$2.51,,,,,,,,,Hay House,,,,,,,,,,,50
606,9789385827648,"From Deep Space with Love: A Conversation about Consciousness, the Universe and Building a Better World [Paperback] [Jul 03, 2017] Dooley Mike",$2.51,,,,,,,,,Hay House,,,,,,,,,,,50
607,9789385827884,Goddess Wisdom: Connect To The Power Of The Sacred Feminine Through Ancient Teachings And Practices,$2.51,,,,,,,,,Hay House,,,,,,,,,,,50
618,9789384544423,Miracles With EFT: Emotional Freedom Technique,$2.51,,,,,,,,,Hay House,,,,,,,,,,,50
621,9789381431764,Pegasus : Leading The Way To Light & Lov,$2.51,,,,,,,,,Hay House,,,,,,,,,,,50
623,9789385827754,Qabalah: Discover Powerful Tools To Explore Practical Magic And The Tree Of Life,$2.51,,,,,,,,,Hay House,,,,,,,,,,,50
624,9789388302029,SIGNPOSTS TO ELSEWHERE: A BOOK OF APHORISMS,$2.51,,,,,,,,,Hay House,,,,,,,,,,,50
627,9788189988531,Spiritual Parenting: Wisdom (And Wit) for Raising Your Child in a Stress Free and Spiritual Environment,$2.51,,,,,,,,,Hay House,,,,,,,,,,,50
631,9789381431481,The Daughters of Joy: An Adventure of The Heart,$2.51,,,,,,,,,Hay House,,,,,,,,,,,50
633,9789380480893,The Map: Finding the Magic and Meaning in the Story of Life,$2.51,,,,,,,,,Hay House,,,,,,,,,,,50
636,9789381431610,The Song Of The Nightingale,$2.51,,,,,,,,,Hay House,,,,,,,,,,,50
1317,9788126563463,Smart Work [Paperback],$2.51,,,,,,,,,Pan Macmillan India,,,,,,,,,,,11
1391,9789380480916,Am I Being Kind? How Asking One Simple Question Can Change Your Life...and Your World,$2.51,,,,,,,,,Hay House UK Ltd,,,,,,,,,,,8
1394,9789380480749,Love Begins at 40 : A Guide to Starting,$2.51,,,,,,,,,Hay House UK Ltd,,,,,,,,,,,8
1396,9789380480565,The Mindful Manifesto : How Doing Less And Noticing More Can Help Us Thrive In A Stressed-Out World,$2.51,,,,,,,,,Hay House UK Ltd,,,,,,,,,,,8
1584,9780857070883,Buffy the Vampire Slayer #3,$2.51,,,,,,,,,Simon & Schuster,,,,,,,,,,,4
1625,9789381431658,Through Indigo's Eyes: A Novel,$2.51,,,,,,,,,Hay House Vision,,,,,,,,,,,3
1664,9781447217749,Tell Me a Story,$2.51,,,,,,,,,Picador,,,,,,,,,,,3
2020,9789386832009,"Child Of The Dawn: A Magical Journey Of Awakening [Paperback] Gautama Chopra, Deepak Chopra",$2.51,,,,,,,,,Diane Pub Co,,,,,,,,,,,1
2473,9789354714849,A TRUE BOOK: STARS,$2.51,,,,,,,,,(unknown),,,,,,,,,,,
2759,9780143454762,INDIA''S MOST FEARLESS 2 -SUN,$2.51,,,,,,,,,(unknown),,,,,,,,,,,
451,9789351030140,103 Everyday Inventions Discoveries Creations And Stuff,$2.48,,,,,,,,,Scholastic,,,,,,,,,,,72
509,9789352751433,THE WISH LIST#01: WORST FAIRY GODMOTHER EVER! [Paperback] Sarah Aronson,$2.48,,,,,,,,,Scholastic,,,,,,,,,,,72
616,9788189988838,Lovescopes,$2.48,,,,,,,,,Hay House,,,,,,,,,,,50
1227,9788172344030,GRE Math Prep Course,$2.48,,,,,,,,,PRAKASH BOOKS,,,,,,,,,,,13
1238,9788172344672,Novas Speaking And Writing Strategies For The Toefl Ibt 2014,$2.48,,,,,,,,,PRAKASH BOOKS,,,,,,,,,,,13
1806,9788184772746,CHILDREN OF THE LAMP#05 THE EYE OF THE FOREST,$2.48,,,,,,,,,Orchard Books,,,,,,,,,,,2
1831,9789352756742,Lost #3: Lost in the Amazon- A Battle for Survival in the Heart of the Rainforest,$2.48,,,,,,,,,Scholastic US,,,,,,,,,,,2
2071,9789386313362,"Scholastic Teen Voice: Surviving Divorce: Teens Talk About What Hurts And What Helps [Paperback] [Jan 01, 2017] NA",$2.48,,,,,,,,,Franklin Watts,,,,,,,,,,,1
2534,9788184772296,Barmy British Empire (Horrible Histories),$2.48,,,,,,,,,(unknown),,,,,,,,,,,
2899,9788172343507,Novas GRE Math Prep Course 2011 edition,$2.48,,,,,,,,,(unknown),,,,,,,,,,,
2900,9788172343828,Novas Gmat Math Prep Course 2012,$2.48,,,,,,,,,(unknown),,,,,,,,,,,
3053,9788172345051,Speaking And Writing Strategies For The Toefl Ibt - 2015 (With Cd),$2.48,,,,,,,,,(unknown),,,,,,,,,,,
558,9788186877630,Objective Biology For PMT,$2.46,,,,,,,,,Ramesh Publishing House,,,,,,,,,,,66
30,9788125030263,Golden Gate Reader 2,$2.40,,,,,,,,,Orient BlackSwan,,,,,,,,,,,155
57,9788125021544,Julius Caesar (for ICSE),$2.40,,,,,,,,,Orient BlackSwan,,,,,,,,,,,155
547,9788178120935,General Knowledge Encyclopaedia (Hindi),$2.40,,,,,,,,,Ramesh Publishing House,,,,,,,,,,,66
785,9788178557595,20 Sample Papers in Business Studies Class XII,$2.40,,,,,,,,,Arya Publishing Company,,,,,,,,,,,33
790,9788182962941,Activities in Mathematics ICSE (Including Projects) Class- X,$2.40,,,,,,,,,Arya Publishing Company,,,,,,,,,,,33
934,9788121932677,Applied Engineering Mathematics,$2.40,,,,,,,,,S Chand Publishing,,,,,,,,,,,25
1193,9788122205305,Power to Grow Beyond Yourself,$2.40,,,,,,,,,Orient Paperbacks,,,,,,,,,,,14
1757,9789348960641,SACRED RHYTHMS - THE SCIENCE AND ASTRONOMY BEHIND HINDU FESTIVALS,$2.40,,,,,,,,,Ghanikhama,,,,,,,,,,,2
1835,9788194363293,The Night of Horror,$2.40,,,,,,,,,Self Published,,,,,,,,,,,2
2156,9788186470275,A Blighted Flower and Other Stories,$2.40,,,,,,,,,Library of Tibetan Works & Archives,,,,,,,,,,,1
2265,9788193994801,Amrutha Kalasam - Telugu Novel,$2.40,,,,,,,,,Quality Publishers,,,,,,,,,,,1
2297,9788190120081,"The Walking Shiva of Varanasi ; Life, Legends and Teachings of Trailingaswami",$2.40,,,,,,,,,Richa Prakashan,,,,,,,,,,,1
2361,9788182883376,Bhagvan Sri Ramana Maharshi(Malayalam),$2.40,,,,,,,,,Sri Ramakrishanasram,,,,,,,,,,,1
2489,9788169742016,ABACUS: Theory and Practical VOLUME II The Complete Question Workbook (Level 0 to Level 8) With Answer Keys),$2.40,,,,,,,,,(unknown),,,,,,,,,,,
2808,9788170552758,Lauta Hai Vijayta,$2.40,,,,,,,,,(unknown),,,,,,,,,,,
2810,9788173029233,Law In Everyday Life Book 1,$2.40,,,,,,,,,(unknown),,,,,,,,,,,
2811,9788124603512,Le dialogue divin : La Bhagavad gîtâ en versets français,$2.40,,,,,,,,,(unknown),,,,,,,,,,,
2892,9789361038570,New Oxford Modern English Teachers Resource Pack 8,$2.40,,,,,,,,,(unknown),,,,,,,,,,,
2982,9789356182899,Rachna Sagar Together With CUET Entrance Exam Books 2022 History For UG Central University (Solved Question Bank With Sample Paper Section 2) Based on Latest Pattern,$2.40,,,,,,,,,(unknown),,,,,,,,,,,
2983,9789356181144,Rachna Sagar Together With NTA CUET Entrance Exam Books 2022 Chemistry For UG Central University (Solved Question Bank With Sample Paper Section 2) Based on Latest Pattern,$2.40,,,,,,,,,(unknown),,,,,,,,,,,
2997,9788181820501,Ritu ragini,$2.40,,,,,,,,,(unknown),,,,,,,,,,,
3193,9788170554417,Tumheṃ jānā hai mainne (Hindi Edition),$2.40,,,,,,,,,(unknown),,,,,,,,,,,
3206,9788170557647,Us Paar,$2.40,,,,,,,,,(unknown),,,,,,,,,,,
3210,9788170552444,Vāk gaṅgā (Hindi Edition),$2.40,,,,,,,,,(unknown),,,,,,,,,,,
29,9788125030256,Golden Gate Reader 1,$2.34,,,,,,,,,Orient BlackSwan,,,,,,,,,,,155
533,9788186877210,Career & Opportunities After 10+2,$2.34,,,,,,,,,Ramesh Publishing House,,,,,,,,,,,66
2398,9788174766960,Saturn: Maladies and Remedies,$2.34,,,,,,,,,UBS PUBLISHERS' DISTRIBUTORS (P) LT,,,,,,,,,,,1
493,9789386106476,"Ramayan in Rhyme [Hardcover] [Jan 01, 2016] NA",$2.31,,,,,,,,,Scholastic,,,,,,,,,,,72
634,9789380480190,The Miracles of Archangel Michael,$2.31,,,,,,,,,Hay House,,,,,,,,,,,50
915,9780143065043,Muskoka Maharani,$2.31,,,,,,,,,Penguin,,,,,,,,,,,28
3,9788125042099,A Lesson for My Teacher,$2.28,,,,,,,,,Orient BlackSwan,,,,,,,,,,,155
37,9788125008019,Govind: A novel,$2.28,,,,,,,,,Orient BlackSwan,,,,,,,,,,,155
74,9788125010814,Mist : Creature of darkness,$2.28,,,,,,,,,Orient BlackSwan,,,,,,,,,,,155
150,9788125002635,The sandal trees and other stories,$2.28,,,,,,,,,Orient BlackSwan,,,,,,,,,,,155
487,9789351034490,"My Book Of Yoga [Paperback] [Jun 15, 2016] IRA TRIVEDI",$2.28,,,,,,,,,Scholastic,,,,,,,,,,,72
583,9788178120829,UGC-NET (Paper-I) 50 Practice Test Papers (Solved) (Hindi),$2.28,,,,,,,,,Ramesh Publishing House,,,,,,,,,,,66
686,9788121611343,Dukh Nirodh,$2.28,,,,,,,,,Hind Pocket Books,,,,,,,,,,,37
688,9788121619752,Fakir Abhi Safar Baki Hai,$2.28,,,,,,,,,Hind Pocket Books,,,,,,,,,,,37
691,9788121604598,"Himalaya Ke Yogion ki Gupt Siddhiya (Hindi, Paperback)",$2.28,,,,,,,,,Hind Pocket Books,,,,,,,,,,,37
701,9788121618694,"Prem Ke Phool: Vibhin Mitron V Premiyon Ko Osho Dwara Likhe Gaye 150 Amrit Patron Ka Sankalan [Paperback] [Sep 01, 2013] Osho",$2.28,,,,,,,,,Hind Pocket Books,,,,,,,,,,,37
703,9788121605342,Rahasyamaye Agyat Tantro Ki Khoj Main,$2.28,,,,,,,,,Hind Pocket Books,,,,,,,,,,,37
707,9788121616539,Tantra - Sarvoch Samajh: Tiloopa - Vani Par Pravachan,$2.28,,,,,,,,,Hind Pocket Books,,,,,,,,,,,37
708,9788121600453,Tantra : Gopniya Rahasyamayi Sidhiya,$2.28,,,,,,,,,Hind Pocket Books,,,,,,,,,,,37
817,9788182960268,सावरकर ज्ञात आणि अज्ञात: Savarkar Known and Unknown (Marathi),$2.28,,,,,,,,,Arya Publishing Company,,,,,,,,,,,33
852,9789380644554,"Academic Mathematics Term-I IX [Paperback] [Jan 01, 2011] R. K. Bansal",$2.28,,,,,,,,,Laxmi Publications,,,,,,,,,,,29
862,9788131808016,Comprehensive Math Lab (Hindi Medium): Experiment And Workbook X,$2.28,,,,,,,,,Laxmi Publications,,,,,,,,,,,29
872,9788131809020,"T09-8648-175-COMP. CCE QB MATHS T-II IX [Paperback] [Jan 01, 2017] Books Wagon",$2.28,,,,,,,,,Laxmi Publications,,,,,,,,,,,29
950,9789352532087,Self-Practice Book for Science for Ninth Class Part-1 PHYSICS,$2.28,,,,,,,,,S Chand Publishing,,,,,,,,,,,25
953,9789325983380,Strength of Materials (For Polytechnic Students),$2.28,,,,,,,,,S Chand Publishing,,,,,,,,,,,25
954,9788121936613,The Path To English Reader Book-0B,$2.28,,,,,,,,,S Chand Publishing,,,,,,,,,,,25
1031,9789388537377,Happy Learning Pullout Worksheets Environmental Studies for Class 1 [Paperback] Rachna Sagar,$2.28,,,,,,,,,Rachna Sagar,,,,,,,,,,,20
1032,9789388537384,Happy Learning Pullout Worksheets Environmental Studies for Class 2,$2.28,,,,,,,,,Rachna Sagar,,,,,,,,,,,20
1073,9789351101246,Ethernet Switches: Introduction to Network Design,$2.28,,,,,,,,,Shroff/O'Reilly,,,,,,,,,,,20
1079,9789350235218,Planning & Managing Drupal Projects,$2.28,,,,,,,,,Shroff/O'Reilly,,,,,,,,,,,20
1119,9789352137671,One Minute Frontline Employee Training Manager,$2.28,,,,,,,,,Shroff,,,,,,,,,,,19
1123,9789352135783,Rest Principles,$2.28,,,,,,,,,Shroff,,,,,,,,,,,19
1250,9788170944478,The Basics of Bonds,$2.28,,,,,,,,,Vision Books,,,,,,,,,,,13
1258,9789385929175,Current Affairs Yearly 2016,$2.28,,,,,,,,,Arihant Publication,,,,,,,,,,,12
1365,9788183320733,Spelling Success 2,$2.28,,,,,,,,,Ratna Sagar P. Ltd.,,,,,,,,,,,9
1610,9788131916056,Social History of Orissa in 19th Century,$2.28,,,,,,,,,B Jain Publishers Pvt Ltd,,,,,,,,,,,3
1646,9788122205916,Urdu Gazalein,$2.28,,,,,,,,,Orient Publishing,,,,,,,,,,,3
1748,9788176212328,Buddha,$2.28,,,,,,,,,Full Circle Publishing,,,,,,,,,,,2
1858,9788173713217,Getting a Better Job,$2.28,,,,,,,,,Universities Press,,,,,,,,,,,2
2008,9788122611175,kannikoythu,$2.28,,,,,,,,,Current books thrissur,,,,,,,,,,,1
2095,9789384416201,The ABC Murders,$2.28,,,,,,,,,Harper Collins,,,,,,,,,,,1
2288,9788190000215,Simplified Applied Art: Reference Book on Human Anatomy and Lettering in English and Hindi for Young Commercial Artists,$2.28,,,,,,,,,Rekha Prakashan,,,,,,,,,,,1
2405,9788171205172,The Story of an Epoch: Swami Virajananda and His Times,$2.28,,,,,,,,,Vedanta Pr,,,,,,,,,,,1
2445,9788195353224,"Hatha Yoga Simplified, Classic Yoga Series Book by Shri Yogendra, The Yoga Institute",$2.28,,,,,,,,,The Yoga Institute,,,,,,,,,,,1
2454,9789386179609,15 Sample Question Papers: CBSE English Core Class 12 (2017 Exam),$2.28,,,,,,,,,(unknown),,,,,,,,,,,
3031,9789384028336,Secrets of a Splintered Friend,$2.28,,,,,,,,,(unknown),,,,,,,,,,,
3207,9780871717405,"VIW-M-2006, Visual Inspection Workshop Reference Manual",$2.28,,,,,,,,,(unknown),,,,,,,,,,,
2563,9789373740669,CBSE MCQ BOOKLET CLASS 7 2026,$2.22,,,,,,,,,(unknown),,,,,,,,,,,
2564,9789373745893,CBSE MCQ BOOKLET CLASS 8 2026,$2.22,,,,,,,,,(unknown),,,,,,,,,,,
2055,9789350637609,Evergreen 100% Success SQP in English Language and Literature (Class 10),$2.17,,,,,,,,,Evergreen Publications (India) Limited,,,,,,,,,,,1
56,9788125002734,Indian English Poetry Since 1950 : An Anthology,$2.16,,,,,,,,,Orient BlackSwan,,,,,,,,,,,155
575,9789350123201,"SSB: Constable (Tradesmen) Exam Guide [Paperback] [Jan 01, 2017] RPH Editorial Board",$2.16,,,,,,,,,Ramesh Publishing House,,,,,,,,,,,66
819,9781423472971,A KID'S LIFE -PARTITION+PARTIES+CD,$2.16,,,,,,,,,Hal Leonard Corporation,,,,,,,,,,,29
936,9788121918602,"COMPOSITE MATHEMATICS - PRE PRIMER [Perfect Paperback] [Jan 01, 2009] R. S. AGGARWAL, VIKAS AGGARWAL",$2.16,,,,,,,,,S Chand Publishing,,,,,,,,,,,25
955,9788121936712,The Path To English Work Book-0B,$2.16,,,,,,,,,S Chand Publishing,,,,,,,,,,,25
971,9788188717118,Pakka Irada,$2.16,,,,,,,,,Vani Prakashan,,,,,,,,,,,24
1024,9788194777250,Sri Sai Gyaneshwari,$2.16,,,,,,,,,STERLING PRESS PVT LTD,,,,,,,,,,,22
1176,9789384028695,My Conviction and Confession [Paperback] Sudhanshu Sekhar Mishra,$2.16,,,,,,,,,Omji Publishing House Pvt. Ltd.,,,,,,,,,,,14
1195,9788122205909,Urdu Shayari (Hindi Edition),$2.16,,,,,,,,,Orient Paperbacks,,,,,,,,,,,14
1382,9788175972445,Yoga Vasistha Sara Sangrahah,$2.16,,,,,,,,,Chinmaya Prakashan,,,,,,,,,,,8
1562,9781009231428,Shining Lights Level 5 Teacher's Book with Digital Pack,$2.16,,,,,,,,,Cambridge University Press and Assessment,,,,,,,,,,,4
1602,9788125040293,An Apology for Poetry,$2.16,,,,,,,,,Anmol Publications Pvt Ltd,,,,,,,,,,,3
1754,9788170166153,10 Pratinidhi Kahaniya Hindi (Hindi Edition),$2.16,,,,,,,,,Generic,,,,,,,,,,,2
1932,9788131931226,Percibiendo Rubros De La Menet (2Nd Revisada Edicion),$2.16,,,,,,,,,B. Jain Espanol,,,,,,,,,,,1
2166,9788188629114,The Jats,$2.16,,,,,,,,,Low Price Publications,,,,,,,,,,,1
2274,9788187332190,A Dictionary of Advaita Vedanta,$2.16,,,,,,,,,Ramakrishna Mission Institute of Culture,,,,,,,,,,,1
2279,9789381511893,Abdul: The Autobiography of a Terrorist,$2.16,,,,,,,,,Readworthy Publications,,,,,,,,,,,1
1144,9788123917382,"Cbs Nuclear Medicine & Radiotherapy, 2/E:Entrance Examination (Including Radiophysics)",$2.14,,,,,,,,,CBS,,,,,,,,,,,15
1616,9789388178686,Second Year Mbbs Unsolved 2007 To 2018 Subject Wise Exam Wise Approach 2Ed (Pb 2018),$2.14,,,,,,,,,CBS (PGMEE),,,,,,,,,,,3
1726,9788123928081,"Procedure Manual For Midwifery (Pb - 2016) [Paperback] [Jan 01, 2016]",$2.14,,,,,,,,,CBS NURSING,,,,,,,,,,,2
456,9789351038726,Axxiss And The Magic Medallions [Paperback] TIM MURARI,$2.10,,,,,,,,,Scholastic,,,,,,,,,,,72
457,9789386313621,Axxiss Trilogy #03: Axxiss and the Parallel Universe,$2.10,,,,,,,,,Scholastic,,,,,,,,,,,72
479,9789351039020,Jamie Johnson: Golden Goal,$2.10,,,,,,,,,Scholastic,,,,,,,,,,,72
486,9789386313133,Moving Target,$2.10,,,,,,,,,Scholastic,,,,,,,,,,,72
497,9788184776843,Scholastic India Aadhi Raat Ka Houa (Goosebumps) [Paperback],$2.10,,,,,,,,,Scholastic,,,,,,,,,,,72
506,9789352750504,Susie DentS Weird Words [Paperback] NA,$2.10,,,,,,,,,Scholastic,,,,,,,,,,,72
507,9789351036425,THE HAUNTED MUSEUM #1: THE TITANIC LOCKET [Paperback] Scholastic,$2.10,,,,,,,,,Scholastic,,,,,,,,,,,72
510,9789386106537,Tales of Love and Adventure,$2.10,,,,,,,,,Scholastic,,,,,,,,,,,72
594,9789385827228,Being in Balance: 9 Principles for Creating Habits to Match Your Desires,$2.10,,,,,,,,,Hay House,,,,,,,,,,,50
614,9788189988470,Lighten Up! :the Authentic And Fun Way,$2.10,,,,,,,,,Hay House,,,,,,,,,,,50
926,9780670912360,The hottest day of the year,$2.10,,,,,,,,,Penguin,,,,,,,,,,,28
1432,9780330509572,The Daily Telegraph Cryptic Crossword Book (63),$2.10,,,,,,,,,Pan,,,,,,,,,,,7
1434,9780330525855,The Daily Telegraph Cryptic Crosswords 66,$2.10,,,,,,,,,Pan,,,,,,,,,,,7
1663,9780330438766,PATNA ROUGHCUT.,$2.10,,,,,,,,,Picador,,,,,,,,,,,3
1819,9788184774818,Possessed,$2.10,,,,,,,,,Point,,,,,,,,,,,2
1951,9788119369997,Think and Grow Rich + The Power of Your Subconscious Mind : PACK OF 2 BOOKS,$2.10,,,,,,,,,Blackboat Publication,,,,,,,,,,,1
2027,9780241014844,FIND IT DELHI,$2.10,,,,,,,,,DORLING KINDERSLEY,,,,,,,,,,,1
2257,9788195134229,Are all endings good?,$2.10,,,,,,,,,Profoundwriters Publishing,,,,,,,,,,,1
2319,9789352755660,Haunted: Kill Screen [Paperback] Joel A Sutherland,$2.10,,,,,,,,,Scholastic Canada,,,,,,,,,,,1
2562,9789373742793,CBSE MCQ BOOKLET CLASS 6 2026,$2.10,,,,,,,,,(unknown),,,,,,,,,,,
2612,9788178122779,Csir - Ugc Net: Chemical Sciences Previous Papers (Solved) And 25 Practice Sets,$2.10,,,,,,,,,(unknown),,,,,,,,,,,
3095,9788184777048,THE VAMPIRE STALKER,$2.10,,,,,,,,,(unknown),,,,,,,,,,,
3152,9780143301219,The Really Really Epic Mini Bike Ride (Aussie Chomps),$2.10,,,,,,,,,(unknown),,,,,,,,,,,
1429,9780330412100,The 'Daily Telegraph' Big Book of Cryptic Crosswords,$2.06,,,,,,,,,Pan,,,,,,,,,,,7
110,9788125015437,Painting the house: Poems,$2.04,,,,,,,,,Orient BlackSwan,,,,,,,,,,,155
454,9789810799489,A Jigsaw Jones Mystery#15 The Case Of The Haunted Scarecrow,$2.04,,,,,,,,,Scholastic,,,,,,,,,,,72
469,9789351038610,"Fabulous Folk Art [Paperback] [Jan 01, 2015] NA",$2.04,,,,,,,,,Scholastic,,,,,,,,,,,72
516,9788184777598,There's a Ghost in My PC [Paperback],$2.04,,,,,,,,,Scholastic,,,,,,,,,,,72
532,9788186877302,CSIR - UGC NET JRF and Eligibility for Lectureship in Sciences - Paper I Part A Guide (Popular Master Guide),$2.04,,,,,,,,,Ramesh Publishing House,,,,,,,,,,,66
677,9788121617642,ADH KHILA PHOOL (Hindi),$2.04,,,,,,,,,Hind Pocket Books,,,,,,,,,,,37
678,9788121618670,Aakhiri Saans Tak,$2.04,,,,,,,,,Hind Pocket Books,,,,,,,,,,,37
680,9788121615112,Amrita Pritam Ki Yadgar Kahaniyan,$2.04,,,,,,,,,Hind Pocket Books,,,,,,,,,,,37
683,9788121619738,Bhagwan Tirupati: Balaji Ke Pawan Dham Ka Darshan Jankariyon Sahit,$2.04,,,,,,,,,Hind Pocket Books,,,,,,,,,,,37
684,9788121618229,Bhajgovindam Mudmate: Aao Dekhein Laut Kar Ek Baar Aadi Shankaraachaary Kritya,$2.04,,,,,,,,,Hind Pocket Books,,,,,,,,,,,37
702,9788121615808,"Raat Gavah He [Paperback] [Jan 01, 2010] Kishwar Desai",$2.04,,,,,,,,,Hind Pocket Books,,,,,,,,,,,37
706,9788121619578,"Sanjeev Ki Yaadgari Kahaniyan [Paperback] [Jan 01, 2017] Sanjeev [Paperback] [Jan 01, 2017] Sanjeev",$2.04,,,,,,,,,Hind Pocket Books,,,,,,,,,,,37
781,9788126561988,"Wiley's Environmental Studies (EVS) Exam Goalpost for CTET and TETs, Paper-I, Class I-V",$2.04,,,,,,,,,Wiley,,,,,,,,,,,35
873,9788131808962,"T10-8760-150-COMP. CCE QB MATHS T-II X [Paperback] [Jan 01, 2017] Books Wagon",$2.04,,,,,,,,,Laxmi Publications,,,,,,,,,,,29
875,9788131808207,eXam-kit in English XII (Core),$2.04,,,,,,,,,Laxmi Publications,,,,,,,,,,,29
945,9788121911979,New English Today Primer Book-B,$2.04,,,,,,,,,S Chand Publishing,,,,,,,,,,,25
1005,9788120798663,A Treasury of Best-Loved Tales,$2.04,,,,,,,,,STERLING PRESS PVT LTD,,,,,,,,,,,22
1021,9788120728028,Sai Sharan Me,$2.04,,,,,,,,,STERLING PRESS PVT LTD,,,,,,,,,,,22
1025,9788120775237,The Miracle of forgiving,$2.04,,,,,,,,,STERLING PRESS PVT LTD,,,,,,,,,,,22
1116,9789351101062,I am a Miracle Being,$2.04,,,,,,,,,Shroff,,,,,,,,,,,19
1173,9789384028305,Every Heart Has Something to Say,$2.04,,,,,,,,,Omji Publishing House Pvt. Ltd.,,,,,,,,,,,14
1174,9788192851822,I Love the Way You Love Me,$2.04,,,,,,,,,Omji Publishing House Pvt. Ltd.,,,,,,,,,,,14
1175,9789384028459,Miles Apart,$2.04,,,,,,,,,Omji Publishing House Pvt. Ltd.,,,,,,,,,,,14
1183,9788192851877,"You, Me and Zindagi",$2.04,,,,,,,,,Omji Publishing House Pvt. Ltd.,,,,,,,,,,,14
1242,9788170948742,Counting Your Blessings: Inspiring Ways To Cope With Old Age (Hindi Edition),$2.04,,,,,,,,,Vision Books,,,,,,,,,,,13
1252,9789350945995,15 Practice Sets CTET Paper-II Central Teacher Eligibility Test Paper II Maths & Science Teacher Selection for Class VI-VIII,$2.04,,,,,,,,,Arihant Publication,,,,,,,,,,,12
1297,9788120798687,Tell me a Story,$2.04,,,,,,,,,Audible Studios on Brilliance audio,,,,,,,,,,,11
1402,9788121613903,"Kamleshwar Ki Yaadgari Kahaniya [Paperback] [Jan 01, 2017] Yaadgari Series",$2.04,,,,,,,,,HPB/FC,,,,,,,,,,,8
1415,9788170521792,An Insight Into Yoga,$2.04,,,,,,,,,The Divine Life Society,,,,,,,,,,,7
1468,9788172763046,The Bhagvad Gita,$2.04,,,,,,,,,Bharatiya Vidya Bhavan,,,,,,,,,,,6
1499,9788188569366,Aadhyatmic Guru: Sai Baba (Marathi),$2.04,,,,,,,,,Indus Source Books,,,,,,,,,,,5
1500,9788188569397,Dakshin Bhashetil Ramayan,$2.04,,,,,,,,,Indus Source Books,,,,,,,,,,,5
1519,9788122304343,Instant Hand Writing Analysis: A Key to Personal Success,$2.04,,,,,,,,,Pustak Mahal,,,,,,,,,,,5
1536,9789351038641,India Facinating And Fun Facts,$2.04,,,,,,,,,Schoalstic,,,,,,,,,,,5
1591,9789325974203,Development of Life Skills and Professional Practice (WBSCTE),$2.04,,,,,,,,,Vikas Publishing House,,,,,,,,,,,4
1597,9789386224866,Elloridamum Oru Kadhai: Everyone Has A Story - Tamil (Tamil Edition),$2.04,,,,,,,,,Westland/Mysticswrite,,,,,,,,,,,4
1667,9788122313871,Wedding With English,$2.04,,,,,,,,,Pustak Mahal - New Delhi,,,,,,,,,,,3
1719,9788176935982,The Broken Flute (Fiction),$2.04,,,,,,,,,Bpi (India) Pvt Ltd.,,,,,,,,,,,2
1946,9788183910132,"Bhagwan Buddha (pb) [Paperback] [Jan 01, 2012]",$2.04,,,,,,,,,Bharatiya Kala Prakashan,,,,,,,,,,,1
1953,9788184779936,GO FACTS: OUR FUTURE IN SPACE,$2.04,,,,,,,,,Blake Education,,,,,,,,,,,1
2075,9788183552165,"Elementry Algebra for School [Paperback] [Jan 01, 2017] GKP",$2.04,,,,,,,,,G K PUBLISHERS PVT. LTD.-NOIDA,,,,,,,,,,,1
2092,9789385194443,Dig Into The Bible,$2.04,,,,,,,,,GS Media,,,,,,,,,,,1
2101,9788121615143,"Mrityu Ke Bad Kya, Kahan, Kaise?",$2.04,,,,,,,,,Hindi Book Centre,,,,,,,,,,,1
2190,9788125048084,NAMPALLY ROAD (REVISED EDITION),$2.04,,,,,,,,,Mercury House,,,,,,,,,,,1
2234,9788188121274,Rahiman Dhaaga Prem Ka,$2.04,,,,,,,,,Parmeshwari Prakashan,,,,,,,,,,,1
2271,9788121613996,Mohan Rakesh Ki Yaadgari Kahaniyan PB (Hindi),$2.04,,,,,,,,,Rajpal & Sons (Rajpal Publishing),,,,,,,,,,,1
2384,9788186017012,Manik Bandyopadhyaya: Selected Stories,$2.04,,,,,,,,,Thema Books,,,,,,,,,,,1
2691,9788122308815,Freedom From Thought (Sei),$2.04,,,,,,,,,(unknown),,,,,,,,,,,
2707,9781647331993,Going Back Home : A Collection of Haiku Poetry,$2.04,,,,,,,,,(unknown),,,,,,,,,,,
2816,9788120798496,Let'S Create Wit Clay,$2.04,,,,,,,,,(unknown),,,,,,,,,,,
2817,9788120798489,Let'S Create With Plastic,$2.04,,,,,,,,,(unknown),,,,,,,,,,,
2863,9789381626573,"Meri Shaadi Ke Side Effects [Paperback] [Jan 01, 2012] BALAN JUDY (Hindi Edition)",$2.04,,,,,,,,,(unknown),,,,,,,,,,,
2979,9788184041989,RELATIONAL DATABASE DICTIONARY,$2.04,,,,,,,,,(unknown),,,,,,,,,,,
2990,9788131225196,Recent PGMEE Solution series- All India Jan -2010,$2.04,,,,,,,,,(unknown),,,,,,,,,,,
1473,9788177228595,WILEY Coreldraw X4 In Simple Steps,$2.03,,,,,,,,,Dreamtech Press,,,,,,,,,,,6
2328,9781569570609,"Mindfulness on the Go [Paperback] CHOZEN BAYS, JAN",$2.03,,,,,,,,,Shambhala,,,,,,,,,,,1
1051,9788129108258,Aranyani : The Courtesan's Lament ; A Romance of Ancient India,$1.99,,,,,,,,,Rupa,,,,,,,,,,,20
1058,9788129101983,Mrinal Sen: The Survivor (Rupa Charitavali S.),$1.99,,,,,,,,,Rupa,,,,,,,,,,,20
1061,9788129118752,Silhouettes Unravelled,$1.99,,,,,,,,,Rupa,,,,,,,,,,,20
1065,9788129104588,Through the Closed Doorway,$1.99,,,,,,,,,Rupa,,,,,,,,,,,20
1066,9788129115980,Too Much Trouble & Ruskin Bonds Himalayan Tales (2-in-1),$1.99,,,,,,,,,Rupa,,,,,,,,,,,20
1322,9788181475459,Diet Management,$1.99,,,,,,,,,Elsevier,,,,,,,,,,,10
2461,9789353527228,50 INSPIRATIONAL SPEECHES - HINDI,$1.99,,,,,,,,,(unknown),,,,,,,,,,,
2469,9789353524753,A MUSSOORIE MYSTERY,$1.99,,,,,,,,,(unknown),,,,,,,,,,,
2505,9789353521134,Adventure In Reading Hindi,$1.99,,,,,,,,,(unknown),,,,,,,,,,,
2652,9789353529123,EMPOWER YOUR CONFIDENCE,$1.99,,,,,,,,,(unknown),,,,,,,,,,,
3033,9789353520656,Selected Stories By Anton Chekhov,$1.99,,,,,,,,,(unknown),,,,,,,,,,,
3034,9788129113702,"Sepia Leaves [May 01, 2008] Sandhu, Amandeep",$1.99,,,,,,,,,(unknown),,,,,,,,,,,
3143,9789361560514,The Mind Games Of Money Why We Spend The Way We Do,$1.99,,,,,,,,,(unknown),,,,,,,,,,,
3173,9789353525880,The White Tiger And Other Stories (hindi),$1.99,,,,,,,,,(unknown),,,,,,,,,,,
3234,9789353529468,You Can (hindi),$1.99,,,,,,,,,(unknown),,,,,,,,,,,
578,9788178121901,Spoken & Communicative English: A Full Fledge English Grammar,$1.98,,,,,,,,,Ramesh Publishing House,,,,,,,,,,,66
1784,9788183221504,(ATMAVISHWAS) (Hindi Edition),$1.98,,,,,,,,,Manjul Publishing House,,,,,,,,,,,2
1834,9781637543061,21 Days Manifestation Challenge: Through Scripting,$1.98,,,,,,,,,Self Published,,,,,,,,,,,2
11,9788125037040,Dispelling the Silence: Stories from the Commonwealth Countries,$1.92,,,,,,,,,Orient BlackSwan,,,,,,,,,,,155
66,9788125035411,Maiboli Marathi Shikuya: Book A,$1.92,,,,,,,,,Orient BlackSwan,,,,,,,,,,,155
67,9788125035428,Maiboli Marathi Shikuya: Book B,$1.92,,,,,,,,,Orient BlackSwan,,,,,,,,,,,155
543,9788178120690,English Improvement Course,$1.92,,,,,,,,,Ramesh Publishing House,,,,,,,,,,,66
834,9781423476009,JOUST! -PARTITION+PARTIES+CD,$1.92,,,,,,,,,Hal Leonard Corporation,,,,,,,,,,,29
895,9788121921862,S.Chand Concise General Knowledge with Current Affairs,$1.92,,,,,,,,,S.Chand (G/L) & Company Ltd,,,,,,,,,,,29
1170,9789384028350,By the Mountains,$1.92,,,,,,,,,Omji Publishing House Pvt. Ltd.,,,,,,,,,,,14
1171,9789384028411,Casket of Stories,$1.92,,,,,,,,,Omji Publishing House Pvt. Ltd.,,,,,,,,,,,14
1172,9789384028374,Confess it Because Sometimes There is No Tomorrow,$1.92,,,,,,,,,Omji Publishing House Pvt. Ltd.,,,,,,,,,,,14
1180,9788192851884,The Angel Love And My Broken Promises,$1.92,,,,,,,,,Omji Publishing House Pvt. Ltd.,,,,,,,,,,,14
1181,9788192851846,Unsung Words,$1.92,,,,,,,,,Omji Publishing House Pvt. Ltd.,,,,,,,,,,,14
1182,9789384028251,Winter Shall Fade,$1.92,,,,,,,,,Omji Publishing House Pvt. Ltd.,,,,,,,,,,,14
1199,9780861319497,A Journey on Bare Feet (English and Punjabi Edition),$1.92,,,,,,,,,Sangam Books,,,,,,,,,,,14
1241,9788170947998,Business Mein Unnati Ke 134 Gur Mantra,$1.92,,,,,,,,,Vision Books,,,,,,,,,,,13
1248,9788170948292,"Saphalta Ka Aadhar Aapka Vyvhaar [Paperback] [Jan 01, 2008] ????????? (Parkinson)",$1.92,,,,,,,,,Vision Books,,,,,,,,,,,13
1253,9789311126630,20 Practice Sets - Indian Air Force Airman Group X (Technical Trades),$1.92,,,,,,,,,Arihant Publication,,,,,,,,,,,12
1648,9788125016915,Illustrated Light On Yoga,$1.92,,,,,,,,,Orient Longman,,,,,,,,,,,3
2453,9788122308877,101 Magic Tricks,$1.92,,,,,,,,,(unknown),,,,,,,,,,,
2561,9789373745107,CBSE MCQ BOOKLET CLASS 5 2026,$1.92,,,,,,,,,(unknown),,,,,,,,,,,
2847,9788126316168,Mahadevi : Pratinidhi Kavitaen,$1.92,,,,,,,,,(unknown),,,,,,,,,,,
1150,9788123900698,"Principles Of Transistor Circuits, 7E",$1.89,,,,,,,,,CBS,,,,,,,,,,,15
1398,9789380480541,You Know More Than you Think,$1.89,,,,,,,,,Hay House UK Ltd,,,,,,,,,,,8
1789,9789351030874,Wimpy Vampire Strikes Back,$1.89,,,,,,,,,Michael O'Mara,,,,,,,,,,,2
98,9788125033578,On Course Guided English for the Classroom - Book 8,$1.86,,,,,,,,,Orient BlackSwan,,,,,,,,,,,155
527,9788178121222,CBSE-AIPMT (All India Pre-Medical/Pre-Dental) Entrance Exam: Previous Years' Papers (Solved),$1.86,,,,,,,,,Ramesh Publishing House,,,,,,,,,,,66
1924,9789370025516,Unplanned Love: A Resume That Started It All: When a piece of paper turned into the beginning of forever.,$1.86,,,,,,,,,Astitva Prakashan,,,,,,,,,,,1
1940,9788199210394,Her 4 AM Love Story,$1.86,,,,,,,,,Beetroot Books,,,,,,,,,,,1
2310,9788126005864,Agni Sakshi in Tamil (Novel),$1.86,,,,,,,,,"SAHITYA AKADEMI, DELHI",,,,,,,,,,,1
2376,9789387269224,"Chakravyuh [Paperback] [Jan 01, 2017] Jitendra Attra",$1.86,,,,,,,,,Storymirror Info Pvt Ltd,,,,,,,,,,,1
3126,9788195979684,The Elements of Preaching [English] Warren Wiersbe and David Wiersbe,$1.86,,,,,,,,,(unknown),,,,,,,,,,,
1614,9789386310422,AIIMS MAY 2017 3E (PB 2017),$1.81,,,,,,,,,CBS (PGMEE),,,,,,,,,,,3
697,9788121614641,Mridila Garg Ki Yadgar Kahaniyan,$1.80,,,,,,,,,Hind Pocket Books,,,,,,,,,,,37
1167,9788178122298,SSC - Combined Graduate Level Exam Tier-II (Paper-III) Statistics Guide: For Graduate Level Competitive Examinations,$1.80,,,,,,,,,RPH,,,,,,,,,,,15
1405,9788121615891,Si. Bhaskar Rao Ki Yadgaar Kahaniyaan,$1.80,,,,,,,,,HPB/FC,,,,,,,,,,,8
1406,9788121614870,Yaadgaari Kahaniya,$1.80,,,,,,,,,HPB/FC,,,,,,,,,,,8
1488,9788176499309,Basic Business Role Plays,$1.80,,,,,,,,,Viva Books Private Limited,,,,,,,,,,,6
2471,9788123781891,A STORY ABOUT TEA,$1.80,,,,,,,,,(unknown),,,,,,,,,,,
2756,9789373741864,ICSE MCQ BOOKLET CLASS 4 2026,$1.80,,,,,,,,,(unknown),,,,,,,,,,,
3044,9788172299804,Sir V.S Naipaul's Major Travel Writings A Critical Appraisal,$1.80,,,,,,,,,(unknown),,,,,,,,,,,
3205,9788170556978,Urvara pradeśa (Hindi Edition),$1.80,,,,,,,,,(unknown),,,,,,,,,,,
2925,9788123918365,Ophthalmology (CBS Quick Medical Examination Review Series),$1.79,,,,,,,,,(unknown),,,,,,,,,,,
2285,9789387390874,Qalandar,$1.78,,,,,,,,,Redgrab Books,,,,,,,,,,,1
63,9788125035435,Maiboli Marathi Shikuya: Book 1,$1.74,,,,,,,,,Orient BlackSwan,,,,,,,,,,,155
64,9788125035442,Maiboli Marathi Shikuya: Book 2,$1.74,,,,,,,,,Orient BlackSwan,,,,,,,,,,,155
65,9788125035459,Maiboli Marathi Shikuya: Book 3,$1.74,,,,,,,,,Orient BlackSwan,,,,,,,,,,,155
576,9788178122144,Sainik School Adm. Test (VI): Class IV,$1.74,,,,,,,,,Ramesh Publishing House,,,,,,,,,,,66
1939,9788184271133,Sadhu Sunder Singh by Joshua Daniel,$1.74,,,,,,,,,Beautiful Books,,,,,,,,,,,1
2755,9789373744957,ICSE MCQ BOOKLET CLASS 3 2026,$1.74,,,,,,,,,(unknown),,,,,,,,,,,
2829,9789390232222,MATHRUBHUMI PANCHANGAM 2025-2026 (മാതൃഭൂമി പഞ്ചാംഗം 2025 - 2026),$1.74,,,,,,,,,(unknown),,,,,,,,,,,
3241,9789334237078,सीक्रेट टू लिव लॉन्ग हैप्पी लाइफ (Secret To Live Long Happy Life),$1.74,,,,,,,,,(unknown),,,,,,,,,,,
12,9788125022077,ENGLISH CONVERSATION FOR INDIAN STUDENTS,$1.68,,,,,,,,,Orient BlackSwan,,,,,,,,,,,155
19,9788125037446,Enriching Oral And Written Communication In English,$1.68,,,,,,,,,Orient BlackSwan,,,,,,,,,,,155
28,9788125030409,Golden Gate Accuracy Workbook 8,$1.68,,,,,,,,,Orient BlackSwan,,,,,,,,,,,155
73,9788125022503,Mirch Masala - 100 Indian Recipes,$1.68,,,,,,,,,Orient BlackSwan,,,,,,,,,,,155
96,9788125033523,On Course Guided English for the Classroom - Book 3,$1.68,,,,,,,,,Orient BlackSwan,,,,,,,,,,,155
97,9788125033530,On Course Guided English for the Classroom - Book 4,$1.68,,,,,,,,,Orient BlackSwan,,,,,,,,,,,155
111,9788125053606,Praayogik Hindi: Applied Language Course - Hindi,$1.68,,,,,,,,,Orient BlackSwan,,,,,,,,,,,155
459,9788184779721,"BUILD YOUR OWN: HAUNTED HOUSE [Paperback] Sharma, Sunil",$1.68,,,,,,,,,Scholastic,,,,,,,,,,,72
476,9788184775396,I Can Teachers Manual Level-1,$1.68,,,,,,,,,Scholastic,,,,,,,,,,,72
477,9788184775402,I Can Teachers Manual Level-2,$1.68,,,,,,,,,Scholastic,,,,,,,,,,,72
524,9789386298164,Better Letter Writing (Two Colour),$1.68,,,,,,,,,Ramesh Publishing House,,,,,,,,,,,66
531,9788178120751,CBSE: All India Pre-Medical/Pre-Dental Entrance Exam Guide,$1.68,,,,,,,,,Ramesh Publishing House,,,,,,,,,,,66
690,9788121607322,Hara Tota,$1.68,,,,,,,,,Hind Pocket Books,,,,,,,,,,,37
715,9789382618317,Amba and Bhishma,$1.68,,,,,,,,,Westland,,,,,,,,,,,36
730,9789382618294,Ganga and Shantanu,$1.68,,,,,,,,,Westland,,,,,,,,,,,36
742,9789382618300,Satyavati and Shantanu,$1.68,,,,,,,,,Westland,,,,,,,,,,,36
858,9788131809198,"Comprehensive CCE Question Bank in Science (with solutions) Term-I X [Paperback] [Jan 01, 2017] Dr. N. K. Sharma",$1.68,,,,,,,,,Laxmi Publications,,,,,,,,,,,29
885,9788184973341,Inventions and Discoveries (Questions and Answers),$1.68,,,,,,,,,S.Chand (G/L) & Company Ltd,,,,,,,,,,,29
938,9788121931526,Coping with Adolescent's Sexuality,$1.68,,,,,,,,,S Chand Publishing,,,,,,,,,,,25
970,9788170551263,Nayī kavitā (Hindi Edition),$1.68,,,,,,,,,Vani Prakashan,,,,,,,,,,,24
1026,9788120751835,राजर्षी शाहू छत्रपतींचे निवडक आदेश: Selected Orders of Rajarshi Shahu Chhatrapati in Marathi (Vol-2),$1.68,,,,,,,,,STERLING PRESS PVT LTD,,,,,,,,,,,22
1070,9789351100331,Coding with Coda,$1.68,,,,,,,,,Shroff/O'Reilly,,,,,,,,,,,20
1077,9789350238011,Node For Front End Developers,$1.68,,,,,,,,,Shroff/O'Reilly,,,,,,,,,,,20
1113,9788173666643,Essential System Administration Pocket Reference,$1.68,,,,,,,,,Shroff,,,,,,,,,,,19
1134,9781423471295,SANTA'S HOLIDAY PLAYLIST -PARTITION+PARTIES+CD,$1.68,,,,,,,,,"Atlantic Publishers and Distributors (P) Ltd., 7/22, Ansari Road, Darya Ganj, New Delhi - 110002 INDIA, Email – customercare@atlanticbooks.com, Ph – 011-47320500",,,,,,,,,,,15
1178,9789384028299,Singing Soul,$1.68,,,,,,,,,Omji Publishing House Pvt. Ltd.,,,,,,,,,,,14
1217,9789386850638,Ek Rahasya ka Khulasa - A Secret Revealed (Hindi),$1.68,,,,,,,,,Westland/Yatra,,,,,,,,,,,14
1226,9788123727646,Fall (Aadan pradan),$1.68,,,,,,,,,PRAKASH BOOKS,,,,,,,,,,,13
1247,9788170946502,Personal PR and Making a Name for Yourself,$1.68,,,,,,,,,Vision Books,,,,,,,,,,,13
1282,9781423429593,Husa: Concerto for Wind Ensemble,$1.68,,,,,,,,,"G Schirmer, Incorporated",,,,,,,,,,,12
1416,9788170521846,Hindu Gods and Goddesses,$1.68,,,,,,,,,The Divine Life Society,,,,,,,,,,,7
1436,9788178694368,51 Tiffin Recipes Vegetarian,$1.68,,,,,,,,,Snab Publishers,,,,,,,,,,,7
1542,9788184353099,"Little Life, Long Journeys",$1.68,,,,,,,,,Adhyayan Publishers & Distributors,,,,,,,,,,,4
1677,9788190367820,Dhoop Ke Andhere Mein,$1.68,,,,,,,,,Suryastra,,,,,,,,,,,3
1764,9780007831654,Collins Gem School Dictionary,$1.68,,,,,,,,,HarperCollins,,,,,,,,,,,2
1861,9780753505007,How to Make It in Advertising (Virgin Careers Guides),$1.68,,,,,,,,,Virgin Books,,,,,,,,,,,2
1999,9781846841491,Grey S Essential Miscellany For Teachers,$1.68,,,,,,,,,Continnum Special Priced Titles,,,,,,,,,,,1
2023,9788175300361,The burnt forehead of Max Saul,$1.68,,,,,,,,,Distributed By Orient Longman,,,,,,,,,,,1
2079,9788192723242,Bhartiya Aarthvyavastha ka Itihas(MHIS-4) [Hardcover] R.K.Singh,$1.68,,,,,,,,,Gaurav Book Centre Pvt Ltd,,,,,,,,,,,1
2463,9788177394085,A Better You - 7 (Old Edition),$1.68,,,,,,,,,(unknown),,,,,,,,,,,
2537,9788185119489,Bauddha rājadarśana (Hindi Edition),$1.68,,,,,,,,,(unknown),,,,,,,,,,,
2569,9789361034763,CWS_2025 ED_PHY BK 8_TM,$1.68,,,,,,,,,(unknown),,,,,,,,,,,
2602,9788130900605,Concise 48 Laws Of Power (Oriya Edition),$1.68,,,,,,,,,(unknown),,,,,,,,,,,
2769,9789311126890,Indian Army NER General Duty,$1.68,,,,,,,,,(unknown),,,,,,,,,,,
2978,9780861315055,"REFUGEE & OTHER STORIES, THE",$1.68,,,,,,,,,(unknown),,,,,,,,,,,
3003,9788121941044,S. Chand's Quick Revision in ICSE Physics for Class 10,$1.68,,,,,,,,,(unknown),,,,,,,,,,,
3097,9788173666032,TOAD POCKET REFERENCE FOR ORACLE,$1.68,,,,,,,,,(unknown),,,,,,,,,,,
3111,9788189338466,The Adventures of Tom Sawyer: Complete And Unabridged With Summary And Notes,$1.68,,,,,,,,,(unknown),,,,,,,,,,,
3244,9788184100532,ଜ୍ୟୋତିଷ ଦର୍ପଣ: Jyotisa Darpana (Oriya),$1.68,,,,,,,,,(unknown),,,,,,,,,,,
482,9789351038771,ME AND WE: PLEASE EAT LIKE A PRINCESS,$1.67,,,,,,,,,Scholastic,,,,,,,,,,,72
492,9789352754984,Raise a Happy Child - 99 Easy Ways,$1.67,,,,,,,,,Scholastic,,,,,,,,,,,72
508,9789352754267,THE MAGIC SCHOOL BUS CHAPTER BOOK #18: THE FISHY FIELD TRIP,$1.67,,,,,,,,,Scholastic,,,,,,,,,,,72
622,9789380480022,Positive Shrinking : A Story Of Mind Over Platter,$1.67,,,,,,,,,Hay House,,,,,,,,,,,50
922,9780143066248,Tale of Two Truths,$1.67,,,,,,,,,Penguin,,,,,,,,,,,28
1344,9788184774689,Gopi Gayen Bagha Bayen (Hindi Edition),$1.67,,,,,,,,,BSCHO,,,,,,,,,,,9
1430,9780330418614,The 'Sunday Telegraph' Book of Cryptic Crosswords,$1.67,,,,,,,,,Pan,,,,,,,,,,,7
1433,9780330442565,The Daily Telegraph Cryptic Crossword Book 56,$1.67,,,,,,,,,Pan,,,,,,,,,,,7
1534,9789351038696,Aladdin Ka Chirag [Paperback] GULZAR (Hindi Edition),$1.67,,,,,,,,,Schoalstic,,,,,,,,,,,5
1623,9789381431771,"Entanglement [Paperback] [Jan 01, 2013] Braden; Gregg",$1.67,,,,,,,,,Hay House Vision,,,,,,,,,,,3
1624,9789381431641,The Man Who Wanted to Be Happy,$1.67,,,,,,,,,Hay House Vision,,,,,,,,,,,3
1817,9780143450863,Pocketful O' Stories,$1.67,,,,,,,,,Penguin Enterprise,,,,,,,,,,,2
1830,9789352752140,Happily Ever Afterlife #1: Ghostcoming!,$1.67,,,,,,,,,Scholastic US,,,,,,,,,,,2
1960,9780752227252,Purple Ronnie's I Heart Mum,$1.67,,,,,,,,,Boxtree Ltd,,,,,,,,,,,1
2232,9780143332398,Lovetorn,$1.67,,,,,,,,,paperback,,,,,,,,,,,1
2545,9780143004387,Black Day Book: Daily Tragic Briefs,$1.67,,,,,,,,,(unknown),,,,,,,,,,,
3190,9788172344382,Topper Aipmt Cracker : The Best Guide To Crack Aipmt!! -New Edition,$1.67,,,,,,,,,(unknown),,,,,,,,,,,
3211,9780143474678,Veinte poemas de amor y una cancion dese,$1.67,,,,,,,,,(unknown),,,,,,,,,,,
3221,9789381398746,WORDS OF WISDOM: QUOTABLE QUOTES: N.R. N,$1.67,,,,,,,,,(unknown),,,,,,,,,,,
3229,9789381398739,Words of Wisdom: Quotable Quotes - Ratan. N. Tata,$1.67,,,,,,,,,(unknown),,,,,,,,,,,
761,9788126555697,"Managing Anxiety with Mindfulness for Dummies [Paperback] [Jan 01, 2015] Joelle Jane Marshall",$1.66,,,,,,,,,Wiley,,,,,,,,,,,35
452,9789351032267,24/7 SCIENCE BEHIND THE SCENES SPY FILES: GHOSTS AND REAL-LIFE GHOST HUNTERS,$1.64,,,,,,,,,Scholastic,,,,,,,,,,,72
453,9789386041296,24/7 Science Behind The Scenes Spy Files: UFOs: What Scientists Say May Shock You!,$1.64,,,,,,,,,Scholastic,,,,,,,,,,,72
458,9789386313249,"BRAVE LIKE MY BROTHER [Paperback] [Jan 01, 2017] Books Wagon",$1.64,,,,,,,,,Scholastic,,,,,,,,,,,72
462,9789351038177,Charmed Life#04: Hannas Bright Star,$1.64,,,,,,,,,Scholastic,,,,,,,,,,,72
475,9789351039853,How To Draw 3d Animals,$1.64,,,,,,,,,Scholastic,,,,,,,,,,,72
489,9788184778649,"Nargisa's Adventures [Paperback] [Feb 01, 2016] Manjul Bajaj",$1.64,,,,,,,,,Scholastic,,,,,,,,,,,72
522,9788184779912,Warships And Aircraft Of The Indian Navy,$1.64,,,,,,,,,Scholastic,,,,,,,,,,,72
685,9788121608398,"Dharmorakshati [Paperback] [Jan 01, 2017] Aacharya Chatursen",$1.64,,,,,,,,,Hind Pocket Books,,,,,,,,,,,37
912,9780143103264,Beyond Black Waters,$1.64,,,,,,,,,Penguin,,,,,,,,,,,28
1228,9788172340803,Mughal Romance,$1.64,,,,,,,,,PRAKASH BOOKS,,,,,,,,,,,13
1342,9788184773293,DUS SAHAR: DUS ANUTHI KAHANIYAN (HINDI),$1.64,,,,,,,,,BSCHO,,,,,,,,,,,9
1495,9788189884383,Double Click!: A Foxy Four Mystery,$1.64,,,,,,,,,Zubaan,,,,,,,,,,,6
1497,9789381017272,Smitten,$1.64,,,,,,,,,Zubaan,,,,,,,,,,,6
2827,9789351037620,MATH POTATOES,$1.64,,,,,,,,,(unknown),,,,,,,,,,,
2995,9781582791128,Risotto and other rice dishes,$1.64,,,,,,,,,(unknown),,,,,,,,,,,
3049,9789352755134,Something Upstairs,$1.64,,,,,,,,,(unknown),,,,,,,,,,,
5,9789352870868,Alternative English IX,$1.62,,,,,,,,,Orient BlackSwan,,,,,,,,,,,155
27,9788125030393,Golden Gate Accuracy Workbook 7,$1.62,,,,,,,,,Orient BlackSwan,,,,,,,,,,,155
556,9788178122045,NDA Mathematics,$1.62,,,,,,,,,Ramesh Publishing House,,,,,,,,,,,66
26,9788125030386,Golden Gate Accuracy Workbook 6,$1.56,,,,,,,,,Orient BlackSwan,,,,,,,,,,,155
81,9788125025641,Navrang Saral Hindi Pathyapustakmala: Pathmala 8,$1.56,,,,,,,,,Orient BlackSwan,,,,,,,,,,,155
95,9788125033509,On Course Guided English for the Classroom - Book 1,$1.56,,,,,,,,,Orient BlackSwan,,,,,,,,,,,155
542,9788178128238,Empower Yourself with The Power Hidden within you,$1.56,,,,,,,,,Ramesh Publishing House,,,,,,,,,,,66
799,9788182965416,Geeta Saar,$1.56,,,,,,,,,Arya Publishing Company,,,,,,,,,,,33
806,9788178551562,Let's Discover the Environment Around Us - 3,$1.56,,,,,,,,,Arya Publishing Company,,,,,,,,,,,33
859,9788131808986,Comprehensive CCE Question Bank in Science (with solutions) Term-II IX,$1.56,,,,,,,,,Laxmi Publications,,,,,,,,,,,29
1040,9788181374875,Together With Kilkariyaan - B,$1.56,,,,,,,,,Rachna Sagar,,,,,,,,,,,20
1356,9780853186076,The Green Book of the Élus Coëns,$1.56,,,,,,,,,Lewis Masonic,,,,,,,,,,,9
1833,9780001063709,"Weihnachts-Kantilene: ""Euch ist heute der Heiland geboren, welcher ist Christus, der Herr!"". mixed choir (SATB), solo (Mezzo) and piano (organ). Partition de chœur.",$1.56,,,,,,,,,SCHOTT,,,,,,,,,,,2
1856,9789351870326,Henry Fielding: Joseph Andrews,$1.56,,,,,,,,,Unique Publishers,,,,,,,,,,,2
1880,9788187077220,Astrology ; How Planets Affects in Your Life,$1.56,,,,,,,,,Ajay Book Service,,,,,,,,,,,1
2276,9788131910139,The Budha Speaks,$1.56,,,,,,,,,RANDOM HOUSE EBOOK,,,,,,,,,,,1
2363,9788182881372,Commentary on Anuvada Nunmalai - Volume I,$1.56,,,,,,,,,Sri Ramanasramam,,,,,,,,,,,1
2386,9788170593737,Self Realization : Through Love,$1.56,,,,,,,,,The Theosophical Publishing House,,,,,,,,,,,1
2486,9789393304964,"A Textbook of Pharmacognosy & Phytochemistry II, B.Pharma V",$1.56,,,,,,,,,(unknown),,,,,,,,,,,
2643,9788122312782,Don't Blame God,$1.56,,,,,,,,,(unknown),,,,,,,,,,,
2957,9780859678025,"Pietro Testa, 1612-50",$1.56,,,,,,,,,(unknown),,,,,,,,,,,
3093,9789357437271,THE TORTOISE AND THE HARE,$1.56,,,,,,,,,(unknown),,,,,,,,,,,
3197,9789380444543,UNDERSTANDING ELECTRICAL WORKSHOP,$1.56,,,,,,,,,(unknown),,,,,,,,,,,
3240,9788188236282,सन्नाटे का छंद (कविता संचयन)- Sannate Ka Chhanda (Representative Poems),$1.56,,,,,,,,,(unknown),,,,,,,,,,,
1059,9788129104830,Pearls of Wisdom,$1.53,,,,,,,,,Rupa,,,,,,,,,,,20
2426,9788129118851,The Storm: Stories And Prose Poems,$1.53,,,,,,,,,White Cloud Press,,,,,,,,,,,1
2488,9789353526924,AATHVIN CHAABI AUR ANYA KAHANIYA - HINDI,$1.53,,,,,,,,,(unknown),,,,,,,,,,,
2930,9788184721669,PATHOPHYSIOLOGY OF COMMON DISEASES (PB 2011),$1.53,,,,,,,,,(unknown),,,,,,,,,,,
25,9788125030379,Golden Gate Accuracy Workbook 5,$1.50,,,,,,,,,Orient BlackSwan,,,,,,,,,,,155
964,9788170556541,Jo Mare Jayenge,$1.50,,,,,,,,,Vani Prakashan,,,,,,,,,,,24
973,9788190511230,Rustam Sohrab,$1.50,,,,,,,,,Vani Prakashan,,,,,,,,,,,24
974,9788170553175,Saakhi,$1.50,,,,,,,,,Vani Prakashan,,,,,,,,,,,24
2484,9789393304902,"A Textbook of Pharmaceutical Biotechnology, B.Pharma VI",$1.50,,,,,,,,,(unknown),,,,,,,,,,,
2661,9788170552109,Ek Nayee Shatabdi Ki Aor,$1.50,,,,,,,,,(unknown),,,,,,,,,,,
2743,9788170556015,Hindī aura Nepālī sāhitya ke pratinidhi hastākshara (Hindi Edition),$1.50,,,,,,,,,(unknown),,,,,,,,,,,
2963,9788170553038,Prayshchit,$1.50,,,,,,,,,(unknown),,,,,,,,,,,
2989,9789361033773,Reboot 2025 Edition With Ms Office 2016 Updates Books 2 Teachers Manual,$1.50,,,,,,,,,(unknown),,,,,,,,,,,
473,9789351033189,"Ghosts, Spooks and Other Scary Stuff [Paperback] [Jan 01, 2014] Subhadra Sen Gupta",$1.47,,,,,,,,,Scholastic,,,,,,,,,,,72
491,9789351035275,REAL BIOS: ED SHEERAN,$1.47,,,,,,,,,Scholastic,,,,,,,,,,,72
517,9789351032755,"Top Craft [Paperback] Rita Das,Avni Das",$1.47,,,,,,,,,Scholastic,,,,,,,,,,,72
520,9788176559683,"Twilight in the Land of Nowhen [Paperback] [Jan 01, 2008] NA",$1.47,,,,,,,,,Scholastic,,,,,,,,,,,72
1345,9788176555739,"Of Birds and Beasts [Paperback] [Nov 30, 2006] Ruskin Bond, Sangeeta Bahuguna",$1.47,,,,,,,,,BSCHO,,,,,,,,,,,9
1348,9788184778267,The Mystery Of Mindnet (Fundoo #04),$1.47,,,,,,,,,BSCHO,,,,,,,,,,,9
1938,9781594773068,Ganga The River That Flows From Heaven To Earth [Paperback] Sperling Vatsala,$1.47,,,,,,,,,Bear Cub Books,,,,,,,,,,,1
1986,9788121620666,GHADDAR [Paperback Bunko] PAPER BACK,$1.47,,,,,,,,,CHILDREN'S BOOK TRUST-NEW DELHI,,,,,,,,,,,1
23,9788125030355,Golden Gate Accuracy Workbook 3,$1.44,,,,,,,,,Orient BlackSwan,,,,,,,,,,,155
24,9788125030362,Golden Gate Accuracy Workbook 4,$1.44,,,,,,,,,Orient BlackSwan,,,,,,,,,,,155
60,9788125006893,Lost directions,$1.44,,,,,,,,,Orient BlackSwan,,,,,,,,,,,155
551,9788178122069,LATEST ESSYS,$1.44,,,,,,,,,Ramesh Publishing House,,,,,,,,,,,66
696,9788121618052,"Mother Teresa Ki Suktiyan: Mother Teresa Ke Vachanon Ka Bhandar, Jo Amar Ho Gaye Aur Jan - Jan Ke Prerana - Strot Bane. (Hindi Edition)",$1.44,,,,,,,,,Hind Pocket Books,,,,,,,,,,,37
894,9788121935029,S. Chand's Electronic Components and Applications,$1.44,,,,,,,,,S.Chand (G/L) & Company Ltd,,,,,,,,,,,29
1254,9789311126661,30 Practice Sets - Bhartiya Vayu Sena Airman Group 'Y' (Gair Takniki Trades) Pariksha,$1.44,,,,,,,,,Arihant Publication,,,,,,,,,,,12
1338,9788177394689,Sankalpam Praveshika,$1.44,,,,,,,,,Avichal Publishing Company,,,,,,,,,,,9
1362,9788170704812,Playway Maths Primer 2,$1.44,,,,,,,,,Ratna Sagar P. Ltd.,,,,,,,,,,,9
1403,9788121615945,Paro (HINDI),$1.44,,,,,,,,,HPB/FC,,,,,,,,,,,8
1404,9788121616591,"Priya [Paperback] [Jan 01, 2017] Namita Gokhale",$1.44,,,,,,,,,HPB/FC,,,,,,,,,,,8
1524,9789350361238,M for Mystery: Stories of Mystery and Adventure,$1.44,,,,,,,,,Ratna Sagar Private Limited,,,,,,,,,,,5
1527,9788183329552,The Magic Flute: Folk Tales from All Over India,$1.44,,,,,,,,,Ratna Sagar Private Limited,,,,,,,,,,,5
1568,9788170218432,Hands on: Spiritual Healing,$1.44,,,,,,,,,Health Harmony,,,,,,,,,,,4
1796,9788172294670,Panditji - Potano Vishe (Gujarati Edition),$1.44,,,,,,,,,Navjivan Trust,,,,,,,,,,,2
1853,9780070679955,New Expressions English Primer,$1.44,,,,,,,,,Tata McGraw Hill Education,,,,,,,,,,,2
2100,9788195352975,Mother । वर्जिन मदर,$1.44,,,,,,,,,Hind Yugm Blue,,,,,,,,,,,1
2226,9780195669633,Minidictionary For Nurses,$1.44,,,,,,,,,OXFORD PUBLISHER,,,,,,,,,,,1
2560,9789373745763,CBSE MCQ BOOKLET CLASS 2 2026,$1.44,,,,,,,,,(unknown),,,,,,,,,,,
2754,9789373745879,ICSE MCQ BOOKLET CLASS 1 2026,$1.44,,,,,,,,,(unknown),,,,,,,,,,,
2777,9788126318216,Jain Siddhant,$1.44,,,,,,,,,(unknown),,,,,,,,,,,
3016,9788178122380,SSC SO Paper -II Commerce Guide,$1.44,,,,,,,,,(unknown),,,,,,,,,,,
3017,9788178122397,SSC SO Paper -II Commerce Guide,$1.44,,,,,,,,,(unknown),,,,,,,,,,,
1050,9788129119179,Anything For You Ma'am,$1.43,,,,,,,,,Rupa,,,,,,,,,,,20
22,9788125030348,Golden Gate Accuracy Workbook 2,$1.38,,,,,,,,,Orient BlackSwan,,,,,,,,,,,155
2948,9789367250488,Pencil Evs Class 1 Semesters 1 And 2 Teachers Manual,$1.38,,,,,,,,,(unknown),,,,,,,,,,,
2949,9789367256633,Pencil Science Class 3 Semesters 1 And 2 Teachers Manual,$1.38,,,,,,,,,(unknown),,,,,,,,,,,
2950,9789367259795,Pencil Science Class 4 Semesters 1 And 2 Teachers Manual,$1.38,,,,,,,,,(unknown),,,,,,,,,,,
3011,9789367256602,SPICE WORLD CLASS 5 ENGLISH TERM TM,$1.38,,,,,,,,,(unknown),,,,,,,,,,,
3012,9789367251270,SPICE WORLD CLASS 7 ENGLISH TERM TM,$1.38,,,,,,,,,(unknown),,,,,,,,,,,
3195,9788178123301,UGC NET - History Previous Papers (Solved): Previous Years' Papers Solved,$1.38,,,,,,,,,(unknown),,,,,,,,,,,
21,9788125030331,Golden Gate Accuracy Workbook 1,$1.32,,,,,,,,,Orient BlackSwan,,,,,,,,,,,155
143,9788175300378,The Country without a Post Office : Poems 1991-95,$1.32,,,,,,,,,Orient BlackSwan,,,,,,,,,,,155
144,9788125008323,The Death of an Activist,$1.32,,,,,,,,,Orient BlackSwan,,,,,,,,,,,155
681,9788121616034,"Bachchan Ke Lokpriya Geet [Paperback] [Jan 01, 2017] Bachchan",$1.32,,,,,,,,,Hind Pocket Books,,,,,,,,,,,37
682,9788121617123,"Bangala ki Sarwashreshtha Kahaniyan [Paperback] [Jan 01, 2012] Radheshayam Purohit",$1.32,,,,,,,,,Hind Pocket Books,,,,,,,,,,,37
694,9788121618021,"Mahakumbh: Aashtha Ka Sangam [Paperback] [Jan 01, 2013] Tejpal Singh Dhama [Paperback] [Jan 01, 2017] Tejpal Singh Dhama",$1.32,,,,,,,,,Hind Pocket Books,,,,,,,,,,,37
700,9788121610469,Preeti Katha,$1.32,,,,,,,,,Hind Pocket Books,,,,,,,,,,,37
705,9788121618410,Sai Baba: Jeevani And Bhajanwali,$1.32,,,,,,,,,Hind Pocket Books,,,,,,,,,,,37
713,9788121613965,"Vishwa ki Classic Kahaniyan: Maanav Kalyaan Ke Liye Samarpit Aur Vishv - Charchit Daarshanik, Kavi Evam Chitrakaar ki Chunee Huee Kahaaniyaan",$1.32,,,,,,,,,Hind Pocket Books,,,,,,,,,,,37
802,9788182965966,Icse Understanding Chemistry Class Vi,$1.32,,,,,,,,,Arya Publishing Company,,,,,,,,,,,33
847,9789380644240,"A10-0190-095-SOL ACADEMIC CCE IN SC X [Paperback] [Jan 01, 2017] Books Wagon",$1.32,,,,,,,,,Laxmi Publications,,,,,,,,,,,29
854,9789380644097,Academic Multiple Choice Questions in Social Science IX-X,$1.32,,,,,,,,,Laxmi Publications,,,,,,,,,,,29
857,9788131809167,Comprehensive CCE Question Bank in Science (with solutions) Term-I IX [Paperback],$1.32,,,,,,,,,Laxmi Publications,,,,,,,,,,,29
861,9788131808948,Comprehensive English Communicative Test Papers (File-System) Term-II IX (File-System Term-II Class IX),$1.32,,,,,,,,,Laxmi Publications,,,,,,,,,,,29
870,9789380644202,Solutions to Academic Continuous and Comprehensive Evaluation in Mathematics X,$1.32,,,,,,,,,Laxmi Publications,,,,,,,,,,,29
874,9788131805596,"T12-8945-100-COMP. BIOTECHNOLOGY XII [Paperback] [Jan 01, 2017] Books Wagon",$1.32,,,,,,,,,Laxmi Publications,,,,,,,,,,,29
904,9788121933919,کلیات ہندوی امیر خسرو مع تشریح و تجزیه نسخه برلن: Kulliyaat-E-Hindavi Amir Khusrau (Urdu),$1.32,,,,,,,,,S.Chand (G/L) & Company Ltd,,,,,,,,,,,29
937,9788121934411,"Cells and Reproduction [Perfect Paperback] [Jan 01, 2017] S Chand Publishing",$1.32,,,,,,,,,S Chand Publishing,,,,,,,,,,,25
957,9788121932820,Your Environment - Wildlife in Danger,$1.32,,,,,,,,,S Chand Publishing,,,,,,,,,,,25
1017,9788120758933,"Managing Sales [Paperback] [Jan 01, 2012] Y C Halan",$1.32,,,,,,,,,STERLING PRESS PVT LTD,,,,,,,,,,,22
1029,9788181379160,Divyam Sanskrit Pathyapustak Uttar Pustika 8,$1.32,,,,,,,,,Rachna Sagar,,,,,,,,,,,20
1197,9788122202045,Worlds Most Amazing Puzzles,$1.32,,,,,,,,,Orient Paperbacks,,,,,,,,,,,14
1211,9780863114519,The real brain drain,$1.32,,,,,,,,,Sangam Books,,,,,,,,,,,14
1334,9788177392548,Manual for Comprehensive and Continuous Evaluation Science- VIII,$1.32,,,,,,,,,Avichal Publishing Company,,,,,,,,,,,9
1341,9788184773934,"Classic Love Stories [Paperback] [Jan 01, 2010] Compilation",$1.32,,,,,,,,,BSCHO,,,,,,,,,,,9
1358,9788170701897,Ek Mein Anek-1 (Hindi) (Hindi Edition),$1.32,,,,,,,,,Ratna Sagar P. Ltd.,,,,,,,,,,,9
1359,9788170701996,Ek Mein Anek-2 (Hindi) (Hindi Edition),$1.32,,,,,,,,,Ratna Sagar P. Ltd.,,,,,,,,,,,9
1371,9781107663848,Snowflakes: Teachers Manual 2,$1.32,,,,,,,,,Cambridge University Press,,,,,,,,,,,8
1399,9788121616270,Air Hostess Ki Diary,$1.32,,,,,,,,,HPB/FC,,,,,,,,,,,8
1475,9788184042573,Access 2007: The Missing Manual,$1.32,,,,,,,,,O'Reilly Media,,,,,,,,,,,6
1521,9788122308655,Mukhakriti Vigyan Arthath Face Reading,$1.32,,,,,,,,,Pustak Mahal,,,,,,,,,,,5
1523,9788122314458,"爨ｮ爨ｹ爨ｾ爨爨ｾ爨ｰ爨､ 爨歩･ 爨ｶ爨ｿ爨歩･爨ｷ爨ｾ爨ｪ爭爨ｰ爨ｦ 爨ｨ爭爨､爨ｿ 爨歩､･爨ｾ爨爨 [Paperback] [Jan 01, 2017] Books Wagon",$1.32,,,,,,,,,Pustak Mahal,,,,,,,,,,,5
1540,9788184350548,Beyond Borders: A Collection of New Poems,$1.32,,,,,,,,,Adhyayan Publishers & Distributors,,,,,,,,,,,4
1609,9788131905685,Love Astrology,$1.32,,,,,,,,,B Jain Publishers Pvt Ltd,,,,,,,,,,,3
1644,9788122202632,Achieve Success and Happiness,$1.32,,,,,,,,,Orient Publishing,,,,,,,,,,,3
1647,9788125011200,Cryptic death and other stories,$1.32,,,,,,,,,Orient Longman,,,,,,,,,,,3
1665,9788122311679,Maa Saraswati: Goddess Of Knowledge And Wisdom (Rep),$1.32,,,,,,,,,Pustak Mahal - New Delhi,,,,,,,,,,,3
1674,9788178792699,Fielding Drills in Cricket,$1.32,,,,,,,,,Sports Publication,,,,,,,,,,,3
1706,9788180561191,Hom Ki Adhbhut Shakti(Hindi),$1.32,,,,,,,,,B. Jain Large Print,,,,,,,,,,,2
1790,9789380302959,A Bouquet of Poems,$1.32,,,,,,,,,Mind Melodies,,,,,,,,,,,2
1799,9788176761505,Tales Of Chattrapati Shivaji & Read Aloud - Tales Of Bravery & Courage,$1.32,,,,,,,,,Nita Mehta,,,,,,,,,,,2
1812,9788171103140,1100 Proverbs,$1.32,,,,,,,,,Parimal Publications,,,,,,,,,,,2
1820,9788120744691,"The Drowning Crown [Paperback] [Jan 01, 2017] Sterling",$1.32,,,,,,,,,Poisoned Pen Press,,,,,,,,,,,2
1987,9789380864006,Synthesis of Yoga,$1.32,,,,,,,,,Chinmaya International Foundation Shodha Sanathan,,,,,,,,,,,1
2066,9788173862588,The Mystery of Human Life,$1.32,,,,,,,,,Books for All,,,,,,,,,,,1
2077,9788125007364,"DESMOND TUTU [Paperback] [Jan 01, 2002] DAVID WINNER",$1.32,,,,,,,,,Gareth Stevens Pub,,,,,,,,,,,1
2127,9788180561566,Drive a Great Sale,$1.32,,,,,,,,,JAIN PVT,,,,,,,,,,,1
2273,9789383142231,Gita Darshanam,$1.32,,,,,,,,,"Ramakrishna Math, Hyderabad",,,,,,,,,,,1
2320,9788184771336,FIVE PLAYS FOR CHILDREN [Paperback] TENDULKAR VIJAY,$1.32,,,,,,,,,SCHOLASTIC CHILDREN,,,,,,,,,,,1
2446,9788100000274,Niranjan Realizing Godhead in Guru,$1.32,,,,,,,,,Yoga Publications Trust/Munger/Bihar/India,,,,,,,,,,,1
2485,9789393304704,"A Textbook of Pharmaceutical Regulatory Science, B.Pharma VIII",$1.32,,,,,,,,,(unknown),,,,,,,,,,,
2498,9788120790575,Aarti book,$1.32,,,,,,,,,(unknown),,,,,,,,,,,
2518,9788125012306,Ancient Roman Literature Vol 1,$1.32,,,,,,,,,(unknown),,,,,,,,,,,
2614,9789788179917,Culinary Treasures Of Marathwada,$1.32,,,,,,,,,(unknown),,,,,,,,,,,
2631,9788186004081,Delicious Parlour Ice-Creams,$1.32,,,,,,,,,(unknown),,,,,,,,,,,
2656,9788120769762,Early Learning,$1.32,,,,,,,,,(unknown),,,,,,,,,,,
2746,9788120797420,Homegoing,$1.32,,,,,,,,,(unknown),,,,,,,,,,,
2770,9788120796904,Indian Booker Prize Winners (A Critical Study of Their Works),$1.32,,,,,,,,,(unknown),,,,,,,,,,,
2825,9789357432849,MAJOR SOMNATH SHARMA,$1.32,,,,,,,,,(unknown),,,,,,,,,,,
2891,9780895402363,New Measures in Astrology: A Symbolic Basis in Directions,$1.32,,,,,,,,,(unknown),,,,,,,,,,,
3056,9788184030853,Sri-Sri Prema-bhakti-chandrika(By Gadadharaprana dasa),$1.32,,,,,,,,,(unknown),,,,,,,,,,,
3087,9788125004660,THE DALAI LAMA,$1.32,,,,,,,,,(unknown),,,,,,,,,,,
3098,9788122313307,TRUE STORIES OF MYSTIC PLACES,$1.32,,,,,,,,,(unknown),,,,,,,,,,,
3100,9789380761589,Tales from the Mahabharata,$1.32,,,,,,,,,(unknown),,,,,,,,,,,
3165,9788122310238,The Teachings of Buddha,$1.32,,,,,,,,,(unknown),,,,,,,,,,,
7,9788125009689,Bill Gates and Microsoft,$1.26,,,,,,,,,Orient BlackSwan,,,,,,,,,,,155
71,9788125021711,"Mastering Business English: Companies, Finance and Banking",$1.26,,,,,,,,,Orient BlackSwan,,,,,,,,,,,155
72,9788125021698,Mastering Business English: Office Routine,$1.26,,,,,,,,,Orient BlackSwan,,,,,,,,,,,155
82,9788125025573,Navrang Saral Hindi Pathyapustakmala: Praveshika 1,$1.26,,,,,,,,,Orient BlackSwan,,,,,,,,,,,155
83,9788125025580,Navrang Saral Hindi Pathyapustakmala: Praveshika 2,$1.26,,,,,,,,,Orient BlackSwan,,,,,,,,,,,155
467,9789351030515,Emma Bigton and the Sphinx,$1.26,,,,,,,,,Scholastic,,,,,,,,,,,72
470,9789351039693,For Kids By Kids: Award Winning Stories From The 2015 Scholastic Writing Awards,$1.26,,,,,,,,,Scholastic,,,,,,,,,,,72
484,9781785980213,Mini Encyclopedias Earth [Paperback],$1.26,,,,,,,,,Scholastic,,,,,,,,,,,72
485,9788184773910,More Paper Craft,$1.26,,,,,,,,,Scholastic,,,,,,,,,,,72
498,9789351030478,Scifun,$1.26,,,,,,,,,Scholastic,,,,,,,,,,,72
500,9788176555890,"Shouting, Singing, Smiling: 70 Selected Poems",$1.26,,,,,,,,,Scholastic,,,,,,,,,,,72
501,9788184773927,Spooky Stories (Fiction),$1.26,,,,,,,,,Scholastic,,,,,,,,,,,72
512,9789352755028,"The Little Book of Quotations #1 [Paperback] [Jan 01, 2018] NA",$1.26,,,,,,,,,Scholastic,,,,,,,,,,,72
513,9789352755035,"The Little Book of Quotations #2 [Paperback] [Jan 01, 2018] NA",$1.26,,,,,,,,,Scholastic,,,,,,,,,,,72
514,9789352755042,"The Little Book of Quotations #3 [Paperback] [Jan 01, 2018] NA",$1.26,,,,,,,,,Scholastic,,,,,,,,,,,72
519,9788184770414,Trash Crafts,$1.26,,,,,,,,,Scholastic,,,,,,,,,,,72
544,9788178121147,Exploring English,$1.26,,,,,,,,,Ramesh Publishing House,,,,,,,,,,,66
560,9788186877722,Objective Civil Engineering,$1.26,,,,,,,,,Ramesh Publishing House,,,,,,,,,,,66
566,9788178122724,Objective Philosophy (Popular Master Guide),$1.26,,,,,,,,,Ramesh Publishing House,,,,,,,,,,,66
586,9788178122489,UGC-NET: Geography: Previous Solved Papers (Popular Master Guide),$1.26,,,,,,,,,Ramesh Publishing House,,,,,,,,,,,66
679,9788121620284,Adbhut Brahmand,$1.26,,,,,,,,,Hind Pocket Books,,,,,,,,,,,37
692,9788121615150,Hindi Ke Lokpriye Geetkar,$1.26,,,,,,,,,Hind Pocket Books,,,,,,,,,,,37
917,9780143103882,"Phir Subah Hogi (Hindi) [Paperback] [Jan 01, 2013] Jaiswal; Sanjeev 'Sanjay'",$1.26,,,,,,,,,Penguin,,,,,,,,,,,28
1156,9788178122465,CBSE-UGC-NET - History Previous Papers (Solved),$1.26,,,,,,,,,RPH,,,,,,,,,,,15
1162,9788178121543,JIPMER Pondicherry Medical Entrance Exam: Previous Year's Solved Papers (Old Edition),$1.26,,,,,,,,,RPH,,,,,,,,,,,15
1164,9788178122731,Objective Commerce (Popular Master Guide),$1.26,,,,,,,,,RPH,,,,,,,,,,,15
1202,9788173702518,Maths Practice Book 0,$1.26,,,,,,,,,Sangam Books,,,,,,,,,,,14
1203,9788173702525,Maths Practice Book 1,$1.26,,,,,,,,,Sangam Books,,,,,,,,,,,14
1204,9788173702532,Maths Practice Book 2,$1.26,,,,,,,,,Sangam Books,,,,,,,,,,,14
1205,9788173702549,Maths Practice Book 3,$1.26,,,,,,,,,Sangam Books,,,,,,,,,,,14
1340,9788184771220,Bal Krishna Aur Anya Devi-Devta,$1.26,,,,,,,,,BSCHO,,,,,,,,,,,9
1347,9788184776287,"The Book of Indian Ghost Stories [Paperback] [Jan 01, 2010] S. Mukherji",$1.26,,,,,,,,,BSCHO,,,,,,,,,,,9
1971,9788184779622,Out of this World - All the Cool Bits about Space,$1.26,,,,,,,,,Buster Books,,,,,,,,,,,1
2143,9788125041740,Arms And The Man,$1.26,,,,,,,,,Kessinger Publishing,,,,,,,,,,,1
2481,9789393304612,"A Textbook of Medicinal Chemistry I, B.Pharma IV",$1.26,,,,,,,,,(unknown),,,,,,,,,,,
2915,9788178120232,Objective Electrical Engineering,$1.26,,,,,,,,,(unknown),,,,,,,,,,,
2917,9788178123165,Objective Home Science (Popular Master Guide),$1.26,,,,,,,,,(unknown),,,,,,,,,,,
3196,9788178122571,UGC NET: Hindi Previous Papers (Solved):,$1.26,,,,,,,,,(unknown),,,,,,,,,,,
4,9788125008286,A silence in the city and other stories,$1.20,,,,,,,,,Orient BlackSwan,,,,,,,,,,,155
530,9788178122663,CBSE-UGC-NET: Social Science Previous Paper (Solved),$1.20,,,,,,,,,Ramesh Publishing House,,,,,,,,,,,66
571,9788178120270,Popular General Knowledge,$1.20,,,,,,,,,Ramesh Publishing House,,,,,,,,,,,66
572,9788178120607,Popular General Knowledge (Hindi),$1.20,,,,,,,,,Ramesh Publishing House,,,,,,,,,,,66
580,9788178122786,Treasury of Quotations,$1.20,,,,,,,,,Ramesh Publishing House,,,,,,,,,,,66
704,9788121616744,"Ravan Ko Gussa Kyun Aata Hai [Paperback] [Jan 01, 2012] Vimal Kumar",$1.20,,,,,,,,,Hind Pocket Books,,,,,,,,,,,37
942,9788121937412,I Love Food,$1.20,,,,,,,,,S Chand Publishing,,,,,,,,,,,25
962,9788170556497,Isa paurushapūrṇa samaya meṃ (Hindi Edition),$1.20,,,,,,,,,Vani Prakashan,,,,,,,,,,,24
965,9788170551560,"Kāla, tujhase hoṛa hai merī (Hindi Edition)",$1.20,,,,,,,,,Vani Prakashan,,,,,,,,,,,24
1019,9788120730526,Sai Bhaktanubhav,$1.20,,,,,,,,,STERLING PRESS PVT LTD,,,,,,,,,,,22
1022,9788120787063,Sai Sumren (Bhakto ke Anubhav),$1.20,,,,,,,,,STERLING PRESS PVT LTD,,,,,,,,,,,22
1046,9788181376855,Together with Synergy Worksheets & Summative Assessments for Class 5,$1.20,,,,,,,,,Rachna Sagar,,,,,,,,,,,20
1333,9788177392524,Manual for Comprehensive and Continuous Evaluation Science- VI,$1.20,,,,,,,,,Avichal Publishing Company,,,,,,,,,,,9
1440,9788178693347,Pizza & Pasta: Vegetarian (Hindi Edition),$1.20,,,,,,,,,Snab Publishers,,,,,,,,,,,7
1553,9788170211174,Homoeopathic Materia Medica of Graphical Drug Pictures,$1.20,,,,,,,,,BJAIN Publishers Pvt. Ltd.,,,,,,,,,,,4
1692,9788175054561,Sri Sri Ramakrishanakathamritam Chatrth - Bhagatmak - Prakirn - Khandam Shrim - Prakashitam (Sanskrit),$1.20,,,,,,,,,Advaita Ashram,,,,,,,,,,,2
1707,9798170218028,Homeopathic Drug Personalities With Therapeutic Hints,$1.20,,,,,,,,,B. Jain Large Print,,,,,,,,,,,2
1798,9788178692524,Sandwiches and Wraps: Vegetarian,$1.20,,,,,,,,,Nita Mehta,,,,,,,,,,,2
1900,9788100001080,Jnanarnava Tantra (Anandashram Sanskrit Series No. 69),$1.20,,,,,,,,,Anandashram Sanstha,,,,,,,,,,,1
2103,9780001160163,A moment in time,$1.20,,,,,,,,,Hodder & Stoughton Ltd,,,,,,,,,,,1
2198,9789347298097,"Indira by Bankim Chandra Chattopadhyay, Transcreated by Nikhil Baran Biswas, Nandy Books",$1.20,,,,,,,,,Nandy Books,,,,,,,,,,,1
2476,9789393304506,"A Textbook of Biopharmaceutics & Pharmacokinetics, B.Pharma VI",$1.20,,,,,,,,,(unknown),,,,,,,,,,,
2480,9789393304537,"A Textbook of Medicical Chemistry II, B.Pharma V",$1.20,,,,,,,,,(unknown),,,,,,,,,,,
2642,9788817869461,Dolce e crudele,$1.20,,,,,,,,,(unknown),,,,,,,,,,,
2698,9789367254325,GET SET FOR QUIZ 5,$1.20,,,,,,,,,(unknown),,,,,,,,,,,
2786,9789357439718,KHATU SHYAM KI ANSUNI KAHANI (Hindi),$1.20,,,,,,,,,(unknown),,,,,,,,,,,
2928,9789385874819,PARAMAHANSA YOGANANDA A SAINT FOR EAST & WEST,$1.20,,,,,,,,,(unknown),,,,,,,,,,,
3213,9788170552987,Vidhi Vyavastha Ka Yatharth,$1.20,,,,,,,,,(unknown),,,,,,,,,,,
1683,9788187111887,Hanuman,$1.15,,,,,,,,,Vakils Feffer And Simons Ltd,,,,,,,,,,,3
80,9788125025610,Navrang Saral Hindi Pathyapustakmala: Abhyas Pustika 8,$1.14,,,,,,,,,Orient BlackSwan,,,,,,,,,,,155
536,9788178123219,Dictionary of Commerce,$1.14,,,,,,,,,Ramesh Publishing House,,,,,,,,,,,66
570,9788178122656,Objective Sociology,$1.14,,,,,,,,,Ramesh Publishing House,,,,,,,,,,,66
2475,9789393304377,A Textbook Of Pharmaceutical Organic Chemistry I,$1.14,,,,,,,,,(unknown),,,,,,,,,,,
2670,9788178120409,English Reading Comprehension,$1.14,,,,,,,,,(unknown),,,,,,,,,,,
2797,9788170555926,Kya Karegi Chandni,$1.14,,,,,,,,,(unknown),,,,,,,,,,,
689,9788121615471,"Gurudutt Ki Yadgari Kahania [Paperback] [Jan 01, 2010] Gurudatt",$1.13,,,,,,,,,Hind Pocket Books,,,,,,,,,,,37
2776,9788125051626,JEONDIYAN REHANGIYAN KAIMAN,$1.12,,,,,,,,,(unknown),,,,,,,,,,,
55,9788125014379,In Worship Of Shiva,$1.08,,,,,,,,,Orient BlackSwan,,,,,,,,,,,155
76,9788125022664,Navrang Saral Hindi Pathyapustakmala: Abhyas Pustika 4,$1.08,,,,,,,,,Orient BlackSwan,,,,,,,,,,,155
77,9788125022671,Navrang Saral Hindi Pathyapustakmala: Abhyas Pustika 5,$1.08,,,,,,,,,Orient BlackSwan,,,,,,,,,,,155
78,9788125025597,Navrang Saral Hindi Pathyapustakmala: Abhyas Pustika 6,$1.08,,,,,,,,,Orient BlackSwan,,,,,,,,,,,155
79,9788125025603,Navrang Saral Hindi Pathyapustakmala: Abhyas Pustika 7,$1.08,,,,,,,,,Orient BlackSwan,,,,,,,,,,,155
562,9788186877487,Objective General Knowledge-General Awareness,$1.08,,,,,,,,,Ramesh Publishing House,,,,,,,,,,,66
579,9789390744466,Tarkshakti Parikshan (Test of Reasoning),$1.08,,,,,,,,,Ramesh Publishing House,,,,,,,,,,,66
787,9788182962170,Abhyas Pustika Rimjhim- 2 (based on NCERT textbooks),$1.08,,,,,,,,,Arya Publishing Company,,,,,,,,,,,33
792,9788178552149,Bright Sparks - VIII,$1.08,,,,,,,,,Arya Publishing Company,,,,,,,,,,,33
804,9788182965386,Katha Sangam Bhag-3,$1.08,,,,,,,,,Arya Publishing Company,,,,,,,,,,,33
809,9788182965218,Perfect Sample Papers Science Class IX SA-1,$1.08,,,,,,,,,Arya Publishing Company,,,,,,,,,,,33
811,9788178554457,Practice Questions in Mathematics-VIII (based on NCERT textbooks),$1.08,,,,,,,,,Arya Publishing Company,,,,,,,,,,,33
1023,9788120723467,Shirdi Sai Baba,$1.08,,,,,,,,,STERLING PRESS PVT LTD,,,,,,,,,,,22
1102,9788121619592,Ramayan Ki Kahaniyan,$1.08,,,,,,,,,Saraswati Trust,,,,,,,,,,,19
1187,9788122204940,Khushwant Singh's Joke Book 2,$1.08,,,,,,,,,Orient Paperbacks,,,,,,,,,,,14
1196,9788122201567,World's Best Puzzles,$1.08,,,,,,,,,Orient Paperbacks,,,,,,,,,,,14
1280,9781423436249,Husa: Cheetah,$1.08,,,,,,,,,"G Schirmer, Incorporated",,,,,,,,,,,12
1335,9788177392623,Manual for Comprehensive and Continuous Evaluation Social Science - VIII,$1.08,,,,,,,,,Avichal Publishing Company,,,,,,,,,,,9
1379,9788175971790,Prasnopanishad,$1.08,,,,,,,,,Chinmaya Prakashan,,,,,,,,,,,8
1465,9788172762612,Navagraha Temples of Tanjore District of Tamilnadu,$1.08,,,,,,,,,Bharatiya Vidya Bhavan,,,,,,,,,,,6
1561,9781009810203,Power Up Level 5 Teacher's Book with Digital Pack (Cambridge Primary Exams),$1.08,,,,,,,,,Cambridge University Press and Assessment,,,,,,,,,,,4
1721,9789393304322,PHARMACY LAW & ETHICS,$1.08,,,,,,,,,Brilliant Publication,,,,,,,,,,,2
1794,9789386561169,International General Knowledge Olympiad (IGKO) Workbook - Class 4,$1.08,,,,,,,,,MTG Learning Media Pvt Ltd,,,,,,,,,,,2
1795,9789386561206,"international General Knowledge Olympiad (IGKO) Workbook -Class 7 [Paperback] [Jan 01, 2017] Raghav Singh",$1.08,,,,,,,,,MTG Learning Media Pvt Ltd,,,,,,,,,,,2
1981,9788175970052,MANAH SHODHANAM,$1.08,,,,,,,,,Central Chinmaya Mission Trust,,,,,,,,,,,1
2194,9789386379610,International English Olympiad (IEO) Workbook - Class 7,$1.08,,,,,,,,,MTGIN,,,,,,,,,,,1
2362,9788182881617,Guru-Ramana-Vachana-Mala,$1.08,,,,,,,,,Sri Ramanashram,,,,,,,,,,,1
2619,9789367190029,DOCTOR MAHENDRALAL SIRCAR,$1.08,,,,,,,,,(unknown),,,,,,,,,,,
2662,9780201062069,Elementary School Science,$1.08,,,,,,,,,(unknown),,,,,,,,,,,
2689,9788122309454,Four Objectives of Human Life,$1.08,,,,,,,,,(unknown),,,,,,,,,,,
2773,9789386561190,International General Knowledge Olympiad (IGKO) Workbook - Class 6(Old Edition),$1.08,,,,,,,,,(unknown),,,,,,,,,,,
3133,9781423414476,The Immovable Do,$1.08,,,,,,,,,(unknown),,,,,,,,,,,
3179,9788131931233,Therapeutica Homeopatica Practica,$1.08,,,,,,,,,(unknown),,,,,,,,,,,
3253,9788131934852,சுலப வழியில் ஜோதிடம்,$1.08,,,,,,,,,(unknown),,,,,,,,,,,
1020,9789349166264,Sai Promises,$1.07,,,,,,,,,STERLING PRESS PVT LTD,,,,,,,,,,,22
461,9788176559720,CHUHE NE DEKHI DUNIYA (HINDI),$1.05,,,,,,,,,Scholastic,,,,,,,,,,,72
490,9789386041050,PAPER MAGIC,$1.05,,,,,,,,,Scholastic,,,,,,,,,,,72
495,9788176557702,STORY CRAFT,$1.05,,,,,,,,,Scholastic,,,,,,,,,,,72
518,9789351030058,Toys from Trash,$1.05,,,,,,,,,Scholastic,,,,,,,,,,,72
521,9789351031994,Vampire School Stage Fright (Vampire School Series) [Paperback] NA,$1.05,,,,,,,,,Scholastic,,,,,,,,,,,72
693,9788121617666,Hue Mar Ke Hum Jo Rusva: Vyangy Kathaein [Paperback] NARENDRA KOHLI,$1.05,,,,,,,,,Hind Pocket Books,,,,,,,,,,,37
695,9788121607728,Meera: Parichay Tatha Rachnaye (Hindi Poetry),$1.05,,,,,,,,,Hind Pocket Books,,,,,,,,,,,37
698,9788121610940,Nisha Nimantran,$1.05,,,,,,,,,Hind Pocket Books,,,,,,,,,,,37
711,9788121618403,"Time Life Management [Paperback] [Jan 01, 2013] Shankar Manshani",$1.05,,,,,,,,,Hind Pocket Books,,,,,,,,,,,37
913,9780143101635,Dhup Ke Rang,$1.05,,,,,,,,,Penguin,,,,,,,,,,,28
1343,9788184774269,"Ganesha (Traditional Tales) [Paperback] [Jan 01, 2003] Namita Ananda",$1.05,,,,,,,,,BSCHO,,,,,,,,,,,9
1401,9788121616324,Just Friends,$1.05,,,,,,,,,HPB/FC,,,,,,,,,,,8
1494,9788189884574,Chhotechacha Ab Aapke Shahar Mein,$1.05,,,,,,,,,Zubaan,,,,,,,,,,,6
1496,9789381017265,Radhika Takes the Plunge,$1.05,,,,,,,,,Zubaan,,,,,,,,,,,6
2640,9788184770964,Discover the Real You (Makeover Fun 101),$1.05,,,,,,,,,(unknown),,,,,,,,,,,
2738,9789381431160,Hay House Wisdom Tree Series : Quotes Of Jawaharlal Nehru [Paperback],$1.05,,,,,,,,,(unknown),,,,,,,,,,,
2739,9789381431153,"Hay House Wisdom Tree Series : Quotes Of Mahatma Gandhi [Paperback] [Dec 31, 1899] None",$1.05,,,,,,,,,(unknown),,,,,,,,,,,
75,9788125022640,Navrang Saral Hindi Pathyapustakmala: Abhyas Pustika 2,$1.02,,,,,,,,,Orient BlackSwan,,,,,,,,,,,155
538,9788178122250,Dictionary of Electronics,$1.02,,,,,,,,,Ramesh Publishing House,,,,,,,,,,,66
540,9788178120553,Dictionary of Mathematics,$1.02,,,,,,,,,Ramesh Publishing House,,,,,,,,,,,66
559,9788178121857,Objective Chemistry,$1.02,,,,,,,,,Ramesh Publishing House,,,,,,,,,,,66
561,9788178121444,Objective Economics,$1.02,,,,,,,,,Ramesh Publishing House,,,,,,,,,,,66
563,9788186877463,Objective General Science: With Explanatory Notes,$1.02,,,,,,,,,Ramesh Publishing House,,,,,,,,,,,66
564,9788178121451,Objective Geography,$1.02,,,,,,,,,Ramesh Publishing House,,,,,,,,,,,66
565,9788178122083,Objective Geography,$1.02,,,,,,,,,Ramesh Publishing House,,,,,,,,,,,66
568,9788178122076,Objective Public Administration (Popular Master Guide),$1.02,,,,,,,,,Ramesh Publishing House,,,,,,,,,,,66
569,9788178121604,Objective Sociology,$1.02,,,,,,,,,Ramesh Publishing House,,,,,,,,,,,66
959,9788170553199,Amaltas,$1.02,,,,,,,,,Vani Prakashan,,,,,,,,,,,24
1145,9788123917795,"Community Medicine for MBBS, BDS & Other Exams (CBS Quick Text Revision Series Important Text for Viva/MCQs)",$1.02,,,,,,,,,CBS,,,,,,,,,,,15
2230,9788171870110,Journey To The Centre Of The Earth,$1.02,,,,,,,,,Book Palace,,,,,,,,,,,1
2478,9789393304278,"A Textbook of Human Anatomy & Physiology II, B.Pharma",$1.02,,,,,,,,,(unknown),,,,,,,,,,,
2819,9788178120386,Logical and Analytical Reasoning (Useful for All Competitive Exams),$1.02,,,,,,,,,(unknown),,,,,,,,,,,
2916,9788178121352,Objective Hindi (Sahitya & Vyakaran),$1.02,,,,,,,,,(unknown),,,,,,,,,,,
1053,9788129118721,Basic Science Electricity,$0.97,,,,,,,,,Rupa,,,,,,,,,,,20
1054,9788171679850,Begum Akhtar: The Queen of Ghazal (Rupa Charitavali S.),$0.97,,,,,,,,,Rupa,,,,,,,,,,,20
1057,9788171673889,Kamasutra [japanese],$0.97,,,,,,,,,Rupa,,,,,,,,,,,20
2504,9789353528515,Adi Sankaracharya: The Voice Of Vedanta,$0.97,,,,,,,,,(unknown),,,,,,,,,,,
3114,9788172345204,The Bhagwat Gita,$0.97,,,,,,,,,(unknown),,,,,,,,,,,
2,9780861319503,A Journey on Bare Feet,$0.96,,,,,,,,,Orient BlackSwan,,,,,,,,,,,155
9,9780863113741,Chakra,$0.96,,,,,,,,,Orient BlackSwan,,,,,,,,,,,155
61,9788125013549,Lynx,$0.96,,,,,,,,,Orient BlackSwan,,,,,,,,,,,155
537,9788178121710,Dictionary of Economics,$0.96,,,,,,,,,Ramesh Publishing House,,,,,,,,,,,66
548,9788178121185,Handbook Of Proverbs: Smile,$0.96,,,,,,,,,Ramesh Publishing House,,,,,,,,,,,66
789,9788182962682,"Abhyas Pustika Vasant- 3 (based on NCERT textbooks) [Paperback] [Jan 01, 2017] Sukh Pal Gupta",$0.96,,,,,,,,,Arya Publishing Company,,,,,,,,,,,33
791,9788182960411,Bodhatmak Composite Ganith Kaksha - VIII,$0.96,,,,,,,,,Arya Publishing Company,,,,,,,,,,,33
794,9788182961135,"Develop Your Art Skills- 2 [Paperback] [Jan 01, 2017] Reeta Roy, Gautam Roy",$0.96,,,,,,,,,Arya Publishing Company,,,,,,,,,,,33
795,9788182961159,Develop Your Art Skills- 4,$0.96,,,,,,,,,Arya Publishing Company,,,,,,,,,,,33
796,9788182961166,Develop Your Art Skills- 5,$0.96,,,,,,,,,Arya Publishing Company,,,,,,,,,,,33
803,9788182965379,Katha Sangam Bhag-2,$0.96,,,,,,,,,Arya Publishing Company,,,,,,,,,,,33
810,9788178553467,Practice Questions in Mathematics-VII (With Model Test Papers),$0.96,,,,,,,,,Arya Publishing Company,,,,,,,,,,,33
845,9781423483908,Theme From Star Trek Discpl2,$0.96,,,,,,,,,Hal Leonard Corporation,,,,,,,,,,,29
856,9788131808658,B10-0252-075-CCE QB SOCIAL SC T-I X,$0.96,,,,,,,,,Laxmi Publications,,,,,,,,,,,29
869,9789380644219,Solutions to Academic CCE in Social Science X,$0.96,,,,,,,,,Laxmi Publications,,,,,,,,,,,29
888,9788176936064,MAD-How to Make Cartoons,$0.96,,,,,,,,,S.Chand (G/L) & Company Ltd,,,,,,,,,,,29
889,9788176936071,MAD-How to Make Sketches,$0.96,,,,,,,,,S.Chand (G/L) & Company Ltd,,,,,,,,,,,29
1007,9788120777354,Animals Basic Concepts,$0.96,,,,,,,,,STERLING PRESS PVT LTD,,,,,,,,,,,22
1009,9788120758926,Better Eyesight Without Glasses,$0.96,,,,,,,,,STERLING PRESS PVT LTD,,,,,,,,,,,22
1087,9788121616461,Bacteria Adaalat Mein,$0.96,,,,,,,,,Saraswati Trust,,,,,,,,,,,19
1088,9788121619639,"Betaal Pachchisi ki kahaniyan Part 2 [Paperback] [Jan 01, 2014] Beetal Bhat",$0.96,,,,,,,,,Saraswati Trust,,,,,,,,,,,19
1089,9788121617314,Bhaj Govindam Moodmate (H) PB (Hindi),$0.96,,,,,,,,,Saraswati Trust,,,,,,,,,,,19
1090,9788121616355,"Chandragupt Maurya: Mahan Samarat [Paperback] [Jan 01, 2011] Rajveer Singh Darshanik",$0.96,,,,,,,,,Saraswati Trust,,,,,,,,,,,19
1091,9788121618281,Chooha Pakda Gaya,$0.96,,,,,,,,,Saraswati Trust,,,,,,,,,,,19
1092,9788121619646,Doctor Ki Bimari Tatha Anya Natak,$0.96,,,,,,,,,Saraswati Trust,,,,,,,,,,,19
1094,9788121619172,Guru Govind Singh: Mahan Dharmrakshak,$0.96,,,,,,,,,Saraswati Trust,,,,,,,,,,,19
1095,9788121619905,Hamari Vaidic Sanskriti,$0.96,,,,,,,,,Saraswati Trust,,,,,,,,,,,19
1096,9788121619615,Mahabharat Ki Kahaniyan,$0.96,,,,,,,,,Saraswati Trust,,,,,,,,,,,19
1098,9788121609999,Maut ka Ghar,$0.96,,,,,,,,,Saraswati Trust,,,,,,,,,,,19
1099,9788121612562,Meera,$0.96,,,,,,,,,Saraswati Trust,,,,,,,,,,,19
1100,9788121616546,Naino Jadugar Tatha Anya Vigyan Kahaniyan (Hindi Edition),$0.96,,,,,,,,,Saraswati Trust,,,,,,,,,,,19
1101,9788121619608,Purano Ki Prerak Kahaniyan,$0.96,,,,,,,,,Saraswati Trust,,,,,,,,,,,19
1104,9788121617321,Siddhartha Se Gautam Buddha,$0.96,,,,,,,,,Saraswati Trust,,,,,,,,,,,19
1105,9788121619622,Vetaal Pachisi Ki Kahaniyan Part-I,$0.96,,,,,,,,,Saraswati Trust,,,,,,,,,,,19
1161,9788178120508,Group Discussion and Interviews,$0.96,,,,,,,,,RPH,,,,,,,,,,,15
1186,9788122203974,Japanese Sudoku,$0.96,,,,,,,,,Orient Paperbacks,,,,,,,,,,,14
1191,9788122203424,Natural Healing Secrets,$0.96,,,,,,,,,Orient Paperbacks,,,,,,,,,,,14
1378,9788175971912,PRIDE GOETH BEFORE A FALL,$0.96,,,,,,,,,Chinmaya Prakashan,,,,,,,,,,,8
1400,9788121610643,Jago Aur Jiyo (Hindi),$0.96,,,,,,,,,HPB/FC,,,,,,,,,,,8
1417,9788170522386,JIVANMUKTA GITA (Divine Life Society),$0.96,,,,,,,,,The Divine Life Society,,,,,,,,,,,7
1420,9788170521051,Mother Ganga,$0.96,,,,,,,,,The Divine Life Society,,,,,,,,,,,7
1421,9788170521877,Wisdom in Humour,$0.96,,,,,,,,,The Divine Life Society,,,,,,,,,,,7
1502,9788188569908,"Janmapatriketil Yoni, Gana ani Manushya Swabhav(Marathi)",$0.96,,,,,,,,,Indus Source Books,,,,,,,,,,,5
1701,9788182960329,மண் நிறத்தவன்,$0.96,,,,,,,,,APC BOOKS,,,,,,,,,,,2
1720,9789393304230,PHARMACOLOGY,$0.96,,,,,,,,,Brilliant Publication,,,,,,,,,,,2
1752,9781423475033,Folk Dances,$0.96,,,,,,,,,"G. Schirmer, Inc.",,,,,,,,,,,2
1813,9788171104024,Ishavasyopanishad (With the Bhashya of Shankaracharya),$0.96,,,,,,,,,Parimal Publications,,,,,,,,,,,2
1902,9789380152011,"Figure It Out - 2 [Paperback] [Jan 01, 2012] NA",$0.96,,,,,,,,,Ane Books Pvt. Ltd,,,,,,,,,,,1
1921,9788194085676,NUKKAD NATAK,$0.96,,,,,,,,,ASMI PRAKASHAN,,,,,,,,,,,1
1973,9789380152035,"Figure It Out - 4 [Paperback] [Jan 01, 2012] NA",$0.96,,,,,,,,,C J Fallon Ltd,,,,,,,,,,,1
1980,9781408062029,Close-Up C1: Teacher's Resource Pack,$0.96,,,,,,,,,Cengage Learning EMEA,,,,,,,,,,,1
2162,9781845570378,"Masters Of Literature: Far From The Madding Crowd [Paperback] [Jan 01, 2006] Thomas Hardy",$0.96,,,,,,,,,LIttle Scholarz Pvt. Ltd.,,,,,,,,,,,1
2186,9789352670062,"Animal Revolution, The War Begins",$0.96,,,,,,,,,MBSUN,,,,,,,,,,,1
2477,9789393304216,"A Textbook of Environmental Science, B.Pharma",$0.96,,,,,,,,,(unknown),,,,,,,,,,,
2483,9789393304209,"A Textbook of Pathophysiology, B.Pharma",$0.96,,,,,,,,,(unknown),,,,,,,,,,,
2487,9780970208163,A Valleyplace,$0.96,,,,,,,,,(unknown),,,,,,,,,,,
2605,9788120783805,Contributions to a History of Developmental Psychology: International William T. Preyer Symposium,$0.96,,,,,,,,,(unknown),,,,,,,,,,,
2790,9781423494584,Khachaturian: Aegina and Bacchanalia (from Spartacus),$0.96,,,,,,,,,(unknown),,,,,,,,,,,
2792,9788122306958,Kick Your Sugar Habit,$0.96,,,,,,,,,(unknown),,,,,,,,,,,
2880,9788120777330,"My Science Language Practice Book [Paperback] [Jan 01, 2017] Sterling",$0.96,,,,,,,,,(unknown),,,,,,,,,,,
2943,9780965656986,Paper Cut,$0.96,,,,,,,,,(unknown),,,,,,,,,,,
2971,9781423493624,"Prokofiev: March, Op. 99 - Critical Edition (Score & Set of Parts)",$0.96,,,,,,,,,(unknown),,,,,,,,,,,
3037,9781009813129,Shape It! Level 2 Student's Book and Workbook with Digital Pack Full Combo Second Edition,$0.96,,,,,,,,,(unknown),,,,,,,,,,,
3128,9788184777925,The Game of Life,$0.96,,,,,,,,,(unknown),,,,,,,,,,,
3204,9788170557487,Unki Awaz,$0.96,,,,,,,,,(unknown),,,,,,,,,,,
3258,9788131909911,படைப்புக்கலை,$0.96,,,,,,,,,(unknown),,,,,,,,,,,
3259,9788131911044,பூனையின் மனைவி,$0.96,,,,,,,,,(unknown),,,,,,,,,,,
3260,9788187812395,முக்தி ரகஸ்ய விளக்கமெனும் முமுட்சுப்படி,$0.96,,,,,,,,,(unknown),,,,,,,,,,,
916,9780143102243,Narak Yatra ka Sukh,$0.92,,,,,,,,,Penguin,,,,,,,,,,,28
588,9788178120454,Uttar Pradesh General Knowledge,$0.90,,,,,,,,,Ramesh Publishing House,,,,,,,,,,,66
966,9788170555810,Kucha lambī kavitāem̐ (Hindi Edition),$0.90,,,,,,,,,Vani Prakashan,,,,,,,,,,,24
1160,9788178121109,GROUP 'D' HINDI,$0.90,,,,,,,,,RPH,,,,,,,,,,,15
1165,9788186877555,Objective General English (Multiple Choice Questions),$0.90,,,,,,,,,RPH,,,,,,,,,,,15
2508,9788170420231,Aids To Microbiology And Infectious Diseases,$0.90,,,,,,,,,(unknown),,,,,,,,,,,
2629,9788125013815,Delhi,$0.90,,,,,,,,,(unknown),,,,,,,,,,,
2787,9788125054764,Kannada Beragu,$0.90,,,,,,,,,(unknown),,,,,,,,,,,
3217,9788170557036,Vishva Jyoti Bapu,$0.90,,,,,,,,,(unknown),,,,,,,,,,,
58,9788125008156,"KASHMIR : BAGHAWAT KI OR (HINDI) [Paperback] [Jan 01, 2012] BALRAJ PURI",$0.84,,,,,,,,,Orient BlackSwan,,,,,,,,,,,155
99,9780863112584,Once Upon a Raj: A Novel,$0.84,,,,,,,,,Orient BlackSwan,,,,,,,,,,,155
139,9788125008194,Spotlight: An Anthology of One Act Plays,$0.84,,,,,,,,,Orient BlackSwan,,,,,,,,,,,155
147,9788125002420,The agency raga and some variations,$0.84,,,,,,,,,Orient BlackSwan,,,,,,,,,,,155
148,9788125009368,The cape,$0.84,,,,,,,,,Orient BlackSwan,,,,,,,,,,,155
534,9788178120171,Current Popular Essays & Letters,$0.84,,,,,,,,,Ramesh Publishing House,,,,,,,,,,,66
539,9788178122137,Dictionary of Journalism & Mass Media,$0.84,,,,,,,,,Ramesh Publishing House,,,,,,,,,,,66
555,9788178120522,Military School (Class VI) Entrance Exam Guide: Admission Test (Popular Master Guide),$0.84,,,,,,,,,Ramesh Publishing House,,,,,,,,,,,66
567,9788178120706,Objective Physics,$0.84,,,,,,,,,Ramesh Publishing House,,,,,,,,,,,66
709,9788121613781,Teach Yourself the Art of Conversation,$0.84,,,,,,,,,Hind Pocket Books,,,,,,,,,,,37
788,9788182962194,Abhyas Pustika Vasant - 2 (Based on NCERT textbooks),$0.84,,,,,,,,,Arya Publishing Company,,,,,,,,,,,33
864,9788131804827,Comprehensive Practical Science X (Hindi Medium),$0.84,,,,,,,,,Laxmi Publications,,,,,,,,,,,29
877,9789351212225,Balan the Baby Bat: Amazing Animal Kingdom [Paperback],$0.84,,,,,,,,,S.Chand (G/L) & Company Ltd,,,,,,,,,,,29
881,9788184976274,Eric and the Peculiar Pong (Fiction),$0.84,,,,,,,,,S.Chand (G/L) & Company Ltd,,,,,,,,,,,29
883,9789351212430,Ganesha and the Mouse: Mythology,$0.84,,,,,,,,,S.Chand (G/L) & Company Ltd,,,,,,,,,,,29
884,9789351211730,Heidi: Classics,$0.84,,,,,,,,,S.Chand (G/L) & Company Ltd,,,,,,,,,,,29
886,9789351212331,Jackal Who Killed No Elephants: Panchatantra,$0.84,,,,,,,,,S.Chand (G/L) & Company Ltd,,,,,,,,,,,29
887,9788184974591,"KABULIWALA-URDU [Paperback] [Jan 01, 2017] BPI",$0.84,,,,,,,,,S.Chand (G/L) & Company Ltd,,,,,,,,,,,29
896,9788184979497,"SAMAY KA PABAND AMAN -HINDI [Paperback] [Jan 01, 2017] BPI",$0.84,,,,,,,,,S.Chand (G/L) & Company Ltd,,,,,,,,,,,29
900,9789351212317,Thangam the Turtle: Amazing Animal Kingdom,$0.84,,,,,,,,,S.Chand (G/L) & Company Ltd,,,,,,,,,,,29
901,9789351212157,The Donkey Learns a Lesson: Aesops Fables,$0.84,,,,,,,,,S.Chand (G/L) & Company Ltd,,,,,,,,,,,29
902,9789351212409,The Wise Brahmin: Panchatantra,$0.84,,,,,,,,,S.Chand (G/L) & Company Ltd,,,,,,,,,,,29
903,9789351212218,The Wise Owl and the Foolish Birds: Aesops Fables,$0.84,,,,,,,,,S.Chand (G/L) & Company Ltd,,,,,,,,,,,29
920,9781423417781,Slam,$0.84,,,,,,,,,Penguin,,,,,,,,,,,28
1018,9788120748675,Pinocchio [Hardcover],$0.84,,,,,,,,,STERLING PRESS PVT LTD,,,,,,,,,,,22
1038,9789388632041,Together With ICSE Chemistry Practical Manual for Class 10,$0.84,,,,,,,,,Rachna Sagar,,,,,,,,,,,20
1045,9788181377418,Together with New Mathematics Practice Worksheets for Class 7,$0.84,,,,,,,,,Rachna Sagar,,,,,,,,,,,20
1093,9788121616393,Dosti Mein Garibi Aade Nahi Aati (Hindi Edition),$0.84,,,,,,,,,Saraswati Trust,,,,,,,,,,,19
1097,9788121616256,Mangal ki Yatra [Paperback],$0.84,,,,,,,,,Saraswati Trust,,,,,,,,,,,19
1103,9788121618601,Shikshaprad Dharmik Kathayein,$0.84,,,,,,,,,Saraswati Trust,,,,,,,,,,,19
1133,9780965656962,Odysseus & The Sirens Bdqst4: Bandquest Series Grade 4,$0.84,,,,,,,,,"Atlantic Publishers and Distributors (P) Ltd., 7/22, Ansari Road, Darya Ganj, New Delhi - 110002 INDIA, Email – customercare@atlanticbooks.com, Ph – 011-47320500",,,,,,,,,,,15
1192,9788122201291,Nirbhay Bano Utsah Se Jiyo,$0.84,,,,,,,,,Orient Paperbacks,,,,,,,,,,,14
1194,9788122203226,Quick to Solve Brainteasers,$0.84,,,,,,,,,Orient Paperbacks,,,,,,,,,,,14
1284,9781423414452,ROSSANO GALANTE: THE REDWOODS,$0.84,,,,,,,,,"G Schirmer, Incorporated",,,,,,,,,,,12
1336,9788182961531,Prayogatmak Pustak Ganit Class- IX,$0.84,,,,,,,,,Avichal Publishing Company,,,,,,,,,,,9
1346,9788176559164,Ten Classic Adventure Stories,$0.84,,,,,,,,,BSCHO,,,,,,,,,,,9
1370,9781009811866,Own it! Level 1 Teacher's Book with Digital Pack Second Edition,$0.84,,,,,,,,,Cambridge University Press,,,,,,,,,,,8
1418,9788170521723,Know Thy Self,$0.84,,,,,,,,,The Divine Life Society,,,,,,,,,,,7
1463,9788172761011,"Life Education and The Quest For Truth an integrated and scientific approach, presented in capsule form",$0.84,,,,,,,,,Bharatiya Vidya Bhavan,,,,,,,,,,,6
1520,9788122304510,Kisse Hi Kisse,$0.84,,,,,,,,,Pustak Mahal,,,,,,,,,,,5
1525,9789350361016,My Mother taught me Origami (Hindi),$0.84,,,,,,,,,Ratna Sagar Private Limited,,,,,,,,,,,5
1526,9789350360934,Popo's Tail (Bengali),$0.84,,,,,,,,,Ratna Sagar Private Limited,,,,,,,,,,,5
1528,9789350360927,Tiger Call (Bengali),$0.84,,,,,,,,,Ratna Sagar Private Limited,,,,,,,,,,,5
1559,9781009811767,Own it! Level 3 Teacher's Book with Digital Pack Second Edition,$0.84,,,,,,,,,Cambridge University Press and Assessment,,,,,,,,,,,4
1718,9788176936453,"RAM KA PAYARA DOST HANUMAN [Paperback] [Jan 01, 2017] BPI",$0.84,,,,,,,,,Bpi (India) Pvt Ltd.,,,,,,,,,,,2
1780,9780976663089,Climber's Guide To Frustration Creek and Surrounding Areas by Louie Anderson,$0.84,,,,,,,,,Louie Anderson,,,,,,,,,,,2
1781,9780976663041,Ten Sleep Canyon Climbing,$0.84,,,,,,,,,Louie Anderson,,,,,,,,,,,2
1961,9789572954195,Overcoming Temptations,$0.84,,,,,,,,,Bread of Life Christian Church,,,,,,,,,,,1
1964,9788120789203,நினைத்ததை நடத்தி வைக்கும் யந்திரங்கள்,$0.84,,,,,,,,,Brijbasi Art Press,,,,,,,,,,,1
2054,9788120727502,Islamic Stories,$0.84,,,,,,,,,Evans Brothers Ltd,,,,,,,,,,,1
2330,9788120752733,"Tom Sawyer [Paperback] [Jan 01, 2017] Sterling",$0.84,,,,,,,,,Sheba Blake Publishing,,,,,,,,,,,1
2447,9781781750230,Snow White,$0.84,,,,,,,,,Yoyo Books,,,,,,,,,,,1
2521,9788184979428,Art & Craft 3,$0.84,,,,,,,,,(unknown),,,,,,,,,,,
2533,9781423474999,Barber: Commando March (Score + Set of Parts),$0.84,,,,,,,,,(unknown),,,,,,,,,,,
2576,9788178121079,Career/Competitive Exam Directory,$0.84,,,,,,,,,(unknown),,,,,,,,,,,
2673,9788122309218,Essence of Maharishi Patanjali's Ashtang Yoga,$0.84,,,,,,,,,(unknown),,,,,,,,,,,
2736,9780863115080,Harvest of Light,$0.84,,,,,,,,,(unknown),,,,,,,,,,,
2791,9788123735429,Khela-khela meṃ,$0.84,,,,,,,,,(unknown),,,,,,,,,,,
2862,9781423414490,Menotti: Shepherd's Dance (from Amahl and the Night Visitors),$0.84,,,,,,,,,(unknown),,,,,,,,,,,
2903,9788125007555,Number Ways: Primer B,$0.84,,,,,,,,,(unknown),,,,,,,,,,,
3038,9781009813259,Shape It! Level 3 Teacher's Book with Digital Pack Second Edition,$0.84,,,,,,,,,(unknown),,,,,,,,,,,
3065,9780863114618,Striker Stopper,$0.84,,,,,,,,,(unknown),,,,,,,,,,,
3184,9788174142931,Tipitaka Men Samyak Sambuddha Part -6,$0.84,,,,,,,,,(unknown),,,,,,,,,,,
3186,9780984094981,"Tobin, the Stonemasters, and Me 1970 - 1980",$0.84,,,,,,,,,(unknown),,,,,,,,,,,
3189,9788181370938,Together With Expressions English Worksheets-3 [Paperback] Rachna Sagar,$0.84,,,,,,,,,(unknown),,,,,,,,,,,
471,9788184775914,GET THE FACTS: WORLD,$0.83,,,,,,,,,Scholastic,,,,,,,,,,,72
1626,9781509820849,Kindred Spirits: World Book Day Edition 2016,$0.83,,,,,,,,,Macmillan Children's Books,,,,,,,,,,,3
2060,9788172344016,To Live Once Again,$0.83,,,,,,,,,Fingerprint,,,,,,,,,,,1
2700,9789351034131,"GRAMMAR TALES: A VERB FOR HERB [Paperback] [Jan 01, 2017] MARIA FLEMING",$0.83,,,,,,,,,(unknown),,,,,,,,,,,
2713,9788175259621,Green Top In Goa,$0.83,,,,,,,,,(unknown),,,,,,,,,,,
1141,9788123907680,Blood Pressure,$0.82,,,,,,,,,CBS,,,,,,,,,,,15
1977,9788123901176,Newnes Television And Video Engineer's Pocket Book,$0.82,,,,,,,,,cbspd,,,,,,,,,,,1
3005,9788123926742,SARP DERMATOLOGY (PB 2006),$0.82,,,,,,,,,(unknown),,,,,,,,,,,
907,9788121620963,BHABVISHYAPHAL 2019 MAKAR,$0.78,,,,,,,,,Penguin,,,,,,,,,,,28
908,9788121620970,BHAVISHYAPHAL 2019 KUMBH,$0.78,,,,,,,,,Penguin,,,,,,,,,,,28
909,9788121620871,BHAVISHYAPHAL 2019 MESH,$0.78,,,,,,,,,Penguin,,,,,,,,,,,28
910,9788121620932,BHAVISHYAPHAL 2019 TULA,$0.78,,,,,,,,,Penguin,,,,,,,,,,,28
911,9788121620888,BHAVISHYAPHAL 2019 VRISHABH,$0.78,,,,,,,,,Penguin,,,,,,,,,,,28
927,9788121620901,Varshik Rashifal (12 Booklets) Crab (????),$0.78,,,,,,,,,Penguin,,,,,,,,,,,28
928,9788121620918,Varshik Rashifal (12 Booklets) Leo (????) [Paperback] SURESH SHRIMALI,$0.78,,,,,,,,,Penguin,,,,,,,,,,,28
929,9788121620987,Varshik Rashifal (12 Booklets) Pisces (???) [Paperback] SURESH SHRIMALI,$0.78,,,,,,,,,Penguin,,,,,,,,,,,28
930,9788121620956,Varshik Rashifal (12 Booklets) Sagittarius (???) [Paperback] SURESH SHRIMALI,$0.78,,,,,,,,,Penguin,,,,,,,,,,,28
931,9788121620925,Varshik Rashifal (12 Booklets) Virgo (?????) [Paperback] SURESH SHRIMALI,$0.78,,,,,,,,,Penguin,,,,,,,,,,,28
960,9788126309856,BAZAR MEIN RAMDHAN,$0.78,,,,,,,,,Vani Prakashan,,,,,,,,,,,24
961,9788170553649,Geet Farosh: Samvedana Aur Shilp,$0.78,,,,,,,,,Vani Prakashan,,,,,,,,,,,24
968,9788170554455,Manadarpana (Hindi Edition),$0.78,,,,,,,,,Vani Prakashan,,,,,,,,,,,24
1153,9788123904351,Sanskrit Vangamaya,$0.77,,,,,,,,,CBS,,,,,,,,,,,15
3233,9789361569579,Yoga For Super Immunity Custom Edition,$0.77,,,,,,,,,(unknown),,,,,,,,,,,
1575,9781907360275,Classic Tales of the Macabre (Collector's Library),$0.74,,,,,,,,,Pan Macmillan UK,,,,,,,,,,,4
1576,9781909621107,Love Poetry (Collector's Library),$0.74,,,,,,,,,Pan Macmillan UK,,,,,,,,,,,4
20,9780863113826,"Fire, water, earth, and wind: Selected poems of Purushottam Shivram Rege",$0.72,,,,,,,,,Orient BlackSwan,,,,,,,,,,,155
59,9788125014386,Legends of Devi,$0.72,,,,,,,,,Orient BlackSwan,,,,,,,,,,,155
145,9780863112812,"The Long, Long Days",$0.72,,,,,,,,,Orient BlackSwan,,,,,,,,,,,155
151,9780863114564,Time's crossroads,$0.72,,,,,,,,,Orient BlackSwan,,,,,,,,,,,155
155,9780861319985,We Have Arrived in Amritsar and Other Stories,$0.72,,,,,,,,,Orient BlackSwan,,,,,,,,,,,155
820,9781423431275,A Shepherd's Carol,$0.72,,,,,,,,,Hal Leonard Corporation,,,,,,,,,,,29
836,9781423442158,Korean Folk Rhapsody,$0.72,,,,,,,,,Hal Leonard Corporation,,,,,,,,,,,29
842,9781423471288,SANTA'S HOLIDAY PLAYLIST (CD),$0.72,,,,,,,,,Hal Leonard Corporation,,,,,,,,,,,29
868,9789380644271,Solutions to Academic CCE in Hindi X B (Course B),$0.72,,,,,,,,,Laxmi Publications,,,,,,,,,,,29
876,9798176933635,Amazing Animal Kingdom-Meena (Hindi),$0.72,,,,,,,,,S.Chand (G/L) & Company Ltd,,,,,,,,,,,29
899,9788176762410,Tales from Panchatantra,$0.72,,,,,,,,,S.Chand (G/L) & Company Ltd,,,,,,,,,,,29
1011,9788120780996,Level 1 - Express Yourself,$0.72,,,,,,,,,STERLING PRESS PVT LTD,,,,,,,,,,,22
1012,9788120781009,Level 1: World of Science,$0.72,,,,,,,,,STERLING PRESS PVT LTD,,,,,,,,,,,22
1013,9788120783386,Level 2 - Express Yourself,$0.72,,,,,,,,,STERLING PRESS PVT LTD,,,,,,,,,,,22
1014,9788120781047,Level 2 - Words and More,$0.72,,,,,,,,,STERLING PRESS PVT LTD,,,,,,,,,,,22
1015,9788120783409,Level 3 - Express Yourself,$0.72,,,,,,,,,STERLING PRESS PVT LTD,,,,,,,,,,,22
1184,9788122203462,Cunning Mind Bending Puzzles,$0.72,,,,,,,,,Orient Paperbacks,,,,,,,,,,,14
1185,9788122202168,Great Theme Party for Children,$0.72,,,,,,,,,Orient Paperbacks,,,,,,,,,,,14
1188,9788122203479,Mesmerizing Mind Bending Puzzles,$0.72,,,,,,,,,Orient Paperbacks,,,,,,,,,,,14
1189,9788122202656,Mighty Mini Bogglers: A Mensa Book,$0.72,,,,,,,,,Orient Paperbacks,,,,,,,,,,,14
1190,9788122202601,Mystifying Math Puzzles,$0.72,,,,,,,,,Orient Paperbacks,,,,,,,,,,,14
1376,9788175970045,KAPIL GEETA,$0.72,,,,,,,,,Chinmaya Prakashan,,,,,,,,,,,8
1464,9788172764241,Lord Ayyappan The Dharma Sasta,$0.72,,,,,,,,,Bharatiya Vidya Bhavan,,,,,,,,,,,6
1466,9788172764937,Our Duty,$0.72,,,,,,,,,Bharatiya Vidya Bhavan,,,,,,,,,,,6
1467,9788172761448,Sadaa Shanti (Perpetual Peace),$0.72,,,,,,,,,Bharatiya Vidya Bhavan,,,,,,,,,,,6
1554,9788131902776,Organon de Medicina/ Organon of Medicine: Un vistazo para estudiantes de medicina/ An overview for medical students (Spanish Edition),$0.72,,,,,,,,,BJAIN Publishers Pvt. Ltd.,,,,,,,,,,,4
1567,9781586131029,Falun Dafa: Essentials for Further Advancement,$0.72,,,,,,,,,Health Harmony,,,,,,,,,,,4
1569,9788170215325,Homeopathy and Acupuncture,$0.72,,,,,,,,,Health Harmony,,,,,,,,,,,4
1608,9788170213758,Diabetes Mellitus,$0.72,,,,,,,,,B Jain Publishers Pvt Ltd,,,,,,,,,,,3
2259,9780907633662,Amenable Women,$0.72,,,,,,,,,Psychology News Press Ltd,,,,,,,,,,,1
2501,9780863112669,Abhimanyu,$0.72,,,,,,,,,(unknown),,,,,,,,,,,
2503,9788180561603,Access the Power of Your Higher Self,$0.72,,,,,,,,,(unknown),,,,,,,,,,,
2509,9788131901168,Alchemy of the Heart,$0.72,,,,,,,,,(unknown),,,,,,,,,,,
2697,9789357431682,GARAM PAHAD AUR ANYA KAHANIYAN (Punjabi),$0.72,,,,,,,,,(unknown),,,,,,,,,,,
3027,9788125003861,Science Alive 5,$0.72,,,,,,,,,(unknown),,,,,,,,,,,
3042,9781423429449,Shostakovich: Symphony No. 5 – Finale (Excerpts),$0.72,,,,,,,,,(unknown),,,,,,,,,,,
3050,9788123703671,Sona's Adventures(Malayalam),$0.72,,,,,,,,,(unknown),,,,,,,,,,,
3092,9781423471509,THE SHEPHERDS' FAREWELL TO THE HOLY FAMILY,$0.72,,,,,,,,,(unknown),,,,,,,,,,,
3161,9788170594437,The Smaller Buddhist Catechism,$0.72,,,,,,,,,(unknown),,,,,,,,,,,
3212,9788189091057,Vichar Darpan - I fopkj niZ.k&1 (Hindi),$0.72,,,,,,,,,(unknown),,,,,,,,,,,
3218,9788123723235,Vishwa ko Badal Dene Wale Aavishkar ( ),$0.72,,,,,,,,,(unknown),,,,,,,,,,,
3223,9781423494492,Waltz No. 2,$0.72,,,,,,,,,(unknown),,,,,,,,,,,
1875,9780687344222,"Sanctuary for Lent 2005, Large Print Edition",$0.71,,,,,,,,,Abingdon Pr,,,,,,,,,,,1
2785,9789382000389,Junior Maths Activity-03,$0.71,,,,,,,,,(unknown),,,,,,,,,,,
2620,9780143421344,DOSE OF LAUGHTER-SPLSL- ARISTO,$0.67,,,,,,,,,(unknown),,,,,,,,,,,
525,9788178121574,Business Awareness: For Management Entrance Exams (Popular Master Guide),$0.66,,,,,,,,,Ramesh Publishing House,,,,,,,,,,,66
549,9788178122809,Hillarious Jokes,$0.66,,,,,,,,,Ramesh Publishing House,,,,,,,,,,,66
553,9788178120782,M .P (G.K) HINDI,$0.66,,,,,,,,,Ramesh Publishing House,,,,,,,,,,,66
573,9788186877814,Popular Paragraph Writing,$0.66,,,,,,,,,Ramesh Publishing House,,,,,,,,,,,66
577,9788178122328,"Senior English Quiz Book [Paperback] [Jan 01, 2017] H S Bhatia [Paperback] [Jan 01, 2017] H S Bhatia",$0.66,,,,,,,,,Ramesh Publishing House,,,,,,,,,,,66
1146,9788123903507,Control Technology for Formulation and Packing of Pesticides,$0.66,,,,,,,,,CBS,,,,,,,,,,,15
1154,9788123903231,Solved Examples Electrical Calculations (Hindi),$0.66,,,,,,,,,CBS,,,,,,,,,,,15
1143,9788123903415,Calculus - Differential and Integral,$0.61,,,,,,,,,CBS,,,,,,,,,,,15
94,9780863112843,No entry for the new Sun: Translations from modern Marathi Dalit poetry,$0.60,,,,,,,,,Orient BlackSwan,,,,,,,,,,,155
814,9788182963351,TAGORE GITAWALI,$0.60,,,,,,,,,Arya Publishing Company,,,,,,,,,,,33
824,9781423425854,Forty Winks 'Til Christmas,$0.60,,,,,,,,,Hal Leonard Corporation,,,,,,,,,,,29
840,9781423435471,Nightmare Before Christmas,$0.60,,,,,,,,,Hal Leonard Corporation,,,,,,,,,,,29
1286,9781423415336,SHEPHERD'S DANCE,$0.60,,,,,,,,,"G Schirmer, Incorporated",,,,,,,,,,,12
1375,9788175971059,BEYOND SORROW (*),$0.60,,,,,,,,,Chinmaya Prakashan,,,,,,,,,,,8
1437,9788178694450,Breakfast Recipes - Vegetarian,$0.60,,,,,,,,,Snab Publishers,,,,,,,,,,,7
1438,9788178694542,Favourite Snacks - Vegetarian,$0.60,,,,,,,,,Snab Publishers,,,,,,,,,,,7
1504,9788175542235,30 Minutes: To Plan a Project,$0.60,,,,,,,,,Kogan Page India Private Limited,,,,,,,,,,,5
1552,9788180561528,Cure: Asthma And Bronchitis With Herbs And Nutrition: 1 (Herbalism Series),$0.60,,,,,,,,,BJAIN Publishers Pvt. Ltd.,,,,,,,,,,,4
1560,9781009809887,Power Up Level 3 Pupil's Book with eBook (Cambridge Primary Exams),$0.60,,,,,,,,,Cambridge University Press and Assessment,,,,,,,,,,,4
1797,9788172293383,Sankshipta Bapuni Jhanki (Gujarati Edition),$0.60,,,,,,,,,Navjivan Trust,,,,,,,,,,,2
1829,9781423400134,SAMUEL BARBER: ADAGIO FOR STRINGS (ARR. HOFFMAN),$0.60,,,,,,,,,SCHIRMER,,,,,,,,,,,2
1996,9780899009322,The Chronological Life of Christ,$0.60,,,,,,,,,College Press Publishing Company,,,,,,,,,,,1
2004,9780863111341,Looking back (Disha poetry),$0.60,,,,,,,,,Crabwise Press,,,,,,,,,,,1
2085,9788179506691,Stotra Ratna Haram-3,$0.60,,,,,,,,,Giri Trading Agency Private Limited,,,,,,,,,,,1
2094,9781423407188,Way You Look Tonight Jel4,$0.60,,,,,,,,,Hal Leonard Corp,,,,,,,,,,,1
2114,9788186569207,"Quest for Truth followed by Time, Space and Man",$0.60,,,,,,,,,Indica Books,,,,,,,,,,,1
2168,9781446728918,Embracing Orenda,$0.60,,,,,,,,,Lulu Press Inc,,,,,,,,,,,1
2195,9780996109703,Angels and Your Other Unseen Friends,$0.60,,,,,,,,,multidimensional,,,,,,,,,,,1
2242,9780984112197,Walking Off Your Map,$0.60,,,,,,,,,Personality Insights Press,,,,,,,,,,,1
2283,9780993164255,Ramblings of a Distracted Doctor,$0.60,,,,,,,,,Redcap Publishing,,,,,,,,,,,1
2349,9780856676598,Angus Fairhurst,$0.60,,,,,,,,,Sotheby's,,,,,,,,,,,1
2427,9780956156648,"I love my world: Stories, games, activities and skills to help us all care for the planet we call home",$0.60,,,,,,,,,Wholeland Nature Connection,,,,,,,,,,,1
2458,9788175542136,30 Minutes: To Brainstorm Great Ideas,$0.60,,,,,,,,,(unknown),,,,,,,,,,,
2459,9788175542211,30 Minutes: To Motivate Your Staff [Paperback] Patrick Forsyth,$0.60,,,,,,,,,(unknown),,,,,,,,,,,
2554,9781423466260,Brown Eyed Girl,$0.60,,,,,,,,,(unknown),,,,,,,,,,,
2788,9788170557210,Kashi Ka Julaha,$0.60,,,,,,,,,(unknown),,,,,,,,,,,
2824,9788172296308,MAHILA SWASTHYA KI SAMASYAEN EVAM SARKARI SUVIDHAEN,$0.60,,,,,,,,,(unknown),,,,,,,,,,,
2938,9781398306707,PIRA for Scotland First Level (P1-P4) Manual (Progress in Reading,$0.60,,,,,,,,,(unknown),,,,,,,,,,,
2939,9781398306714,PIRA for Scotland Second Level (P5-P7) Manual (Progress in Reading,$0.60,,,,,,,,,(unknown),,,,,,,,,,,
3045,9780001080324,Six One Act Plays (md Priscription),$0.60,,,,,,,,,(unknown),,,,,,,,,,,
3080,9788123711027,TAILS,$0.60,,,,,,,,,(unknown),,,,,,,,,,,
3248,9788120770881,இஸ்லாமிய சட்ட விளக்கம்,$0.60,,,,,,,,,(unknown),,,,,,,,,,,
62,9788125014225,Madan and Saif,$0.48,,,,,,,,,Orient BlackSwan,,,,,,,,,,,155
818,9781423473626,A Bear-y Merry Holiday,$0.48,,,,,,,,,Hal Leonard Corporation,,,,,,,,,,,29
821,9781423473565,ARF! +CD,$0.48,,,,,,,,,Hal Leonard Corporation,,,,,,,,,,,29
831,9781423498391,I Can Feel the Rhythm: (8 Rhythm-Teaching Chorals Using Vocal Speech),$0.48,,,,,,,,,Hal Leonard Corporation,,,,,,,,,,,29
891,9788184979145,Pre - Mathematics Activity,$0.48,,,,,,,,,S.Chand (G/L) & Company Ltd,,,,,,,,,,,29
1008,9788171819652,Avyaktyam,$0.48,,,,,,,,,STERLING PRESS PVT LTD,,,,,,,,,,,22
1010,9788120746565,Fruits,$0.48,,,,,,,,,STERLING PRESS PVT LTD,,,,,,,,,,,22
1016,9788178625072,MENTAL MATHEMATICS 5,$0.48,,,,,,,,,STERLING PRESS PVT LTD,,,,,,,,,,,22
1266,9781398423848,One: Monologues for Young Performers,$0.48,,,,,,,,,Austin Macauley Publishers,,,,,,,,,,,12
1349,9780853185727,"Freemasonry: Material, Moral, and Mystical",$0.48,,,,,,,,,Lewis Masonic,,,,,,,,,,,9
1353,9780853185710,Rediscovered Rituals of English Freemasonry,$0.48,,,,,,,,,Lewis Masonic,,,,,,,,,,,9
1373,9781009232845,Terror Disrupted,$0.48,,,,,,,,,Cambridge University Press,,,,,,,,,,,8
1374,9781009169370,The Cambridge Companion to Florence B. Price (Cambridge Companions to Music),$0.48,,,,,,,,,Cambridge University Press,,,,,,,,,,,8
1377,9788175974968,OM SHANTIH SHANTIH SHANTIH (*),$0.48,,,,,,,,,Chinmaya Prakashan,,,,,,,,,,,8
1541,9788184353006,Hidden Desires vs. Reality,$0.48,,,,,,,,,Adhyayan Publishers & Distributors,,,,,,,,,,,4
1822,9780854023301,An Organist Remembers,$0.48,,,,,,,,,Royal School of Church Music,,,,,,,,,,,2
1837,9781448313600,"The Rowan (A Rowan Novel, 1)",$0.48,,,,,,,,,Severn House,,,,,,,,,,,2
1941,9780876392386,Audio Mastering Essention Practics | Step by Step sheet Book on Mixing Mastering and Sound Improvement | Professional Techniques for Home Studio Musicians Teachers and Modern Music Learners,$0.48,,,,,,,,,Berklee Press Publications,,,,,,,,,,,1
1976,9780983058908,On A Slow Plane Through Arkansas: A Cookbook for Fly-In's and Gatherings,$0.48,,,,,,,,,Cauldron Bubble Press,,,,,,,,,,,1
2160,9780956343802,Seasons: An Inspirational Journey,$0.48,,,,,,,,,Lime Walk Press,,,,,,,,,,,1
2243,9780857111128,Chronotherapeutics,$0.48,,,,,,,,,Pharmaceutical Press,,,,,,,,,,,1
2251,9780981526461,Bhakti Yoga: The Path of Love,$0.48,,,,,,,,,Prabhuji Mission,,,,,,,,,,,1
2375,9780992046071,Finding Our Way: An Improbable Romance in Three Parts,$0.48,,,,,,,,,Storeylines Press,,,,,,,,,,,1
2378,9780983322528,Washington Pass Climbing,$0.48,,,,,,,,,SuperTopo,,,,,,,,,,,1
2464,9781423476511,A Bugz Christmas,$0.48,,,,,,,,,(unknown),,,,,,,,,,,
2580,9788122202892,Challenging Brainteasers,$0.48,,,,,,,,,(unknown),,,,,,,,,,,
2584,9780903908283,Cheshire and Merseyside Sandstone (BMC),$0.48,,,,,,,,,(unknown),,,,,,,,,,,
2588,9780902940215,Climbs in the Burren & Aran Islands,$0.48,,,,,,,,,(unknown),,,,,,,,,,,
2608,9780902940239,Cordee Wicklow Climbing Guide -,$0.48,,,,,,,,,(unknown),,,,,,,,,,,
2676,9781009806725,Evolve Level 2a Student's Book with Digital Pack,$0.48,,,,,,,,,(unknown),,,,,,,,,,,
2677,9781009806039,Evolve Level 2b Student's Book with Digital Pack,$0.48,,,,,,,,,(unknown),,,,,,,,,,,
2783,9788125012344,Johann Gutenberg (Hindi),$0.48,,,,,,,,,(unknown),,,,,,,,,,,
2795,9788179506431,Kulashekharazhvar's Sri Mukunda Mala Sanskrit Text English Transliteration with Meaning,$0.48,,,,,,,,,(unknown),,,,,,,,,,,
2952,9788120764583,Pepper at the table,$0.48,,,,,,,,,(unknown),,,,,,,,,,,
3055,9788125010852,Sri Sai Science of Vaastu (Model Plans),$0.48,,,,,,,,,(unknown),,,,,,,,,,,
3113,9781423476450,The Bear Went Over the Mountain,$0.48,,,,,,,,,(unknown),,,,,,,,,,,
3142,9780982738573,"The Metabolic Typing Cookbook for 2-A, Parasympathetic",$0.48,,,,,,,,,(unknown),,,,,,,,,,,
3191,9781423459033,Tower: Copperwave,$0.48,,,,,,,,,(unknown),,,,,,,,,,,
3246,9788172297091,இன்னா நாற்பது இனியவை நாற்பது மூலமும் உரையும்,$0.48,,,,,,,,,(unknown),,,,,,,,,,,
823,9781423425786,December 'Round the World: An International Holiday Celebration (Teacher's Edition),$0.36,,,,,,,,,Hal Leonard Corporation,,,,,,,,,,,29
832,9781423467335,I Dreamed a Dream Lojeski Shwtx CD,$0.36,,,,,,,,,Hal Leonard Corporation,,,,,,,,,,,29
833,9781423441335,It's My Party,$0.36,,,,,,,,,Hal Leonard Corporation,,,,,,,,,,,29
839,9781423476610,NORTH POLE MUSICAL,$0.36,,,,,,,,,Hal Leonard Corporation,,,,,,,,,,,29
841,9781423421474,One Tin Soldier,$0.36,,,,,,,,,Hal Leonard Corporation,,,,,,,,,,,29
846,9781423469568,We need a little christmas chant (cd),$0.36,,,,,,,,,Hal Leonard Corporation,,,,,,,,,,,29
1006,9788184850161,AMAN KRANTI,$0.36,,,,,,,,,STERLING PRESS PVT LTD,,,,,,,,,,,22
1125,9781423414636,Angels We Have Heard on High (Les Anges Dans Nos Compagnes),$0.36,,,,,,,,,"Atlantic Publishers and Distributors (P) Ltd., 7/22, Ansari Road, Darya Ganj, New Delhi - 110002 INDIA, Email – customercare@atlanticbooks.com, Ph – 011-47320500",,,,,,,,,,,15
1136,9781423464389,Sing on Sight: A Practical Sight-Singing Course Level 2 Teachers Edition (2 or 3-part mixed),$0.36,,,,,,,,,"Atlantic Publishers and Distributors (P) Ltd., 7/22, Ansari Road, Darya Ganj, New Delhi - 110002 INDIA, Email – customercare@atlanticbooks.com, Ph – 011-47320500",,,,,,,,,,,15
1273,9781398444874,The Story of My Working Life,$0.36,,,,,,,,,Austin Macauley Publishers,,,,,,,,,,,12
1276,9781423414612,"ARR. CARY RATCLIFF: JOSEPH DEAREST, JOSEPH MINE (JOSEF LIEBER, JOSEF MEIN)",$0.36,,,,,,,,,"G Schirmer, Incorporated",,,,,,,,,,,12
1277,9781423439233,Brahms: How Lovely Is Thy Dwelling Place,$0.36,,,,,,,,,"G Schirmer, Incorporated",,,,,,,,,,,12
1351,9780853185840,In search of that which was Lost,$0.36,,,,,,,,,Lewis Masonic,,,,,,,,,,,9
1352,9780853182955,Masonic Lodge and Chapter Music,$0.36,,,,,,,,,Lewis Masonic,,,,,,,,,,,9
1369,9781009108850,Mathematics For Machine Learning,$0.36,,,,,,,,,Cambridge University Press,,,,,,,,,,,8
1419,9788170522379,Light on the Yoga Way of Life,$0.36,,,,,,,,,The Divine Life Society,,,,,,,,,,,7
1441,9788178693941,Tiffin Recipes - Vegetarian,$0.36,,,,,,,,,Snab Publishers,,,,,,,,,,,7
1442,9788178693972,Tikka Kebab - Non-Vegetarian Recipes,$0.36,,,,,,,,,Snab Publishers,,,,,,,,,,,7
1698,9780978686604,"Jewish Chronicles: How the Jewish Nation Will Turn in Faith to Rabbi Jesus of Nazareth, and Become the Most Militant Christian Nation in History! (Prophecy Trilogy)",$0.36,,,,,,,,,Angleofentry.com,,,,,,,,,,,2
1699,9780978686697,Revealing the Christian Age: A Synthesis and Analysis of the Prophets and Revelation (Prophecy Trilogy),$0.36,,,,,,,,,Angleofentry.com,,,,,,,,,,,2
1811,9781405991339,The Impossible Fortune: The new novel in the Sunday Times bestselling murder mystery series (The Thursday Murder Club),$0.36,,,,,,,,,Pamela Dorman Books,,,,,,,,,,,2
1842,9781408736760,100 Rules for Living to 100: An Optimist's Guide to a Happy Life - the inspirational book from the legendary Dick Van Dyke on his 100th birthday,$0.36,,,,,,,,,Sphere,,,,,,,,,,,2
1843,9781408732892,Tom Clancy Executive Power: The unputdownable new Jack Ryan thriller,$0.36,,,,,,,,,Sphere,,,,,,,,,,,2
1845,9788178233338,Nagmahasaya: A Saintly Householder Disciple of Sri Ramakrishna,$0.36,,,,,,,,,Sri Ramakrishna Math,,,,,,,,,,,2
1863,9781434436511,Guide to Trolley Model Building,$0.36,,,,,,,,,Wildside Press,,,,,,,,,,,2
1870,9780984948703,Pirates: The Ring of Hope,$0.36,,,,,,,,,10 to 2 Children's Books,,,,,,,,,,,1
1872,9780998553993,"WHERE SHADOWS BREATHE AND TRUTH SLEEPS: A Sizzling, Psychological suspense Thriller (Hidden Motives)",$0.36,,,,,,,,,A. Gavazzoni,,,,,,,,,,,1
1931,9780994467744,UberUnmasked - The game changer with questionable ethics,$0.36,,,,,,,,,B Gabriel,,,,,,,,,,,1
1955,9780998753744,"The Super Special, Altogether Ordinary Day",$0.36,,,,,,,,,Blue Tide Press,,,,,,,,,,,1
1962,9781403188540,Handbook for Preclears,$0.36,,,,,,,,,Bridge Pubns,,,,,,,,,,,1
1993,9780999500613,Ann From Japan,$0.36,,,,,,,,,Cindy Motley,,,,,,,,,,,1
2065,9780974505640,La Chimère of Prague: Part II,$0.36,,,,,,,,,Foolishness Press,,,,,,,,,,,1
2069,9780994014450,Raven's Cry (Orphans),$0.36,,,,,,,,,Forsythia Press,,,,,,,,,,,1
2089,9780997904659,Twelve Feet Up: Somewhat Sideways (The Twelve Feet Series),$0.36,,,,,,,,,"Green Sombrero Press, LLC",,,,,,,,,,,1
2096,9780864922557,The Piano Man's Daughter,$0.36,,,,,,,,,Harper Perennial,,,,,,,,,,,1
2102,9780937276068,"You, the Singer",$0.36,,,,,,,,,Hinshaw Music,,,,,,,,,,,1
2111,9780907594949,Ahlam Shibli - Lost Time (Art),$0.36,,,,,,,,,Ikon Gallery Ltd,,,,,,,,,,,1
2130,9781432767082,Fatal Flight: A Boots Beaumont Mystery,$0.36,,,,,,,,,Joe Soll & Lori Paris,,,,,,,,,,,1
2173,9780880531146,Island Freemasonry,$0.36,,,,,,,,,Macoy Publishing,,,,,,,,,,,1
2207,9781399933070,Help! I've Got A Voice Problem,$0.36,,,,,,,,,New Voice Publishing,,,,,,,,,,,1
2238,9781399091022,Princesses of the Early Middle Ages: Royal Daughters of the Conquest,$0.36,,,,,,,,,Pen & Sword,,,,,,,,,,,1
2269,9788185891842,Kesarvani Vaishya ka Sanchipth Itihas,$0.36,,,,,,,,,Rajesh Publications,,,,,,,,,,,1
2275,9789387918559,"Nibandh, Patra, Kahaniya, Vyakaran evam Anuvaad (Pocket Book)",$0.36,,,,,,,,,Ramesh Publisihing House,,,,,,,,,,,1
2281,9780993164224,Leeches and Breeches,$0.36,,,,,,,,,Red Cap Publishing,,,,,,,,,,,1
2284,9780988926820,A Table Set for the Gospel Carnivore: First Course,$0.36,,,,,,,,,Redemption Press,,,,,,,,,,,1
2290,9781408749227,Renegade Books Youthjuice.,$0.36,,,,,,,,,Renegade Books,,,,,,,,,,,1
2294,9780954790400,The Trailrider Guide - Spain: Single Track Mountain Biking in Spain (Trailrider Guide S.),$0.36,,,,,,,,,REVOLUTION PUBLISHING,,,,,,,,,,,1
2314,9780997995503,Oneness Am: An Inner Path to Source,$0.36,,,,,,,,,Samehand,,,,,,,,,,,1
2318,9781444753875,Bimbo,$0.36,,,,,,,,,Sceptre,,,,,,,,,,,1
2335,9788189558109,Matri Vani (3 vols.),$0.36,,,,,,,,,Shree Shree Anandamayee Sangha,,,,,,,,,,,1
2370,9780992274290,The Sword of Stars (Dragon Calling),$0.36,,,,,,,,,Starsea Press,,,,,,,,,,,1
2394,9781398713154,Undoctored: The No.1 bestseller from the author of 'This Is Going to Hurt',$0.36,,,,,,,,,Trapeze,,,,,,,,,,,1
2436,9780984023684,The Resurrection Men (Heirs of Glory),$0.36,,,,,,,,,"Winged Tiger Media, LLC",,,,,,,,,,,1
2468,9798170217571,A Concise Repertory of Homeopathic Medicines,$0.36,,,,,,,,,(unknown),,,,,,,,,,,
2624,9781423492832,David Ellefson (Megadeth): Metal Bass,$0.36,,,,,,,,,(unknown),,,,,,,,,,,
2671,9780998900469,Erato's inbox,$0.36,,,,,,,,,(unknown),,,,,,,,,,,
2853,9780996996303,Marketing Management,$0.36,,,,,,,,,(unknown),,,,,,,,,,,
2875,9788131913734,Music: Art & Culture,$0.36,,,,,,,,,(unknown),,,,,,,,,,,
2921,9789380536217,On MF Husain Valmiki's Vision of Sundarkand : 100th Year of M.F. Husain 2011,$0.36,,,,,,,,,(unknown),,,,,,,,,,,
2972,9780978686666,Prophecy Principles: The Background We Need for Bible Prophecy and How it Works!,$0.36,,,,,,,,,(unknown),,,,,,,,,,,
3040,9788176762106,Shirdi Sai Baba (Hindi),$0.36,,,,,,,,,(unknown),,,,,,,,,,,
3058,9780872172944,"Standard Directory of Advertisers 2000: Geographical Edition (Advertising Red Books: Advertiser, Geographic)",$0.36,,,,,,,,,(unknown),,,,,,,,,,,
3106,9788178125084,"Teasing SMS [Paperback] [Jan 01, 2017] Madhu Sharma [Paperback] [Jan 01, 2017] Madhu Sharma",$0.36,,,,,,,,,(unknown),,,,,,,,,,,
3231,9781423477396,YOU KEEP ME HANGIN' ON CHANT (CD),$0.36,,,,,,,,,(unknown),,,,,,,,,,,
545,9788178122946,Fundoo SMS(Pocket Book),$0.24,,,,,,,,,Ramesh Publishing House,,,,,,,,,,,66
837,9781423413486,MADE IN THE USA (FEATURE MEDLEY) (CD),$0.24,,,,,,,,,Hal Leonard Corporation,,,,,,,,,,,29
838,9781423412601,MATCHMAKER FROM FIDDLER ON THE ROOF CHANT (CD),$0.24,,,,,,,,,Hal Leonard Corporation,,,,,,,,,,,29
843,9781423456834,Smack Dab in the Middle (Jazz Publications),$0.24,,,,,,,,,Hal Leonard Corporation,,,,,,,,,,,29
844,9781423405306,The Best of Easy Jazz - CD,$0.24,,,,,,,,,Hal Leonard Corporation,,,,,,,,,,,29
923,9780857506023,The Ballroom Girls Hit the Big Time: The most uplifting and heart-warming WW2 historical romance book,$0.24,,,,,,,,,Penguin,,,,,,,,,,,28
1126,9781423446316,FINALE FROM SYMPHONY NO. 5,$0.24,,,,,,,,,"Atlantic Publishers and Distributors (P) Ltd., 7/22, Ansari Road, Darya Ganj, New Delhi - 110002 INDIA, Email – customercare@atlanticbooks.com, Ph – 011-47320500",,,,,,,,,,,15
1135,9781423471271,Santa's Holiday Playlist,$0.24,,,,,,,,,"Atlantic Publishers and Distributors (P) Ltd., 7/22, Ansari Road, Darya Ganj, New Delhi - 110002 INDIA, Email – customercare@atlanticbooks.com, Ph – 011-47320500",,,,,,,,,,,15
1137,9781423440567,Sonata Op. 1 No. 2: For Alto Saxophone and Basso Continuo (Fentone Instrumental Books),$0.24,,,,,,,,,"Atlantic Publishers and Distributors (P) Ltd., 7/22, Ansari Road, Darya Ganj, New Delhi - 110002 INDIA, Email – customercare@atlanticbooks.com, Ph – 011-47320500",,,,,,,,,,,15
1138,9781423476474,The Bear Went Over the Mountain,$0.24,,,,,,,,,"Atlantic Publishers and Distributors (P) Ltd., 7/22, Ansari Road, Darya Ganj, New Delhi - 110002 INDIA, Email – customercare@atlanticbooks.com, Ph – 011-47320500",,,,,,,,,,,15
1139,9781423440536,Travellers' Tales: for Clarinet (Fentone Instrumental Books),$0.24,,,,,,,,,"Atlantic Publishers and Distributors (P) Ltd., 7/22, Ansari Road, Darya Ganj, New Delhi - 110002 INDIA, Email – customercare@atlanticbooks.com, Ph – 011-47320500",,,,,,,,,,,15
1267,9781398447776,Predict Your Success: Simple Strategies,$0.24,,,,,,,,,Austin Macauley Publishers,,,,,,,,,,,12
1268,9781398478671,Subliminal Roots,$0.24,,,,,,,,,Austin Macauley Publishers,,,,,,,,,,,12
1270,9781398406438,The Nations of Earth: A Compendium of the Human Spirit,$0.24,,,,,,,,,Austin Macauley Publishers,,,,,,,,,,,12
1271,9781398493971,The Russian Rocks,$0.24,,,,,,,,,Austin Macauley Publishers,,,,,,,,,,,12
1275,9781398498044,Under the Carob Tree,$0.24,,,,,,,,,Austin Macauley Publishers,,,,,,,,,,,12
1281,9781423429609,Husa: Concerto for Wind Ensemble,$0.24,,,,,,,,,"G Schirmer, Incorporated",,,,,,,,,,,12
1350,9780853181729,Guide To The Tylers Work,$0.24,,,,,,,,,Lewis Masonic,,,,,,,,,,,9
1354,9780853185819,Studies on Traditional Freemasonry,$0.24,,,,,,,,,Lewis Masonic,,,,,,,,,,,9
1357,9780853184874,The Wardens - The Chaplain - The Immediate Past Master - The Past Masters,$0.24,,,,,,,,,Lewis Masonic,,,,,,,,,,,9
1481,9781408294352,LEVEL 4: LORNA DOONE BOOK AND MP3 PACK,$0.24,,,,,,,,,Pearson Education,,,,,,,,,,,6
1551,9788170211525,Angina Pectoris & Its Cure,$0.24,,,,,,,,,BJAIN Publishers Pvt. Ltd.,,,,,,,,,,,4
1555,9781403113122,Aberration and the Handling Of,$0.24,,,,,,,,,"Bridge Publications, Inc.",,,,,,,,,,,4
1556,9781403171733,Conquest of the Physical Universe,$0.24,,,,,,,,,"Bridge Publications, Inc.",,,,,,,,,,,4
1557,9781403168146,History of Clearing,$0.24,,,,,,,,,"Bridge Publications, Inc.",,,,,,,,,,,4
1558,9781403167972,Portions of You,$0.24,,,,,,,,,"Bridge Publications, Inc.",,,,,,,,,,,4
1605,9780856461446,A Signalled Love,$0.24,,,,,,,,,Anvil Press Poetry,,,,,,,,,,,3
1650,9781432773618,Passages of Everyday Life: Through Faith: A Look at Everyday Life with God in Control,$0.24,,,,,,,,,Outskirts Press,,,,,,,,,,,3
1651,9781432769109,Spiritual Junk Food: Poetic Takeout,$0.24,,,,,,,,,Outskirts Press,,,,,,,,,,,3
1671,9780854957927,"Death at the Altar: After a traumatic loss, will a new murder case help Mary recover...? (Mary Shelley Investigations)",$0.24,,,,,,,,,Sapere Books,,,,,,,,,,,3
1672,9780854957255,The Lost Girls: With bodies going missing is a serial killer on the loose...? (Mary Shelley Investigations),$0.24,,,,,,,,,Sapere Books,,,,,,,,,,,3
1673,9780854957903,The Prisoner of Raven's Gaze Hall: A dark past exposes post-war secrets... (J. C. Briggs Gothic Mysteries),$0.24,,,,,,,,,Sapere Books,,,,,,,,,,,3
1693,9788185843100,VEDANTA AND ADVAITA SAIVAGAMA OF KASHMIR,$0.24,,,,,,,,,Advaita Ashram,,,,,,,,,,,2
1709,9788180564383,UCHHRAKTCHAP AVAM ANINDHRA KI JADI-BUTI CHIKITSA(HINDI),$0.24,,,,,,,,,B. Jain Regional Health Harmony,,,,,,,,,,,2
1722,9781424569854,A Daily Word for Men: Daily Promises,$0.24,,,,,,,,,Broadstreet Publishing,,,,,,,,,,,2
1723,9781424569861,A Daily Word for Women: Daily Promises,$0.24,,,,,,,,,Broadstreet Publishing,,,,,,,,,,,2
1741,9781439243046,Who Would I Be Without: Based On a True Story of a Little Willingness,$0.24,,,,,,,,,Createspace Independent Pub,,,,,,,,,,,2
1746,9780991475421,"Recipes For Single/Handicapped Book One: Basics, Breads, Breakfasts, Main Meals and Side Dishes",$0.24,,,,,,,,,Fbn Group,,,,,,,,,,,2
1747,9780991475438,"Recipes For Single/Handicapped Book Two: Appetizers, Desserts, Breakfast, breads, sauces and dressings",$0.24,,,,,,,,,Fbn Group,,,,,,,,,,,2
1823,9780854022250,"Officium Divinum: A musical journey through the Morning, Midday, Evening and Night Prayers from the Daily Office",$0.24,,,,,,,,,Royal School of Church Music,,,,,,,,,,,2
1836,9781448311750,"The Kielbasa Killer (A Kielbasa Queen mystery, 1)",$0.24,,,,,,,,,Severn House,,,,,,,,,,,2
1844,9788171209354,Gems From the Upanishads,$0.24,,,,,,,,,Sri Ramakrishna Math,,,,,,,,,,,2
1846,9780987601483,All the Evils,$0.24,,,,,,,,,Stefan Vucak,,,,,,,,,,,2
1847,9780987533685,Legitimate Power,$0.24,,,,,,,,,Stefan Vucak,,,,,,,,,,,2
1862,9781434459947,Black Cat Mystery Magazine #13,$0.24,,,,,,,,,Wildside Press,,,,,,,,,,,2
1877,9788185301310,How is a Man Reborn?,$0.24,,,,,,,,,Advaita Ashrama,,,,,,,,,,,1
1879,9780987627292,The Golden Codex,$0.24,,,,,,,,,AIA Publishing,,,,,,,,,,,1
1895,9780866905473,Yielding to Spirit,$0.24,,,,,,,,,American Federation of Astrologers Inc,,,,,,,,,,,1
1896,9780852391242,Snaur Saving Two Worlds,$0.24,,,,,,,,,Amina Mayo,,,,,,,,,,,1
1922,9780948877896,Fifteen Poems of Iain Crichton Smith,$0.24,,,,,,,,,Association for Scottish Literary Studies,,,,,,,,,,,1
1934,9788180562716,"Pointers, Modalities & Comparison of Homoeopathic Medicine",$0.24,,,,,,,,,B.Jain Regular,,,,,,,,,,,1
1942,9780986431715,TRUST (1) (Between Lions),$0.24,,,,,,,,,Between Lions Press,,,,,,,,,,,1
1958,9780851629636,Mara Marakaya [German],$0.24,,,,,,,,,BOOSEY,,,,,,,,,,,1
2006,9781419676376,"Palimpsest of Consciousness: Authorial Annotations of My Wife the Metaphysician, or Lady Murasaki's Revenge",$0.24,,,,,,,,,CreateSpace,,,,,,,,,,,1
2034,9780915008087,"A New Land: Dried Apricots, Samurai Dog Biscuits, & Other Writings",$0.24,,,,,,,,,Duende Press,,,,,,,,,,,1
2035,9780960064199,Dear People of the Prairie,$0.24,,,,,,,,,Dustlings Press,,,,,,,,,,,1
2104,9781399730846,The Weight of Crowns: the heart-pounding epic conclusion to the romantic fantasy duology,$0.24,,,,,,,,,Hodderscape,,,,,,,,,,,1
2151,9780986119866,Pirate's Promise (Tropical Persuasions),$0.24,,,,,,,,,L&m Enterprises,,,,,,,,,,,1
2163,9780988375000,Messages from the Spirit World: Awakening Your Soul,$0.24,,,,,,,,,Little Swan Publishing,,,,,,,,,,,1
2185,9781409354383,Paper Crafts,$0.24,,,,,,,,,Mary Ling,,,,,,,,,,,1
2217,9780991209033,Business Backwards (1),$0.24,,,,,,,,,One One 7 Publishing,,,,,,,,,,,1
2225,9780999480830,"Crossing Sacred Land: Poetry of Land, Spirit, and Awakening (The Crossing Ground Poetry Series)",$0.24,,,,,,,,,"Owl Feather Press, LLC",,,,,,,,,,,1
2298,9781423462927,Pavarotti Up Close,$0.24,,,,,,,,,Ricordi BMG,,,,,,,,,,,1
2312,9780953745616,Zero Gravity,$0.24,,,,,,,,,Salon 3,,,,,,,,,,,1
2313,9780977057344,The Bronco Girl,$0.24,,,,,,,,,Salt Marsh Cottage Books,,,,,,,,,,,1
2323,9780998127743,By April's Kiss,$0.24,,,,,,,,,SDP Publishing,,,,,,,,,,,1
2326,9780876128244,Geistiges Tagebuch: Inspiration für jeden Tag,$0.24,,,,,,,,,Self Realization Fellowsh,,,,,,,,,,,1
2390,9780967170909,The Voice of My Soul: How I Overcame Grief,$0.24,,,,,,,,,To His Glory Publishing Company,,,,,,,,,,,1
2399,9780992704407,Torridon Bouldering,$0.24,,,,,,,,,Ullapool Rock,,,,,,,,,,,1
2421,9780981584669,Literary House Review 2008,$0.24,,,,,,,,,Water Forest Press,,,,,,,,,,,1
2422,9780996405225,Inquebrantable: Los seis hábitos de las mujeres exitosas en las economías emergentes (Spanish Edition),$0.24,,,,,,,,,Way Women Work Press,,,,,,,,,,,1
2423,9780999291603,The Deep Healing Series: Confession and Forgiveness (Tdhs),$0.24,,,,,,,,,Wellbeyond Media,,,,,,,,,,,1
2443,9780993855207,Three Marriages: lies I've lived by,$0.24,,,,,,,,,Write Services,,,,,,,,,,,1
2448,9780992839017,Tarot Tales of Robin Hood,$0.24,,,,,,,,,Zeff E Ebook Publisher,,,,,,,,,,,1
2522,9780955741104,"As If Something Once Mentioned, Now Plain to See",$0.24,,,,,,,,,(unknown),,,,,,,,,,,
2538,9781423489870,"Beethoven: Missa Solemnis in D, Op. 123",$0.24,,,,,,,,,(unknown),,,,,,,,,,,
2682,9781423407812,Feierabend: Music for Little People,$0.24,,,,,,,,,(unknown),,,,,,,,,,,
2685,9781409354390,Flower Arranging,$0.24,,,,,,,,,(unknown),,,,,,,,,,,
2781,9781404120518,"Jesus Calling for Easter, Padded Hardcover, with Full Scriptures: 50 Easter Devotions with Written-Out Scriptures",$0.24,,,,,,,,,(unknown),,,,,,,,,,,
2822,9788178122922,"Lovers SMS(Pocket Book) [Paperback] [Jan 01, 2017] Madhu Sharma",$0.24,,,,,,,,,(unknown),,,,,,,,,,,
2849,9780915008193,Making It: 1968,$0.24,,,,,,,,,(unknown),,,,,,,,,,,
2872,9780913785980,"Moon City Review 2010: An Annual of Poetry, Story, Art, and Criticism",$0.24,,,,,,,,,(unknown),,,,,,,,,,,
2874,9781409349303,Mummy & Me Cook,$0.24,,,,,,,,,(unknown),,,,,,,,,,,
2970,9781423493631,"Prokofiev: March, Op. 99 - Critical Edition (Full Score)",$0.24,,,,,,,,,(unknown),,,,,,,,,,,
2981,9781423425625,ROSSANO GALANTE: RESPLENDENT GLORY,$0.24,,,,,,,,,(unknown),,,,,,,,,,,
3024,9780999066379,Saving Her Prairie,$0.24,,,,,,,,,(unknown),,,,,,,,,,,
3134,9781423414483,The Immovable Do (Deluxe Edition with Full Score),$0.24,,,,,,,,,(unknown),,,,,,,,,,,
3256,9788186219386,ஜென் கதைகள்,$0.24,,,,,,,,,(unknown),,,,,,,,,,,
822,9781423494638,Christmas Canticles,$0.12,,,,,,,,,Hal Leonard Corporation,,,,,,,,,,,29
825,9781423457442,Holidays for Piano and Strings,$0.12,,,,,,,,,Hal Leonard Corporation,,,,,,,,,,,29
826,9781423457466,Holidays for Piano and Strings,$0.12,,,,,,,,,Hal Leonard Corporation,,,,,,,,,,,29
827,9781423457473,Holidays for Piano and Strings,$0.12,,,,,,,,,Hal Leonard Corporation,,,,,,,,,,,29
828,9781423457480,Holidays for Piano and Strings,$0.12,,,,,,,,,Hal Leonard Corporation,,,,,,,,,,,29
829,9781423457497,Holidays for Piano and Strings,$0.12,,,,,,,,,Hal Leonard Corporation,,,,,,,,,,,29
830,9781423486442,Holidays for Piano and Strings,$0.12,,,,,,,,,Hal Leonard Corporation,,,,,,,,,,,29
835,9781423434900,Joy to the World,$0.12,,,,,,,,,Hal Leonard Corporation,,,,,,,,,,,29
906,9780857508416,Assistant to the Villain,$0.12,,,,,,,,,Penguin,,,,,,,,,,,28
1127,9781423486428,"HOLIDAYS FOR PIANO AND STRINGS, VOL. 2 - BASS",$0.12,,,,,,,,,"Atlantic Publishers and Distributors (P) Ltd., 7/22, Ansari Road, Darya Ganj, New Delhi - 110002 INDIA, Email – customercare@atlanticbooks.com, Ph – 011-47320500",,,,,,,,,,,15
1128,9781423486411,"HOLIDAYS FOR PIANO AND STRINGS, VOL. 2 - CELLO",$0.12,,,,,,,,,"Atlantic Publishers and Distributors (P) Ltd., 7/22, Ansari Road, Darya Ganj, New Delhi - 110002 INDIA, Email – customercare@atlanticbooks.com, Ph – 011-47320500",,,,,,,,,,,15
1129,9781423486374,"HOLIDAYS FOR PIANO AND STRINGS, VOL. 2 - VIOLIN 1",$0.12,,,,,,,,,"Atlantic Publishers and Distributors (P) Ltd., 7/22, Ansari Road, Darya Ganj, New Delhi - 110002 INDIA, Email – customercare@atlanticbooks.com, Ph – 011-47320500",,,,,,,,,,,15
1130,9781423486381,Holidays for Piano and Strings,$0.12,,,,,,,,,"Atlantic Publishers and Distributors (P) Ltd., 7/22, Ansari Road, Darya Ganj, New Delhi - 110002 INDIA, Email – customercare@atlanticbooks.com, Ph – 011-47320500",,,,,,,,,,,15
1131,9781423486404,Holidays for Piano and Strings,$0.12,,,,,,,,,"Atlantic Publishers and Distributors (P) Ltd., 7/22, Ansari Road, Darya Ganj, New Delhi - 110002 INDIA, Email – customercare@atlanticbooks.com, Ph – 011-47320500",,,,,,,,,,,15
1264,9781398473270,A Rollercoaster Ride of the Mind,$0.12,,,,,,,,,Austin Macauley Publishers,,,,,,,,,,,12
1269,9781398479333,The Maths Pie,$0.12,,,,,,,,,Austin Macauley Publishers,,,,,,,,,,,12
1272,9781398413719,The Salt Lake,$0.12,,,,,,,,,Austin Macauley Publishers,,,,,,,,,,,12
1274,9781398495326,The Unquiet Gravy: Terse Perverse Verse for Kith and Kin,$0.12,,,,,,,,,Austin Macauley Publishers,,,,,,,,,,,12
1278,9781423429494,DUKE ELLINGTON: COME SUNDAY (ARR. PAUL MURTHA),$0.12,,,,,,,,,"G Schirmer, Incorporated",,,,,,,,,,,12
1279,9781423417323,HEITOR VILLA-LOBOS: ARIA (CANTILENA),$0.12,,,,,,,,,"G Schirmer, Incorporated",,,,,,,,,,,12
1283,9781423442073,PATRICK J. BURNS: SEMPRE AVANTI (EVER FORWARD) - FULL SCORE,$0.12,,,,,,,,,"G Schirmer, Incorporated",,,,,,,,,,,12
1285,9781423438496,Requiem Satb,$0.12,,,,,,,,,"G Schirmer, Incorporated",,,,,,,,,,,12
1287,9781423413899,"Warlock: Two Dances from ""Capriol Suite""",$0.12,,,,,,,,,"G Schirmer, Incorporated",,,,,,,,,,,12
1355,9780853184270,Taylor's Second Degree Only Ritual,$0.12,,,,,,,,,Lewis Masonic,,,,,,,,,,,9
1587,9780857364982,Trinity Flute Pieces (Grade 3 2017–20),$0.12,,,,,,,,,Trinity College London,,,,,,,,,,,4
1588,9780857366979,Trinity Rock & Pop 2018 Guitar Grade 2,$0.12,,,,,,,,,Trinity College London,,,,,,,,,,,4
1589,9780857367006,Trinity Rock & Pop 2018 Guitar Grade 5,$0.12,,,,,,,,,Trinity College London,,,,,,,,,,,4
1590,9780857367242,Trinity Rock & Pop 2018 Vocals Grade 8 (Female Voice),$0.12,,,,,,,,,Trinity College London,,,,,,,,,,,4
1606,9780856462634,First time in Japan,$0.12,,,,,,,,,Anvil Press Poetry,,,,,,,,,,,3
1607,9780856460692,Tony Connor: New and Selected Poems,$0.12,,,,,,,,,Anvil Press Poetry,,,,,,,,,,,3
1657,9781445409801,PARA HOY: PASTA,$0.12,,,,,,,,,Parragon,,,,,,,,,,,3
1753,9781423493617,Waltz No. 2 (from Suite for Variety Stage Orchestra),$0.12,,,,,,,,,"G. Schirmer, Inc.",,,,,,,,,,,2
1778,9780849798979,"Bartok: Selections from For Children, Vol. 1",$0.12,,,,,,,,,Kjos Music Company,,,,,,,,,,,2
1779,9780849799068,WP1209 - Contrasts in Style - Book 2 - Piano Solos,$0.12,,,,,,,,,Kjos Music Company,,,,,,,,,,,2
1807,9781408355398,May Need Rebooting: Book 6 (World of Norm) Paperback -2017,$0.12,,,,,,,,,Orchard Books,,,,,,,,,,,2
1828,9781423446293,JOHN JACOB NILES: I WONDER AS I WANDER (ARR. BOB KROGSTAD) - FULL SCORE,$0.12,,,,,,,,,SCHIRMER,,,,,,,,,,,2
1832,9780001063129,Homage of Arthur Honegger: piano.,$0.12,,,,,,,,,SCHOTT,,,,,,,,,,,2
1848,9780993940132,Foundations For Success - Good Hunting: Eight Weeks to Real Estate Success,$0.12,,,,,,,,,Stephen Silver,,,,,,,,,,,2
1849,9780993940163,Foundations for Success - I'm Just Sayin': Eight Weeks to Real Estate Success,$0.12,,,,,,,,,Stephen Silver,,,,,,,,,,,2
1884,9781005624507,درع القادة (Arabic Edition),$0.12,,,,,,,,,Al-Mashreq Ebookstore,,,,,,,,,,,1
1909,9780856461798,Mrs. Carmichael,$0.12,,,,,,,,,Anvil Pr Poetry Ltd,,,,,,,,,,,1
1944,9780892134861,Beyond Birth and Death (Arabic),$0.12,,,,,,,,,Bhaktivedanta Book Trust (BBT),,,,,,,,,,,1
1983,9780978177430,What I Found in the Dark,$0.12,,,,,,,,,Chase Enterprises,,,,,,,,,,,1
1984,9780963653598,Building Resilience: Thriving Through Life's Challenges,$0.12,,,,,,,,,Cheryl Eyes,,,,,,,,,,,1
1998,9780956656438,Thank You for Waking Me,$0.12,,,,,,,,,Conker Books,,,,,,,,,,,1
2000,9780906630471,Erica Van Horn: Echafaudage,$0.12,,,,,,,,,Coracle Press,,,,,,,,,,,1
2013,9781446316931,3D Granny Square Cards: Crochet cards for 52 pop-up granny squares,$0.12,,,,,,,,,David & Charles,,,,,,,,,,,1
2032,9780956211200,Energy and Space,$0.12,,,,,,,,,The Dual Publishers,,,,,,,,,,,1
2058,9780957213487,South Parks: Tales from the Southern Commons,$0.12,,,,,,,,,F and M Publications UK,,,,,,,,,,,1
2081,9780849754104,Rejoice and Give Thanks,$0.12,,,,,,,,,Gedisa Mexicana S.A.,,,,,,,,,,,1
2084,9780952357773,Wilde's Trail Quest,$0.12,,,,,,,,,Gildersleve Publishing Ltd,,,,,,,,,,,1
2093,9781408355435,May Still Charged,$0.12,,,,,,,,,Hachette Children's Group,,,,,,,,,,,1
2123,9781431425228,Nyambura waits for the bus - Afrikaans [Paperback],$0.12,,,,,,,,,Jacana Media (Pty) Ltd,,,,,,,,,,,1
2216,9780994488695,One More Chance,$0.12,,,,,,,,,One More Chance,,,,,,,,,,,1
2224,9780978258542,Excavator Monthly Issue 1: Official Magazine for The Mutant Epoch milieu (The Mutant Epoch Role Playing Game) (Volume 1),$0.12,,,,,,,,,Outland Arts,,,,,,,,,,,1
2245,9780874860443,Bread and Wine,$0.12,,,,,,,,,Plough Pub House,,,,,,,,,,,1
2295,9780954063986,Ian Breakwell,$0.12,,,,,,,,,RGAP (Research Group for Artists Publications),,,,,,,,,,,1
2322,9780907521617,The Scottish Mountaineering Club Journal. Vol. XXXV No. 186. 1995.,$0.12,,,,,,,,,The Scottish Mountaineering Club.,,,,,,,,,,,1
2342,9780978942502,On Edge,$0.12,,,,,,,,,Sisters Supporting Sisters/Just got,,,,,,,,,,,1
2407,9780977297405,Broken Circle,$0.12,,,,,,,,,Virtual Artists Collective,,,,,,,,,,,1
2491,9781423400141,ADAGIO FOR STRINGS,$0.12,,,,,,,,,(unknown),,,,,,,,,,,
2495,9781423463221,ALICE PARKER: FOUR YEATS SONGS,$0.12,,,,,,,,,(unknown),,,,,,,,,,,
2571,9781409369752,Cakes To Impress,$0.12,,,,,,,,,(unknown),,,,,,,,,,,
2615,9781409369769,Cupcakes,$0.12,,,,,,,,,(unknown),,,,,,,,,,,
2623,9780953025107,Dancing In Mid-air People And Drug In Blyth,$0.12,,,,,,,,,(unknown),,,,,,,,,,,
2634,9781409369776,Desserts - Book By Dk,$0.12,,,,,,,,,(unknown),,,,,,,,,,,
2638,9781409342342,Digital Photographer'S Handbook 5Th Edition,$0.12,,,,,,,,,(unknown),,,,,,,,,,,
2641,9781409325956,Dk Cook Book - Cakes & Cupcakes,$0.12,,,,,,,,,(unknown),,,,,,,,,,,
2711,9780954124229,Gorran: the Tale of the Tamar Stone,$0.12,,,,,,,,,(unknown),,,,,,,,,,,
2782,9781404119857,Jesus Calling for Graduates - FaithGateway Exclusive Edition,$0.12,,,,,,,,,(unknown),,,,,,,,,,,
2789,9781423494591,Khachaturian: Aegina and Bacchanalia (from Spartacus),$0.12,,,,,,,,,(unknown),,,,,,,,,,,
2843,9781431424399,MR Hare meets Mr Mandela - Afrikaans,$0.12,,,,,,,,,(unknown),,,,,,,,,,,
2848,9780857831286,Make Do and Mend,$0.12,,,,,,,,,(unknown),,,,,,,,,,,
2861,9781423414506,Menotti: Shepherd's Dance,$0.12,,,,,,,,,(unknown),,,,,,,,,,,
2865,9781409369783,Mini Cakes,$0.12,,,,,,,,,(unknown),,,,,,,,,,,
3000,9781407116327,Ruby In The Smoke.,$0.12,,,,,,,,,(unknown),,,,,,,,,,,
3041,9781423475941,"Shostakovich: Galop (from the musical comedy Moscow, Cheremushky)",$0.12,,,,,,,,,(unknown),,,,,,,,,,,
3077,9781423429456,Symphony No. 5 - Finale (grade 3 Edition) Score,$0.12,,,,,,,,,(unknown),,,,,,,,,,,
3105,9781418886172,Team Leadership: Leading Organized Teams To Greater Productivity,$0.12,,,,,,,,,(unknown),,,,,,,,,,,
3119,9780948833526,The Chase,$0.12,,,,,,,,,(unknown),,,,,,,,,,,
3176,9781408368459,The world of Norm : may be recycled,$0.12,,,,,,,,,(unknown),,,,,,,,,,,
3177,9781408368466,The world of Norm : must end soon,$0.12,,,,,,,,,(unknown),,,,,,,,,,,
3192,9780907738374,Tracey MacKenna: Purposeful Invisibility,$0.12,,,,,,,,,(unknown),,,,,,,,,,,