9783368183752
9783368284190
9783382001544
9783382013493
9783382031169
9783382131395
9783382145590
9783382153328
9783382333454
9783368127695
9783368174897
9783368229511
9783368230166
9783368246594
9783368247638
9783368250430
9783368286040
9783368309718
9783368363697
9783368366056
9783368823788
9783368902476
9783375113001
9783375114060
9783382010164
9783382011833
9783382024147
9783382024864
9783382030902
9783382146283
9783382158392
9783382158576
9783382162139
9783382314668
9783382321710
9783382324711
9783382816773
9783608426281
9783368043001
9783368122874
9783368123871
9783368184087
9783368251437
9783368266455
9783368267131
9783368267506
9783368274993
9783368319298
9783368357375
9783368357399
9783368361594
9783368807139
9783368819590
9783368824013
9783368828790
9783368831110
9783382001582
9783382004088
9783382012168
9783382018573
9783382025410
9783382139704
9783382143459
9783382147556
9783382149918
9783382157814
9783382817640
9781041006374
9783368040543
9783368059651
9783368143077
9783368178505
9783368179212
9783368317751
9783368343811
9783368817855
9783368820015
9783368828387
9783368829957
9783368902728
9783382004989
9783382048754
9783382135522
9783382138738
9783382143435
9783382146672
9783382148706
9783382153342
9783382157029
9783382168728
9783382175740
9783368356798
9783368363796
9783368811716
9783382117016
9783368041168
9783368249496
9783368264031
9783368266035
9783368268794
9783368269012
9783368318277
9783368354077
9783368370954
9783368912796
9783382134617
9783382165291
9781572782648
9783368041441
9783368047603
9783368054366
9783368227364
9783368272807
9783368305864
9783368306380
9783368323370
9783368358808
9783368814762
9783368823160
9783368823801
9783382012182
9783382018160
9783382027520
9783382132224
9783382140564
9783382145354
9783382145521
9783382146528
9783382148867
9783382160807
9783382198046
9783382320225
9783382803742
9783382805708
9783382815608
9781399091022
9781781637456
9783368044428
9783368321376
9781009232845
9781984638588
9783368123369
9783368230524
9783368816544
9783382021702
9783382141547
9783382148188
9781009169370
9783368308841
9783368814229
9780415364720
9781557534590
9781998851799
9798296004642
9781847663412
9781412979818
9783382151669
9798232192846
9781119714538
9781923570689
9781923570764
9781923570931
9781923593091
9780536576545
9798246689677
9798241992536
9781923570801
9798276808758
9798243468602
9781847203007
9781923593121
9798276801209
9781412936972
9781452202402
9783031308246
9781975115159
9798273988378
9798341001121
9781412959797
9781403995568
9780194031363
9798246691878
9780702045875
9798241312563
9781849205962
9798268753554
9798261752462
9788475058054
9781782051602
9781412936088
9780194037884
9798994297544
9781906613938
9781984638076
9783368173722
9783382021443
9783382113384
9783382151423
9783382165529
9783368041861
9783368810085
9783368905842
9783382018306
9783382152703
9783382176501
9783382176549
9783382176563
9783382336189
9783701105380
9783368042103
9783368047009
9783368055196
9783368134730
9783368324971
9783368909031
9783375135331
9783382011857
9783382016678
9783382017651
9783382134556
9783382159092
9783382165192
9798891214026
9788172296308
9783368249083
9783368300166
9783368817442
9783382013202
9783382021160
9783368057961
9783368346508
9783368779160
9783368779528
9783382016722
9783382035228
9783382136987
9783382142247
9783382721022
9781949735765
9783368041243
9783368059859
9783368178642
9783368184285
9783368347321
9783368352226
9783368353421
9783368361648
9783368367329
9783368815967
9783368905507
9783368906542
9783375115746
9783382017569
9783382021221
9783382039806
9783382041526
9783382047825
9783382140526
9783382146801
9783382146948
9783382147044
9783382155544
9783382156381
9783382163945
9783382164560
9783382182120
9783382320843
9783382325008
9783382326821
9783382503109
9783382803704
9783382805661
9783382808303
9781984622846
9781071960196
9781473913738
9780536659750
9781936651290
9783368041632
9783382035143
9783701718177
9789358771527
9789358774757
9789358779417
9780871548511
9781733635448
9798901940099
9780722363133
9783903583221
9788172294670
9783031133329
9781499457315
9788186772058
9781949735970
9798901940266
9788119497744
9783866325777
9788119446940
9798198377462
9786144295380
9798248371037
9783368039158
9783368041557
9783368285685
9783368308506
9783368353407
9783368369903
9783382134600
9783382139087
9783382161880
9788411239790
9781904315377
9789390647224
9789394317505
9789394317529
9780536680594
9781472641205
9781923593701
9781970852981
9783758322990
9781616559113
9798399826301
9781838355807
9783964037695
9781944066291
9781960505644
9783642026560
9798998664649
9788130915449
9789355420039
9789392242014
9788119152117
9781923570979
9781923593237
9788172299804
9798224668144
9788171568079
9781464813795
9789358770711
9781957840451
9798271804137
9798298307567
9798242655812
9789392592201
9783368038519
9783368044169
9783368059088
9783368059873
9783368272906
9783368367206
9783368812607
9783368813888
9783382022129
9783382133467
9783382158026
9783382175382
9783382189549
9783382502508
9783382504069
9781416026662
9788184895063
9798241581815
9798275225600
9789350233795
9798233450730
9781914002649
9781923432055
9781962896795
9783472099062
9789384454531
9781983788444
9788126514946
9788172293383
9788194920977
9788195076284
9798232505783
9798232588434
9798243467032
9798275895520
9798275964578
9798277691861
9798282199239
9798315891390
9781790867271
9781032148823
9798241205384
9780521270977
9781041204343
9788178671444
9781911477280
9781718505247
9789350403051
9789355495808
9788122472912
9798989435937
9781009824842
9780979875229
9789334211481
9789334372021
9789347472961
9789357605564
9789392196959
9781953610089
9788182902190
9789355962423
9788181806949
9789351107729
9789352133529
9789352601820
9789355421456
9788193307960
9789334175301
9789368080282
9789359621845
9798266926516
9798314045039
9788198918826
9781582558011
9789360533144
9780815108269
9781105271496
9783758411052
9783991970187
9798888516034
9798892674638
9781316612187
9789352137886
9789392196966
9789395361415
9798232977474
9798714881695
9789387911215
9789334382525
9789357429788
9789354809743
9788175980136
9788119282166
9788184048193
9789355427571
9789360282899
9789360321680
9789360327125
9789368083450
9789393418111
9789395576130
9788119386161
9788197990724
9789357432672
9789918629961
9798287069575
9789357429719
9789332555327
9789363860292
9789392330032
9788178559032
9788123798530
9798332873072
9798181006737
9780367459345
9781032535203
9781032655390
9781032658209
9781032768557
9781138679528
9789392592676
9798180816313
9789956554812
9789357427876
9789367193280
9798230273028
9789392950452
9789357426213
9788199936133
9789354919442
9789878928395
9798243104487
9798261770640
9798268937398
9798277772935
9789357424745
9789354809682
9789392330063
9788175249981
9789357423014
9788168945401
9781923525207
9782017236382
9789352870981
9789352871001
9789392196911
9798180686053
9781913769437
9781923224810
9781977253910
9781989257623
9798892673570
9798892674003
9798892674591
9798899330063
9788123781365
9788172297091
9789357424639
9789354248412
9798279410651
9781138705494
9788418943188
9788196174439
9789334206913
9789355423771
9789359425627
9781032748764
9788172163327
9789350620601
9789385621475
9789385621499
9789386302618
9798249357542
9783756292462
9789355422545
9798231145706
9798231732852
9798233848865
9798233899188
9781973809838
9781398864719
9781398864757
9788172299224
9788199713253
9789360321468
9789360323240
9798233472473
9798232453749
9798244358438
9780070591134
9782409046001
9788180317705
9788188458905
9798276429595
9788131219706
9789355420817
9781923570146
9781923570535
9781923570634
9781923570955
9781940220543
9783061212926
9789873729058
9798232901684
9798181051867
9788184896282
9789339203481
9789357602525
9789357605687
9789368996842
9789370601369
9798247178446
9789357422284
9798248613380
9789355423870
9789354917943
9789370600935
9788131522257
9788194043614
9788189795047
9788197217265
9783700323167
9780998495750
9789351100843
9789352134977
9789352665112
9789352836093
9789353503857
9789355421364
9789359066677
9789359598383
9789392242915
9781484278840
9781966625728
9781923545946
9781923593817
9781923625044
9781928586234
9781951897635
9781970852172
9798901946244
9798901946251
9781989963364
9789366602943
9788168972018
9788194043706
9789355855763
9781926780627
9798224415861
9798224880546
9798231305292
9798232186555
9798233121845
9798233241185
9798233455230
9798233885006
9788121998369
9788119517602
9789352135318
9789352137435
9789352137534
9789390656387
9798259368736
9786178069230
9788866604525
9798232002268
9798232310974
9798233545955
9798277731369
9798851585616
9789334032772
9789359423050
9786500259773
9789387889613
9789390647880
9781105242700
9781881528289
9781923224537
9798892210812
9798998517037
9788189836474
9784824109668
9788126137305
9789365578355
9789789820566
9798218487089
9798232600211
9798263772192
9798397359597
9783739977133
9783739987378
9783739987880
9783739987903
9783739987910
9783739987934
9783739987996
9783739988092
9781032934167
9788184730838
9780071072496
9788199685178
9789366277196
9789388965712
9789395565271
9789967102170
9798278893288
9788411941082
9789388658782
9798232330460
9788120046863
9789352874859
9789352874866
9798339592273
9798340753885
9798340765512
9798340864536
9798340964618
9798341068988
9781616686895
9788131522462
9788184047486
9783537659019
9788122437959
9788126567805
9788194043645
9789356761094
9789359035406
9789359421650
9789359662770
9798233084690
9798180418593
9798263421557
9788181283832
9788194043652
9788194043720
9788416138647
9789359037134
9789393528889
9789386300850
9789349586666
9789367197646
9789390343386
9783910776081
9798246711019
9798284877968
9798278426363
9798232004811
9798232841584
9798233139192
9798233165528
9798233257377
9798233339783
9798233355127
9798233466649
9798233475696
9798233494123
9798233713491
9798233828805
9788125060666
9788125060673
9788173667183
9789358528572
9789365217254
9781484252741
9798232900311
9798232989293
9798233014093
9798233136498
9798233199943
9798233402333
9781529611878
9788195237203
9789357437615
9788126555987
9789358525878
9789390647279
9789391567286
9780536689511
9781737572404
9781915145086
9781948235228
9783965510425
9788431315573
9788178242460
9784824109651
9788180542848
9789365574265
9789365575507
9798218254391
9798273466517
9798296758781
9789353887490
9780198799627
9781594130441
9788125060642
9788125060659
9798892673761
9798262459186
9798288776328
9789352870950
9788198976963
9789355490384
9789355742483
9789358520675
9789359429281
9789363583511
9789366271255
9789393511003
9789397477770
9789930966075
9789386689559
9788181807311
9781032250052
9781032425641
9781032425696
9781032466309
9781032466316
9781032466460
9781032468341
9781032468372
9781032535623
9781032535920
9781032607092
9781032607238
9781032607313
9781032607344
9781032607481
9781032608020
9781032781006
9788169761925
9788173712227
9789380501659
9788198723925
9789355850874
9789359661261
9789365210293
9789384826796
9789403705774
9798223087397
9798232827199
9798232925758
9798278388289
9798284004791
9788199084872
9789352136483
9789354918612
9789366274805
9798292424666
9798224186938
9798224293643
9798224612482
9798231463176
9798232025366
9798232178857
9798232207113
9798232466619
9798232486068
9798232620738
9798233113802
9798233153303
9798233181009
9798233186073
9798233357800
9798233388392
9798233465451
9798233504624
9798233593888
9798233645624
9798233746871
9798233782497
9798233855603
9798233913419
9781923484566
9783851612967
9798277006726
9798242080744
9798232174392
9798232375904
9798232941529
9798233104657
9798233493515
9798233515767
9798235216648
9780857427335
9798249548674
9789366275680
9798511230634
9788189927127
9798255326846
9789377064198
9788181801807
9788184731422
9789941494635
9788125060628
9788125060635
9789355851376
9789359628691
9798235470835
9781032692531
9781534969704
9788126555390
9788126561957
9788184045796
9789351198109
9789352135752
9789393885180
9798304465205
9788125054030
9781981122592
9788122136678
9789356501126
9789356505377
9789376884216
9789383635634
9798274944496
9788131226544
9780199545001
9788119114542
9789387486935
9798257193644
9780062689634
9798250370707
9798304501149
9781941919088
9781988898032
9781988898292
9788125061250
9788125061267
9788125061274
9789352870929
9789381449080
9789391171261
9798235671904
9798276176192
9780143481232
9788125060604
9788125060611
9798255122981
9798263860202
9780074630501
9788184734362
9788398018180
9788592352127
9789348256270
9789380081984
9789390081448
9789390081936
9789392374494
9798273864528
9781137603241
9788126533466
9789351761358
9789352135370
9789352874774
9789352874781
9798272371850
9798289780522
9781979148498
9798215473719
9798231407828
9798232014032
9798232989743
9798233117770
9798233174872
9798233180316
9798233225499
9798233291012
9798233307737
9798233415760
9798233444357
9798233496059
9798233527166
9798233529634
9798233599958
9798233664243
9781626189232
9789393801500
9798349638619
9789371264709
9789351761365
9789385616303
9798232137472
9798248802470
9788192222066
9781035802074
9783961325252
9788198723970
9788198093011
9789363647763
9788186308066
9798268266740
9789380378978
9789403667881
9798291761915
9798268551938
9798342672511
9788195187317
9783200305205
9798245814667
9789350236086
9789352136377
9789352137732
9789358528275
9789393758903
9781981560400
9798248096787
9798254575504
9788198276223
9789363231986
9788125059431
9788178242996
9789352532162
9789355852687
9789359626284
9789363648517
9789368970064
9789391793234
9788182180970
9788609007484
9789810185473
9798289949677
9798294486938
9785106761079
9789587715552
9789361599057
9789384091934
9798245922515
9798291943137
9798269104577
9798275396256
9788125061229
9788125061236
9788125061243
9798248040018
9788131218181
9788187253389
9798297277663
9789352135714
9789352871520
9789352871537
9789352871544
9789358520637
9789365214390
9789385986383
9789388712392
9798290299471
9798297713130
9798247730293
9798264037948
9781997503101
9788131219225
9788184737677
9789385149313
9788196024352
9789988953812
9798231988006
9798232719968
9781470612146
9781947660533
9781974335398
9783649648338
9798892674584
9798892674621
9798233073472
9788190340359
9798246834701
9798257244117
9789389161489
9788180545740
9781912119035
9789390854233
9788194043676
9789381587577
9798258151858
9780070680753
9781107414419
9788126563234
9788184047967
9788188569229
9789347218729
9789351107293
9789351191537
9789352136674
9789390427123
9789390427130
9798232189792
9798232365738
9798232375041
9798254113126
9798259052727
9781009792882
9788447225293
9781919544069
9788192080758
9788198072160
9789352871490
9789352871506
9789352871513
9789355429520
9789355851390
9789355851420
9789357777049
9789359715360
9789366656755
9789374249536
9789386085214
9789391600884
9789393232922
9789399889748
9798259228306
9789355852731
9780070677425
9798248422890
9789810182441
9789361595462
9780007943890
9783907369241
9788198899668
9789356435599
9789948697183
9798246750865
9798273430525
9789357027380
9780230327214
9789366600444
9789367191385
9798257010767
9798291826959
9781536876789
9788125054061
9788125054078
9789334430714
9789355853134
9789366277646
9789386092595
9789389662474
9789393711212
9798279294008
9798279310456
9781626189768
9781947662735
9781970852394
9788126547104
9789352136810
9782755807295
9798258160652
9789359628813
9780001063129
9780849754104
9780849798979
9780849799068
9780853184270
9780856460692
9780856461798
9780856462634
9780857364982
9780857366979
9780857367006
9780857367242
9780857508416
9780857831286
9780874860443
9780892134861
9780906630471
9780907521617
9780907738374
9780948833526
9780952357773
9780953025107
9780954063986
9780954124229
9780956211200
9780956656438
9780957213487
9780963653598
9780977297405
9780978177430
9780978258542
9780978942502
9780993940132
9780993940163
9780994488695
9781005624507
9781398413719
9781398473270
9781398479333
9781398495326
9781404119857
9781407116327
9781408355398
9781408355435
9781408368459
9781408368466
9781409325956
9781409342342
9781409369752
9781409369769
9781409369776
9781409369783
9781418886172
9781423400141
9781423413899
9781423414506
9781423417323
9781423429456
9781423429494
9781423434900
9781423438496
9781423442073
9781423446293
9781423457442
9781423457466
9781423457473
9781423457480
9781423457497
9781423463221
9781423475941
9781423486374
9781423486381
9781423486404
9781423486411
9781423486428
9781423486442
9781423493617
9781423494591
9781423494638
9781431424399
9781431425228
9781445409801
9781446316931
9789348418340
9789352871469
9789352871476
9789352871483
9789363129962
9789370024694
9789386689542
9789388882217
9798180434012
9798259251687
9789371365130
9788179501733
9788179501962
9788179505397
9788179507223
9780851629636
9780852391242
9780853181729
9780853184874
9780853185819
9780854022250
9780854957255
9780854957903
9780854957927
9780856461446
9780857506023
9780866905473
9780876128244
9780913785980
9780915008087
9780915008193
9780948877896
9780953745616
9780955741104
9780960064199
9780967170909
9780977057344
9780981584669
9780986119866
9780986431715
9780987533685
9780987601483
9780987627292
9780988375000
9780991209033
9780991475421
9780991475438
9780992704407
9780992839017
9780993855207
9780996405225
9780998127743
9780999066379
9780999291603
9780999480830
9781398406438
9781398447776
9781398478671
9781398493971
9781398498044
9781399730846
9781403113122
9781403167972
9781403168146
9781403171733
9781404120518
9781408294352
9781409349303
9781409354383
9781409354390
9781419676376
9781423405306
9781423407812
9781423412601
9781423413486
9781423414483
9781423425625
9781423429609
9781423440536
9781423440567
9781423446316
9781423456834
9781423462927
9781423471271
9781423476474
9781423489870
9781423493631
9781424569854
9781424569861
9781432769109
9781432773618
9781434459947
9781439243046
9781448311750
9788170211525
9788171209354
9788178122915
9788178122922
9788178122939
9788178122946
9788178122953
9788178122960
9788178122977
9788178122991
9788178123004
9788180562716
9788180564383
9788185301310
9788185843100
9788186219386
9781973752813
9781973982050
9788179504291
9798232270124
9798215112380
9798215787656
9798224072866
9798227234940
9798231199266
9798231227846
9798231587964
9798231767298
9798232155407
9798232178529
9798232479244
9798232491413
9798232732172
9798232767570
9798232825355
9798232844035
9798232864040
9798232885373
9798232892487
9798232920890
9798233010323
9798233254239
9798233264832
9798233270772
9798233773686
9798233858215
9798233946592
9798233985652
9798272392022
9780853182955
9780853185840
9780864922557
9780872172944
9780880531146
9780907594949
9780937276068
9780954790400
9780974505640
9780978686604
9780978686666
9780978686697
9780984023684
9780984948703
9780988926820
9780992274290
9780993164224
9780994014450
9780994467744
9780996996303
9780997904659
9780997995503
9780998553993
9780998753744
9780998900469
9780999500613
9781009108850
9781398444874
9781398713154
9781399933070
9781403188540
9781405991339
9781408732892
9781408736760
9781408749227
9781423414612
9781423414636
9781423421474
9781423425786
9781423439233
9781423441335
9781423464389
9781423467335
9781423469568
9781423476610
9781423477396
9781423492832
9781432767082
9781434436511
9781444753875
9788125061199
9788125061212
9788131913734
9788170522379
9788176762106
9788178125060
9788178125084
9788178233338
9788178693941
9788178693972
9788179503072
9788179504239
9788179505427
9788179506103
9788184850161
9788185891842
9788189558109
9789358520620
9789366277998
9789380536217
9789387918559
9789393003379
9789393758675
9798170217571
9788126522101
9788179500729
9798271130793
9788180401930
9781919321608
9798254926351
9780853185710
9780853185727
9780854023301
9780857111128
9780876392386
9780902940215
9780902940239
9780903908283
9780956343802
9780981526461
9780982738573
9780983058908
9780983322528
9780992046071
9781009806039
9781009806725
9781398423848
9781423459033
9781423473565
9781423473626
9781423476450
9781423476511
9781423498391
9781448313600
9788120746565
9788120764583
9788122202892
9788123729442
9788123743134
9788125010852
9788125012344
9788125014225
9788171819652
9788175974968
9788178122830
9788178625072
9788179500873
9788179503027
9788179503812
9788179504406
9788179505342
9788179506318
9788179506431
9788179506486
9788184353006
9788184979145
9798231352517
9798250922128
9798253995778
9780001080324
9780856676598
9780863111341
9780863112843
9780899009322
9780956156648
9780984112197
9780993164255
9780996109703
9781009809887
9781398306707
9781398306714
9781423400134
9781423407188
9781423415336
9781423425854
9781423435471
9781423466260
9781446728918
9783954722143
9788120770881
9788123711027
9788123725925
9788170557210
9788175542136
9788175542211
9788175542235
9788175971059
9788178694450
9788178694542
9788179506691
9788179507179
9788179509265
9788179509470
9788180561528
9788182963351
9788186569207
9789388658775
9788123903415
9788123903231
9788123903507
9788174142504
9788178120782
9788178121574
9788178122328
9788178122809
9788186877814
9788196453114
9780143421344
9798257467714
9798257788413
9780687344222
9789382000389
9780861319985
9780863112669
9780863112812
9780863113826
9780863114564
9780907633662
9781423429449
9781423431275
9781423442158
9781423471288
9781423471509
9781423494492
9781586131029
9788120780996
9788120781009
9788120781047
9788120783386
9788120783409
9788122202168
9788122202601
9788122202656
9788122203462
9788122203479
9788123703671
9788123709468
9788123723235
9788125003861
9788125014386
9788125054047
9788125054054
9788131901168
9788131902776
9788170213758
9788170215325
9788170594437
9788172761448
9788172764241
9788172764937
9788175970045
9788176762410
9788178235738
9788179500767
9788179501597
9788179504840
9788179506585
9788179507285
9788180561603
9788184040364
9788184883084
9788188569762
9788189091057
9788412276176
9789351104704
9789351109976
9789352130511
9789352135103
9789352871438
9789352871445
9789352871452
9789352874347
9789354425455
9789354425783
9789354911101
9789357323895
9789357431682
9789359597515
9789380644271
9789391600860
9789392803406
9798176933635
9798250347594
9781907360275
9781909621107
9798257713682
9781626186576
9788123904351
9789361569579
9781620358016
9788121620871
9788121620888
9788121620901
9788121620918
9788121620925
9788121620932
9788121620956
9788121620963
9788121620970
9788121620987
9788126309856
9788170553649
9788170554455
9798994889909
9780063574540
9788123901176
9788123907680
9788123926742
9781509820849
9788172344016
9788175259621
9788184775914
9789351034131
9780863112584
9780863114618
9780863115080
9780965656962
9780976663041
9780976663089
9780984094981
9781009811767
9781009811866
9781009813259
9781423414452
9781423414490
9781423417781
9781423474999
9781781750230
9788120727502
9788120748675
9788120752733
9788120789203
9788121613781
9788121616256
9788121616393
9788121618601
9788121801041
9788122201291
9788122203226
9788122304510
9788122309218
9788123735429
9788125002420
9788125007555
9788125008156
9788125008194
9788125009368
9788131804827
9788170521723
9788172761011
9788173310546
9788174142931
9788176559164
9788176936453
9788178120171
9788178120522
9788178120706
9788178121079
9788178122137
9788178122793
9788181370938
9788181377418
9788182961531
9788182962194
9788184974591
9788184976274
9788184979428
9788184979497
9789350360927
9789350360934
9789350361016
9789351211730
9789351212157
9789351212218
9789351212225
9789351212317
9789351212331
9789351212409
9789351212430
9789354429446
9789388632041
9789572954195
9789386827197
9798268100075
9788125013815
9788125054764
9788170420231
9788170555810
9788170557036
9788178120454
9788178121109
9788186877555
9780143102243
9780861319503
9780863113741
9780965656986
9780970208163
9781009813129
9781408062029
9781423475033
9781423483908
9781423493624
9781423494584
9781845570378
9788120758926
9788120777330
9788120777354
9788120783805
9788121609999
9788121610643
9788121612562
9788121616355
9788121616461
9788121616546
9788121617314
9788121617321
9788121618281
9788121619172
9788121619608
9788121619615
9788121619622
9788121619639
9788121619646
9788121619905
9788122203424
9788122203974
9788122306958
9788125013549
9788129310972
9788129311948
9788131808658
9788131909911
9788131911044
9788170521051
9788170521877
9788170522386
9788170557487
9788171104024
9788171600748
9788173627545
9788175971912
9788176936064
9788176936071
9788178120508
9788178121185
9788178121710
9788178553467
9788179501122
9788179509135
9788179509845
9788182960329
9788182960411
9788182961135
9788182961159
9788182961166
9788182962682
9788182965379
9788184777925
9788187358688
9788187812395
9788188569908
9788189498313
9788194085676
9788195056491
9788199161122
9789348561206
9789352670062
9789365544404
9789380152011
9789380152035
9789380644219
9789393304209
9789393304216
9789393304230
9788129118721
9788171673889
9788171679850
9788172345204
9789353528515
9788193883488
9788478017294
9789383972524
9788123917795
9788125022640
9788170553199
9788171870110
9788178120386
9788178120553
9788178121352
9788178121444
9788178121451
9788178121604
9788178121857
9788178122076
9788178122083
9788178122250
9788186877463
9789393304278
9781919220062
9781941955451
9789358776676
9798994940853
9780143101635
9788121607728
9788121610940
9788121616324
9788121617666
9788121618403
9788176557702
9788176559720
9788184770469
9788184770964
9788184772814
9788184774269
9788184774733
9788189884574
9789351030058
9789351031994
9789381017265
9789381431153
9789381431160
9789386041050
9789373177618
9789349166264
9780201062069
9781009810203
9781423414476
9781423436249
9782808197328
9788120723467
9788121619592
9788122201567
9788122204940
9788122309454
9788123741796
9788125014379
9788125022664
9788125022671
9788125025597
9788125025603
9788125056379
9788131931233
9788131934852
9788172762612
9788175970052
9788175971790
9788177392623
9788177395006
9788178552149
9788178554457
9788179509753
9788182881617
9788182962170
9788182965218
9788182965386
9788186877487
9788193269152
9789363992825
9789363993655
9789363994133
9789363996861
9789367190029
9789373575933
9789383972517
9789386379610
9789386561138
9789386561169
9789386561190
9789386561206
9789390744466
9789393304322
9789387270084
9788125051626
9788121615471
9788125025610
9788170551522
9788170555926
9788178120409
9788178122236
9788178122656
9788178123219
9788179506578
9789393304377
9788187111887
9789371369527
9780001160163
9780022432881
9788100001080
9788120730526
9788120787063
9788121616744
9788121937412
9788122910148
9788123739793
9788125005704
9788125008286
9788170211174
9788170551560
9788170552987
9788170556497
9788170556626
9788170559580
9788173198427
9788175054561
9788177392524
9788178120270
9788178120607
9788178122663
9788178122786
9788178236544
9788178692524
9788178693347
9788181376855
9788181431042
9788181434760
9788182962187
9788188388158
9788194381983
9788196721190
9788196816414
9788817869461
9789347298097
9789348561688
9789352294176
9789354462733
9789354690150
9789354774812
9789357439718
9789360329600
9789363552326
9789367196090
9789367254325
9789380619033
9789385874819
9789387236752
9789389361575
9789391129569
9789392126789
9789392126949
9789392126994
9789392196690
9789393304506
9789393304537
9798170218028
9788410819436
9780143103882
9781785980213
9788121615150
9788121620284
9788125009689
9788125021698
9788125021704
9788125021711
9788125025573
9788125025580
9788125041740
9788173702518
9788173702525
9788173702532
9788173702549
9788176555890
9788178120232
9788178121147
9788178121543
9788178122465
9788178122489
9788178122571
9788178122724
9788178122731
9788178123165
9788184770414
9788184771220
9788184773910
9788184773927
9788184776287
9788184779622
9788186877579
9788186877722
9789351030478
9789351030515
9789351039693
9789352755028
9789352755035
9789352755042
9789354775826
9789393304612
9798257450655
9798258119377
9788119756896
9780863114519
9780895402363
9781107663848
9781474855419
9788100000274
9788119166060
9788120744691
9788120758933
9788120769762
9788120790575
9788120796904
9788120797420
9788121610469
9788121613965
9788121616034
9788121616270
9788121617123
9788121617932
9788121618021
9788121618410
9788121910484
9788121932820
9788121933919
9788121934411
9788122202045
9788122202632
9788122303391
9788122308655
9788122310238
9788122311679
9788122313307
9788122314458
9788123739854
9788125001706
9788125004660
9788125005698
9788125007364
9788125008323
9788125011200
9788125012306
9788125030331
9788125054023
9788131805596
9788131808948
9788131809167
9788131809242
9788131905685
9788170701897
9788170701996
9788171103140
9788171600755
9788173627835
9788173862588
9788174142788
9788175300378
9788176761505
9788177392548
9788178236438
9788178792699
9788179500576
9788180561191
9788180561566
9788181379160
9788182965966
9788184030853
9788184042573
9788184350548
9788184771336
9788184773934
9788184971767
9788186004081
9788192069951
9789348156631
9789352792603
9789354426834
9789357432849
9789359662275
9789359669199
9789380302959
9789380644097
9789380644202
9789380644240
9789380761589
9789380864006
9789381511862
9789383142231
9789383203819
9789383691166
9789386221353
9789386345141
9789386561145
9789386689528
9789388689199
9789389770971
9789392126093
9789393304704
9789788179917
9798232286866
9788119090662
9798258611673
9789352821723
9788125030348
9788178123301
9789367250488
9789367251270
9789367256602
9789367256633
9789367259795
9788126475599
9788129119179
9788194215875
9789350090688
9789357427654
9789381695791
9789383142569
9789391626242
9780070679955
9780195669633
9788119007707
9788121615945
9788121616591
9788121618052
9788121935029
9788123792873
9788125001669
9788125001676
9788125001683
9788125001690
9788125006893
9788125030355
9788125030362
9788126318216
9788170218432
9788170704812
9788173623936
9788177394689
9788177396720
9788177750270
9788178122069
9788178122380
9788178122397
9788178236902
9788179509036
9788183329552
9788184355420
9788190375177
9788193097427
9788194648727
9788195352975
9788199188334
9789311126661
9789350361238
9789354424076
9789356958951
9789359427881
9789359629438
9789369947706
9789373745763
9789373745879
9789382716471
9789383652488
9789385616051
9789388883467
9789392126703
9789392126734
9789395416351
9789395686143
9789371267588
9780143476351
9781594773068
9788121620666
9788176555739
9788176559683
9788184778267
9789351032755
9789351033189
9789351035275
9798230951391
9798232041977
9789369584727
9789395609258
9788125030379
9788170552109
9788170553038
9788170553175
9788170556015
9788170556541
9788170559993
9788181439079
9788190511230
9789350002476
9789350007471
9789361033773
9789393304902
9788129104830
9788129118851
9788184721669
9789353526924
9789359571058
9789383430208
9789355852700
9789359038834
9789389454048
9780001063709
9780853186076
9780859678025
9781800998407
9788121926416
9788122312782
9788123743646
9788125025641
9788125030386
9788125033509
9788131808986
9788131910139
9788170593737
9788170594420
9788170640745
9788172763053
9788178128238
9788178551562
9788181374875
9788182881372
9788182965416
9788184895438
9788187077220
9788188236282
9788194618850
9789351213185
9789351870326
9789352871421
9789357437271
9789367197011
9789380444543
9789393304964
9788410815124
9788126400836
9788126411955
9789348658531
9789382715818
9788125030393
9788126451784
9788178122045
9788179502679
9788179504352
9788179509388
9788179509425
9789352870868
9781972884003
9780143103264
9781582791128
9788121608398
9788169001564
9788172340803
9788184773293
9788184778649
9788184779912
9788189884383
9789351032267
9789351037620
9789351038177
9789351039853
9789352750122
9789352755134
9789381017272
9789386041296
9789386313249
9788119373086
9788126555697
9789381119938
9780143004387
9780143066248
9780143332398
9780143450863
9780143474678
9780330418614
9780330442565
9780752227252
9788172344382
9788184774689
9789351038696
9789351038771
9789352752140
9789352754267
9789352754984
9789353909079
9789380480022
9789381398739
9789381398746
9789381431641
9789381431771
9780007831654
9780753505007
9780781760348
9780861315055
9781423429593
9781423471295
9781846841491
9781846841675
9788120751835
9788121607322
9788121931526
9788121941044
9788122311938
9788123727646
9788125012603
9788125022077
9788125022503
9788125030409
9788125033523
9788125033530
9788125037446
9788125053606
9788130900605
9788131809198
9788170521846
9788170551263
9788170946502
9788173666032
9788173666643
9788175300361
9788177394085
9788178120751
9788178120805
9788178694368
9788184100532
9788184352122
9788184353099
9788184775396
9788184775402
9788184779721
9788184973341
9788185119489
9788187077152
9788188569953
9788189338466
9788190367820
9788192723242
9789311126890
9789350238011
9789351100331
9789351102663
9789351562986
9789352220304
9789354424090
9789354916977
9789361034763
9789370023765
9789380619330
9789380619439
9789380619538
9789380619576
9789382618294
9789382618300
9789382618317
9789384028299
9789386298164
9789386850638
9781032522029
9798232290887
9788196039592
9789350133248
9789352827145
9789382824206
9788119090259
9788119478873
9788119478989
9788119660568
9788121801508
9788124316290
9788125035435
9788125035442
9788125035459
9788125038405
9788170558118
9788173176715
9788174252494
9788178122144
9788179500927
9788179502884
9788180312106
9788184271133
9788184370553
9788188230938
9788195013357
9788196242879
9788197197857
9789334237078
9789348561305
9789348658715
9789356956612
9789373744957
9789382716600
9789386553225
9789388883443
9789390232222
9789391626181
9789392126550
9789392126802
9789392126925
9789392126970
9789395416825
9789395643610
9789811783487
9788131202951
9788182962613
9789387390874
9788123918365
9788119421466
9788119569182
9788121614641
9788121614870
9788121615891
9788123781891
9788125038719
9788170556978
9788176499309
9788177394696
9788178122298
9788179505687
9788179507988
9788181431110
9788195275878
9789350723098
9789350727072
9789373741864
9789373941288
9789378160059
9789383265350
9798887839455
9798888059708
9780007493487
9789386310422
9781895383591
9782808197632
9788119363629
9788119478972
9788119556199
9788119556281
9788119556335
9788121802161
9788123425849
9788125033578
9788126005864
9788126466481
9788168588097
9788169222082
9788170771609
9788171247431
9788171248582
9788172210212
9788172316495
9788174950598
9788175812666
9788176063142
9788178121222
9788179508626
9788179509654
9788180400698
9788182704404
9788183450515
9788184682045
9788185127279
9788187062523
9788187425564
9788187667650
9788189498627
9788190394697
9788192220949
9788194381907
9788194487982
9788194636571
9788194636588
9788194966692
9788195747672
9788195772568
9788195887767
9788195926855
9788195953882
9788195978168
9788195979684
9788196059248
9788196456757
9788196948221
9788197310164
9788198286420
9788199028067
9788199188327
9788199210394
9788199355842
9788199658417
9789347891885
9789348014245
9789348014771
9789348658371
9789349227521
9789350124031
9789354092237
9789354329883
9789354918360
9789355178596
9789356951020
9789356957626
9789359429304
9789368995906
9789370025516
9789380409726
9789381905456
9789386031440
9789386206886
9789386303905
9789386345080
9789386345677
9789386345967
9789386931283
9789387269224
9789388883221
9789390540808
9789390948758
9789395248778
9789395416832
9789395416849
9788123900698
9789351030874
9789380480541
9798889238584
9780861319497
9781423476009
9788121921862
9788122308877
9788125016915
9788125035411
9788125035428
9788125037040
9788126312450
9788126316168
9788170521914
9788170585879
9788170947998
9788170948292
9788172613914
9788178120690
9788184355055
9788192851846
9788192851884
9788193792582
9789311126630
9789350237588
9789352130993
9789354774720
9789354774751
9789373745107
9789377806965
9789382741831
9789384028251
9789384028350
9789384028374
9789384028411
9789386063649
9789812532374
9788126020621
9789357424592
9798242890503
9798265676900
9798278893974
9798292629719
9789388406611
9781637543061
9788125038344
9788125038382
9788126042494
9788178121901
9788179507896
9788182476332
9788183221504
9788195951185
9789347035340
9789349227309
9789352870622
9789352870684
9789355018854
9789359628851
9789362071194
9789386763518
9798255828395
9788129101983
9788129104588
9788129108258
9788129113702
9788129115980
9788129118752
9788181475459
9789353520656
9789353521134
9789353524753
9789353525880
9789353527228
9789353529123
9789353529468
9789361560514
9781906613730
9789347940972
9788122911442
9788126453542
9788126473823
9788197976360
9781569570609
9788177228595
9780007493456
9780007493579
9780007493647
9781636061207
9781636332086
9781636333038
9781636334257
9781636334660
9781637457993
9781637813799
9781637819142
9781638068587
9781638320371
9781638323372
9781638324713
9781638503576
9781638504498
9781638730040
9781638731528
9781638860044
9781638860099
9781638861072
9781638864547
9781638864790
9781638864950
9781638867661
9781638868828
9781638869191
9781638869313
9781639043248
9781639044337
9781639048656
9781639200344
9781639200429
9781639200948
9781639203277
9781639204427
9781639204601
9781639206551
9781639208883
9781639406395
9781639571413
9781639575930
9781639576012
9781639745302
9781639745838
9781639970179
9781639974641
9781639978755
9781642498059
9781643246871
9781644294789
9781644299906
9781645461104
9781645466406
9781645870401
9781646502349
9781646504114
9781646615292
9781646619191
9781646788767
9781647331993
9781647600952
9781647602352
9781648051777
9781648055683
9781648059605
9781648059940
9781648507953
9781648920127
9781648992292
9781648993190
9781648993404
9781648993558
9781648998638
9781649190031
9781649194398
9781649196385
9781649197450
9781649515735
9781649831309
9781649833518
9781649835826
9781684872374
9781684877935
9781684947829
9781685091644
9781685092177
9781685092436
9781685093327
9781685095093
9781685098438
9781685236656
9781685239695
9781685380038
9781685385583
9781685385668
9781685542214
9781685545543
9781685547455
9781685637477
9781945497469
9781945926839
9781946714213
9781947498563
9781947752924
9781948230537
9788120721012
9788120728028
9788120731134
9788120775237
9788120798489
9788120798496
9788120798663
9788120798687
9788121613903
9788121613996
9788121615112
9788121615143
9788121615808
9788121617642
9788121618229
9788121618670
9788121619448
9788121619578
9788121619738
9788121911979
9788122304343
9788122308815
9788122313871
9788125015437
9788125048084
9788126561988
9788131225196
9788131808207
9788131808962
9788170521792
9788170948742
9788172763046
9788175544628
9788176935982
9788179507605
9788182962705
9788183552165
9788183910132
9788184041989
9788184777598
9788184779936
9788184976083
9788185122755
9788185122762
9788185300313
9788186017012
9788186877302
9788188121274
9788188569366
9788188569397
9788192673585
9788192851822
9788192851877
9788193842072
9789325974203
9789350945995
9789351038610
9789351038641
9789351101062
9789354427183
9789354462290
9789356879751
9789357549363
9789358526233
9789367198797
9789369947850
9789370205055
9789370980938
9789380619286
9789380619996
9789381626573
9789382618263
9789384028305
9789384028459
9789384028831
9789384753566
9789385054679
9789385194443
9789386224866
9789386628756
9789394437852
9789810799489
9798885219297
9798885219839
9798885301640
9798885307260
9798885554084
9798885696661
9798885698306
9798885913034
9798885914383
9798885915526
9798885917995
9798886069013
9798886410679
9798886411270
9798886413434
9798886417609
9798886419368
9798886673685
9798886674118
9798886679724
9798886842104
9798887040981
9798887041513
9798887046495
9798887176413
9798887497099
9798887499581
9798887723594
9798887725314
9798887728872
9798887832036
9798887833552
9798887834887
9798888051405
9798888055779
9798888056868
9798888157305
9798888497883
9798888499221
9798888499665
9798888692929
9798888697825
9798888830697
9798888833995
9798888834077
9798888834688
9798889092384
9798889230861
9798889234272
9798889236290
9798889357469
9798889518815
9798889518846
9798889519287
9798889599234
9798889751304
9798889754480
9798889862390
9798889864837
9798890021403
9798890025524
9798890026460
9798890028129
9798891866805
9798895565209
9798896996484
9798900230061
9798902077084
9780330412100
9798246704387
9781685543556
9789363328693
9780330462334
9788199238244
9789361691188
9789362257437
9780143301219
9780143414681
9780143419921
9780143420729
9780143454786
9780143465843
9780144000753
9780241014844
9780330438766
9780330509572
9780330525855
9780670912360
9788119369997
9788119478828
9788119756544
9788126404582
9788170587903
9788176812245
9788178120584
9788178122779
9788179503904
9788184774818
9788184776843
9788184777048
9788189221652
9788189564292
9788189988470
9788190037600
9788192126401
9788193467060
9788193808726
9788195134229
9788196506438
9788197197871
9788889237656
9789334349191
9789348658135
9789348658302
9789348658937
9789348658944
9789348658982
9789349227774
9789349330245
9789351036425
9789351038726
9789351039020
9789352750504
9789352755660
9789355852199
9789356956100
9789357140232
9789359421599
9789359429991
9789359624204
9789359625034
9789368805083
9789373357331
9789373742793
9789382454120
9789382716303
9789382716488
9789385827228
9789386106537
9789386313133
9789386313621
9789387166127
9789390540204
9789395635431
9798279139163
9798279171385
9788123917382
9788123928081
9789388178686
9788169552721
9788195275847
9789364073882
9789394106765
9781009231428
9781423472971
9781636061580
9781636068701
9781637819418
9781638068624
9781638327035
9781639043408
9781643248110
9781646783625
9781646784912
9781648284403
9781648922695
9781684942794
9781685230821
9781685544003
9781685548896
9788121918602
9788121936712
9788122205909
9788122909722
9788125002734
9788125040293
9788125061168
9788125061175
9788125061182
9788126306053
9788126308187
9788126320530
9788126550227
9788131931226
9788170166153
9788170168225
9788172162658
9788172702175
9788173715082
9788175972445
9788177395099
9788177864076
9788177867435
9788181464088
9788183329347
9788184896183
9788185057095
9788185057491
9788187077725
9788187236498
9788187332190
9788187728726
9788188629114
9788188717118
9788189547226
9788194051039
9788194051053
9788194777250
9788195015009
9788195015023
9789334116038
9789350123201
9789350406212
9789351104063
9789353909598
9789357432634
9789357436427
9789359234885
9789359649764
9789381511893
9789384028695
9789385621857
9789385621895
9789387919464
9798885218474
9798885460910
9798885694445
9798885699433
9798886677140
9798887724485
9798888158241
9798888834725
9798891860414
9798892330855
9789350637609
9788184732528
9788184732542
9789363233003
9798329445640
9798342803847
9789373740669
9789373745893
9788171302222
9788195455942
9789383430192
9780871717405
9781636061412
9781636064581
9781636331836
9781637451861
9781637454640
9781637818077
9781638732952
9781645463429
9781685543976
9781895383522
9781946556592
9781948352536
9788119556090
9788119665839
9788119756339
9788121600453
9788121603188
9788121604598
9788121605342
9788121611343
9788121611831
9788121616539
9788121618694
9788121619714
9788121619752
9788121620505
9788121936613
9788122202182
9788122205916
9788122611175
9788123727875
9788125002635
9788125008019
9788125010814
9788125042099
9788126317813
9788126413737
9788126423552
9788130907505
9788131808016
9788131809020
9788131916056
9788170944478
9788171205172
9788173713194
9788173713217
9788176212328
9788178120829
9788178122533
9788179501993
9788179509760
9788180880841
9788182882485
9788182960268
9788183320733
9788188388462
9788190000215
9788193967508
9788194487975
9788194547747
9788194799351
9788195353224
9788197197819
9788197341250
9788197850806
9788197942068
9788198947420
9788198947437
9789325983380
9789334261929
9789348274762
9789348314673
9789348658678
9789350235218
9789351030102
9789351034490
9789351101246
9789352135783
9789352137664
9789352137671
9789352532087
9789354425424
9789356955943
9789356959361
9789359624068
9789368992899
9789369949649
9789371427654
9789376881727
9789380644554
9789382348900
9789382603887
9789383529025
9789383529049
9789384028336
9789384416201
9789385929175
9789386179609
9789386689962
9789388537377
9789388537384
9789390521869
9789390818167
9789395416566
9798885911153
9798886411317
9798886677256
9798887173375
9798887331102
9798888339787
9798888491720
9798888499528
9798889091929
9798889511052
9798889865582
9798890021434
9798890021533
9798890670595
9798891335356
9798892332606
9788198621665
9789360599355
9789386554833
9780143065043
9788184778045
9789380480190
9789386106476
9789358379099
9780195632125
9788125030256
9788170557135
9788174766960
9788186877210
9789355180711
9789360743048
9789360744540
9789360745189
9789367191491
9789383359226
9798244045284
9788194282679
9789362705808
9788170669227
9789354912443
9788194246909
9789391374549
9781636339801
9781636690124
9781637143810
9781639049981
9781639740840
9781648504525
9781684669516
9781945400025
9781947851535
9788119386413
9788119756636
9788121932677
9788122205305
9788122307153
9788123727905
9788124603512
9788125021544
9788125030263
9788126524471
9788169742016
9788170552444
9788170552758
9788170553403
9788170554417
9788170557647
9788171766970
9788173029233
9788178120935
9788178244785
9788178557595
9788179509890
9788181431387
9788181433817
9788181435453
9788181820501
9788182883376
9788182962941
9788182964297
9788184894585
9788186470275
9788190120081
9788193994801
9788194363293
9788194733508
9788195455737
9788196132071
9789347749858
9789348960641
9789350001264
9789351065746
9789351622994
9789352293025
9789354325106
9789355493545
9789355852038
9789355852069
9789356181144
9789356182233
9789356182899
9789357436946
9789359626512
9789359628745
9789361038570
9789362073204
9789363649217
9789363777057
9789363778665
9789367196755
9789367197004
9789368804284
9789373109404
9789381283585
9789381283851
9789382578826
9789383313662
9789384866419
9789386689504
9789387918962
9789390645596
9798180547521
9798249765309
9798885913898
9798886060775
9798889351313
9798891331464
9798893225990
9798900234700
9798902070870
9788119756261
9788196314293
9788197168093
9789382276098
9788192071862
9789353009953
9788125020288
9788125021766
9788125025566
9788173704680
9788186877630
9788172343507
9788172343828
9788172344030
9788172344672
9788172345051
9788184772296
9788184772746
9788189988838
9789351030140
9789352751433
9789352756742
9789386313362
9780143063322
9780143100713
9780143104315
9780143332176
9780143414421
9780143454762
9780143460800
9780857070883
9781447217749
9788126563463
9788189988531
9788189988555
9788194103844
9789354714849
9789362058904
9789373942742
9789380480565
9789380480749
9789380480893
9789380480916
9789381431290
9789381431481
9789381431610
9789381431627
9789381431658
9789381431764
9789384544423
9789385827648
9789385827716
9789385827754
9789385827884
9789385827952
9789386313898
9789386832009
9789386832610
9789388302029
9780333904459
9781636333359
9781636694863
9781638068761
9781638322009
9781638329985
9781638500872
9781638730910
9781639572137
9781639576128
9781639971282
9781639977703
9781643243931
9781646503681
9781646616039
9781647839147
9781648999512
9781649511805
9781685092894
9781685546922
9781685634124
9788119363940
9788119660193
9788123773131
9788125030270
9788126405596
9788129516909
9788130001234
9788168631724
9788170943150
9788171302420
9788171302499
9788171946228
9788175813335
9788177394658
9788178553245
9788179500354
9788179501856
9788183321778
9788184871388
9788186877432
9788188230846
9788188388714
9788189221331
9788189221683
9788189235413
9788193838648
9788194562634
9788195000173
9788195367092
9788196060862
9788196170288
9788196201654
9788196220235
9788197467455
9788198741561
9789347525797
9789347624940
9789348561336
9789349001329
9789350467138
9789350467145
9789351621317
9789351870340
9789354776458
9789354916786
9789354918827
9789355232427
9789355481764
9789355851154
9789355853370
9789355859082
9789357426657
9789359260396
9789359427973
9789359621036
9789359621296
9789359622156
9789359625065
9789359625201
9789362830302
9789367192276
9789367197134
9789372183009
9789373350073
9789380420776
9789381467183
9789383095148
9789384512439
9789386498199
9789387643109
9789388338998
9789389203646
9789389203677
9789390298327
9789390645305
9789390834174
9789392552960
9789392803833
9789393511300
9789395248792
9789395301695
9789395301701
9789395416856
9789395598040
9789698263478
9798885914574
9798886847314
9798887046808
9798887494999
9798888051733
9798889350033
9798889594345
9798890023391
9798895415665
9788123924052
9789353527600
9789353529048
9789385616167
9789361597992
9789367139615
9789356847132
9780143065081
9788125011620
9788125030287
9788125030294
9788168598614
9788168602588
9788173704710
9788197852251
9789371869393
9789380005300
9789390711017
9798257382888
9788122911701
9788193430545
9788194736370
9789352826483
9789359626413
9788195352913
9789381748435
9789394829923
9789371863827
9788198120991
9780007518982
9780143031260
9780992846121
9781093914108
9781407533797
9781492769491
9781636065311
9781637818855
9781638063155
9781638069997
9781638329435
9781638507987
9781638732808
9781638737223
9781638861836
9781638862307
9781638863861
9781639571093
9781639572052
9781639576159
9781639743100
9781639749805
9781645466338
9781645469841
9781647330019
9781647838256
9781648050374
9781648696848
9781648925221
9781648991707
9781648995101
9781648999239
9781649190222
9781649194480
9781649835260
9781684668861
9781684669233
9781684669356
9781684870899
9781684942305
9781685231552
9781685236854
9781685542856
9781685543945
9781685634674
9781685639556
9781685860226
9781685864255
9781781861400
9781945621499
9781946869067
9781946869654
9781947586307
9781958778029
9788119576678
9788120778047
9788121610520
9788121612098
9788121614801
9788121614887
9788121619431
9788122314625
9788122417289
9788123761404
9788125015444
9788125022206
9788125025467
9788125025474
9788125025481
9788125025498
9788125025504
9788125034667
9788125053989
9788125053996
9788129524645
9788130932200
9788131905296
9788131924037
9788131965573
9788131965658
9788170230489
9788170594567
9788170640622
9788170701484
9788171020751
9788173704161
9788174531728
9788175543942
9788175545175
9788176063197
9788177392401
9788178292236
9788178691145
9788179480946
9788179502914
9788180140617
9788180141492
9788181372758
9788182658455
9788182880054
9788183556811
9788184046229
9788184774658
9788184775648
9788186921838
9788187111962
9788187553021
9788187671855
9788187812258
9788187863229
9788188230921
9788188569588
9788189013707
9788189975319
9788190000208
9788190100878
9788190367844
9788190584128
9788190820431
9788190959520
9788192153421
9788192554150
9788192554198
9788192813431
9788192813462
9788193770498
9788194466574
9788194636540
9788194674115
9788194977674
9788195063994
9788195123285
9788195123292
9788195231980
9788195410477
9788196482268
9788196539399
9788196983383
9788196984793
9788199301832
9788199419216
9789311123738
9789311126838
9789334184723
9789334249057
9789347749827
9789347940057
9789348274342
9789350040171
9789350234365
9789350234693
9789350237045
9789350237052
9789351037507
9789351038160
9789351038634
9789351039303
9789351100294
9789351472124
9789352130528
9789352870677
9789354328206
9789354427565
9789354427749
9789354829772
9789356181526
9789356957916
9789356957923
9789356958159
9789359259710
9789359624846
9789359625416
9789359629377
9789359629988
9789359668727
9789362832474
9789369946570
9789380032757
9789380146560
9789380283296
9789380409368
9789380619583
9789380619637
9789380619934
9789380644172
9789380644226
9789380644264
9789381626382
9789381626405
9789382110057
9789382536840
9789384028039
9789384028077
9789384370602
9789384512415
9789384753160
9789384753627
9789385244711
9789385621239
9789385902574
9789386025630
9789386191090
9789386224408
9789386585912
9789386677471
9789387486645
9789387984523
9789387984585
9789388315326
9789388333689
9789388754682
9789388850568
9789388923316
9789389446968
9789393099792
9789395019095
9789395222280
9789395686112
9789693208733
9798885038133
9798885215855
9798885215954
9798885691666
9798885698900
9798885910897
9798886417807
9798886672237
9798887041711
9798887047577
9798887170299
9798887175782
9798887178837
9798887339931
9798887492292
9798888057216
9798888154830
9798888690949
9798888837542
9798889096894
9798889234999
9798889236269
9798889356905
9798889358053
9798889514770
9798889517177
9798889518082
9798889753179
9798889861683
9798890262196
9798891330702
9798891861718
9798892773188
9798893224733
9798902696735
9798903625895
9780330470544
9789355641014
9788199127685
9789362971111
9789373949451
9798246212905
9798257964732
9789352751761
9781631028298
9788125011347
9788125020738
9788125030300
9788125034537
9788125037095
9788126312887
9788170554912
9788170556022
9788181433251
9789350723555
9789350726877
9789351293743
9789361034220
9789387330900
9798248006977
9788171680436
9789352203680
9789354821875
9789357593458
9789363320000
9780330473019
9781509818983
9781509818990
9781509819003
9781509819010
9781509819058
9781509819072
9788121615709
9788172343149
9788172343460
9788172343781
9788172344047
9788172345006
9788172345013
9798254562221
9788120798861
9789362979940
9780016755866
9780333937341
9780802417145
9781636699783
9781637811030
9781638322771
9781638324751
9781639041084
9781639743421
9781646501946
9781646506699
9781647330552
9781649190208
9781649197344
9781649831699
9781649832429
9781649835666
9781684948000
9781685094881
9781913553845
9781956528862
9783278586025
9788119257652
9788119348657
9788120417489
9788122305425
9788125000051
9788125000068
9788125030317
9788173621123
9788174573940
9788176063432
9788177794274
9788178121376
9788178236995
9788178793856
9788179509302
9788181333841
9788181970961
9788181983756
9788182673434
9788183322782
9788186089194
9788187207023
9788188284061
9788188779345
9788189221782
9788189231057
9788189498535
9788190659116
9788190659130
9788192450728
9788193675816
9788193770412
9788194040064
9788194097624
9788194107866
9788194234814
9788194234821
9788194487944
9788194645917
9788194672302
9788194831112
9788194907138
9788195328079
9788195676866
9788195731671
9788195788026
9788196142582
9788196201685
9788196727420
9788197197840
9788197197895
9788197260926
9788198837738
9788199076037
9788199256071
9788199276857
9788199485402
9789311125879
9789334148251
9789334436266
9789347298745
9789348290069
9789348658869
9789348960115
9789350943885
9789351415732
9789351622574
9789351627524
9789352829637
9789353471613
9789354322204
9789354579875
9789354775796
9789354828140
9789355496737
9789355852663
9789356300415
9789356610972
9789356735446
9789356952843
9789357005944
9789357006057
9789357006705
9789357543989
9789357544375
9789357892292
9789357893787
9789358125405
9789358134049
9789358373097
9789358381764
9789358860856
9789359624907
9789360329334
9789362076229
9789362549389
9789362830159
9789362833655
9789362839046
9789363319707
9789366467474
9789367190296
9789367392935
9789367398760
9789371978224
9789380113487
9789380210292
9789380661872
9789380834528
9789380918136
9789381283424
9789381464489
9789381464649
9789382784111
9789383654673
9789383691937
9789384091194
9789384328375
9789385194580
9789385476457
9789385858253
9789386345745
9789386689719
9789387911529
9789388315586
9789389220957
9789389770070
9789389997392
9789390540334
9789390540556
9789390645381
9789390760244
9789391228750
9789391694913
9789391813598
9789392468261
9789392536021
9789392536120
9789393099525
9789393224057
9789393224781
9789393683298
9789393700681
9789394502116
9789394752931
9789394913301
9789395416306
9789395689151
9789398961155
9798253990735
9798885559867
9798890265456
9798900545844
9788188388370
9798232420062
9798233967771
9788181471239
9782322583256
9788183329354
9788184153460
9789347749810
9789363553385
9789373593319
9789380206530
9789386478948
9789386827104
9789392950711
9788125030324
9798894980317
9789373942391
9781009793230
9789371365314
9789371368896
9789334144802
9789385539602
9789389325294
9781636694573
9781639041558
9781639041596
9781639978731
9781643240459
9781643245324
9781645876489
9781648053238
9781648927683
9781685092870
9781685238728
9781946869197
9781956528824
9781956528978
9788119266203
9788119537167
9788119537853
9788119609178
9788125020301
9788125034377
9788125049395
9788171680597
9788172225667
9788177000092
9788177394634
9788178120195
9788178122007
9788178122014
9788178122649
9788178556581
9788180851964
9788181371478
9788182719057
9788183329446
9788183329453
9788192540887
9788194777182
9788195074433
9788199040038
9788199196032
9788199485426
9789334015041
9789334147117
9789350126868
9789350178706
9789350403310
9789350684474
9789352138401
9789354323096
9789355939869
9789357324311
9789359622620
9789360827038
9789360837174
9789362836670
9789362837660
9789363772281
9789364487207
9789367196199
9789367198803
9789386345172
9789388563000
9789391419141
9789392223433
9789393577344
9798885464147
9798887171913
9798889864271
9798890027627
9798896322054
9780143482024
9788190193818
9789355995179
9798257698477
9788126512867
9789395761055
9789355649294
9789384172015
9780143029540
9780143104063
9780143331018
9781492604723
9788119554133
9788119554898
9788125034407
9788126572489
9788170461593
9788172344627
9788172344634
9788184779523
9788189988258
9788189988760
9788193234556
9789351036104
9789351037682
9789352751020
9789380480886
9789381431511
9789381431535
9789384544027
9789385827136
9789385827273
9789385827808
9789386832733
9789388302326
9789391067311
9789394613782
9789362978028
9780007341283
9780016756399
9780063347458
9780065549706
9780190137144
9780195634266
9780521704120
9780863112065
9781637819982
9781639201815
9781639749164
9781643241999
9781645463801
9781648991516
9781648994500
9781684946853
9781685867706
9781789290905
9781789290912
9788120789302
9788120843004
9788121602884
9788122203929
9788125017226
9788125034414
9788125034438
9788125061151
9788126317400
9788128400759
9788129528537
9788129709288
9788131809723
9788170553090
9788170553236
9788170557746
9788170559559
9788170559757
9788170948926
9788170949749
9788171108275
9788173660078
9788173704185
9788175300217
9788175812598
9788177210125
9788177229127
9788179506929
9788180140761
9788181431301
9788181437334
9788181469359
9788185127996
9788186117132
9788186117279
9788188260034
9788190636292
9788190850100
9788192594880
9788193432013
9788193432501
9788195267477
9788197282775
9788199018099
9789325984592
9789334145373
9789350009727
9789350230312
9789350235171
9789350236048
9789350236109
9789350236260
9789350726204
9789350726778
9789350947678
9789351030942
9789351106456
9789351738152
9789352532117
9789354425417
9789357788342
9789358951974
9789359666358
9789360704629
9789360745387
9789363640498
9789370025134
9789371002158
9789382898771
9789383260669
9789385724077
9789386036872
9789386689702
9789386689931
9789386850416
9789387444041
9789387480940
9789391335267
9789392196454
9789392428937
9789392592225
9789396111446
9798887178714
9798888056370
9798888059104
9798888495605
9798890266422
9798891576605
9798893220421
9798902962472
9781569570470
9788129105721
9788129116789
9788129119032
9788129119643
9788129119858
9788129145628
9788131229590
9788174730626
9788174732026
9789357021210
9789357021531
9789361560118
9789361560378
9789361562150
9789361564741
9789361565014
9789370030336
9789370032859
9789370034723
9789370034822
9789370036185
9789370036475
9789370036871
9789370037809
9789370038479
9789370038622
9789391256944
9798129108073
9788171305667
9788180591747
9788183329460
9789334414950
9789359626451
9789393677433
9789371364331
9781956528800
9788119251797
9788119282104
9788119623372
9788125009382
9788125019954
9788125028987
9788125032939
9788125034445
9788125034452
9788125034469
9788125037569
9788125037934
9788129303479
9788168546516
9788171571444
9788171765133
9788171768691
9788173704208
9788178120355
9788178121338
9788180850165
9788183452304
9788184680126
9788186734339
9788186734636
9788186734964
9788186734995
9788187062578
9788189221171
9788189221393
9788189888060
9788189888138
9788193387337
9788195431717
9788195904853
9788196754686
9788196816490
9788197434433
9788197912948
9788198616876
9788198638656
9788199013025
9789324400048
9789334034073
9789334047004
9789347532702
9789348561978
9789348970428
9789350261248
9789350262535
9789354820915
9789354822322
9789354915024
9789356070646
9789359427225
9789359625164
9789359710907
9789361978609
9789362831149
9789362831477
9789362837363
9789363775749
9789363778474
9789364870061
9789381283677
9789381703281
9789382116011
9789389649123
9789390495757
9789391293437
9789392230783
9789392950773
9789394466654
9789394758759
9789395117104
9789395248839
9789395416290
9789395643740
9798989034802
9788126426355
9789380200132
9789370786080
9789390730988
9798297254947
9789394987845
9781638321149
9781638731214
9781638861874
9781643244884
9781646619290
9781647336943
9781648503849
9781685230739
9781685633653
9781685867034
9788125026099
9788125033684
9788125033691
9788131801864
9788181376862
9789364481106
9789367196823
9789367251232
9789367257623
9789367257869
9789386585431
9798885307543
9798886671179
9798886840292
9798901129876
9798902319924
9788177300888
9789351656203
9798246633472
9788123925936
9788123928661
9789364026789
9789370759978
9789378168888
9781913553555
9788119369867
9788119478088
9788119899838
9788124406557
9788125006817
9788125020325
9788125028154
9788125030683
9788125032953
9788125034476
9788125034483
9788126045297
9788129118486
9788129301994
9788171600915
9788172314750
9788189221522
9788192540894
9788193384909
9788193770405
9788194006961
9788194132820
9788194383581
9788194427377
9788194448952
9788195254996
9788195382637
9788197996030
9788198824202
9788199234260
9788199348417
9788199348912
9789334138078
9789334426595
9789347749865
9789351627715
9789354259333
9789354324895
9789354828041
9789356191952
9789356955516
9789357005661
9789357328609
9789357544931
9789357790208
9789359599168
9789359622354
9789359627786
9789359629391
9789360324070
9789363773950
9789363777811
9789363779648
9789363924246
9789364024433
9789364262200
9789364877916
9789376880027
9789380081496
9789380661612
9789381464519
9789383053926
9789383392186
9789383430154
9789386689801
9789386883988
9789388528764
9789389446562
9789390060818
9789390373291
9789390572014
9789391547004
9789392723247
9789394505889
9789394995833
9789395301671
9789395416313
9788171680672
9788172613945
9789362012814
9789363216259
9789371368971
9780016755255
9780952999485
9781638732730
9781639741281
9781644293614
9781646506750
9781647830823
9781649513564
9781685542313
9781685867850
9781945688874
9788119822751
9788121938518
9788125942634
9788168598669
9788168598676
9788168598683
9788173702501
9788179508886
9788182963948
9788185566511
9788197696442
9788198727220
9788198727299
9788199333994
9789348912541
9789350717431
9789352870615
9789352874019
9789356181687
9789356735132
9789356956827
9789357004206
9789358897746
9789359719849
9789362253156
9789362259820
9789367197547
9789384826536
9789385054983
9789385160110
9789387308459
9789388537650
9789393003492
9789396187557
9789396188554
9798231786855
9798232037727
9798233101069
9798885218306
9798892770101
9798900235967
9798901364420
9798903621569
9789378166136
9798892673990
9781850155119
9789375735052
9781850156604
9798232492809
9798233970078
9798263539436
9798294485900
9788195015856
9781569571644
9781737296843
9788119537310
9788119700837
9788125033318
9788125033325
9788125033707
9788125033752
9788125038184
9788125038191
9788125038207
9788125038214
9788125038221
9788125038245
9788125038252
9788171301676
9788173624889
9788179500637
9788179508855
9788187120674
9788189469788
9788193992081
9788194583707
9788195132560
9788195203918
9788196029456
9788196060824
9788196984106
9788196984113
9788197055225
9788198621672
9788199128835
9788199348998
9788199885233
9788199919266
9789348014597
9789348070586
9789348290779
9789348290939
9789351171591
9789355493668
9789355498144
9789358476262
9789360742263
9789362254542
9789368681649
9789370984875
9789381283745
9789381464762
9789382578727
9789385269950
9789386025159
9789386031464
9789386689818
9789388260558
9789390572113
9789390607150
9789392613661
9789393224446
9789393224538
9789394879379
9789397752228
9789354918186
9789361803376
9789373942292
9781743629093
9788131203231
9788172340759
9788172341572
9788172343163
9788172343804
9789352750450
9789354517136
9789371868303
9788194794561
9780143062134
9780143100249
9780143420163
9780143427711
9780143471134
9780330525893
9780670086580
9780670097739
9781447210863
9781447210894
9781523089062
9781569571811
9788126560028
9788126560035
9788126561292
9788126561414
9788126563487
9788126564545
9788126565177
9788172345532
9788172345556
9788175993341
9788175993716
9789351036753
9789351036814
9789366112503
9789366113708
9789366114835
9789366116860
9789366118734
9789366119984
9789380480572
9789380480947
9789381398944
9789381431146
9789381431573
9789381431689
9789381431696
9789381431733
9789384544386
9789384544973
9789385827495
9789385827594
9789385827815
9789385827853
9789385827945
9789386832252
9789388302159
9789388302814
9789391067861
9789391067908
9789394613041
9789394613508
9789815202106
9780007493524
9780070472778
9780976302995
9781542016551
9781542044196
9781542044219
9781543342970
9781543345483
9781636330402
9781636699769
9781637142745
9781637819234
9781638061946
9781638064251
9781638321187
9781638325000
9781638863878
9781639042555
9781639048380
9781639405404
9781639407279
9781639577897
9781643240091
9781644292662
9781646500895
9781647833114
9781648283376
9781648501500
9781648927072
9781684870646
9781684873524
9781684876310
9781684878420
9781685231903
9781685237318
9781685636005
9781685637897
9781685865726
9781685868826
9781696131056
9781946641953
9781946714947
9781947949966
9788120417359
9788121618540
9788121620291
9788121923941
9788121931472
9788121933452
9788121941570
9788122432626
9788125022992
9788125032960
9788125033332
9788125033349
9788125033356
9788125036357
9788125037101
9788125057529
9788131900550
9788131901175
9788131941904
9788170640882
9788170947349
9788171853755
9788173702891
9788173715310
9788174531391
9788174532480
9788175543423
9788176559478
9788181371881
9788183325714
9788184040302
9788184044768
9788184776782
9788185501000
9788187671763
9788187812234
9788187812654
9788188225613
9788188260058
9788188479429
9788189161309
9788189975470
9788189975647
9788190657914
9788190959599
9788197282744
9789327280074
9789350230589
9789350233771
9789350236437
9789350238158
9789350238189
9789350941065
9789351031697
9789351039013
9789351100089
9789351100607
9789351104735
9789352134748
9789359667195
9789367191781
9789380408026
9789380619705
9789380619965
9789380658407
9789381794449
9789382110910
9789382618393
9789382618843
9789383074792
9789383260577
9789384043575
9789384465056
9789386385925
9789386500854
9789386850263
9789387578104
9789387578609
9789387578784
9789387578807
9789387578814
9789387894457
9789388094252
9789388333603
9789388689571
9789388689595
9789391024864
9789393214560
9789810615598
9798241520159
9798885039833
9798885211826
9798885214704
9798885550352
9798885553315
9798885918459
9798886065282
9798886416664
9798886670622
9798886673401
9798886847796
9798887175294
9798887178509
9798887178615
9798887335278
9798887834177
9798888052457
9798888052549
9798888150276
9798888158678
9798888830765
9798888837603
9798889092872
9798889359531
9798889519874
9798889757191
9798889861614
9798890021182
9798890670083
9798892331203
9798895567555
9798898798826
9798900074795
9798900237206
9798900541426
9798900541747
9798904510480
9789362257659
9789395868129
9789395985437
9789395959797
9798232423193
9798302934772
9798892673563
9781033631324
9781947154162
9788119210923
9788119979325
9788123779904
9788125035787
9788125035794
9788125035800
9788125035817
9788125035824
9788125053774
9788125060819
9788125060826
9788129520739
9788169017763
9788169049634
9788171302833
9788172057046
9788173620492
9788173702907
9788175980105
9788178120713
9788179500446
9788184683431
9788187062530
9788187723059
9788190248150
9788190975926
9788193585313
9788193929025
9788194828136
9788195063925
9788195069118
9788195074464
9788195281275
9788195331710
9788195747610
9788195834921
9788195951130
9788196806316
9788197156854
9788197225390
9788197232381
9788197375057
9788197505928
9788197657740
9788198637536
9788198995315
9788199020849
9788199143821
9789347678004
9789348561596
9789348561756
9789349227552
9789351620938
9789351626237
9789352129270
9789356434776
9789356739475
9789357425391
9789357428941
9789357546287
9789358375565
9789359426129
9789359624235
9789360006846
9789360008703
9789361104886
9789361808463
9789362839695
9789363316829
9789364028929
9789364074162
9789364879965
9789367395738
9789380441870
9789381224151
9789381659083
9789382887850
9789383282500
9789386555304
9789386689832
9789388280716
9789389888164
9789391008949
9789391547370
9789392759352
9789392880865
9789393224699
9789393472823
9789393577139
9789393853066
9789395301725
9789693209259
9788119151851
9789357004770
9789371864350
9789371864428
9788199129870
9789354517143
9798258077349
9788119349241
9788173290039
9788173291500
9789354093463
9789380628936
9798895887417
9780199641710
9781403929648
9781637141397
9781638326731
9781639576036
9781639749829
9781647600471
9781647601119
9781850156598
9781850157212
9781947283114
9788125019022
9788125033363
9788125033370
9788125033387
9788125038269
9788125063216
9788184070330
9789350044193
9789351550143
9789386689849
9789388632294
9798885914994
9798886063981
9798886417982
9798886844641
9798892339537
9798892779449
9798898541651
9798899061851
9798899611605
9798900235417
9798902075066
9798902311751
9789351038269
9789373944999
9789373948263
9788131217122
9788131761106
9788169001861
9788173293368
9789325797215
9788119166190
9788120827691
9788125033394
9788125033400
9788125033417
9788125033424
9788125033431
9788125033448
9788125060840
9788125060857
9788125063186
9788126544905
9788168514898
9788170552864
9788170557517
9788170559016
9788171248117
9788173704796
9788177792096
9788178122182
9788178122373
9788178122694
9788178987385
9788180400438
9788181438133
9788187482819
9788189221539
9788195244416
9788195754854
9788196136185
9788197570049
9788197577864
9788199055100
9788199339538
9788199587595
9788199970700
9789347253881
9789348521729
9789350125236
9789352874477
9789354428715
9789355494429
9789356956780
9789356957312
9789357546591
9789357604765
9789358379051
9789358528985
9789359152110
9789359591414
9789359620602
9789359627779
9789359628110
9789359666525
9789359732084
9789359739014
9789361036057
9789362838643
9789362838827
9789367953679
9789368682035
9789371369817
9789372484694
9789372485653
9789373107639
9789385390708
9789386655981
9789387441262
9789388684521
9789390574643
9789391080044
9789391925338
9789392469114
9789392536311
9789395686136
9798895197783
9789393677266
9788131203507
9788131207031
9798257598623
9789349857810
9789393382849
9781406337686
9788171109241
9788196967451
9788199888395
9789334271355
9789350008270
9789361149634
9789388684637
9798893637953
9798893638141
9798893638219
9781636694801
9781638731627
9781639401659
9781639406807
9781639575718
9781639579679
9781649833730
9788125044536
9788125060833
9788171104741
9788173294471
9788173702921
9788173702938
9788177444254
9788179505083
9788179509814
9788179509937
9788180590108
9788187680307
9788189634117
9788192054001
9788192667270
9788193834374
9788195722099
9789325986619
9789347624797
9789350001554
9789350716687
9789352874484
9789354427930
9789354566257
9789355030276
9789355852984
9789357430180
9789358105599
9789364486415
9789368992387
9789369572694
9789369573073
9789369575114
9789369575138
9789369575558
9789369576609
9789369577668
9789378165795
9789382267089
9789385083693
9789386689863
9789387984660
9789389361889
9798305355406
9798886844290
9798895443934
9788197237027
9789358800647
9789362256669
9798274278287
9788197282713
9789395576635
9788125043546
9788125043553
9788125043584
9788125047858
9788125060888
9788126546220
9789358777529
9789361034855
9798247352747
9798247370253
9789380485140
9789394204096
9780071333573
9780190137205
9780190137212
9780190137229
9780190137236
9780190137243
9780190137267
9780190137656
9780947655617
9781636064970
9781638061113
9781638502500
9781639741328
9781642494464
9781644296134
9781646784851
9781649191373
9781685384456
9788119064328
9788119348251
9788119348947
9788119563852
9788121613767
9788121932615
9788123798936
9788125041085
9788125051091
9788125953005
9788126032969
9788126043026
9788129200181
9788130028507
9788131003633
9788131702284
9788170641001
9788171131013
9788173626784
9788173663192
9788173714405
9788179501740
9788179503225
9788179508862
9788179876619
9788180570261
9788182964372
9788184046007
9788186762899
9788188082001
9788193347805
9788193347850
9788193416600
9788193895283
9788194403791
9788194427315
9788195045402
9788195171767
9788195303045
9788196130411
9788196814373
9788197055263
9788197105647
9788197203350
9788197329531
9788198345530
9788198345585
9788198490216
9788198679154
9788198834379
9788198999788
9788199067806
9788199087958
9788199256064
9788199333901
9788199333918
9788199333956
9788199353213
9788199531642
9788199676503
9789334141412
9789334379518
9789347940293
9789347999314
9789348290397
9789348290847
9789348521446
9789348552600
9789348561633
9789350126813
9789350237038
9789350238936
9789350261255
9789350405321
9789350941072
9789351105923
9789351108108
9789351194767
9789351761457
9789352032884
9789352136155
9789354076435
9789354427282
9789354772948
9789354919046
9789355498526
9789355729842
9789356026087
9789356278271
9789356435414
9789356486270
9789356734937
9789357006040
9789357324922
9789357763790
9789357822831
9789358119954
9789358866933
9789359623559
9789359663654
9789359715186
9789360003739
9789362541826
9789362832061
9789363599277
9789363773554
9789364521970
9789364544955
9789364871068
9789364875202
9789364876759
9789364878241
9789367075821
9789370022348
9789370464278
9789370466616
9789370469112
9789371326940
9789374064658
9789374265826
9789374266281
9789375007616
9789376868377
9789380126081
9789380244112
9789381283950
9789382052944
9789382566175
9789382730200
9789383313679
9789384375416
9789384883065
9789385194252
9789387131286
9789388426305
9789389480368
9789389995855
9789390540099
9789390760466
9789390771790
9789391672249
9789392445576
9789392823459
9789393003218
9789393224460
9789394502840
9789395222396
9798885303514
9798887831169
9798887837703
9798888497104
9798888696019
9798890662712
9798890666161
9798892332194
9798894981000
9798895197899
9798898794651
9798900237992
9798901122112
9798904310554
9798904514495
9788126412389
9788168602557
9789367075562
9798246332528
9788131012109
9798887045740
9798900232492
9780143306511
9780143505723
9780330473415
9780753449387
9780765387370
9781509846771
9781509897520
9781569571569
9788126572458
9789352750412
9789354710445
9789354710520
9789354710605
9789354710681
9789354710841
9789354710964
9789381398876
9789386215055
9789394613614
9798896104148
9798896998693
9789332516649
9789383260270
9788174732019
9789370984707
9788177227611
9789371867733
9780330330091
9781433689345
9781636331355
9781636338910
9781639044702
9781639200931
9781639741847
9781648506413
9781649198099
9781649832467
9781685386566
9781945579448
9781989400050
9788119412488
9788121801430
9788123792484
9788125043591
9788125043607
9788125060345
9788129312297
9788170540847
9788171014507
9788171016594
9788171248452
9788171601646
9788173624414
9788175253483
9788175978461
9788175978492
9788175978508
9788178838151
9788180141195
9788181370075
9788184804522
9788187062752
9788187733393
9788190659192
9788190966184
9788192552408
9788192674353
9788192803005
9788192803043
9788192803067
9788192803074
9788192976068
9788192976075
9788193291801
9788193384923
9788193529072
9788193532218
9788193771303
9788193937341
9788194719038
9788194719571
9788194736073
9788194795216
9788194988441
9788195074457
9788195398256
9788195464371
9788195885008
9788195885077
9788195926800
9788195926817
9788195926824
9788196201661
9788197232329
9788197341212
9788197341274
9788197341281
9788197374289
9788198817488
9788199065475
9788199067868
9788199099692
9788199118973
9788199238947
9788199754829
9789311127033
9789334137705
9789334288957
9789347704000
9789348561534
9789349001916
9789350152867
9789350731611
9789350737521
9789352055425
9789354823916
9789355494870
9789355920171
9789356513990
9789356525207
9789356929920
9789356957930
9789357321945
9789359577845
9789359620480
9789359624211
9789359664927
9789359667119
9789359669731
9789359713953
9789359735221
9789359961774
9789360130763
9789360704285
9789361038143
9789361800528
9789361801778
9789361855153
9789362839527
9789363598102
9789364878975
9789367193006
9789371360982
9789371970587
9789374245231
9789375798828
9789380126104
9789382282297
9789384375485
9789390572502
9789390572854
9789390645251
9789390771950
9789390865413
9789390981977
9789391374167
9789391617295
9789391634339
9789391634353
9789391634476
9789391634933
9789392281730
9789392374159
9789392374272
9789392374548
9789392803680
9789393472502
9789393758224
9789395686105
9789395686129
9789399445517
9789833281053
9789833517763
9798887335582
9798889599166
9798890671981
9798892778053
9798895561676
9798899617263
9798900232089
9798900235110
9789375167334
9789371860604
9788168598607
9788168598652
9788168602519
9788168602533
9788168637863
9788170553014
9788178120904
9788178121628
9788178122595
9788186877357
9788199018051
9788199899339
9789354428562
9789354777684
9789355017369
9789355180896
9789367259764
9789388536714
9789362259950
9789362252654
9789362250360
9780749445270
9780749449131
9780863111082
9781107675513
9781405121583
9781608270156
9781608270163
9781626569492
9781636066745
9781637549469
9781638061533
9781638068082
9781638320104
9781638328117
9781638507826
9781638508540
9781639043774
9781639207510
9781639209392
9781639576104
9781639579822
9781639745807
9781639749430
9781639976881
9781646504053
9781648284113
9781648284984
9781648503382
9781648505515
9781648507021
9781648509049
9781648696145
9781649517456
9781684661121
9781684873272
9781685091651
9781685093976
9781685237776
9781685386740
9781685387846
9781685548582
9788120323759
9788120797765
9788121615730
9788121910163
9788121935272
9788122310443
9788122421101
9788122427271
9788125041078
9788125044543
9788125201915
9788126536443
9788126560707
9788126560714
9788126562695
9788130902968
9788131206041
9788131809709
9788170544234
9788170641056
9788170949947
9788170977988
9788171104376
9788171246397
9788171680658
9788172550561
9788172764876
9788174530431
9788175411982
9788175545342
9788176496070
9788177226065
9788177793178
9788178791302
9788183225830
9788184041460
9788184620276
9788184975666
9788185301570
9788186302040
9788187943242
9788188128037
9788188260027
9788189059491
9788189059521
9788189221805
9788189975593
9788190950329
9788193295281
9788193407134
9788193838631
9788195835416
9788195838592
9788196311186
9788197046094
9788197570025
9788197570094
9788199067387
9788199094017
9788199587502
9789311125527
9789347302428
9789347870071
9789348138927
9789349669925
9789349679917
9789350235812
9789350651520
9789350716694
9789350943779
9789350948941
9789351033714
9789351037477
9789351100775
9789351106494
9789351190868
9789351194699
9789352103157
9789352134809
9789352512942
9789352871667
9789354256653
9789355498588
9789356434929
9789356951488
9789357326766
9789357329873
9789358162875
9789358529722
9789358708332
9789358779189
9789359626635
9789359627267
9789359629001
9789359662268
9789361030024
9789361030536
9789361032011
9789361034442
9789362544193
9789363556881
9789366499086
9789366653631
9789367191637
9789373946603
9789378255571
9789380032528
9789380283968
9789380283982
9789380444505
9789380631011
9789380644196
9789380658155
9789381626436
9789381626450
9789381626771
9789381794142
9789382110538
9789382114390
9789382282273
9789382363026
9789382618034
9789382618379
9789382618447
9789382618881
9789383233908
9789383260096
9789383260188
9789384028237
9789384030506
9789384030964
9789384439088
9789385152610
9789385152849
9789385724282
9789385879111
9789386036834
9789386189134
9789386224606
9789386224910
9789386309013
9789386516824
9789386604224
9789386850232
9789386850249
9789386850270
9789386850782
9789386850850
9789387578265
9789387578449
9789387894297
9789387894303
9789387894631
9789388107365
9789388754316
9789389993080
9789390373802
9789390645176
9789390767182
9789392374197
9789392756566
9789392756788
9789392756832
9789394387386
9789395598545
9789395643733
9789937623629
9798885217200
9798885219006
9798885303194
9798885465823
9798885916509
9798886067385
9798886069457
9798886291087
9798886293562
9798886418354
9798886842777
9798887179551
9798887495651
9798887839493
9798888150573
9798888494813
9798888838167
9798890662484
9798890663122
9798892772181
9798893223880
9798894151908
9798895196694
9798896326380
9798897441020
9798898266844
9798900231686
9798900540719
9798900544588
9798900544595
9798901362396
9798901766866
9798902696018
9798902968795
9798903194148
9798903301072
9798903429639
9798903620036
9798903924936
9798904510749
9798904511821
9780849763168
9780875161969
9781782442592
9781846841804
9781850155140
9788181467157
9789349965935
9789350467947
9799788195121
9789370788893
9789373948546
9789395635486
9788119517299
9788125004431
9788125060048
9788125060055
9789352874507
9789354425684
9798249352547
9788131208229
9788131214954
9789355204820
9789357026796
9789359624600
9789360327774
9789361564093
9789381335451
9798129107823
9789347027871
9781638503187
9781647337360
9781648283185
9781685867959
9781945926129
9785758855447
9787758855359
9788119454921
9788121927727
9788125037828
9788125060062
9788126515622
9788129142269
9788131808979
9788131809143
9788171246403
9788171247189
9788171767175
9788177584141
9788183323543
9788183451031
9788184253375
9788184280067
9788186824078
9788190690690
9788193434888
9788193709078
9788194151487
9788194312352
9788194809852
9788194865179
9788195462209
9788195499854
9788195757404
9788197282782
9789334295221
9789334437218
9789347302817
9789348290298
9789348552327
9789349227842
9789350238417
9789350555934
9789351627043
9789352137497
9789352137954
9789352874514
9789354425639
9789354828683
9789354829697
9789356482098
9789359423296
9789359596846
9789359620855
9789361803017
9789362611673
9789362836267
9789362837639
9789363773691
9789364872157
9789367256572
9789371397766
9789374263280
9789377519247
9789377705022
9789380271057
9789381244937
9789383430123
9789386857248
9789388597678
9789390713356
9789392803550
9789395174770
9789396902204
9798559333090
9798885699907
9798887171319
9798889097976
9798895446140
9798895562130
9798895884652
9788194718758
9789358896893
9789393214713
9789814333658
9789373947211
9788178120416
9781869433819
9789385932557
9789362259103
9789385485473
9789388706896
9780008726911
9780008772789
9780143445494
9780670082476
9780670088102
9780670090471
9780670091515
9780752266558
9780753448397
9780753448403
9780857425904
9780860370987
9781501134845
9781509816057
9781509823239
9781740511384
9781740511421
9781740511438
9781878424495
9781913738242
9788126564538
9788126565139
9788126575091
9788126577712
9788126578825
9788126578849
9788126578856
9788126578955
9788126578979
9788126578986
9788172345563
9788175993358
9788175993396
9788194643036
9789356296206
9789366111148
9789381431870
9789384544690
9789385827976
9780195668858
9781433689376
9781639207725
9781648991233
9788119178445
9788119512423
9788120832442
9788121603812
9788122903652
9788123799872
9788125004455
9788125043089
9788125045830
9788125051039
9788125052593
9788129529220
9788168536326
9788168571020
9788172311087
9788178120300
9788178121130
9788182941175
9788183324755
9788190394635
9788190394680
9788192814537
9788192967950
9788193425671
9788193966587
9788194831136
9788194940401
9788195035410
9788195071166
9788195647330
9788195732760
9788196967338
9788197045400
9788197045424
9788197418396
9788197443428
9788198621634
9788198621641
9788198995322
9788199154155
9788199652125
9789334036169
9789347525445
9789348070883
9789350005064
9789350586037
9789350947265
9789353223571
9789354427756
9789354428555
9789354776595
9789354822803
9789354824074
9789356277717
9789356611306
9789357325240
9789357544238
9789357546690
9789359423906
9789359621760
9789359624587
9789359625300
9789359626468
9789359669670
9789361971792
9789364260787
9789364262743
9789367253342
9789376319800
9789378372551
9789380550305
9789380574158
9789380628660
9789381748213
9789384091057
9789386500908
9789386689481
9789386689917
9789386763716
9789386870575
9789387968691
9789388260916
9789388536387
9789388536837
9789389089288
9789389109238
9789389624953
9789390298358
9789390305711
9789390645374
9789392469985
9789394265707
9789394885851
9789395047876
9789395117876
9798330250196
9798885552387
9798894754352
9798896736929
9798897243242
9789373941578
9789352874545
9789352874552
9789354426537
9789354427855
9789360740085
9789369582877
9789369585830
9798293630622
9789371360777
9789371365307
9798874188092
9789354517082
9788119812028
9788190435178
9788196295875
9788196510565
9788198276612
9788199279322
9789334182378
9789355997364
9789367075487
9789388468299
9780022446864
9781405148368
9781644294437
9781649198440
9781649830043
9781685091637
9783443950569
9788119058570
9788120345911
9788121927383
9788121936590
9788122315196
9788124401699
9788125037873
9788125056317
9788125060079
9788125914440
9788131809006
9788168596689
9788170641094
9788172211226
9788172610449
9788173199523
9788173666377
9788173668838
9788173669347
9788174530196
9788178555515
9788178555829
9788179509869
9788182200203
9788182678408
9788182964181
9788183155328
9788183324670
9788183553339
9788183554909
9788184040050
9788189858148
9788189975654
9788191006186
9788193675885
9788194151142
9788194699729
9788195254927
9788195393718
9788198991171
9788199339576
9789348521521
9789350120866
9789351108610
9789351108771
9789354424267
9789354774980
9789355494689
9789355573896
9789355851499
9789356193796
9789356610774
9789357768993
9789359069685
9789359592404
9789359626376
9789359626970
9789359629582
9789359660950
9789359719856
9789362078308
9789363598560
9789364022149
9789367196816
9789368084259
9789371602822
9789374261743
9789376889075
9789380934112
9789381269527
9789384030322
9789386224613
9789386243522
9789386689726
9789386763525
9789387028623
9789388952354
9789389750430
9789390760978
9789392196249
9789392665493
9789392777691
9789394922617
9798886065350
9798886677973
9798887336169
9798887836638
9798889353829
9798890666901
9798892225922
9798892331777
9798894755342
9798902969792
9798903625291
9798904318338
9798904517960
9789359628547
9789373947303
9789381269480
9789371860277
9788125048633
9789362974808
9789355999153
9789373944296
9789362252135
9781449403102
9781529019131
9789351038528
9789371362481
9780199482153
9781637101179
9781638328520
9781639978977
9781684877003
9781685095253
9781685547318
9788125044550
9788125045847
9788125045878
9788125060086
9788125060093
9788129711113
9788178121741
9788182091634
9789350042755
9789351194750
9789352873944
9789380644318
9789387672314
9789387918320
9798887490328
9798888495391
9798892337410
9798894984742
9798895880456
9798897445400
9798902074854
9798233024870
9789371362757
9789371363723
9789371365208
9789371369510
9781637548745
9788119251322
9788121802789
9788125043096
9788125045854
9788125053743
9788125053750
9788126028887
9788129531612
9788131001868
9788170741985
9788170822585
9788181333797
9788188473199
9788190485333
9788193363829
9788194132875
9788194390916
9788195246823
9788195306770
9788195329045
9788195693849
9788195985258
9788196243203
9788196276010
9788199181038
9788199675629
9789334141535
9789347164293
9789348138439
9789348138835
9789348561824
9789352101283
9789352129157
9789352314164
9789354770500
9789354772696
9789355492036
9789358163636
9789359591339
9789359624822
9789359715759
9789359734798
9789360320287
9789368535164
9789373482903
9789376881147
9789381748039
9789382390428
9789382716235
9789383582952
9789385741135
9789386245779
9789390760947
9789391219055
9789392337673
9789394095755
9798233023620
9783368008925
9783368045616
9783368055738
9783382035242
9783382326449
9788131217061
9788197282751
9780022124571
9780521682596
9781638320814
9781649194770
9781685095734
9781685543532
9781685860868
9781844148707
9788125045823
9788125045861
9788125060338
9788125060932
9788125060963
9788131717066
9788168543201
9788168549715
9788168598638
9788170641100
9788170750918
9788171946464
9788173668401
9788173701207
9788175250376
9788178126586
9789311127781
9789349660977
9789352136278
9789352870004
9789354093647
9789354771422
9789355014665
9789359624297
9789363799424
9789367258606
9789376887828
9789386689900
9789387015913
9789394995734
9789396647143
9798896101017
9798900074245
9798902078173
9789371360494
9788126136582
9789370038691
9788474966053
9789349425828
9781976191459
9781976333620
9780008336356
9780143422372
9780143461166
9780241997116
9781137464675
9781405959919
9781591440369
9788119090693
9788122129533
9788124334478
9788125045885
9788126409464
9788126546770
9788170462828
9788173704024
9788173704055
9788174573711
9788176755696
9788178122755
9788178242927
9788184676167
9788194437185
9788195113811
9788195677795
9788195977369
9788197054563
9788199046238
9788199067332
9788199161153
9788199333987
9788199459496
9788199947351
9789349038349
9789351625902
9789351691341
9789351754947
9789352129287
9789357171663
9789358388558
9789359599892
9789361692383
9789362542144
9789362549099
9789364681414
9789364873147
9789367254240
9789367254394
9789367254530
9789374262153
9789376500789
9789382282501
9789383296316
9789386771391
9789387453739
9789388631105
9789388757119
9789388757126
9789389665093
9789390645169
9789391177317
9789395576642
9789358895513
9781636694771
9781637458327
9781637818237
9781638060307
9781638060741
9781638868057
9781639047253
9781639047796
9781639206100
9781645872474
9781648923371
9781649196446
9781649513526
9781685092443
9781946048073
9781946204745
9788120344617
9788125043157
9788125914471
9788126563869
9788131508534
9788131713181
9788171104802
9788171853632
9788172761110
9788173669040
9788173669385
9788174144225
9788174530202
9788174532183
9788174532411
9788175053342
9788175053892
9788175256972
9788175545427
9788176212458
9788178440484
9788181930637
9788183770651
9788184041811
9788184045062
9788184046939
9788184047110
9788184350456
9788184975550
9788185094779
9788185300122
9788186050149
9788195478651
9788197057625
9788198149206
9789350046821
9789350236765
9789350239247
9789350944806
9789351033578
9789351033592
9789351033608
9789351033615
9789351102496
9789352131969
9789352135899
9789354918971
9789356810266
9789371009164
9789380032894
9789380658025
9789381771501
9789381887684
9789383186983
9789383260508
9789383260812
9789385152726
9789385152832
9789385621222
9789385724336
9789386309303
9789386850201
9789386850393
9789387023482
9789390085521
9798885037501
9798885303002
9798885462938
9798885558617
9798886676181
9798887042657
9798887044743
9798887047225
9798887048420
9798887838052
9798888338537
9798888339169
9798888691151
9798888698952
9798889513995
9798889517009
9798889864158
9798890027153
9798890027450
9798891332133
9798893634983
9798894159195
9798894460345
9798894758336
9798894985954
9798895444252
9798896730651
9798896731115
9798898265151
9798899296222
9798899296246
9798899610233
9798900235219
9798900898704
9798901122341
9798901122624
9798901129517
9798902314998
9798903421442
9798903422975
9789373946184
9788126569991
9798231110605
9798275852059
9781946582287
9788119373598
9788119517558
9788119590704
9788119644346
9788120822061
9788120843417
9788122310375
9788125014560
9788125045892
9788129334671
9788130028590
9788168599000
9788170550884
9788170552543
9788170553021
9788170553069
9788170840169
9788170866671
9788171109357
9788171601592
9788172210984
9788172211417
9788173292538
9788176810975
9788177796384
9788179652107
9788180403859
9788180483103
9788181352897
9788181430496
9788181431226
9788181433831
9788181439581
9788181665485
9788182232037
9788182233294
9788189221256
9788189221409
9788189564858
9788191046397
9788191064292
9788192552415
9788192972800
9788192977867
9788193056929
9788193825235
9788193825242
9788193825266
9788194240754
9788194312451
9788194467946
9788194868880
9788194876724
9788194904991
9788194922117
9788194922537
9788195052905
9788195260881
9788195410583
9788195433223
9788195443406
9788195548989
9788195760886
9788195763160
9788195852871
9788195867646
9788195940462
9788195940479
9788195940486
9788195992027
9788196229634
9788196342319
9788196342364
9788196355715
9788196717681
9788196753368
9788196984144
9788197105661
9788197180286
9788197236709
9788198621627
9788198696458
9788199076020
9788199099678
9788199100039
9788199107748
9788199120013
9788199219861
9788199220843
9788199279353
9788199332355
9788199430976
9788199587571
9788199660380
9788199675971
9788199736016
9788199736085
9788199763234
9788199952355
9789334338348
9789334341867
9789347302138
9789348912312
9789348912992
9789348963956
9789349001381
9789352046980
9789354324659
9789354695902
9789354773402
9789354824302
9789354829703
9789355170439
9789356265196
9789356355279
9789357321082
9789358522549
9789358526387
9789359426280
9789359576169
9789359593876
9789359594842
9789359594941
9789359597119
9789359627052
9789360326593
9789360450953
9789362010001
9789362831972
9789363479029
9789363554122
9789364871341
9789364874854
9789365540475
9789366655888
9789370026346
9789370467613
9789370467972
9789372482287
9789373350059
9789373359526
9789374622377
9789381018996
9789381283684
9789381283752
9789382267096
9789382267744
9789383691715
9789384091262
9789384091651
9789384858100
9789384858131
9789385540912
9789385986406
9789386219299
9789386516268
9789386516947
9789387484566
9789388528986
9789389012965
9789389649703
9789390100170
9789390265220
9789390274697
9789390872817
9789391042691
9789391045265
9789391406738
9789391730840
9789392199363
9789392445897
9789392494543
9789392613135
9789392613784
9789392624575
9789393003393
9789393224163
9789393577443
9789393711083
9789394387676
9789394466616
9789394704008
9789395257664
9789395301664
9789395576765
9789395661843
9789395908160
9798895192146
9788185263441
9781787475557
9788119014712
9789355188854
9798895192412
9781405123853
9781639749959
9781647833411
9788125045816
9788126549276
9788126553044
9788130910864
9788173198199
9788178120478
9788178122427
9788180522062
9788181439086
9788181439741
9788184894615
9788184974331
9788187680239
9788199261341
9789311128818
9789350719947
9789352053308
9789370789296
9789385621734
9789386221759
9789386224842
9789386677044
9789390427208
9789390427215
9798885309752
9798885554862
9798886844153
9798887833880
9798889753537
9798892777087
9798894755250
9798901122891
9798903929078
9780195684155
9781569570807
9788131228234
9788181471758
9788181890092
9781984388322
9780161943750
9788125023739
9788125023746
9788125045908
9788125059943
9788125064343
9788169049214
9788178120287
9788178121758
9788187474333
9788194471332
9788194719502
9788195057429
9788195254941
9788195474066
9788196387877
9788197570032
9788199255098
9788199339217
9789348521422
9789351460428
9789352313792
9789354424298
9789355496638
9789356610552
9789356952300
9789356957480
9789357545754
9789357891516
9789358377248
9789359429410
9789359593814
9789362833006
9789362835802
9789363471771
9789363475243
9789370465275
9789376888191
9789381016039
9789389082821
9789392140389
9789394752276
9789394922549
9789396611359
9789695660614
9798894989150
9789387397439
9798253992791
9789354824463
9789358894820
9789348145611
9789371369893
9780068954897
9781638067900
9781639202867
9781647837280
9781684663194
9783443951085
9788125016687
9788125033240
9788125037866
9788125043133
9788125043140
9788125044567
9788125045915
9788125048664
9788125056300
9788125056393
9788125058762
9788172747817
9788178120218
9788196209438
9788197235023
9789311127736
9789334235302
9789334294873
9789347263880
9789347497063
9789349988675
9789352532018
9789352874392
9789354428951
9789355812230
9789358701029
9789359620251
9789359628394
9789363444706
9789365218497
9789370608900
9789370780699
9789386689894
9789387133006
9789390343263
9789390800018
9789392374258
9789393003225
9798885300483
9798886060447
9798893631616
9798894756622
9798895194287
9798900230467
9798902310389
9798903420230
9798293792672
9789353909673
9789361595783
9789373325330
9788119266746
9788125058717
9788170821076
9788178121406
9788179292150
9788179500682
9788184612929
9788189221676
9788190189781
9788190679664
9788192356327
9788194326960
9788194392880
9788196353551
9788197019968
9788198820914
9788199067363
9789349001862
9789359623849
9789362831965
9789376500109
9789376508891
9789380941394
9789382026525
9789386625373
9789390700318
9789391567552
9789395908122
9789960966687
9798294924102
9798903302048
9780571550098
9780571551248
9780571551828
9780571580934
9780571580965
9780571581030
9780571581061
9780571581122
9780739020791
9780739029961
9780849715709
9780857365545
9780857365552
9780857365576
9780863593628
9781423437871
9781788640008
9781858680255
9781923570740
9782122611579
9783422981768
9783943638028
9788181478085
9789381535028
9798885691901
9798885751742
9798889758488
9798890260925
9798896105749
9798900891972
9798902312215
9798902960843
9780008824495
9798246997130
9780008756253
9780063398962
9780143427476
9780143479123
9780593981764
9781035091393
9781349959556
9781447202370
9781447228387
9781471125263
9781501191732
9781509881093
9781526663207
9781620552919
9781804090909
9781971622361
9781989469132
9788126559190
9788126563371
9788126565689
9788126567232
9788126568031
9788126571635
9788126572168
9788126577460
9788126578863
9788126578887
9788126578900
9788195916542
9789366113296
9789381431283
9789386215468
9789389109191
9789394613119
9798217191642
9780241626474
9780241634523
9780385687843
9780385698207
9780735241381
9781039007956
9781039056480
9781543342963
9781647837099
9781648508899
9781649193834
9788122611861
9788125020950
9788125023753
9788125043249
9788125044574
9788125044581
9788125044598
9788125044604
9788125045786
9788125056416
9788125056423
9788125059950
9788126452880
9788173200687
9788173703119
9788178440378
9788178555522
9788187540571
9788189059224
9788189161064
9789311122441
9789311124223
9789311124414
9789311127095
9789348734600
9789350237168
9789351108900
9789351190899
9789352136209
9789352877614
9789354429170
9789355559562
9789355646804
9789367255407
9789371860239
9789373017327
9789386498960
9789386689474
9789389368079
9781108454414
9788123919454
9788174732033
9788181475473
9789334287837
9789355204752
9780443119484
9789361565229
9780190137977
9788125053835
9789352870011
9798895447239
9789370783553
9798278623816
9780022443399
9780071241762
9781637544068
9781685093815
9781685546359
9781685634407
9781998475070
9788119132805
9788121938464
9788124003541
9788125045809
9788125051077
9788125058724
9788170822035
9788171680641
9788173624421
9788173626739
9788174250803
9788177794960
9788180546419
9788182060852
9788185679839
9788192935553
9788194118022
9788194326199
9788194876748
9788194959168
9788194959182
9788195478606
9788195499823
9788195499861
9788196222277
9788197157462
9788197604669
9788198011206
9788198011275
9788198621658
9788199107731
9788199107762
9788199188365
9788199332348
9789334388480
9789334455755
9789348409621
9789348521125
9789348521934
9789348569134
9789349746237
9789351732556
9789352877140
9789354324314
9789354427664
9789354699658
9789355855206
9789356433113
9789356955677
9789357427807
9789357428279
9789358164213
9789359624341
9789359625577
9789360760168
9789362018038
9789362076724
9789362543158
9789362839060
9789363599253
9789363772328
9789364876209
9789366495668
9789370029613
9789370980143
9789372447088
9789374249819
9789381189580
9789381781609
9789382109143
9789386386823
9789387918283
9789387918504
9789389082999
9789389480597
9789392231414
9789392880650
9789392957772
9789393223340
9789394265554
9789394265721
9789394502659
9789395270052
9789395908177
9798180220752
9798255680146
9798272498328
9798888836125
9798893639094
9798895417133
9798895447215
9798899610950
9798900540177
9798900542379
9798902960768
9788197174162
9798889863878
9780706963830
9789379290014
9789379297747
9789393171146
9788125064381
9788178120812
9789347311994
9789347590092
9789349562615
9789354426292
9789358705003
9789373593494
9788123904771
9788123905938
9789362258434
9780000146441
9780072289152
9780552779111
9781445493787
9781637548417
9781638329541
9781638865322
9781639408856
9781639578726
9781639745760
9781639970735
9781645460688
9781646503902
9781648286773
9781648501302
9781684872084
9781685092429
9781685543921
9781685639884
9781743625804
9781946390226
9781947429710
9786541250166
9788119609857
9788119782000
9788120347915
9788120417243
9788121500302
9788121501330
9788121508735
9788124407783
9788125016403
9788125041061
9788125053842
9788125056430
9788125064398
9788126544769
9788126560844
9788130930824
9788131515082
9788170366782
9788170948315
9788170949138
9788170949510
9788172112936
9788172130800
9788173293221
9788173667473
9788173703935
9788173704499
9788174530400
9788174531551
9788175224063
9788176493956
9788178291451
9788179308301
9788180600906
9788181374882
9788182964204
9788184042207
9788184045673
9788184782462
9788184975574
9788184975604
9788184975611
9788187077732
9788187721161
9788187746126
9788188260003
9788188479177
9788188479764
9788188683154
9788189902308
9788189975869
9788190117623
9788193675892
9788193895184
9788194303114
9788195951178
9788197168055
9788199067325
9788199120037
9789334153651
9789348314550
9789350235096
9789350238196
9789350239544
9789350671306
9789350943892
9789351038986
9789351101703
9789351101888
9789351105374
9789351109969
9789351192657
9789351442134
9789351760146
9789352134137
9789352135424
9789352137008
9789352837861
9789352877133
9789359594699
9789359660554
9789359661308
9789361030451
9789362830982
9789370022881
9789376505654
9789380283715
9789381283790
9789381626092
9789381748206
9789384030070
9789384030384
9789384030940
9789384061371
9789384370626
9789384385033
9789384385170
9789385152429
9789385152719
9789385616402
9789385621284
9789385621338
9789385621437
9789385724039
9789385980411
9789385980879
9789386036636
9789386189059
9789386224453
9789386224804
9789386689467
9789387578500
9789387578821
9789387672666
9789388689755
9789390708475
9789391024475
9789391154837
9789391855093
9789391855314
9789391855321
9789391855482
9789392880612
9789393224262
9789394061316
9789395160049
9789395576741
9789395576819
9798268685701
9798885214605
9798885308304
9798885468817
9798885554572
9798886290271
9798886416787
9798886672671
9798888051238
9798888156025
9798888159255
9798888835531
9798889750116
9798889860235
9798889865537
9798890665867
9798890675286
9798892331753
9798892337625
9798893631876
9798894157726
9798894469812
9798894756936
9798896998181
9798900230245
9798900231945
9798900239606
9798900540009
9798900545547
9798902074311
9798902313434
9798902317166
9798902698968
9798902962915
9798902966487
9798903190058
9798903190676
9798903190690
9798903190713
9798903190737
9798904514273
9798904515584
9780199474448
9788126546268
9788126554904
9788126559152
9789966062345
9788119151820
9789371869577
9789382276128
9798887726878
9788125020967
9788125037859
9789354429835
9788123900087
9789388725774
9780201060386
9780718090562
9780970358127
9781137464613
9781637149683
9781646782628
9782987459941
9783443950682
9788119064786
9788119369935
9788119563425
9788120843097
9788125045793
9788125052906
9788125056454
9788125060314
9788171103607
9788171165995
9788171571666
9788172866921
9788177750140
9788179501849
9788181432193
9788186351390
9788186782774
9788186995884
9788190829274
9788193318966
9788193649817
9788193770481
9788193811153
9788194719588
9788195261666
9788195475117
9788195512768
9788195840601
9788197363368
9788197739545
9788198044341
9788198573360
9788198837714
9788199125254
9789334156928
9789334360639
9789334418699
9789348229366
9789351753322
9789352310173
9789356021785
9789356955684
9789357144292
9789357320467
9789357323116
9789357439046
9789357603904
9789357606165
9789358383751
9789358520804
9789358750034
9789359033709
9789359593951
9789359623047
9789359627250
9789359710341
9789359717623
9789359719047
9789362836915
9789362837103
9789364870283
9789366573564
9789371362238
9789375004851
9789376509263
9789381209271
9789382267867
9789386025852
9789386206947
9789387791381
9789389082685
9789390659258
9789391407117
9789391407735
9789391730116
9789395469166
9798895881385
9798899611810
9789361595820
9780915066506
9780930794668
9780985000882
9781035034321
9781401945831
9781590791950
9788125043102
9789354429941
9781637542026
9781639742707
9781646782710
9782808198066
9786158554800
9788119057634
9788125026976
9788125026983
9788125026990
9788125045779
9788125048688
9788125048695
9788125053873
9788125059981
9788176755719
9788179509456
9788183990981
9788185122823
9788189868727
9788192055695
9788193611951
9788194405054
9788195171750
9788195284757
9788197133039
9788198345516
9788198920225
9788199105805
9788199279377
9788199447196
9789311122717
9789334101881
9789334356205
9789352836345
9789354429934
9789355865243
9789357321938
9789357606530
9789358750003
9789358758726
9789359032955
9789359620763
9789359626352
9789359629551
9789359711430
9789360743833
9789363470620
9789380700984
9789382666615
9789388991117
9789394591073
9798885468015
9798889511496
9798895441312
9798821341730
9789361593413
9789381335901
9788125050858
9789358709131
9788126505708
9780198895312
9798248531295
9780063574823
9780070659612
9780195669459
9780564037131
9781405127264
9781637545782
9781637548097
9781639042234
9781685091149
9781685631536
9781732025639
9788108140408
9788119514311
9788119625130
9788120344549
9788121509077
9788125043119
9788125056461
9788126519385
9788131614358
9788168661806
9788173621406
9788173660450
9788173711596
9788176811675
9788178203928
9788178218182
9788179480823
9788183326544
9788183329385
9788183452359
9788184028072
9788184028768
9788184044522
9788184044812
9788184351279
9788186693605
9788186921807
9788187207139
9788187784609
9788188028825
9788189140458
9788189430061
9788189450403
9788190192903
9788191077797
9788192156088
9788192682815
9788192896199
9788192937625
9788192976006
9788193247556
9788193257067
9788193586433
9788193675861
9788193700860
9788193940556
9788193942840
9788194118596
9788194475385
9788194873389
9788194873396
9788194904960
9788195037261
9788195241606
9788195405541
9788195431779
9788195443864
9788195499533
9788195499830
9788195737789
9788195743698
9788195761371
9788195777327
9788195777334
9788195880140
9788196011710
9788196081140
9788196110055
9788196229696
9788196325312
9788196343958
9788196355739
9788196362355
9788196374907
9788196399344
9788196399382
9788196816469
9788197070846
9788197180224
9788197180262
9788197184529
9788197400766
9788197977695
9788198286451
9788198345554
9788198683748
9788198922175
9788199099630
9788199100015
9788199167872
9788199255074
9788199454903
9788199713277
9789334135176
9789334170610
9789334185751
9789334202441
9789334220445
9789334254228
9789334255850
9789347870026
9789347940514
9789348048097
9789348290113
9789348439086
9789348521514
9789349211728
9789350239766
9789351201311
9789351228738
9789351623977
9789352131488
9789352131853
9789352137022
9789352204496
9789352311163
9789352818150
9789353914332
9789354425486
9789354426964
9789354462375
9789354693762
9789355851765
9789356052734
9789356190436
9789356434820
9789356550377
9789356733282
9789357320276
9789357687584
9789357808194
9789358106305
9789358106510
9789358111286
9789359037080
9789359157702
9789359428161
9789359594576
9789359597348
9789359598857
9789359624143
9789359739595
9789360621162
9789362011206
9789362016782
9789362837820
9789363474048
9789363580190
9789363776845
9789363883079
9789364877879
9789366658513
9789367000205
9789368535034
9789370029958
9789370461970
9789370462960
9789371073035
9789372483826
9789373353623
9789374069745
9789374247198
9789376861750
9789376867707
9789376881581
9789377241391
9789378256622
9789381283097
9789381283486
9789381283530
9789381464786
9789381484920
9789382109242
9789382109747
9789382134824
9789382356455
9789384175917
9789384657536
9789384657840
9789385288494
9789387818941
9789388597432
9789389147803
9789389573275
9789390521098
9789390656882
9789391406721
9789391634964
9789392665004
9789392722806
9789392880346
9789393254870
9789394061477
9789394752535
9789395260237
9789395469197
9789396954401
9789812557148
9798887493893
9798892771986
9798895412046
9798895413500
9798895418376
9798895419113
9798895419533
9798896991892
9798898798123
9798899295010
9798900076447
9798900239194
9798902317395
9798903302680
9798903303069
9789385915109
9789368404019
9780199599202
9781807384906
9788126516643
9780199574735
9781636697871
9781648057410
9788125053859
9788174181398
9788177395112
9788178556062
9788179331910
9788190675130
9788194350248
9788195840656
9788198885722
9789311121536
9789348138736
9789352530540
9789352871612
9789354250217
9789356958005
9789357327312
9789359621319
9789363594456
9789370024007
9789372542370
9789380688947
9789381484050
9789381510308
9798887727240
9798895447222
9798895447246
9798895881170
9780019898423
9788170463221
9788186050910
9789385932564
9788131224632
9780888993045
9781137464644
9781728260167
9788123900520
9788126577743
9789380931876
9789382616368
9798217090150
9798217090167
9798217090174
9788119386642
9788121932585
9788125053866
9788125055303
9788125058748
9788179759738
9788189580636
9789311121529
9789312143162
9789350590218
9789352871629
9789355727572
9789385741050
9789388189019
9789391567736
9789392803932
9789396115611
9789397477008
9788415317722
9798241043016
9798344129068
9798863594798
9780006974864
9788119127702
9788125043126
9788170822370
9788174251121
9788178280646
9788180280085
9788180483141
9788189580476
9788193728994
9788194780038
9788196059347
9788196304362
9788197340444
9788197577857
9789334073034
9789352874262
9789357600279
9789358705836
9789359260419
9789373353548
9789373595542
9789373595863
9789380352848
9789386232076
9789391600327
9789395106832
9789395150576
9789396465402
9789396521153
9789399443612
9788120334601
9788125045762
9788172112820
9788178695433
9788184046458
9788184049824
9788184351392
9788185990910
9788186762158
9788187495253
9788187746393
9788193303658
9788193895115
9788194092162
9789325964907
9789351105800
9789352134878
9789352136797
9789358777314
9789380146348
9789388689076
9789389368017
9789694690391
9788417150464
9798258243041
9798344642901
9789360542801
9788409462117
9788418641244
9781909266247
9788194734031
9788198213419
9789376506910
9781543177183
9783958924604
9798223330288
9788126539697
9788119363650
9788196971564
9789354775178
9789355457271
9789357005876
9789360701543
9789386298133
9798262481767
9789654989954
9789370782525
9788122435351
9788122612905
9788126106691
9788131788028
9788131790977
9788170195009
9788189926281
9789350480717
9789352271399
9789355290069
9789356810211
9789381535820
9798901765265
9798257459849
9781764550031
9789354774997
9789357004800
9789358899887
9788419408730
9798255938483
9788119090686
9788172610944
9788412466898
9798254705680
9798215179673
9798223538509
9780004011561
9781787303621
9789395576871
9798255193639
9788409657049
9788195962730
9789348470959
9789355000859
9789357890762
9789394752283
9798255237432
9780739081518
9780763754563
9781902382470
9781902382562
9798296350770
9788485209590
9788412387599
9789996088391
9798304571432
9789361699092
9781836322214
9780804202596
9788181780959
9788199254886
9789369587988
9789971973971
9798218846480
9798902072270
9798271222849
9788498528671
9798223522904
9782910410148
9781902382548
9781904634812
9781906613006
9781906613013
9781906613037
9781906613068
9781906613075
9781906613112
9798242207042
9798869782724
9798249028671
9788182719910
9798242241688
9789914743630
9798275902907
9798277834442
9789386689535
9798233612060
9781906613020
9781906613105
9781906613372
9781906613914
9781910367087
9781910367094
9781910367339
9782322639700
9789394100985
9798235169203
9798985977264
9780592054438
9798276824215
9788119755714
9798864181362
9781684059553
9798233298769
9798309472451
9788412193633
9781902382098
9781902382555
9781902382579
9781906613082
9781906613181
9781906613204
9781906613259
9781906613341
9781906613365
9781906613655
9781906613723
9781906613808
9781906613990
9781910367056
9781910367063
9781910367070
9781701164277
9781733292979
9788490053676
9788496613812
9789694949765
9798231241125
9798233798931
9798241753731
9798242142657
9798243947381
9798244379051
9798245640327
9798245937823
9798245963563
9798246884669
9798248250462
9798251959369
9798264455476
9798264618246
9798264738661
9798264766701
9798264886799
9798266194816
9798267855761
9798268264166
9798269915388
9798270432706
9798272304599
9798272736925
9798272953575
9798275560824
9798275678109
9798275934137
9798279028337
9798279379842
9798285497936
9798288680847
9798289642943
9798290065045
9798293741793
9798294734992
9798297792746
9798333583505
9798335266048
9798344108599
9781838173418
9798249312909
9781784617585
9788471418234
9798249003463
9780193501584
9788475057903
9788479667184
9791281358720
9798215525845
9798230266693
9798231098590
9798231115303
9798231200320
9798231440450
9798232330859
9798232489076
9798247498902
9798254052692
9798258427786
9798258534057
9798259045514
9798263700126
9798269516530
9798277187845
9798277364796
9784824109682
9780749427443
9781902382623
9783842011250
9788490013052
9788412371529
9781806663552
9783368042394
9783368045456
9783368779931
9798319045683
9788475561646
9788491597506
9781418037789
9780723607656