9781560220961
9788496921122
9781555462185
9780723415572
9780782126044
9780195550566
9781847733474
9780874137866
9781931559225
9788496921313
9780833039415
9788716112293
9780861318360
9781558993075
9781560005452
9780819438379
9781433249631
9780824823627
9780735536326
9788441524279
9780252029691
9781850322061
9789351436713
9780739101971
9788535241990
9780955739415
9781575860008
9780195640205
9789506412975
9788181282774
9781483005706
9788441519701
9781906966027
9788120324329
9780786187041
9788441518148
9781591790846
9781590421475
9780071547048
9780786177530
9781432900625
9781842656679
9780763722456
9788170995586
9781442357624
9781260190595
9786077355762
9789584510983
9780321735676
9780443087622
9788496969810
9780841671805
9789380164458
9781429600651
9788120603868
9780195654332
9780415133449
9781477711408
9781770093836
9780321600813
9780486470658
9780841602823
9780312459994
9781934851135
9783790800395
9780321873941
9788441523128
9780856463952
9781932476316
9789380937380
9781403490933
9781522588979
9780471453574
9781861059581
9781941792117
9780660173931
9788178793306
9780495506522
9788466639545
9780977937639
9788190017114
9781441703866
9780071629287
9789004093478
9781900151672
9788184290547
9780773451056
9781587284335
9780272754399
9780819453051
9781843344070
9789054105060
9781118217382
9781604942828
9789041121998
9780071459440
9788416361236
9781929987122
9788496222793
9780815628248
9780073011974
9780632035984
9788184290431
9781259255618
9788184290264
9781400104772
9780762452194
9781458715319
9780486795454
9780814717912
9780275961145
9780719075490
9789350290965
9789580476177
9781279102596
9781941324424
9781260111750
9780878148868
9780791808399
9788131312353
9786074530308
9780894354274
9780195693737
9789054105077
9788186618103
9781406558579
9781604977134
9781604979022
9781845640101
9780750703086
9780910707169
9781260168358
9780761839095
9780817314200
9780736873505
9788859814764
9781609102272
9788176292443
9780825146206
9780750617420
9783540972303
9780497260774
9788185604541
9780073223568
9788172233792
9780899307787
9780198463856
9781433900143
9788185989006
9780521754149
9788181915061
9781483350219
9781556227448
9780387547497
9781483364926
9780786191932
9788176258838
9781933810447
9781469283814
9780873718028
9780443055188
9781847351425
9780987698605
9781684098965
9789814272896
9789584506733
9780786194964
9781588710949
9780819464835
9781861343499
9780198349501
9780930304959
9788175140608
9780618747856
9789812456540
9780863113277
9780132411318
9780815607281
9783137830023
9780486458182
9781622235902
9780321246721
9780324382594
9783704696830
9781845598518
9781498756938
9789681317911
9780761804239
9781450583701
9780195663266
9780415651028
9788176482523
9781319053147
9788176291385
9783764354398
9788172360955
9788126103423
9780789751775
9788183243223
9781873757604
9783764362720
9780077354336
9780861404599
9780497259815
9788176466226
9780606268981
9780415604062
9788172232818
9780072195248
9788175256750
9780898759693
9788173918421
9781457658709
9780133059281
9788173917356
9788170893561
9788182910768
9780321592972
9788170006299
9780273677581
9780935278729
9780753407363
9783382033590
9782711620449
9780826458230
9780132626545
9780134506708
9780787977795
9781559530866
9780812466010
9781441743329
9780321951779
9780948877209
9783847106418
9781477702147
9780757587030
9781406535082
9780321865977
9788184290424
9788176295758
9789812613165
9788184290707
9780194398756
9788184290134
9780497259938
9788129100566
9788176484565
9780789334183
9780823971350
9788175941496
9781557348722
9781785299933
9781439081242
9789042924109
9781406595628
9780471166436
9780497257606
9788184201376
9781483004761
9781602230279
9788189582654
9780497259891
9780128102794
9788178711157
9780836864595
9780739324516
9788184200058
9780764544484
9783368356897
9783375101176
9783382108274
9783382146399
9783382161156
9788176296243
9789359034089
9780497260743
9788173052156
9788184290189
9788183240093
9788186653043
9781470888367
9781457615009
9783382027032
9781415206812
9788184290479
9788122425918
9780471934349
9788184290226
9780861966455
9788173919268
9788183243438
9788189913380
9788189582555
9781491514078
9788173919060
9781464120770
9789042907690
9780538748858
9780736874250
9780873395700
9780683400335
9780683400526
9788182900172
9780817628154
9781457660436
9781464119422
9781860582240
9780757564826
9780471196518
9789350258972
9788176296458
9781844139330
9788189582142
9780443076985
9788171640430
9780134747378
9781464114410
9788179080276
9780340870716
9780471526421
9780195665406
9788173199967
9788185503042
9789351306436
9783382033583
9781441779564
9788184485622
9780789008749
9788176299206
9781922022042
9781909609143
9783382036614
9780323024174
9788176296700
9780121286859
9788176295673
9780721638867
9788176258951
9788131307410
9780739320679
9788175741799
9780815340942
9789681617516
9789051703061
9781592802753
9780134131948
9781897829592
9781288467426
9788466315838
9789386690067
9781861522405
9781457663574
9783368231378
9783368323431
9783382026691
9783382329594
9780340858219
9788176291569
9780194382199
9788489396463
9780819189363
9789694025469
9780930042455
9780746310557
9788475774992
9780321484208
9788173871764
9781850084419
9781531824334
9788131601334
9789881590381
9783368247782
9780861252480
9788188575855
9780240513874
9780199123001
9780071601955
9788170214939
9781452634746
9788122422283
9783368277628
9783368277727
9781938260001
9780683171693
9780721667867
9780781718240
9781410937896
9788495787620
9789087906269
9788184870640
9788869176470
9788170339472
9780312589622
9780134019376
9781433226540
9781610457699
9780195647617
9780070717756
9780820602318
9798174464773
9780559106064
9781107643673
9781457617355
9783382022242
9783382035853
9783382113353
9783382150679
9783382161378
9781505105803
9781869404529
9781408626450
9788496921047
9780074601655
9780566029080
9783382011772
9780131024816
9781481512527
9789350254998
9781904339380
9781625342324
9781469087221
9789380480954
9781457634192
9788189065393
9789386690005
9781611471656
9788187661412
9781143162220
9781279046326
9783382030872
9780134424088
9781141897711
9781294295990
9798887316673
9781889298542
9788132015444
9780321621955
9781276819398
9788185019437
9780761995128
9781429286367
9788181890351
9780141981611
9789054108993
9788184484120
9781278781525
9788170950943
9788181921802
9789815179859
9780431908151
9781626235663
9781441743459
9780412391705
9780324233544
9780324661392
9781133951001
9781621581895
9780849357602
9780815126577
9788131221983
9780852551721
9781452604107
9783382004262
9783382009038
9783382011130
9783382031473
9780761996965
9781443801287
9789350901977
9780397513680
9781469087306
9781906497811
9780321941701
9788170208266
9788187134602
9781111772062
9781400137138
9788175741911
9788173915505
9783375115661
9780789022431
9788131314357
9781406240337
9788173917394
9788175740846
9781401833817
9788176291880
9780203427125
9780786170708
9781259662317
9788175740914
9780132669184
9781742373140
9783382002589
9780415015608
9781483026626
9788894155907
9781278751856
9788857912561
9781560235521
9788180613654
9781876944742
9788173871023
9780321481863
9788176294744
9780198563945
9788176256827
9781433206634
9788120716124
9781403926449
9780865778030
9788176297561
9781133363750
9780071261982
9780471716532
9781483027340
9780462008417
9781849283595
9781408519820
9781558343191
9781141421510
9781433208928
9781504754965
9788176291620
9781435438781
9783382001544
9783382013493
9783382031169
9783382153328
9788170893547
9781482929225
9788176296625
9780077111373
9788171009497
9780205744053
9781457655623
9788171798520
9788176298544
9781844861415
9788131303399
9780312585617
9780198477617
9788182741355
9788170421375
9781141134045
9781278148465
9780554232225
9788885675452
9780125064521
9783882220858
9788171009534
9781932855500
9780444703972
9789814355544
9783846215463
9780873395748
9780444818508
9781483005423
9780195693560
9781948501330
9781578082865
9788170944928
9781406531480
9780333933404
9783368247638
9783375114060
9783382024147
9783382024864
9783382314668
9780691150901
9780521770101
9788129104397
9788120322820
9780947506230
9788131763858
9780321662163
9783083140252
9780030532313
9780205455881
9788176290517
9780415161107
9788178660431
9781455722921
9781442377004
9781433208850
9780071219297
9780559110313
9780761933236
9781788821483
9781410300119
9780827379091
9789380601670
9781403469786
9788131311042
9788876767128
9780321733252
9781847023254
9788174464521
9780471477297
9780786302550
9788182741997
9781906133122
9780131296138
9788185930107
9788180180958
9780781719445
9783382148300
9780321205070
9781248471210
9788182744394
9780471735601
9781898307266
9788184672589
9783368038434
9788176464208
9780974599373
9788184501001
9780080327815
9788183242400
9783608426281
9780471020677
9781684204533
9783368059170
9781439840009
9788178240640
9788126141418
9788183712323
9780194602082
9780205744510
9783423619219
9780815198222
9781860640452
9780495103271
9780761934202
9788854408036
9783908450719
9780773525634
9788173917660
9781235904042
9781499675313
9781742755731
9788194619765
9798295521829
9781576761342
9781906497910
9780415933254
9780205997282
9780071214421
9783727250309
9780205349258
9780415739276
9788170211594
9780753106204
9780241015346
9781856869553
9781294842309
9781865089140
9781408259078
9781107651227
9789251033494
9780873395427
9780873395953
9780195686715
9780881673739
9781446211144
9788124204993
9781504666725
9780683064339
9781175499707
9788184484885
9788186706381
9789993332428
9789054107071
9780757586811
9780786158072
9780849380853
9788187661115
9780077260057
9780072330502
9781538407189
9780658001512
9781144692399
9780205536535
9780127745619
9788182741263
9781433203534
9780387196909
9781420051209
9780471212072
9781481532969
9789357607124
9780824206116
9781445519319
9783368043001
9783368184087
9783368267506
9783368824013
9783382004088
9783382147556
9783382149918
9783382157814
9783540969693
9788170005438
9788441517172
9780071140645
9781245666190
9781148518909
9788185268095
9788176294638
9788171007721
9780071168533
9780387547015
9781120245120
9781470891305
9780835212120
9781619697379
9781412920315
9789385883101
9788176290524
9780071122894
9781277413694
9780857688927
9788176293990
9788183333795
9781906985561
9788496921832
9781627125642
9780387558417
9780761994930
9781862878952
9788171007691
9780844740539
9789388548533
9788129106292
9780786181049
9789777043779
9781177570886
9781459665910
9781906735173
9780761992134
9781294419914
9788172334987
9788176298698
9780838446379
9781107677708
9780133997507
9781847662484
9788129103277
9789280811971
9781175444646
9780199489787
9781470826192
9780538695237
9780313299896
9781742662435
9788132039297
9780321461674
9780838446423
9788496921429
9781457603679
9788173195655
9780470837252
9781565341975
9780857330833
9781439852750
9781783250936
9780945483977
9781412918282
9780761996187
9780761997146
9780007345168
9780812110562
9781614281795
9789351364962
9781504615044
9780534918606
9781441715630
9780781738484
9780761993452
9780813525556
9781933499000
9780873395502
9788182741737
9780131613898
9788184568493
9780415307437
9780471979005
9783368359188
9781443823296
9781144742537
9781144992451
9780415492317
9781249596158
9781289099763
9780735403932
9781278433578
9788872415450
9780198332671
9781143195457
9780195657951
9781565492189
9780786176014
9788189915131
9788176297622
9780340810729
9780536670038
9781177109673
9781605950563
9788175343672
9781249613381
9781288652013
9780548122112
9789812838896
9788176296212
9780340858011
9789264135864
9780986398902
9781161420623
9781172405879
9783452271280
9781138940895
9780205018093
9781438501222
9781605436685
9780071164566
9780723421887
9788170998884
9781176770034
9788175240780
9780134058184
9781177308403
9781177944458
9780443044564
9781509517978
9783368828387
9783382135522
9783382138738
9783382148706
9780321881847
9781932777499
9780786188239
9789392323263
9780074516850
9781439842010
9789350350904
9780130495297
9781172586400
9780444418173
9788170214106
9780820410654
9780198469681
9781259027680
9783368811716
9781907085871
9781558992481
9781145593725
9780130559784
9789707561625
9781172160839
9781628413311
9789630578301
9798901940532
9780748742592
9788176294867
9780321513403
9781455133710
9788183713801
9780719803109
9780831132644
9781149574379
9780571178902
9781504696074
9781412988254
9788126106660
9780750636766
9780824724894
9781169929821
9781783326730
9781248046197
9781408506288
9781781545300
9780205488827
9780721657790
9780706949315
9780706949483
9780071314572
9781518942075
9781149391303
9780205954421
9788493544300
9781627129633
9798992108729
9780074620090
9788176489157
9780205068296
9788189915728
9781416035848
9781780437873
9789380096131
9780803133549
9783446221673
9780443011979
9781177321938
9780205845644
9781558998421
9780956478771
9785211464384
9780256220483
9780554772288
9789350352786
9788192082318
9781149504857
9780194306041
9781439148433
9788129103406
9781149513309
9781179536545
9780566071300
9781172301157
9780415690973
9781610393249
9781923593886
9780205231072
9780071122085
9781294036227
9788174464965
9781277070682
9781594607769
9780891169857
9788131231081
9788184485769
9780677055206
9788187359661
9780205122127
9789971502072
9780786189854
9789383243051
9788180612626
9780198060208
9781405879613
9788857200880
9780721646435
9781177231060
9781849203883
9780763735869
9780816907397
9781405836463
9788179102114
9781847669414
9780849327377
9781417819584
9789087220037
9781258043919
9780126912654
9780849329654
9780683303780
9781970852073
9788180611339
9781428230200
9782711609321
9780387819075
9781169832251
9789251094037
9789251043783
9781433208805
9781173543600
9781173747589
9780195698756
9781178349429
9781406589979
9781178348194
9788876754586
9798597297927
9788894154603
9781923525030
9781849665094
9780887549762
9782304276008
9781169920149
9781970852028
9798901947357
9781425816728
9788131302675
9788131309797
9788483232583
9781781542705
9781169893030
9780444517753
9780683402025
9780871704597
9780131538030
9781923625631
9780071343893
9780079137258
9789387324503
9781175622785
9781177478809
9780789003126
9788177691726
9788182521216
9781316503614
9780486439891
9788184485837
9781853120930
9781850084273
9783382134617
9783382165291
9780761996750
9780470109724
9781880599525
9780198060475
9788131309223
9780871890764
9781558992764
9780205880676
9781420055368
9781420072945
9780415537377
9781478951162
9789388798532
9781576761311
9781422200971
9788131307182
9780753114087
9781173552978
9781178874365
9781420939323
9781412987899
9780407017009
9781923525740
9781923593299
9781923625020
9798901947340
9781452602363
9780761995296
9788125020714
9798227661951
9798233467059
9788176295642
9780525507369
9788176297233
9781107431461
9783764372699
9783525537374
9781850709398
9788171003679
9788176298513
9789351103561
9788174462893
9781273833168
9781923593978
9780978982782
9788188826391
9788174828828
9781403434814
9788187966784
9789630582582
9789380156279
9798901947210
9798901946572
9780833045621
9780857338082
9780135234556
9780521778046
9780071127271
9781596040588
9788183710800
9780470882245
9780898752786
9780865778450
9780781778695
9788194677307
9780471262534
9780548024256
9780761427926
9781176581074
9782711621460
9781427611000
9783368227364
9783368823801
9783382027520
9783382145521
9783382198046
9781276553919
9788170248217
9781171915058
9780559130724
9781588102133
9780801082696
9780495110804
9780836874297
9780768034943
9780768057263
9789251303597
9780444012159
9783805553766
9781560320777
9780761932673
9789812454867
9788184500011
9780071643573
9780761448945
9781406234145
9780134879277
9780890543344
9781578082179
9780195690859
9781172283903
9788481747331
9781913229030
9781932771558
9781970852141
9780761934653
9780761998006
9780198062769
9780071785747
9781589261792
9780130598752
9781405726122
9781405756235
9781405771535
9781405781756
9781405782227
9781405799072
9781851663040
9788130914084
9781274029614
9781681088211
9789814998284
9780078916731
9781176975873
9780415467100
9785519661058
9780879426446
9780131622739
9780471526964
9798273000766
9780836894332
9781176302532
9780131487901
9780440968467
9781923504561
9788173042331
9781169850200
9781599218144
9788170998600
9781781637456
9781877069437
9781638283324
9788126126149
9781113838650
9780898678499
9780764191695
9780136790860
9798243935869
9789333120470
9780367411244
9781284036220
9780201729764
9781149346396
9780195686692
9781173132637
9780205294213
9780153381195
9780900739446
9780199230068
9780891167402
9780538481151
9780195649420
9781904798798
9780757568176
9788497649865
9780521748261
9788481747201
9788126516285
9781481532891
9789350255612
9780444997630
9789392323096
9781173774486
9780794527662
9780471339823
9780201555981
9780333382622
9780072834376
9780683306217
9781432622831
9788886842532
9788187118077
9780077525361
9781598597424
9783718605415
9781494506346
9780443085413
9781861007704
9780321871527
9789087220273
9788173871252
9781441774583
9781178221480
9780761992295
9781477757109
9781913229559
9780521625739
9781172596058
9798233457159
9788170080992
9780143031123
9788173870842
9788176295246
9780764530593
9780444016416
9781887201582
9780136170853
9780815128663
9781149521823
9782856537060
9788176567961
9781857753462
9780143330431
9780632044016
9788175741669
9788176293211
9780028628820
9781932705430
9798242876422
9781441723819
9783465016229
9781326390983
9781842656921
9798288951718
9780471519973
9788126118083
9781783324941
9788131600146
9789350271834
9789810216955
9780836880625
9780753113073
9780030220920
9780863801815
9781842653968
9781177064811
9788131302255
9789386288707
9788124107607
9780873395496
9780471951148
9784899740735
9780316573603
9788120719552
9780813014685
9781593164638
9780194386296
9781133283454
9781575760605
9780563519775
9789630575980
9780443012884
9780323016735
9788120409682
9788183711081
9780030639869
9780683175325
9780781716635
9780070825437
9781168676726
9788170996620
9781435454408
9781923484016
9781861525277
9783764371647
9780387524146
9789971504007
9788121502320
9781846841729
9788121401913
9780195698909
9780781701358
9788170335733
9781856175166
9780028001524
9780205196265
9780761996774
9780195655452
9781473310964
9781423904380
9780706310498
9781179032207
9781842652411
9780421593305
9780397504510
9789382299967
9781464800245
9780484782739
9781420061277
9798215132678
9780156070287
9788178311784
9781857078145
9781141377565
9788176291439
9781780575339
9780415267250
9780074518267
9788170366072
9788182748361
9798227136961
9788129113030
9781589635746
9789390208999
9780787949013
9780300044386
9780412143519
9789380929828
9788171007882
9780803993884
9781880891032
9788865505762
9780073345123
9789706430762
9788125032717
9780761932598
9781408259214
9781569902455
9789251098080
9780677064758
9788129116901
9780879934262
9783764316495
9781935430902
9788173871108
9780803917644
9780194016759
9780194016872
9780905958521
9783718604630
9788173191992
9788188661275
9780415359030
9781984634580
9788174364029
9788176291590
9780028018171
9781851663644
9788126119929
9781905411375
9781984638588
9780072358735
9783795769000
9788193750193
9780486272351
9780198078883
9781172370849
9788180522833
9780844227870
9788183712408
9789358872224
9789358872859
9789358876031
9781923545236
9781441714503
9788176296137
9781449638269
9780750655286
9781412906289
9781420925029
9780815160465
9780865772366
9788173712548
9780397587827
9788173871016
9788180619274
9781598182316
9781412989763
9780039103149
9788131300428
9780706902396
9780789748553
9788120613904
9788183241267
9789332553637
9788174462992
9788189012687
9780340762219
9781434493705
9783382021702
9788120306363
9781587368363
9798890794178
9780314158994
9788188826261
9780706909685
9780742428317
9780444423382
9788129101976
9780805864656
9780195692235
9780521613804
9781433937477
9780198602781
9781510608955
9781510613508
9781628414011
9781628414950
9788190060257
9780431098579
9798233619151
9780122268687
9798882964329
9788121935203
9780840031617
9780321356383
9781584883890
9781172110988
9780195648980
9780871898548
9788172235192
9780078813290
9789994557448
9788170413981
9783458158790
9788188739660
9780471518488
9780789721068
9783936057904
9788890317002
9780422799003
9781259064906
9780749409067
9780683057430
9780070291782
9780412486401
9781783324965
9780070445192
9780815137443
9780321375377
9781850322511
9780074515273
9780321886613
9788131600627
9780201882650
9788171797851
9788173870538
9780205655038
9788854407152
9781842770986
9780074632253
9781935547174
9781172606191
9788120324992
9781781543023
9780761973881
9780735623774
9789251050736
9780387556178
9788183710756
9780070595064
9780071003438
9780824759629
9781473302860
9780195308945
9788182525900
9798232601799
9798232713928
9798232958688
9798233170300
9798233795206
9788182746503
9789353166885
9788174734099
9780670058556
9789352705825
9780130198488
9788132106944
9788177228717
9781598182491
9780856603297
9788121400480
9788184567571
9780735620827
9788176292047
9781615905072
9781897829615
9780080129808
9780918954770
9780891164654
9788129114587
9789699060113
9780071333740
9783764351700
9788179290477
9780955329425
9780715366882
9780065000634
9780071121385
9780820704296
9789380175027
9781287263197
9780763852115
9780912016368
9788187496144
9780706921038
9798262759118
9781285840642
9788182230637
9789812618504
9781932705614
9783805565981
9788178000800
9781358108686
9789350516669
9798232318390
9798232521998
9798232764173
9798232978686
9780156062473
9780070702219
9788172236083
9780896402737
9788176481748
9788496627987
9788132025177
9789333103053
9788178663449
9781876973216
9788862665940
9788170491040
9781107645578
9789393885371
9780883900932
9781681088396
9798296004642
9789359716626
9781848982239
9780706928679
9780198072621
9789630549059
9780472106905
9788173715204
9781602836600
9788180617201
9788121919470
9781556228148
9781409550082
9789810234089
9780966405521
9780074604359
9788174451347
9780706926583
9780706957983
9788171008704
9789706663764
9788124204702
9780131114746
9781899238163
9780130486233
9781111830434
9788184483154
9780070990111
9789351293200
9781434491527
9780538471251
9788173871979
9781409908968
9781409920274
9781409920281
9798232559298
9788126722488
9788126709670
9788174463463
9780367373078
9780367411756
9788131212967
9789368022787
9781409955115
9780070704237
9789385891946
9798233217579
9789251321836
9781117997698
9780979999703
9788494268953
9789380156569
9789381221723
9788888327839
9788176487566
9780393933598
9789386006141
9780754642077
9780670100224
9780766037502
9781840855470
9780979617485
9781560324591
9781593891770
9789810239411
9781409920298
9780538689502
9788177542714
9788179936948
9780198302872
9780345472373
9781615334162
9788131796382
9780844222356
9781107498761
9780130162311
9788886088787
9789331321121
9788184481884
9789382264583
9780195645668
9780735711976
9781404254213
9789393097903
9788120337626
9798869287052
9788176211987
9789384447281
9780071128964
9780312210168
9780521655200
9789990339116
9781176728851
9781413018417
9798993109510
9781433244414
9780030680724
9780071166065
9788131801192
9780195652208
9788173042454
9788176291392
9788180522383
9788859041795
9780853233343
9788124202296
9781562532116
9788179103661
9788871661582
9789351525936
9789747315462
9788863101379
9780007322862
9781848317383
9780766037519
9788175360136
9798232100148
9780715624753
9788171412211
9788183334600
9789810206208
9780153310256
9780500670026
9780694522774
9786071106766
9783939804628
9780763704209
9788182230422
9781533181459
9780920576441
9788174761866
9788189741785
9789380032443
9788178884424
9780444997326
9781133310761
9788184480955
9788190884150
9781558993983
9788170461135
9781107661516
9788182902121
9788182471559
9789707182127
9781568220055
9788861051584
9783382151669
9798232192846
9788120345065
9788190983327
9783933743053
9788120816169
9789381293195
9781873668917
9783718655748
9788190390026
9781361124390
9780471620440
9788180902604
9780613330022
9788184191967
9781857546897
9798275680706
9788194417149
9780070581357
9788184486032
9780898598094
9789363334922
9780807745540
9788179103517
9788187198055
9780761558620
9781405118842
9798274011822
9788185827773
9781870965804
9789353501754
9781420066456
9781405878845
9780471286578
9780070667136
9780397510771
9780078817229
9781844718719
9780323848336
9788129110329
9780195642339
9781631320347
9781403456229
9788172234706
9780007226788
9780911116984
9789251040690
9788171170487
9780195678994
9788880007449
9781141722266
9781177185165
9781842653104
9780074603079
9781394157037
9780882840420
9788180521652
9780099472278
9780198062493
9798232417406
9789350041413
9780195475043
9780324381788
9780516265711
9780980313185
9798230138617
9780761354147
9780070488144
9788171110100
9788131300060
9780072507027
9781420095104
9780761993735
9780868405964
9780060543006
9789580454335
9788173915529
9788131509838
9789352501298
9780691007229
9788124117644
9780253340801
9780397516179
9789339221263
9789350903315
9780070966451
9781443805438
9780789738240
9789312147450
9789389811674
9780780781641
9788174369550
9789333340144
9780199928538
9788121920568
9781434462459
9780080441863
9789706662125
9789395649421
9788497883696
9789389023169
9788171326525
9788174362872
9780879693916
9789042911765
9788184483208
9789814606141
9788182744929
9789332575196
9789077256138
9780198306900
9780156068321
9788120338159
9780947711139
9789380937458
9788130201818
9781246358339
9781905085422
9781496375254
9788184731460
9780521742634
9788131303962
9788123916347
9780444701718
9789380937441
9780497260071
9788171325832
9789356074538
9781984620712
9788858209714
9780131038592
9780015322410
9788184351590
9788184485264
9789064507021
9789383052998
9780713130454
9780821383285
9788185070636
9788189491284
9788475777986
9781259026096
9788120326392
9789333334884
9789380096889
9780070144934
9788170621485
9781873942468
9780074517888
9781442225190
9781844435104
9788171325801
9788183714259
9780074713358
9788170945543
9780856134951
9781842340004
9788176566056
9780789747983
9788179102367
9789380937496
9788185860398
9788420661612
9781434485274
9780801654985
9780071333535
9781870325073
9788179254158
9781420092004
9780571251582
9788890987373
9788176250993
9781404285194
9781439507568
9780778787686
9788171325771
9780395140284
9789391385064
9781560803393
9780124325500
9780497262150
9788189582937
9789402417616
9780131722729
9788123902180
9788172252137
9788120334212
9788171326129
9788423343324
9783514004559
9781905390854
9781906202651
9781906202668
9781906202675
9781906202699
9781906202712
9780195693355
9788174464941
9788178690377
9788171326136
9788179103180
9788179103258
9780080449784
9780713683813
9780199863471
9788189013615
9788187226697
9781433962615
9780369307460
9780764191763
9780782141269
9780706902556
9780706911992
9788130906713
9789350299104
9780538446037
9780896402607
9783368229825
9783382157838
9783382164997
9783382165352
9783382176556
9789584513250
9781845576073
9780538680127
9780321248077
9780314191243
9780536725684
9789681627980
9780735614895
9788128012396
9781562052416
9780007410583
9780195652086
9780811215930
9788182900943
9780070473676
9780881677126
9781860581120
9789812044969
9788121505895
9788170125778
9780471355199
9783764302665
9788131202005
9780803991439
9781909786745
9789812531315
9781923570689
9780500650233
9780230573130
9781434492500
9789785644005
9789630576260
9780822590446
9780721421810
9780838510865
9789814107839
9788170336853
9788173911675
9781596878396
9780683047820
9780321285942
9786170973658
9788184352108
9789812327178
9781138779143
9788184201253
9783718700103
9788173714351
9788127207120
9788120416703
9781864321142
9788893246798
9780679417903
9788187226925
9788190723664
9780365428299
9781472957924
9788129101150
9788185418506
9780072927764
9788177589696
9789780874988
9781680949087
9780194051729
9780471845775
9780071596077
9780816699674
9781417713394
9788119355655
9780761505037
9788172736125
9780761354161
9780333907788
9788192510316
9788170462422
9781921401220
9780852988640
9780706902372
9789211615548
9789388107563
9788488155054
9789352531233
9781434424044
9780863502484
9780074515068
9780075543947
9789363336674
9780471340805
9789068318111
9781479413690
9780683000504
9781450306935
9788126704774
9789389368116
9781435204508
9789383962761
9788121509855
9780803940963
9789381052600
9781923570801
9781400006168
9781847203007
9789382258124
9780332505824
9783848004157
9789392958083
9789630579520
9780135235492
9788190479080
9788885401198
9789356189805
9788123007670
9789382332176
9789331321107
9789382299981
9788871262703
9781620659311
9780266848080
9781528093149
9780195664218
9780195658590
9788184192889
9781161833928
9789388918404
9780521753876
9788120343702
9788131208649
9780266366966
9788180430756
9780613190640
9788189487508
9789380274140
9788171326235
9781528580144
9788120716889
9780889782389
9780739371213
9788173870392
9783525300268
9780195685183
9781416050483
9780198717638
9781161771374
9780719521935
9788122415063
9788182202702
9789380642215
9788125900061
9788415419587
9781907427695
9780321455826
9789387994195
9781921215223
9789333395526
9788880957492
9783032028419
9781528152358
9780070545342
9780571251629
9780241388471
9780198382348
9781870545143
9781984637963
9781984638045
9780554345734
9780071114844
9780321574787
9780321237736
9789382348122
9780321293817
9789383028719
9788175245648
9789766372224
9780316130684
9789391943318
9781528089807
9780764534225
9789382291510
9780495116349
9798232738587
9789380942155
9780932438546
9789812457622
9788176253468
9780415382557
9788389450456
9780781702553
9780791811634
9780809226429
9789354088445
9780199472697
9781847249579
9781626374577
9788122905885
9788124117033
9780666263308
9788131309438
9788131514108
9789386668653
9780763742072
9789350719053
9780826482815
9781483383781
9789353504090
9780155015821
9781590596302
9788123019277
9780136001966
9780195175134
9780881678628
9780900592621
9780364122495
9781842751381
9780990871347
9784871873994
9788124107638
9780706959536
9780891163671
9780872813205
9780708802601
9781409127093
9781409135241
9781844089321
9789275114209
9781434450432
9788175960565
9780007488599
9780656051939
9781527989887
9789814070638
9788182900691
9780201718898
9780321419859
9780666724410
9788125012313
9788180612169
9788188965274
9780930503963
9780824830588
9780061142673
9780522855975
9789387994027
9788124308011
9780265907931
9780656472406
9789381579336
9780750673266
9780131949164
9788180900099
9788186050651
9780004720036
9780715372500
9781337279291
9789812101884
9789970252213
9789380501543
9781740761239
9783368248277
9783382017071
9783382134518
9783382136994
9783382148058
9783382162658
9783382327835
9788177566369
9789814418218
9780871891051
9781591950547
9788073083878
9789394644908
9781921064135
9780071247658
9788852605901
9780603560996
9781434691378
9781572783140
9789386858764
9780201345216
9780632047819
9780683305609
9780713143874
9780890044377
9781568150154
9783131293015
9781860773518
9788176482592
9781528571579
9780031600646
9788186190722
9781390217711
9788176115209
9780078822216
9780781719803
9780836849035
9780672335839
9780909010089
9781434450579
9780521375092
9788183716321
9780415017640
9780365151722
9789814070515
9788120618572
9781416030072
9789814357753
9780852381939
9781783251292
9788173030048
9789707752016
9788187226741
9781853831331
9780123276018
9780331620979
9781390231199
9780130771223
9783032029133
9788131006818
9788190661041
9788171326112
9780881677607
9781596671157
9782226045317
9781880252291
9788184483260
9780850320985
9781569718988
9788484326779
9780260335678
9781573100151
9788182814172
9789814252546
9788195889198
9788449311215
9780077338169
9789352833283
9798268800104
9781585746255
9789380199559
9780195584707
9780631142850
9780365965565
9780143031277
9780266174905
9781439860342
9780155676916
9788178901053
9780815177364
9788131211113
9780974278780
9788170893400
9780266459958
9780365902492
9781390626063
9788131302620
9781528270786
9780754804857
9788183821858
9789506413255
9780130888259
9780858925052
9780366285624
9780745602295
9780365635970
9780285631946
9788124204269
9789390912957
9781390179323
9781528073219
9780666211248
9780195694529
9781850767985
9788183332798
9780656253838
9789251014400
9780267778263
9780483687431
9781390585872
9789810200275
9780965947411
9780195797114
9788186804421
9789384853280
9788125061038
9780484670180
9788129114563
9788888180151
9780364172742
9788120605718
9781527967748
9781297047145
9781528454407
9788197170447
9781471884177
9781471884481
9781471884528
9780397545797
9789996060809
9781420926057
9788126119202
9780265392973
9781528597494
9789580494843
9780199645718
9788869109751
9780266669135
9780397503544
9789386231208
9788120835900
9781405880428
9788175240315
9788194440031
9788119948963
9788854401549
9789349028227
9788189906955
9788173870941
9788183456241
9781403995568
9788172244644
9781575762555
9789251097939
9781741140217
9789359983059
9788122003376
9781906763237
9781944082055
9781841846781
9788189906573
9789956551897
9788188867370
9781390633641
9788131766224
9788120616707
9789386322012
9789391095130
9788131304020
9788867913022
9788170419570
9788182203730
9789350719930
9780070701182
9780834805330
9788188353002
9780884628408
9788120310445
9788176258586
9781390624526
9781404238046
9788193029060
9788833132327
9780265212264
9780365457169
9780801029332
9780852297940
9780443089749
9780713464344
9788871261379
9780267451517
9781526304490
9781526304506
9788493796044
9785519560122
9780366724505
9781528287500
9780007203994
9781071648568
9781071648728
9781071648933
9781071649305
9781403911100
9783032018441
9783032019936
9783662720226
9780985786984
9781424004775
9780833029126
9781390291353
9781551309637
9789386578570
9781390162318
9783382166151
9789372195774
9780007353378
9789812049193
9781390620160
9781390716443
9788131202104
9788176115223
9780666320544
9788869380525
9789381605561
9781390264845
9789384061531
9780070964433
9788173918056
9780091785192
9780854033980
9780789710956
9780155135314
9788170944461
9788183333085
9789386231291
9780065013450
9788170338154
9780673159236
9781903845684
9780443040917
9781860205521
9788126912544
9780656437047
9781528486729
9781528450386
9780892782147
9781439816561
9781439878866
9788178690124
9780656085118
9788496609952
9781932705669
9780979860577
9781390635959
9789332700345
9781906734022
9788186211854
9781899807567
9780656085699
9781566761390
9780365394969
9789391814816
9780483192072
9781390666274
9780484592383
9788128809965
9780483178809
9781412979818
9780266632900
9780194810999
9789380361178
9788496609976
9781608878451
9780365889007
9781780950136
9780199463114
9789380703527
9788179932162
9788889600443
9781601322432
9781528187213
9781473659940
9781390653908
9780071472432
9788180522734
9788171995899
9780070167384
9781906202750
9789287045072
9781416968504
9780309053570
9786073122023
9780656803415
9780761992943
9780070483071
9788126504282
9789388317566
9780702046919
9780756506544
9788176250573
9788126508969
9788176115490
9798232075682
9780132626521
9780483162884
9789392242441
9781390494952
9781390379747
9780863410215
9781405315821
9788808170545
9781390241884
9781528079952
9780331526844
9781528088480
9781528590259
9780522848540
9789626343999
9788183884754
9781683282532
9780823660230
9781169909496
9781907903557
9780780351707
9788496748927
9782368180013
9788441519756
9788184351583
9780683043570
9788183243322
9788190219648
9788176259347
9780521579520
9788175365247
9780752447926
9783895866500
9788179200261
9780739315354
9781390452327
9788119514304
9788176111331
9789380014296
9781297050060
9788170192701
9789384337445
9780029480007
9789971973643
9788126504251
9781390487565
9780071353854
9788183215268
9789331329745
9780864710789
9788188305841
9780266355731
9780265356968
9781579122676
9783194145030
9789251307946
9788189899899
9781873605271
9781390158168
9780321203687
9781528487214
9781610048682
9780072927795
9789357267267
9781147014259
9781390367393
9788885909359
9788189161286
9780867182088
9789354898112
9789630536974
9780199841219
9781277577662
9781390042955
9788195102242
9780266950455
9781434490827
9780397582976
9780520070516
9781390220049
9781783530205
9788176482530
9789348203243
9781434484024
9781934970188
9781844764808
9798232958329
9780198929932
9781528273329
9780786713073
9789630546461
9788496822627
9780195473698
9780789009951
9781390719956
9781297051753
9788128815775
9789392242861
9783795767556
9788896329061
9780266636854
9788417445362
9780486995991
9781390625455
9788122300291
9788173807787
9788176490023
9788129140180
9788190943895
9780666629487
9784258550593
9781921024115
9788493496531
9780582324244
9780237521646
9788493284305
9788176251006
9781169861602
9781390451740
9781528575386
9783899557862
9780683095562
9781390432350
9798268753554
9788187036050
9781406870916
9781850768005
9780321441119
9789709726558
9780265881835
9781169926783
9780670085361
9781601322678
9780267147083
9780198306894
9780262511896
9780787943998
9788178901787
9780267002061
9780810995789
9788131304075
9788170892236
9780321320353
9780321426130
9788120838246
9780805810202
9780444811394
9780666213549
9780366946709
9788171420377
9780723433347
9781148660196
9780070247734
9781429018036
9781528575485
9781528096386
9788181890153
9780195663327
9781041262633
9788857602226
9789384649388
9780521442770
9781390136517
9785717200943
9788180619250
9780415333634
9788131501740
9788194630227
9781602834248
9789387460140
9798985708516
9788122125528
9789351521884
9780366033485
9780749847760
9780706903416
9781390480313
9780666143112
9780230525214
9780750301633
9781787193918
9780735561670
9788189161767
9780803600669
9782711613694
9788176259019
9780872811171
9788420538549
9788184487350
9788829914357
9780127470306
9780091928247
9780393935165
9781390241631
9780030009228
9781390701081
9780881674309
9780201483321
9781591404545
9781905814893
9780071414210
9780688157241
9780761935414
9789363122291
9780312537005
9780366016068
9780706939422
9781850767589
9789351036579
9788182967281
9788894155945
9788184047547
9788876242120
9789332889330
9780133351415
9780395274460
9780265819722
9781390487138
9788124300930
9788496627857
9789251305652
9781107654389
9780365867593
9781390627435
9781390692778
9788171325641
9788176112420
9780361060639
9783525304013
9782711610112
9789390616718
9780131901988
9781581138603
9788170798576
9788176112628
9788184351965
9789391095222
9781844144297
9780757521706
9781390563375
9780094627505
9780297784166
9780450021817
9780713706703
9789380014548
9780265338100
9788437506081
9781390070118
9781390630237
9780226053448
9781528275637
9789363125193
9780943088129
9781845572228
9781875471003
9788181921277
9780443053139
9788171674930
9781169929784
9780314498977
9781528112482
9788170283362
9789364688086
9780615856407
9780331400281
9780484558556
9789357785563
9788179103227
9780367365004
9783825848071
9788187586722
9788187746614
9789352661718
9789380574011
9789386084873
9798253366547
9788171546756
9789388750677
9781846825781
9781138034488
9781390215106
9781489645319
9780761978756
9780813205045
9788176259378
9785519537131
9780484452113
9780431183671
9780365830474
9780706934182
9780260249906
9788183212410
9788122406993
9789402418132
9789630575348
9780226268422
9780397547593
9780260243096
9781848820807
9781590594124
9781590594407
9780656280995
9781434417633
9788957701072
9788957701096
9781108431712
9788497640930
9789358770490
9789937071215
9781611458725
9788475058054
9780666985613
9781860581786
9780808401360
9780267749072
9780874133400
9781846570520
9789386274076
9780761993094
9781390701548
9780267197941
9780483739376
9780571247240
9781390512601
9780260055712
9788175240018
9781434463241
9788120324473
9780365850304
9780484042703
9780366610051
9780415333184
9780718813659
9780571241446
9788176254670
9780205845637
9780366013876
9781943612048
9781539686392
9789251097311
9789251097601
9789394879249
9780781764292
9780194302609
9781390482829
9781403457509
9788122408096
9780267365418
9780752222820
9780471617716
9788178881867
9780716100379
9781878577016
9789392242816
9780471229988
9780666896087
9780369304520
9788120722293
9798230159773
9788176111300
9788171390045
9780265557754
9780265335581
9780340900109
9780331565188
9781844583959
9786169314806
9781390695922
9788183332552
9788449315220
9788483233955
9780199118878
9781390058659
9781580135078
9780332741703
9781390553260
9781390582826
9780365819394
9780484487573
9788174469359
9780367413460
9789388147088
9781528463430
9788120719576
9781840182866
9780321269508
9788171792054
9788197652998
9788857793689
9788176487733
9780007247868
9788441520677
9789385285257
9788183820080
9781936587483
9789814357821
9789814357845
9781390424935
9780656487493
9781390174014
9788198210043
9781390639056
9781038722607
9783825868208
9798264491146
9780366590803
9780366005000
9789381604663
9789381604878
9789381605523
9789356989177
9789384337186
9781390329896
9781390356960
9780483057630
9781390325324
9788872713945
9789380929316
9780483994430
9782251344713
9788184500738
9788185137643
9788174464323
9780794514174
9781887917155
9781932634914
9780483692817
9781390431292
9780815113935
9781390342581
9788171390755
9780656906376
9781474885379
9781847738301
9780849303784
9788176467063
9780893521547
9780266446798
9781390453706
9780821845844
9781390391299
9788176112284
9780632015368
9780412792908
9781390376333
9780760355374
9780806716312
9781556431203
9780791031537
9781390060409
9781581314526
9781975172800
9781533605689
9780415843416
9781528162333
9781908095190
9781390548785
9789380164144
9780483733930
9780944904787
9781445128238
9789211421866
9788173196416
9780072927726
9780070426351
9780267718153
9781641431613
9780130963703
9780364017753
9781390502619
9780683305883
9781390214758
9781591790211
9789389323870
9781390039078
9781259095238
9780864710901
9788170944485
9781938425080
9781884842122
9788182470828
9789074123242
9788171324484
9780364248324
9788123003696
9788189524999
9789355425294
9780521173032
9781634602051
9788129104311
9789394792197
9780521244657
9781555719364
9788180619793
9788886208307
9789036818209
9789996066108
9798258690166
9780484007597
9788183895422
9781179048611
9781434464033
9781591795681
9781588710833
9780365252290
9781528177481
9789383290406
9781390556858
9788197225017
9788131714010
9788186211847
9780199463848
9789351941507
9780267614752
9780260968739
9780194028516
9780265543191
9780332569611
9780484035491
9780265768259
9780331592504
9780364133859
9780070634251
9788889518663
9789388317634
9780618113866
9780484530644
9780443051272
9780851243306
9781662076138
9789348203410
9780265336601
9780266691914
9780855205140
9781041259466
9781390724271
9780266515340
9780331937107
9780483482753
9781527600782
9780484796804
9780262024655
9780321375834
9788839529350
9781574980899
9781390490305
9781935815242
9781423905295
9780267289653
9780486493503
9788889661055
9780666176783
9780670097524
9789067641708
9780265326688
9780666836489
9780265425718
9780536011237
9789810208363
9780265595381
9780415287111
9780484127035
9788131211922
9781333072582
9781390235265
9780763760687
9781390485233
9780331588606
9781390438413
9781390508390
9780266549314
9780806704210
9780836868494
9781405879835
9781412936972
9788171326075
9788173042256
9789371530873
9781874045779
9780199583225
9780260647443
9780331841442
9780321623683
9780266483977
9780331051100
9780331517231
9788176565523
9780331471908
9780332237442
9780332476513
9780364007860
9780365440376
9780484430692
9788120335974
9780331506785
9780331771473
9780955285691
9788121509091
9780267147502
9780331322958
9780331545586
9781390126389
9780266461463
9781477758533
9788122125542
9788131201541
9780483356634
9783032023605
9789378164934
9780340691755
9781307721744
9781528293457
9789334380521
9780140905328
9780761997382
9780331774900
9780331824858
9780365166719
9788131201589
9780484245777
9780521626675
9781390145052
9780267226443
9780666587602
9780761532385
9780443379161
9781906202774
9780265265550
9780265907818
9780331561692
9780331620375
9780364432105
9780194389112
9780265362587
9780331714746
9780364886113
9780365447085
9781390391565
9780265501108
9781527953598
9789251079140
9780331882056
9781390642193
9780331647303
9780266344155
9780450007514
9780484477895
9780265638279
9781390206432
9780331552010
9780484314541
9788126721597
9780266482901
9780071005869
9780130155061
9780267799084
9780666626363
9781784055356
9780266425229
9781588800268
9780130141446
9780470009994
9780786407675
9789388605335
9781527851245
9780750618014
9780266434467
9780332117553
9781333944087
9780265474167
9780656087853
9780195386493
9780331384178
9780331512649
9788182966888
9780656784202
9781405879101
9781558991620
9781592110339
9788188353040
9789275124208
9780706910308
9788171108176
9788177372724
9789380397146
9789390477951
9788183292603
9780613817011
9780789729378
9780260502612
9780332770147
9788198397454
9789378330193
9789630558792
9780331821017
9780331856903
9781390149722
9780265707302
9780483165854
9780331964554
9781390221787
9781615309443
9780331622560
9780666996114
9780260186010
9780195667349
9789682464416
9780731405909
9788185733401
9780332437859
9780666726551
9780331550955
9780484622103
9780267527342
9780331535556
9781873413715
9788126534678
9780266362791
9780331403817
9781390412468
9789368408048
9781390117516
9788183241427
9789264079922
9780484736947
9781390584295
9788175224216
9789380428543
9788181522450
9780331533033
9781390171198
9781444163124
9781597660044
9780331004748
9780332679457
9780331549843
9780484641890
9780538447454
9788187520771
9780266325093
9780331573558
9780723610847
9780366579242
9781528567626
9781592650637
9780786417902
9780483707634
9780205373291
9781461055518
9780265793886
9780331513141
9780365033172
9780483737150
9781041320296
9788186004777
9798897779789
9780331632989
9780893520304
9781430097037
9789355425072
9788126515974
9780331533835
9780656047598
9780484425957
9781406597653
9780265410028
9780265791646
9788120405257
9781390405996
9780267395040
9781528089722
9780331597189
9780267025268
9780332948720
9781888829143
9788170245902
9780364458723
9780266483441
9780267117406
9780230009127
9780260318701
9780331966893
9788131702253
9780266732785
9788176211154
9781390444865
9780331543599
9780982883709
9789368086062
9780364799611
9780265547533
9780266435990
9780365516040
9780266479437
9781390187069
9781511723688
9788170999232
9781437478457
9788957703632
9781906791568
9788869237836
9780666776860
9780266412786
9789380942339
9780265459577
9780266706717
9780331591071
9780332943527
9780331482522
9780331636215
9780331597769
9789993330110
9788475777900
9781432606787
9781390551389
9788170354499
9780266842941
9780071148368
9780130840097
9780331012873
9780331057805
9780670082759
9780331490107
9782251344546
9780267542840
9780801626364
9780444996909
9780750653121
9780609811092
9780331477030
9781508755555
9789251092569
9789461384300
9781161772814
9789378160103
9781848354227
9781844280438
9789391095291
9781138001947
9781300603771
9780907855040
9788125007265
9780260598714
9780484049115
9788126136438
9780331571219
9780321279279
9781161798470
9781277018189
9789351071709
9780331915969
9788183214261
9780331717921
9780900384370
9789380250571
9789746609227
9788195320851
9789251092224
9789287045355
9789390455676
9780364419847
9781439801727
9789380072944
9788171326143
9789368089216
9780260625830
9780332052618
9780267526536
9780471910213
9781390456660
9780331578522
9789645783028
9780331027525
9780265772980
9780267932535
9780331584134
9780331758863
9780484365642
9780484755016
9780666756732
9780365610557
9780874202847
9781432606213
9781845078430
9789814418201
9783437237805
9785519599474
9789392242540
9789392242687
9780932633682
9780750620239
9780666182784
9780666288561
9780366240265
9780260438799
9780749915971
9788184486940
9780331496369
9781390270815
9781390158021
9781398302112
9788184193282
9789395649766
9780073106854
9781390327120
9788180901164
9780873711722
9780260244147
9780850331462
9781512350289
9781528253642
9788484371809
9780266472025
9780266780175
9788172332808
9783824017607
9798232387501
9780331413342
9780366971053
9781555201005
9781848103146
9781337631440
9781511832618
9788131218334
9781571687487
9780199489305
9780331490862
9780387546773
9780631166726
9780656077076
9780365131601
9781610045223
9780365963875
9788170126119
9780262528658
9780367414658
9781441140258
9788120342316
9788190568500
9780331595345
9780484299954
9788195650118
9783000705663
9783871551055
9788171320622
9781512163339
9781512204018
9788176487108
9780331503661
9788183520928
9780331809145
9781508736400
9789380376530
9780265896976
9780267146284
9789810162986
9789352298921
9783162003577
9781107647855
9781611490442
9788176563482
9789351526995
9780199326426
9788183331906
9788185220857
9781390211719
9780331732207
9788193173602
9789368080800
9780199636068
9780331570793
9780260143228
9780531169995
9789356403758
9781846802898
9781401900250
9788194466765
9780267757947
9780365764434
9780483242968
9789387587151
9781390702804
9788496627789
9781390425451
9780333695289
9780735612433
9781038311801
9780794604677
9780331001938
9788121908740
9780674504462
9781444110449
9780198378327
9788121109826
9781557091543
9788173200755
9788183210768
9788183212380
9788185129006
9788189995614
9780130838711
9780266511274
9781775842514
9788495787453
9782711615896
9781390221077
9781390648355
9780075537656
9789372195347
9789956579327
9781390635652
9788192473390
9789359194615
9789368088905
9789368089025
9780131773486
9780683305647
9781816812001
9788187471622
9781567938319
9788408057550
9780365388784
9781870332675
9788173460760
9780260175007
9780131466876
9780761996767
9780267891900
9788188569892
9788198236234
9780536570598
9780721684871
9780845110393
9781390522938
9789211422870
9780850331622
9781390215533
9780260672377
9781402718786
9780366019946
9781873668283
9782987457992
9780070178625
9780830642434
9781605474557
9780195649765
9780761994145
9780431149332
9783406739903
9788183331784
9780867340235
9788176257213
9780143333029
9780071664653
9781528393751
9788195370177
9780766835795
9781333505196
9781390340150
9788122007183
9789814133883
9781842227275
9781390513110
9781390464948
9781662716331
9788182524446
9781907142796
9781390710380
9781528596718
9788174464415
9780872014428
9780241838129
9781844252060
9788129113986
9789350727485
9789350879627
9789355425782
9781782053965
9781869192099
9780331114331
9780656311743
9780666812551
9781591143352
9788172360856
9780170102254
9780521546546
9788757409062
9788183331722
9782711616855
9789386858382
9780237515133
9782278094592
9789384384777
9780195658750
9780143426028
9780714647234
9780876242537
9780521384551
9781775820857
9781842652275
9788888180830
9788184080056
9780666236852
9781558995468
9789389261950
9780364133354
9780312293543
9789353037147
9780791802007
9781039619654
9781681173900
9789699988578
9780265769966
9783384113221
9780656330867
9781071648858
9783032022585
9783032023599
9783032028884
9783032029157
9783032030696
9783032034267
9783662720370
9783662720523
9783662720783
9788847040441
9789402423389
9780074634301
9780194398848
9780471567134
9781915548009
9781919613383
9783382174927
9781390157819
9789352661824
9780666873491
9781390400816
9781864704174
9780063885769
9788466634328
9788187107699
9781390222272
9780074637555
9780483622784
9785519570503
9780750657112
9789971973391
9789368083887
9780266412748
9781849519663
9781390216158
9788184485783
9780872625594
9788171322411
9781390338652
9781683960058
9781857881660
9781898573968
9780366012480
9780201490572
9788188039166
9780596000813
9780260945495
9780736859943
9780332341217
9788174462268
9781607548164
9789368087533
9788189915162
9788542101836
9781400021680
9788870022988
9789777040778
9788124104026
9789348814500
9781743319246
9788189652753
9781161475074
9789350418420
9780065025439
9781645170006
9788171320066
9780761995586
9781406209099
9780484854276
9780957898097
9781907219580
9789506411886
9789391065324
9782711680306
9780267387991
9788121929073
9788180110153
9780331849561
9788193626023
9788171793846
9788184080131
9788852605482
9780786419296
9781860580178
9780143415954
9780521632461
9789987085064
9780761933892
9788896732359
9781401904487
9780079116710
9780364252208
9781846841736
9780071767811
9780137012763
9780340900796
9780260422743
9781444118506
9789395649759
9780331680034
9780170130127
9783849100100
9781902433608
9789390616145
9780864739056
9781869404178
9788323347453
9788323348306
9780670093168
9780761998013
9789350723982
9780697081537
9789348631657
9781930813168
9781954095861
9798987053911
9780521174671
9789359038353
9781032520476
9788176294935
9789058507167
9789355424228
9789368088158
9798292950646
9781910077894
9789380553962
9788122419368
9780761992981
9780331607123
9781390651966
9780536602527
9789387484191
9781840389760
9780365664345
9780902227064
9781608312030
9780233000602
9788175741461
9781390334081
9781403931610
9780538698283
9780737718829
9781444100181
9789814237246
9788170491842
9789385814570
9781615337262
9780265409558
9781349211616
9781555282813
9781561485598
9788194749776
9781906610234
9780194393355
9781907222436
9780131865303
9781899762569
9780852726549
9798180689221
9788179871447
9781390487473
9781405178754
9781844252077
9781162094502
9788121107457
9788121107501
9780666235220
9780071205344
9781869405915
9780739828199
9781400022953
9788496879416
9780195614046
9780721669335
9780712309455
9781799600077
9781847188137
9789812103468
9781241238636
9781420939125
9781847189882
9780331002478
9780366216635
9781444177053
9788120329577
9788170356509
9781161472745
9788171795963
9781444187694
9782909422114
9788182470729
9782711601790
9788483103593
9781844550760
9781927781197
9781952397431
9782954367408
9781907866067
9789392641848
9788131204061
9789355627476
9780071458702
9780230634862
9780364415382
9781390536942
9781734331486
9788124200988
9780273653776
9780340890110
9780619000615
9781408302224
9780365844242
9781587153273
9781560913092
9789352661664
9789956551651
9789956554379
9781534803435
9781608451456
9780237523107
9780366192144
9780521667272
9789359991801
9780387982786
9780387987132
9781403400222
9781403430113
9781555581770
9780566080784
9780128169230
9780815165880
9781416028611
9781390373165
9788174360526
9782711613038
9781906613938
9789384655877
9780366852093
9781569717912
9780723246596
9781390406566
9780195670998
9788170355854
9788187498018
9788187498513
9788176258593
9780824724535
9781390392425
9780140443646
9780140281729
9780321321701
9780721627168
9798232934408
9780071131094
9780143456827
9788192088822
9785155263685
9788192555799
9788193751305
9789386578235
9788189093037
9781333198657
9780260972958
9788120719262
9788170334279
9788170125921
9780133148565
9788184576238
9789384082079
9788176567053
9789386506177
9780833051356
9780133791297
9781390340884
9780243989836
9780198090007
9788170124382
9788183283625
9780199453474
9781161840193
9780767400428
9788198936561
9780133090307
9780471286820
9789630562188
9781444607895
9780792355441
9780267582662
9781390384826
9781589483385
9789970252343
9781905931019
9780413776976
9781444170818
9781451000290
9783830943587
9789391567897
9780860516590
9781477703045
9788178901527
9780143432630
9789685015073
9789694073750
9780750681186
9789350251386
9781390639148
9780471391555
9781433935732
9780789914446
9781390040920
9788179254134
9780071797320
9780702171796
9781416063223
9798180536709
9780431096025
9782345678342
9789211422733
9780521236034
9780670999200
9780781700771
9780781703406
9780366012725
9780574215956
9788131403877
9788184488395
9789347778179
9780471083726
9781334049958
9781161622164
9789381039670
9781558996878
9788170892229
9781502739995
9788172336066
9788184504330
9780903804493
9781902431017
9788184481938
9780071413473
9781684055548
9788493696122
9781595665454
9780837180861
9781615337224
9780791860137
9788497719568
9780566076534
9780675208086
9781853023538
9788131501627
9781844541157
9781390317923
9781584871385
9789810592035
9780876205372
9788131723227
9788120402935
9789839957327
9780366935130
9780367413408
9780782128321
9798232852139
9783899719918
9788176843232
9781849683807
9780070264656
9780141042527
9781409914044
9788190401128
9788466217767
9788120331242
9788186706596
9788416239955
9780216902169
9781039170407
9781684507443
9781720984771
9781726026130
9788178790282
9788185047812
9788185589503
9798230263784
9798841439370
9780323020336
9781843228455
9780769846910
9788483075579
9780684870496
9788496222588
9788122439397
9781390630350
9781161877588
9788124312148
9780787286651
9781390253368
9781844168743
9781390581126
9789351631798
9780881673562
9780571234714
9788172111946
9780863775765
9788853606136
9789355426123
9789385080531
9789385314261
9789390474233
9789391940652
9788176113809
9789290798644
9781444102444
9783867872355
9780259399025
9789352296170
9780761995159
9781941324417
9781910706879
9788172334772
9788179104750
9780135786673
9781424066773
9798230060444
9781401290214
9781403409522
9780071124195
9781512294101
9781558281271
9780131226722
9781161415957
9781161966060
9781390506457
9781558992412
9781442234161
9782912606013
9788889431702
9780761412359
9789327246872
9780199479535
9781860580901
9781843821533
9781905437290
9780864736925
9788131600177
9789387509016
9788176257602
9788196322472
9780143427360
9781334482502
9781161889864
9781161946055
9780415435895
9781390269154
9781390328127
9789966846150
9780316549592
9781390047851
9781783472819
9782711601998
9788891513663
9789994450497
9780300070507
9788190751360
9780340983263
9788123918433
9780820473673
9781161862973
9781284082524
9788121106276
9788886208536
9780761995258
9781161850192
9780864710987
9781260288162
9782711601899
9789355426451
9789355426710
9780071146661
9789339222987
9785717200226
9788170491101
9781731802248
9781504646581
9789350715451
9788131505526
9788177563498
9781844676439
9781872748450
9789387511576
9781161962635
9781444106978
9780395343852
9783899604405
9789355426635
9781429613187
9789626349885
9783382151423
9783382165529
9788176467650
9781596041875
9789389308136
9789970252329
9789339205256
9780534175283
9780538677325
9781477707524
9798900711027
9781717336309
9781720503743
9781721643158
9781727527483
9781727865707
9781727882667
9788173041297
9780444510372
9788178299310
9788195370108
9788195370184
9781409990512
9780801891960
9788189526672
9780374534646
9781444135787
9780670081585
9783037780619
9781162201924
9789393853660
9781856866774
9780444639905
9784899741039
9780071458382
9781905437979
9781444105568
9781904868620
9780415776707
9789612416959
9780194332156
9780955715167
9788184040753
9788190394420
9788176930154
9780130834072
9780080433080
9780864710840
9789391095246
9788180617072
9782251730097
9789812479570
9780195667288
9782711605033
9781390509991
9788808150172
9780683402353
9780195697230
9788173713828
9780723611806
9780893520434
9780761934530
9781161978766
9789777045872
9780749414436
9780747578543
9788122403107
9789382471042
9780070590373
9788170336792
9788122123289
9789352721207
9789359998312
9789367791196
9780408011822
9780521534352
9781528043656
9789387067028
9781161802856
9781161868517
9781161868678
9781161924329
9789460222122
9780791859094
9780791859216
9780791859308
9781161976960
9788179480793
9789350460375
9780259031314
9780230727908
9780262525800
9780230632318
9780761427933
9781854350879
9788185707808
9780683078008
9781410980212
9781432933234
9788184997828
9788129504869
9781161868425
9781161868838
9781161909142
9781161982282
9781907142550
9788188890965
9780078641589
9780130114495
9780691121680
9788184672053
9780282579876
9781403927842
9789380607689
9780819184733
9781334257018
9780761425397
9780836848595
9789380376806
9781147236736
9781149258378
9781179739229
9788175736733
9788184672015
9788187336693
9780259214083
9781161984774
9780259023241
9780099464488
9781333930844
9781107613669
9788184672220
9788184672237
9780333305768
9788186265529
9789386480040
9781843104711
9780415967105
9789380545226
9780282727291
9789200410765
9789387791589
9788126023974
9781161800425
9781161958584
9781390240764
9781161823943
9781846772191
9788190646741
9788187853572
9788123442976
9789976603811
9781904868668
9780192628190
9789380376998
9783959667197
9781408506325
9788866940142
9781541306165
9789359640150
9781161938838
9781161882667
9788170247937
9780691122663
9781842226339
9780471809142
9780877571728
9780912016801
9789630576543
9789782601919
9781558990623
9789353207960
9781509847778
9783368810085
9783382176549
9783382176563
9780193361812
9780708315347
9780708317273
9798196819155
9798215686942
9798233922206
9798360655268
9798565951820
9781161792324
9781162177779
9781162241555
9788176256605
9789390531837
9788173860256
9781390495287
9789350993798
9781071601068
9781316601235
9780778737919
9788184955927
9788408076063
9780613672368
9781390599732
9788177000290
9788888180588
9789380834184
9780194729581
9789580449027
9780260979872
9798223084068
9780070087002
9780444015327
9788170211396
9781569717929
9789386478108
9781161740905
9781161743593
9781161919417
9780673397874
9788184672022
9789387486096
9780948230400
9781107606173
9788184503135
9781330032879
9788482192215
9788182743847
9780282459093
9780282571450
9788125064121
9780366014866
9780415462976
9781444121834
9781492292142
9788170799344
9781741049374
9781162230580
9788178900780
9781408517079
9788194939733
9781108013086
9783527301362
9788128012747
9780259102236
9789371261173
9788184672145
9780803624924
9780470077801
9781935396550
9788132104582
9788171679577
9788177090277
9780760301937
9781904902065
9788186595718
9788184981377
9780721650029
9788185375687
9781741750379
9788128817168
9788184672909
9780259346517
9780143101642
9788128809002
9788184485776
9780761932727
9789789495276
9798686367197
9780367413866
9788498480528
9789387257139
9781440061882
9788123916194
9789385462931
9780731144662
9788120330672
9788126020102
9788124203873
9788172541071
9788128818011
9789966562074
9780966555820
9781390494914
9781788709934
9780333913871
9789385497407
9789391234249
9780312641115
9780330469678
9788128009341
9783038761655
9781615332205
9789628093847
9780986253928
9781860631528
9780521579469
9781904933106
9788175224094
9789390581214
9780282771966
9788184671445
9781038302892
9781316998915
9781428027367
9780201658576
9789350710456
9780743254694
9783908001553
9788175140585
9788880914273
9781452663296
9789389253795
9780259966326
9789350718476
9789352604951
9780708820797
9781590510391
9788184672206
9780198275152
9781932855265
9788176257947
9788176114998
9783382017651
9783382134556
9783382159092
9788194340126
9780794520427
9788172542368
9780008395940
9781849712842
9781882886104
9788199067417
9780723605164
9789352705283
9780713684285
9788184201581
9789956763641
9780130131423
9780199668083
9788172736248
9780721635606
9781640554009
9788120345973
9789608261761
9788184081916
9780314162144
9781580134354
9780153884634
9780195692334
9780484165259
9789384568788
9781390439045
9789390709748
9781172831692
9789348631572
9789386209597
9788125060949
9788180614293
9788184672039
9788171672493
9789290798217
9789380704012
9780697117250
9788131407080
9789351060697
9798189182877
9780816044788
9780143063278
9781910603291
9781406210064
9780761934455
9781906589028
9788172332860
9788121617178
9780714682211
9781527620896
9788184672183
9780199491162
9781390265095
9781848372139
9781333127961
9781593634117
9781165520343
9788189102258
9780194420839
9789381595794
9780194775625
9781107604797
9788173870798
9781390663143
9781849665384
9780071234931
9780815134794
9781842170748
9780143480112
9780471601760
9781334471957
9781930584693
9781947491632
9798994664513
9780731407552
9780143426981
9780824805708
9780471893639
9788176254380
9788190193191
9780446363051
9781403929020
9780572033552
9780720115802
9789384934927
9780331421040
9788184955767
9780471995302
9788123020754
9789352132249
9789971508784
9780764532528
9781904433644
9788865210123
9780155978256
9780199065950
9780130662545
9780595089161
9780471961444
9780875847689
9781782403302
9789354971884
9789354971969
9789354972119
9789354972676
9789354973437
9789354973482
9789354973512
9789354973567
9789354973574
9789354973666
9789673290024
9789994557325
9781875284009
9788182746305
9788184672213
9798223439226
9788184672169
9789814237000
9788187321927
9780321159090
9788128016530
9789387572881
9780862789596
9780723623632
9788129103802
9789971506803
9789123467679
9781032768588
9789352132232
9781592910380
9781631061561
9780267497591
9788184484274
9788184898620
9789352662463
9798196707322
9798283287577
9798283803333
9798322694502
9780571320929
9788897248026
9780803266346
9788172541712
9780071248068
9788176258166
9781948282789
9789364444170
9781333899660
9789380186870
9780801850684
9780812112238
9780470282489
9788178331614
9781566642217
9781592802500
9788179871188
9788186469651
9780684835112
9781900007351
9781942451990
9780282302948
9780852650721
9789681659042
9789681659080
9788185211336
9789681650513
9789681655655
9789681659073
9789681659110
9789681659134
9780133534917
9780836883909
9788173193842
9788449311093
9789358771312
9781527630871
9781177206228
9788170238171
9788170084471
9786077352938
9788184775945
9789995279967
9780259345503
9780864734754
9781776560677
9780822962540
9783863356040
9781330457665
9780801666247
9789813096639
9788869445385
9788190837651
9780312335618
9788182910911
9780282157968
9788184573855
9788189952136
9781558994768
9788193939659
9788495787644
9780790119694
9789380206189
9780691114514
9789354884702
9789354887888
9780282823870
9780367412333
9788868928650
9780632016365
9781407122359
9780331545166
9788173159466
9788188267965
9789350480175
9789350482827
9789380186849
9780331241983
9780365873082
9780243973828
9780282210786
9781527873315
9780367410872
9780367412081
9780367412234
9780367413828
9781429666299
9781854115539
9780265060407
9788184772395
9788184772425
9788170355441
9780853726197
9781138581586
9789380642536
9788173355509
9788131759875
9781527846296
9781527667280
9780259966616
9788185054179
9780332205861
9780721636580
9781334482854
9780282613242
9788124203293
9788175150805
9789359780078
9789381639238
9780194534680
9788176256926
9788408082842
9780199479474
9789956764211
9789814147712
9780062414533
9780282643089
9788131217108
9780850662900
9781330044629
9788184772388
9789386858993
9780521398848
9780366718450
9788173153174
9788173157431
9788173158933
9788123922195
9780259016748
9780702018336
9788846832566
9788189741112
9780259059615
9780282019686
9781527632028
9781900147491
9781911477334
9788033655169
9788171672110
9788171821686
9789359994512
9788849641714
9788872414842
9789681637774
9782711606702
9780670081233
9781332666492
9788182746299
9780071499552
9781527615908
9780431174846
9781417729876
9788170190165
9789354884726
9788417430511
9788189131104
9780282581961
9780739810095
9780844291116
9781557531568
9788183896474
9798223363491
9780415560672
9781404335448
9781527758957
9789386274168
9780262533072
9781527607187
9781576760802
9789355015037
9780143478218
9788176488938
9780415487894
9781104236632
9789387907379
9788176256629
9781333771195
9781527663985
9788178692395
9780199463596
9780230332218
9788120301177
9788174361387
9780713135664
9782890910454
9788171569083
9780521005036
9780940017467
9788184046069
9789937577830
9788182746251
9780816036516
9789681663049
9781527621596
9781440083334
9782711603725
9789353226008
9789354886157
9789385289057
9780282354619
9781847248800
9780849355127
9789381039250
9788122308037
9789814192491
9788126576838
9788188139934
9789350481714
9789380183466
9789380186634
9789381302224
9783836580618
9789956764419
9781332667000
9781332672707
9780259172123
9788131790731
9781527620193
9788888242071
9780195797794
9780768080933
9789367500682
9780852975954
9780195690835
9780316320702
9780781719117
9789391095109
9781845655556
9783368817442
9783382013202
9783382021160
9780694524303
9781593070113
9781620642108
9788187863830
9781357919306
9780282790776
9781440079764
9788170356592
9788184080186
9781850581529
9781905430659
9789930951521
9781848667020
9782350463179
9780140278262
9781334464744
9780415848091
9780415851466
9782711619788
9781527622012
9781804094402
9780331543193
9781332667598
9788178690629
9788430605057
9788194448976
9781945563850
9789380555218
9780048820044
9780444005915
9780071246347
9788176498913
9780435981938
9781603602075
9788184231410
9788194746690
9798267565981
9798275238303
9798279449538
9798288383946
9789387484122
9780443037603
9781410914439
9780266263494
9781527650527
9781620641224
9781527759008
9788170893653
9781332636501
9781390322897
9781780094960
9780914153115
9781847511621
9788483568484
9780273759263
9788191064230
9781905202485
9780484936019
9780231801454
9780656858194
9788190257800
9780749413736
9780789715678
9780877626411
9780099414667
9789351864738
9780415583909
9788178794785
9780365762799
9780666795922
9783869220017
9789654941372
9780331857382
9780443032233
9780815122050
9781850322948
9788188458554
9780079120625
9788120335080
9788131216606
9781291972085
9789812103956
9780367414443
9788847019799
9788131219256
9780434949373
9781528417495
9781527690219
9781145520882
9781527678910
9789502411668
9781527601161
9788182055605
9788182055612
9789354493577
9780367372941
9780864734143
9780332097480
9788181471567
9789349373952
9780415477949
9781869404710
9781390346046
9780812116694
9788887637366
9781527621497
9781578264506
9781444104851
9783967122091
9788187661030
9781856175333
9788195744770
9788175412590
9788186317358
9780743555852
9788131234624
9788896732144
9798316954780
9780516226170
9780428082130
9788187393290
9788716064905
9783368178642
9783368361648
9783368905507
9783382021221
9783382039806
9783382041526
9783382047825
9783382146948
9783382147044
9783382155544
9783382803704
9783382805661
9783382808303
9788185375410
9780827366459
9780366036646
9781527624733
9780713684292
9781845234409
9781939180063
9789385932649
9780566074127
9780803931909
9788180619816
9780070152717
9781390107005
9788190600309
9780366780075
9789390492503
9780282795269
9781465252319
9780366216628
9780330445740
9788170770114
9788185316314
9788185359113
9788174362896
9781528197588
9788126513444
9781527963399
9780007258550
9780656560530
9789333022101
9789351343431
9780366074310
9781331925965
9789810235154
9780259342960
9780331617856
9780330445726
9781333901967
9783732326273
9781512167047
9781534680418
9781541311558
9781527718586
9789385935480
9780666323699
9789332575448
9780365911418
9781041313724
9780415420525
9780415606271
9789386578334
9789390078363
9789390423187
9788186321492
9780331842463
9780521463102
9780367412494
9780750650168
9782251011134
9780521405775
9781936651290
9783382035143
9788866119371
9780366737642
9782711601165
9780267371792
9780282270506
9780366008230
9780483533141
9780713633139
9781177348058
9781333014100
9789349957688
9780267929801
9780739126202
9780260842077
9781445417035
9780366007653
9780723410645
9780723609216
9780814779057
9788932320120
9780259102281
9781903096208
9789354883101
9789355019059
9788174462251
9780683025729
9780194748667
9780259873129
9788131427231
9788171422333
9780872632868
9781330369654
9781846378157
9780282254766
9789332505728
9780364342312
9780415692984
9780366030200
9780265111826
9780521713313
9780259347293
9783830947936
9780123900401
9780706902662
9788182204874
9780366091911
9789461384218
9789562011624
9781622600588
9789357317764
9789357318280
9789626342565
9780764567971
9789351866237
9789352665693
9781527607422
9780265650615
9780071284639
9780749687762
9781511465151
9783827419637
9789351502869
9780645583281
9789356120365
9780803923690
9789354972904
9788178902340
9780199594733
9780366877744
9798183870572
9780813014913
9780852853832
9789390394777
9780267366552
9781527721432
9780365821274
9789325971462
9780143465676
9780302170670
9781472990624
9781731827883
9780365825999
9780483927803
9781332652952
9781332656585
9780143335658
9780366489831
9788493795474
9789380502953
9788195587810
9781330670798
9781332868841
9781466514508
9789990887501
9798223342854
9789352604623
9780706913057
9789390455966
9780366587100
9781408127940
9780260056375
9781527625556
9783836551564
9788121104029
9781118399699
9788176252379
9788176842808
9780365920489
9781528206440
9788124112359
9781495290619
9781548403430
9781555719753
9781727287844
9781735459608
9789352661947
9789386120823
9798281146159
9798866426393
9780486322599
9788190729437
9781898486473
9784766117271
9789389012132
9780006273783
9781330563380
9781847377975
9780367412487
9780367413101
9780555117781
9780632025688
9780781715218
9780864710871
9780950906324
9781440510588
9789402417791
9789813096875
9783662578834
9789393097972
9781390213041
9781527629837
9781922403896
9788184301083
9788185099279
9789380929248
9780666669964
9781332636488
9780197508015
9780471929208
9789393456205
9780366046560
9781527898066
9781402764097
9781527619340
9788479535247
9780245600388
9781848547445
9789385936692
9788184897517
9789325994201
9781537271019
9780988523838
9789386578280
9789393308658
9781039011779
9781860582288
9788172000011
9780259529606
9780265030929
9781528503013
9788174463302
9788186706749
9780366002771
9789393885197
9780259346838
9780947808570
9788131218396
9781953845764
9788180900303
9788187421269
9780365952619
9780761400301
9788120416178
9781241240189
9788896737798
9789681633646
9789380316352
9788123902135
9780259036043
9781565922396
9788184048049
9789390423583
9780199452866
9780415520355
9781528433723
9788496936089
9780719522116
9788177292879
9780756502386
9788172294670
9788185054148
9783382136987
9780331571073
9788171002320
9780861316069
9781527710283
9781846962165
9788192932736
9788870512083
9789355428264
9780282700096
9782812435843
9780850331585
9780631166689
9780756992804
9780266146841
9780260869777
9780331877571
9780766077362
9780307959393
9789814107266
9780230018273
9798268535723
9781527614710
9789350001349
9780937073612
9780718207588
9781528151108
9781429003711
9781429004114
9788173047299
9781611173680
9782825414453
9788895563497
9789333326346
9789381177006
9789899829879
9780195699609
9781569902592
9789350350867
9781032297606
9780282706654
9781511723756
9781522778394
9780365820963
9781528056410
9780195520156
9781845280628
9781527731707
9789386552228
9781528320474
9789390616602
9781402767296
9788183713122
9789350722053
9780282635374
9780282825881
9781527682696
9781527727151
9788183210645
9789354420955
9788896732281
9780267786596
9781404832350
9781527744592
9780988962897
9781788532334
9780071369909
9780260374127
9781333259525
9781527853522
9781527882034
9780732298760
9781241129224
9781903096635
9781848778801
9781904623397
9789390679041
9780428889715
9780471289777
9781586039660
9780484945899
9780771576058
9781527849655
9788126553754
9788176843874
9788189301163
9780332350875
9780415324397
9781473908093
9780670088690
9788123926711
9780895987327
9789388147194
9780071202923
9780656712120
9788186030929
9780259048114
9780282557058
9781527770171
9780131837898
9781961169265
9781849162005
9788123921006
9789351199465
9789387409002
9781406503210
9788126704217
9788131001127
9788170661696
9789381052754
9780483369788
9781847384966
9780415807203
9780357426821
9788180520037
9780409900330
9780803224308
9780484936040
9780170130134
9788126576029
9789810081515
9781904724971
9789392242021
9789392242137
9780282613099
9781527621725
9780365691587
9781504723350
9789385965296
9782278060788
9780134115979
9781528313070
9789352669967
9780080263489
9781952320835
9789390616794
9780366841554
9780366989621
9781332637713
9780259047711
9780997662030
9780751302233
9781334298943
9788466620581
9781231792087
9788191025347
9781844224722
9789352295586
9781575861241
9788131206881
9780864734556
9780864735072
9780864735799
9780864736574
9781776561629
9788885486249
9780366832613
9781474317610
9781401216559
9781527611672
9780812424133
9780815351443
9783827419859
9780484942768
9780786185283
9780198332688
9789368082644
9780794433338
9788190953788
9781137324450
9789388599030
9789350254134
9781582557151
9780331400823
9780471586173
9780366082636
9781547299249
9781633530096
9789351292562
9789386120274
9789386440709
9789386440808
9789388830539
9798316806744
9798320665627
9780578165301
9788182471337
9780486475011
9788131600467
9788171678822
9780260972507
9781527925885
9788174889690
9781469270180
9780198069843
9781781163528
9780484934312
9788171419883
9781527685178
9781576261743
9780138609177
9789386310354
9788172540975
9785518406346
9788132209775
9788184245776
9788402420657
9798180403841
9780365641490
9788176840057
9781403450029
9782711618095
9780259926900
9788184160079
9788184485127
9781429019415
9788131217856
9788172210649
9780071741514
9780080445625
9780259346791
9781527705418
9780243270811
9780332449449
9780260726520
9780282554736
9780332241715
9781845883508
9788125010258
9788170540892
9781528305341
9783866325777
9781527721258
9780259965084
9781259061196
9789386643681
9780521007849
9780113411283
9780521720977
9780864739919
9788126531646
9789392493096
9789982997201
9781527860360
9789384052249
9780195776911
9780484976886
9781598691474
9788121620598
9789994450459
9789031347278
9781330406649
9788125056690
9781528320832
9788888773896
9798901940099
9789390616916
9780282826277
9786073134743
9780428033545
9798317246921
9780613629393
9789390492428
9781906129781
9788182203044
9788182206588
9788182747982
9788185421421
9788187198048
9788190439800
9788195055302
9789388612708
9789840753833
9780331534306
9781496179289
9781845570316
9781783785421
9788129114143
9781602837157
9780365762522
9781546624370
9789814192200
9780333930106
9781491572184
9781491576779
9781527911642
9781536689211
9781546614487
9788877570178
9788170290384
9788171677443
9788181920980
9780716741312
9781887747417
9789384082635
9789384082703
9789386754172
9783000778612
9789971973513
9788188730070
9780752869483
9788170556336
9789381663455
9781409109310
9788190257817
9780367414665
9789992195536
9780070472969
9780785124016
9780824777067
9788181922670
9789810229832
9780894540332
9781906509941
9783835354340
9781527695443
9780954627522
9788120336186
9780563399001
9789380147840
9788175967991
9781032506968
9781921073403
9788131427385
9789386052377
9788172540531
9788180302268
9780723253495
9781873413586
9780259878056
9781405104234
9788180302251
9780849334030
9780521138826
9789352871056
9780143441915
9789681672706
9788170557869
9782956073512
9780195607376
9788184825862
9781331412687
9788120819825
9788888776477
9789357120104
9788190694261
9780516228600
9788126025947
9788847026995
9789380731445
9789386019110
9788172156732
9788489564626
9788194663973
9781532692031
9789590602115
9780070181397
9789971500146
9788129100290
9798230314882
9789380014876
9780198476436
9780991258253
9788170218555
9788181984753
9781530667017
9780333925706
9788886650076
9789501121476
9786144295380
9780340773475
9780751352009
9780070600553
9788173911088
9780140297300
9781429014502
9780367411015
9780786179800
9781910670682
9789350351710
9781421529332
9789368082255
9789395185684
9788131907528
9789251042205
9780789037206
9781771601320
9780140268034
9781502496478
9781514230282
9789971514181
9780706949599
9781558996427
9781558997370
9788480216128
9781588500816
9788888242941
9781844254101
9780521427029
9788376095943
9788483232859
9788181922038
9781521404508
9788123926889
9798248371037
9782874910159
9788121102148
9788172336080
9788182206878
9788182207905
9788186623961
9789814561280
9781141873890
9781406518528
9781932634891
9798880042739
9798883018090
9788173662973
9780375756221
9789688608005
9781465275738
9780443061967
9783956867248
9789681677046
9780143064442
9781528040686
9788411239790
9788190685016
9780711227996
9781627123303
9789388266987
9788875573317
9788180613784
9781634843072
9781634855655
9780850331561
9780486439570
9781560724636
9789380550718
9788171195350
9780130907752
9780198419334
9786074524710
9789352662371
9798282164411
9798284040911
9798310981751
9798321174920
9798342926010
9798343286151
9798651181315
9798851045172
9780706418217
9788171088225
9798224506255
9781731160898
9781578265015
9781578265039
9780500514283
9780756987770
9781111211714
9781631590092
9788131216453
9788496921115
9789350727935
9798888626702
9798304869386
9781032609744
9781733304405
9788186469798
9789390912513
9789350714331
9781390051575
9781398813090
9788131313190
9780521014137
9781869401399
9788187853527
9788187853619
9789389335743
9788126417971
9788772888965
9789394317505
9789394317529
9780071277891
9780201456745
9788475564944
9781410304452
9788180940422
9780132795463
9781316620373
9788184206159
9780023018329
9781931243476
9781942483632
9789384082499
9781444100495
9789380599656
9788894981544
9788184488609
9781909717534
9781504615099
9789875262270
9780702024344
9781869191733
9781919825847
9781606860700
9786167339542
9788885909700
9788483832813
9789380963228
9798224359646
9798328213257
9798394277689
9798854674584
9798856594644
9798862035896
9798862050103
9798862050141
9798862516524
9798864181355
9780720712377
9780713677645
9781405449380
9789387119154
9780521546959
9789583024672
9780721421605
9781933766157
9785030000381
9788171302413
9789368081715
9789378256677
9789390731756
9789391045494
9789960732206
9788181432957
9788492921409
9781564787972
9781401238582
9788182743762
9788172541064
9789392023132
9798232119836
9781733456210
9788178240091
9788131210154
9780415632775
9780439750196
9788130903118
9788130920030
9789349825475
9780240509990
9780874887105
9789812557698
9781511711579
9781511727457
9781511893923
9781511922739
9781512143379
9781519572530
9781523223237
9798218107987
9789685015103
9788186830031
9780536659750
9788181373083
9780660194646
9783384358738
9788173716041
9781840328714
9788179913123
9780751830699
9781636516684
9788175154520
9789280729870
9789380147529
9789390616633
9781501260513
9780571351381
9781468311327
9780522875638
9781683041672
9781078714556
9781921372643
9798233813603
9783750437173
9780821339169
9788170556343
9788170556350
9788498486452
9789381385166
9780262518062
9781934648803
9789176372944
9789402419870
9781419553400
9780198571704
9788121911467
9780954593322
9781177253864
9788196066277
9789380316345
9781930630765
9788129104526
9781841673608
9780316349475
9789681649166
9781143572968
9781143832437
9781293887905
9781855397798
9789389261967
9780070269804
9788181472373
9788466207119
9789383026210
9788869445897
9788188156337
9789392512940
9788131221808
9788182091382
9780071442923
9788131732403
9798901940266
9780829748079
9798253145197
9788193850923
9781420926965
9781616559113
9798399826301
9798854401784
9780367414061
9788171326419
9780915825738
9788131518359
9788170355618
9789382742890
9798302054159
9788121108409
9789387067554
9798181475922
9788170551539
9780754817413
9780760357569
9781440052941
9780786284283
9781390059793
9789383125159
9788184205480
9780714150796
9781567666168
9781596542617
9788899294458
9788175240407
9780443073274
9780099270737
9782874910074
9788182206861
9788185616049
9789384082192
9789390461516
9780843189261
9781872971452
9789706439185
9780822367659
9781683041528
9781944556150
9781944556167
9788181437853
9789681636142
9798392825448
9780195686210
9781603602006
9788480768771
9798286121663
9798286972173
9798287104160
9798287322830
9798287726881
9798288485305
9798288710209
9798299461053
9798300508517
9798304613620
9798326605245
9798346938644
9798498594743
9798675314331
9780822364382
9780822366010
9788183241052
9788122007756
9780521014052
9788173872006
9789333317931
9780760324431
9781933760186
9781480459854
9788119095353
9788175246331
9788197998324
9781144805720
9781148481913
9781271564200
9781294664512
9783368039158
9783368041557
9783368285685
9783368308506
9783382134600
9783382139087
9783382161880
9780781703239
9780815178132
9789352139620
9789392140006
9780853236467
9788174461902
9788415260851
9789389633016
9788171674060
9788170968115
9789381595282
9781511894142
9781514313862
9789380388588
9788170893592
9788896092026
9781151642257
9781903096673
9781444197686
9781789508505
9788120347267
9789380164526
9781111211707
9780446519397
9781511718172
9781403447067
9788408242819
9780852985267
9781845575328
9788185589336
9788121603010
9789505117659
9780929701141
9780321278456
9781095959398
9780786190416
9781934169216
9788177080551
9788186004678
9789384447250
9781848568037
9789681680299
9781508720270
9781511705349
9781511916417
9781511916691
9781512078442
9781512092264
9781512141986
9781512147162
9781512190526
9781514399989
9781514672198
9781517586454
9781936750498
9788494653513
9780692268971
9781501042218
9781907119071
9780761385523
9789390616220
9781493748006
9781439551172
9781517902001
9781472911155
9798184193700
9782488524612
9788126706457
9782700508215
9788177290639
9788178531588
9789381575710
9781784130558
9789382252559
9788172299804
9783903300934
9781969466922
9780070152601
9788190604581
9789350724354
9789380914169
9781851825394
9781858946467
9788183558907
9788184469103
9789352837526
9780375761836
9780367413996
9781859062166
9781592237067
9788131011379
9789351773993
9782711618699
9788170193678
9788173718977
9788182744325
9788182748835
9788184872149
9788186622193
9788186782743
9788187113300
9788190820448
9788199067424
9789384082802
9789386618474
9789388019804
9789937330848
9781274046352
9789350880678
9788120341555
9788184302509
9780781730648
9789386008268
9780443048289
9798266579538
9798286202492
9798287703462
9798327547438
9798346067078
9780864734037
9780864734129
9781776560691
9781776560974
9781776561650
9782894484043
9788183334143
9788184121636
9788885486331
9789350880012
9789351524304
9789381841525
9789381868935
9781528420303
9788891575678
9780198814511
9780747543473
9780712101806
9780785757832
9788176292696
9780080406961
9789059720640
9781944066291
9781949735017
9788180617003
9780801667046
9781390168778
9780367474768
9798271804137
9780070151482
9780747813019
9788409090815
9789351402404
9788859004172
9788189998011
9788190427692
9789350261620
9789350880173
9780367414351
9780071133579
9788120412828
9780071108775
9780340961766
9788480051644
9781506261720
9788893226684
9789684193918
9780755317745
9788124117811
9788186623909
9788408221296
9788855400770
9789352661466
9788176063449
9781505860412
9781507800034
9781511670562
9781511707916
9781511712279
9781511831079
9781511999908
9781512065107
9781512151664
9781514237434
9781514607985
9789332538139
9788198297235
9788175543492
9788180380297
9781412922975
9789354954269
9780071446587
9789506416454
9788185830292
9788188457304
9798242655812
9781920888589
9781071600900
9781563927270
9780297867104
9781567119671
9798290369822
9789334237788
9789351551140
9789368082958
9780822553700
9781466448179
9798299110364
9798310097599
9798320769431
9798325598746
9798374695533
9780415465793
9781878956651
9781887895132
9788174829924
9788184487480
9781637925171
9780974975832
9781560236689
9788170997986
9781508738534
9781511520645
9781512066333
9788892120020
9789394991309
9788492921607
9780000988263
9780471364115
9789386896643
9781577664550
9788122416930
9789380156767
9789386305978
9798179480457
9781356250110
9782038713312
9789392242328
9780462008240
9780143334965
9788173910074
9789501108866
9788175157583
9789352512331
9789357179188
9780756502331
9788432913501
9780431050850
9788875865955
9781107616738
9788177560343
9780199481927
9781921206436
9789380262659
9788170892625
9788119331888
9789353220976
9781143799860
9788195433469
9788131019467
9789350716649
9789352135806
9780195547337
9788120302709
9788185989365
9789380618173
9789251070086
9789380963938
9788121900614
9788170947967
9788182204539
9789391818500
9780070634565
9781393422082
9789355291462
9789681634162
9789352761289
9780731519798
9781932141054
9780536642608
9780536680594
9781923593701
9781970852981
9798872973737
9780029461945
9780060859626
9780330521444
9788889661406
9788183481403
9781591864134
9788125033608
9780764500640
9789339220327
9789386578327
9780359686520
9780815308256
9781500758998
9781503164550
9781533230546
9788184489231
9798281237666
9798283223544
9798288519376
9798313405414
9798657526769
9780007492152
9788189979003
9789383318278
9789387471665
9789381141229
9789353946753
9789381162484
9788184043815
9789351367796
9781600610691
9781934648582
9781416027263
9788174345134
9781507662557
9781508743088
9781511666497
9781511669993
9781514110737
9781514378809
9781519610287
9781390346077
9789385276071
9780531179444
9789380262031
9781141288649
9781246827217
9781401906146
9781842367537
9781936400249
9780749424596
9788121108706
9780199453788
9781432911133
9788176710527
9788187421290
9789350356906
9780071179843
9781390610796
9788184484021
9788497941259
9789322008239
9781537509792
9788171563029
9788121107952
9780071121941
9781770101777
9780070264960
9781560819202
9781902806044
9781950584185
9788126113392
9788199268364
9788192917214
9788190713016
9789387994423
9789390128112
9780850335866
9789383318315
9788170892007
9788181289094
9788184891195
9788175432840
9798281502689
9798327667594
9780471397717
9789324198570
9788123415215
9788183601795
9788186099254
9788186299401
9781390466478
9781406792898
9780230713055
9788125951612
9789280807455
9780668024945
9789356122123
9780789717429
9788126551408
9789123977482
9781409291787
9780073291949
9780666026125
9781408110058
9781416027805
9788131305737
9788176255714
9788178901282
9780321097507
9781562432508
9788131217146
9788186775332
9780194057042
9781032296548
9788120716544
9788898266050
9788179104170
9788823017528
9780133962437
9780782123142
9780930330903
9789376864379
9788198751225
9780070486676
9780702019289
9789313196617
9788173917370
9798895414064
9788490455425
9788498482379
9789384866242
9789389971606
9780702083020
9780070680081
9788131722824
9789380096339
9789384866013
9780143427384
9788190638845
9781904811015
9789385358708
9789386076786
9798227176622
9788126115082
9781507605127
9781512291261
9781514665084
9781519392510
9788194248101
9781405829687
9781512264944
9789382775058
9783031133329
9780822520450
9788184886696
9781295791576
9780230331983
9780007299812
9780778709121
9788171797509
9780833047472
9781883584740
9781891785108
9788172332556
9788172332938
9788172333607
9788178817545
9788180900297
9788182205437
9788182209985
9788183211956
9788187586043
9789384082420
9789384092801
9789384649210
9789384866037
9789505577613
9789698373030
9781543997330
9781444176681
9788173912078
9788192713236
9781552100059
9781934169674
9783866590458
9780756542184
9789386006042
9788170557234
9788179061268
9788185809717
9789350481202
9781537577487
9788171325450
9788120721029
9788189129064
9788126552696
9788184450422
9788877744760
9789350291566
9781626865983
9780070161887
9780471686156
9781441197542
9781558007611
9789392242847
9798288530180
9798326443984
9798867296018
9780789722249
9788175225251
9788184041583
9789362754202
9798232505783
9798232588434
9788172110741
9788195198948
9789388266710
9798876488077
9789394991248
9788177561944
9789353030162
9788123922676
9788195157594
9789394991200
9789394991507
9789394991514
9780071419383
9780071141321
9780486825090
9780721675817
9789707183506
9781847490971
9781584888208
9789384866082
9788183212366
9781947491854
9781985637900
9781985638983
9781985711037
9781986016872
9781986111812
9782019476564
9783662612750
9789312148327
9780194557122
9788170337126
9780323033923
9788170893585
9798289838254
9798315891390
9788172293383
9798241205384
9788194920977
9789352875405
9788185860220
9789384319601
9789351439400
9781903450697
9781886289246
9788126162321
9789350846124
9781390448801
9781444132519
9788186184134
9788860534880
9780615148458
9781923432055
9781962896795
9780199485505
9780307357366
9781616988005
9781923570979
9781923593237
9788123721095
9781405318624
9788171170517
9788170445289
9780070482869
9783368059873
9783368272906
9783368813888
9783382022129
9783382133467
9783382189549
9783382504069
9788131227145
9789352036615
9788131415344
9788170893332
9789814610148
9781505346527
9781505705461
9781505902242
9781508773283
9781511550499
9781511553254
9781511665353
9781511712101
9781511712361
9781511757201
9781511766142
9781511869164
9781511880053
9781511997812
9781512122220
9781512122299
9781512125337
9781512201178
9781512229073
9781512255973
9781514163986
9781515010975
9781515049814
9781515051053
9781519747785
9781522871460
9781899791644
9788187393252
9788869330452
9780486415246
9789390616640
9781527757950
9788192386096
9781413741544
9788184201208
9788184201956
9788410501362
9788788415278
9788842083993
9781413020823
9789381385012
9789381385081
9789381385104
9789381385128
9789381385609
9789392135422
9780948230431
9788120350496
9788171323050
9788184834130
9788187036142
9789350728178
9789352681686
9789380637013
9798266588646
9798287040710
9798304253635
9798307786567
9798325997457
9798326254207
9798709889637
9781514315514
9788176930352
9780198363699
9780803992962
9788176461405
9788478713691
9789360095734
9798288732812
9798338768983
9798862959949
9798865110507
9781983788444
9788131602461
9789350290057
9789392064043
9789715504065
9780230705494
9780230745896
9780333902530
9788187067139
9781429093255
9788173713811
9788197519086
9788436269994
9780762105687
9788126421954
9789387648111
9781543346442
9782090380835
9788195830473
9780754093732
9781948260596
9788415115618
9780138197803
9781842056707
9789381385975
9781850322566
9788184732825
9780789335708
9789382835424
9780762448678
9781534620087
9781451612363
9788126507474
9788172236021
9788176259217
9788122419191
9780631139423
9781904315377
9780723415046
9788178671444
9789350904466
9783861876700
9789350200285
9780761992387
9782711625574
9788176044356
9780433045106
9780714538587
9781540842534
9780143450184
9781390074857
9781545326442
9788181900050
9789390912193
9780316544207
9780070608214
9780781753678
9788172731755
9788868924386
9781934648391
9781623236212
9781507803172
9781508480358
9781508716945
9781511465533
9781511536981
9781511781466
9781511829342
9781511833875
9781511868396
9781512013412
9781512021646
9781512069211
9781512073713
9781512085792
9781512092806
9781512122114
9781512129809
9781512129885
9781512150056
9781512170238
9781512179965
9781512195477
9781512201468
9781512203684
9781512204025
9781512228588
9781512318043
9781514323908
9781514607497
9781514609255
9781514635391
9781514872673
9781514889435
9781519549402
9781519572356
9781519772350
9781522957003
9781522958109
9781523213320
9781523213474
9780593420607
9788126563913
9788186809136
9798903301645
9780754817536
9789332505742
9789380677729
9781879639317
9780198481065
9780863111303
9781107539280
9781646870165
9781718505247
9781787400726
9781804440735
9789380143699
9788497636643
9788497637497
9781472640758
9788121937641
9788126515936
9788889092866
9781408240908
9780890372258
9781944556136
9780070618480
9798233500428
9788121105583
9788195747542
9798230587453
9798232135805
9798232417420
9798232644956
9798232927172
9798233944499
9788123929491
9788497941327
9780395376959
9781275132139
9782810623440
9788131761724
9781455808830
9788875416034
9788171110629
9789392242908
9780935047431
9788177211177
9788180549946
9789358777352
9781511669597
9781511699020
9781511833998
9781511882330
9781511932592
9781512055832
9781512095470
9781512300260
9781514882276
9781519747587
9780439697378
9780739051580
9781390510928
9788175244214
9789833894079
9789387457331
9780615592367
9780830645350
9788183331647
9788187496267
9780230015463
9780553493979
9781741210286
9789393738929
9780230010260
9780332106212
9780804843751
9781783120703
9788126940387
9789394168305
9781841134154
9783836500906
9788899848064
9788126911059
9780016758119
9780979875229
9788181580481
9789362738516
9789393577627
9789390513963
9781403400185
9781432933258
9788130848167
9781785787690
9780764500312
9788126513932
9789384866198
9789385114571
9781562947958
9780007467600
9781447287070
9781645701712
9788184489439
9788194604082
9789383286690
9798235765078
9781441175762
9780131112117
9780945819202
9781905339099
9788126905249
9789353062262
9789385114014
9780132313742
9789384410179
9780141047072
9780444510341
9789380704401
9788182091108
9789380152325
9788131206850
9789386416995
9781390368949
9781620400548
9780099472261
9781094723884
9781991458094
9788197171499
9789899829855
9798296121158
9798300867621
9798329133790
9781901677959
9780199474783
9788123915074
9788184732009
9788897730149
9780366350957
9781730128301
9788122427707
9783199895954
9798233916502
9789386698902
9780462008264
9780462008271
9788131805275
9789381385142
9788123900193
9788123913865
9780330483674
9788176211611
9789389686838
9780717125302
9788174461964
9781572492752
9788176295314
9789350833100
9780557341221
9789380839080
9780074624814
9780331854398
9788126532452
9788126561872
9789382885566
9789387226111
9789387226128
9789387226135
9789388983266
9789390078301
9789394364097
9798873221684
9781842654453
9788177420661
9788581480480
9798266926516
9788123904092
9781416026594
9781565939240
9788185860824
9781566568951
9780747577164
9780868243528
9788126528776
9788130930329
9788132107422
9788182748040
9788184893304
9788185320137
9788186623084
9788186623954
9789350621714
9789352601820
9789364405799
9789364407922
9789387153981
9788180301421
9788190914321
9788182060883
9781848300477
9788126424306
9780333929865
9780859791625
9781848314566
9789350870426
9788120718159
9788186361580
9781740596688
9788184451009
9789357122955
9789351611295
9788120322189
9780521725712
9789385444746
9780521674829
9789388378734
9781843321620
9788129111180
9781586101350
9788186361047
9780743230124
9788494463112
9780070588295
9788121102421
9788182930704
9788193218051
9798232967406
9798266617766
9798283543185
9798291660874
9798314906910
9798324267681
9798345187678
9798864596463
9781844485659
9788174370334
9788175344297
9781682970324
9781508465553
9781511666817
9781511670227
9781511799270
9781511840613
9781511855518
9781511908061
9781511945165
9781512027068
9781512027198
9781512083934
9781512165937
9781512166170
9781514398029
9788184080834
9788478087488
9782700507157
9780070966437
9780761418856
9788131424247
9789385000980
9788186361405
9789250068411
9780949398345
9789358404333
9789388875097
9789395951289
9788121105019
9788170162339
9788186321744
9780070483606
9781274130648
9781512337457
9780074623299
9788176486057
9788123904689
9788955856262
9781277950403
9789707187139
9780241740644
9781857152043
9788120314740
9788174532954
9789358770285
9789358775402
9789360620875
9789367505984
9789388159654
9789393393876
9781487812652
9781845204242
9789381957707
9789381113578
9789384410247
9789392135972
9781547230785
9788126702961
9789350271360
9789380388762
9780074638132
9781107606494
9780132353991
9789380200033
9789382299813
9788190118149
9781107606500
9781417781201
9789380501970
9780131462342
9780198545842
9780632058648
9780632058655
9781429012157
9781505859386
9781508487418
9781508652878
9781508703396
9781508709497
9781508709886
9781508777670
9781511414289
9781511653411
9781511670470
9781511687553
9781511746304
9781511758390
9781511781411
9781511833219
9781511875738
9781511890953
9781511917773
9781511929363
9781511930161
9781512007909
9781512032789
9781512033205
9781512095142
9781512164596
9781512174182
9781512222715
9781512231427
9781512233254
9781512264784
9781512339383
9781514121900
9781514275252
9781514313299
9781514313404
9781514313459
9781514338308
9781514612965
9781514888773
9781519610652
9781519772725
9781519772824
9781522961345
9781522969778
9788124604700
9780721696904
9788120713048
9788122432763
9789364405478
9789395161336
9789839154085
9798243232197
9781527751569
9788125951575
9788184201901
9788184203738
9788184203813
9781591864165
9781591864226
9789351864813
9780008316433
9781578268016
9780785826170
9788170206903
9781316612187
9781528594769
9781849310734
9782855391380
9781781485088
9781845710514
9788170892670
9788125951964
9788130913520
9788177562743
9788193399408
9789353285630
9788172340230
9788131408599
9789918629961
9781390593273
9788176298971
9780199695201
9780431192048
9780785717225
9788120325166
9788120724655
9788170999379
9788174465580
9789382609773
9789387192423
9781555252168
9798287069575
9781844566372
9788126100699
9788178240169
9788173918605
9788181373618
9788183241786
9789575744779
9788172333751
9789384139292
9781907519864
9781957262901
9789036825108
9788170462910
9781428061309
9788179652657
9788172155674
9788177561609
9781404277144
9789350726358
9780070963580
9780340953242
9789353690441
9781900364720
9788178884486
9780192736789
9788123926063
9781592219452
9781477714195
9781616686895
9788190738521
9780070083240
9780266033332
9788120403437
9788126551200
9789995279066
9789995279844
9788126930340
9780619073152
9780812108439
9788171170623
9789380096872
9781846841941
9788125942603
9788131905326
9788131919286
9788131919316
9788170640790
9788188466573
9788189859268
9789350717523
9789350940006
9789351105671
9789385914720
9789386418920
9789386850584
9789388537681
9781287716686
9788131717004
9788131724040
9788181890481
9789390187904
9798332873072
9788888302690
9781538063200
9789280806366
9789382314479
9781533341624
9781533358684
9788171797547
9788496627277
9789381867495
9789395522373
9798326682857
9798668463480
9780428143046
9783758411052
9788176257022
9789360327125
9789388313896
9789393511942
9780074638941
9783906927749
9788131206553
9789357430869
9788131413982
9789385444302
9789385989971
9788122506730
9789385914737
9789387532359
9788170891079
9788181283566
9780333921913
9781921700439
9780781749183
9781390439755
9781507638965
9781511672474
9781512090161
9781514393598
9781514610664
9781515033554
9789394913431
9783965150102
9788174369406
9788184485509
9788189988029
9788897730439
9781527933446
9781552101025
9789312146941
9788175156579
9788183820974
9789355423146
9789380704029
9788170669982
9788172151799
9788177564488
9788872267257
9789382258100
9789382459590
9789385914744
9789388905930
9798891710726
9781605125268
9781605125312
9780521185479
9781537700847
9788897479024
9789364406482
9780415627078
9788126505937
9788171798650
9788184201970
9788776749330
9789383290307
9781843224921
9789354259685
9789365210972
9789381189269
9789392549649
9789394407534
9789363860292
9789382127697
9781890761080
9781403990693
9789354642210
9788172734534
9788178556048
9788180612060
9788187925934
9788466616096
9789325963924
9789386379139
9789386500526
9789389009118
9789390875238
9789391797058
9788176252416
9783826333774
9788175942028
9788195669028
9789027704429
9780070702752
9780471916567
9781442610569
9788187853350
9788187853534
9781212341235
9781794657038
9788190893589
9788192187587
9798878585286
9798879879995
9789350353967
9780896082670
9798235361775
9780266023869
9780932855268
9788131214077
9788181374790
9789385914775
9780735709751
9788190710435
9788495020819
9788189944186
9789694071183
9781512362275
9798230830436
9798232218553
9798232291235
9798232322243
9798232522704
9798232538743
9798232580896
9798232776756
9798232819293
9798232866228
9798232968526
9798233076602
9798233259708
9798233610455
9798233716058
9798233868436
9798233873829
9798233924965
9798261770640
9798268937398
9798277772935
9781390434620
9798235135994
9780613359016
9789381063590
9786074372830
9788131408728
9789392194085
9789392242151
9789681633486
9780613672405
9781032768557
9788863422320
9780230224933
9788174534729
9788185396392
9788186219775
9788186852057
9788193095454
9788193324370
9788193324394
9789350716236
9789352135974
9789356182370
9789380601854
9789381626467
9789382127017
9789384566036
9789386202147
9789386561749
9789386754097
9781448852468
9781448852505
9788177565775
9788887243611
9789387457294
9780340733714
9789353674441
9781527711051
9789350497630
9789382484820
9780702171819
9788173663611
9788893911122
9788172156541
9789353229092
9781572731370
9781078713061
9798665238456
9788131208533
9789681685737
9780521279925
9789380176154
9780195695809
9780070473546
9780070535091
9780266771722
9788198660305
9789350090190
9789381177020
9789812355300
9788126111824
9781420926842
9788120313095
9788192990101
9780266810827
9780364740729
9781390542622
9781614270973
9788177543056
9788188811359
9789368086673
9788194345671
9780282616243
9781390380460
9781850328810
9788172540555
9789386561855
9780399134449
9780195614961
9789384826864
9789927118173
9789927118180
9789358547238
9781581771404
9781634241489
9781771831147
9781771831901
9781942483625
9780898435405
9788181467874
9788183331272
9789355423085
9789380014562
9789812041975
9788175154926
9789357609463
9789354389368
9780198464525
9780674247550
9781390417890
9788984860858
9798314147580
9798326198440
9798326343192
9798326428691
9798333897824
9798866561636
9780999629741
9781935021797
9788868321024
9789380422602
9789352137602
9789381162613
9789381505960
9789386585622
9789388642873
9789390875016
9780548687307
9782908322156
9781292417721
9781850702405
9788190524957
9789350253649
9789351421474
9789383026302
9780070608221
9780074631782
9788184044140
9788184355857
9789350239353
9780194671637
9780194671699
9780428153229
9781447173618
9788410247147
9789387994300
9788176461450
9788181373106
9788187055044
9789386500328
9789386500342
9788899612481
9780072828498
9789583018237
9780451531285
9789386896674
9780260617224
9788174936943
9789391736729
9789681633202
9788125905912
9789354517501
9781508738145
9781511549677
9781511899628
9781511929196
9781512162417
9781530862528
9780230529281
9781502744272
9781505860603
9781507572542
9781507605684
9781507636794
9781507772126
9781507844274
9781508509653
9781508710257
9781508868248
9781511652476
9781511653367
9781511653770
9781511664677
9781511665278
9781511708005
9781511799126
9781511833677
9781511892131
9781511916929
9781511919234
9781511929455
9781511931106
9781511945554
9781512001754
9781512054828
9781512071641
9781512078114
9781512142280
9781512142938
9781512147452
9781512147780
9781512179422
9781512181708
9781512232646
9781512299724
9781512302974
9781512339192
9781512352665
9781514141038
9781514368176
9781514379707
9781514889985
9781514894095
9781515035275
9781519772909
9781519773012
9788131217139
9789385077227
9780070531536
9780074635148
9780702210112
9788181913814
9788181913890
9780260955883
9780265040591
9788171171330
9780397550289
9789332855175
9798873734405
9781390415827
9780521479523
9781162186849
9788125027072
9788172297091
9788191001303
9781422215555
9788192685298
9781718502086
9798231145706
9798231732852
9798233848865
9798233899188
9788179931820
9780006154822
9788126139576
9781316623862
9788188808618
9789325976139
9789385401626
9781506709451
9781506714332
9788170996958
9788171324286
9788173913495
9788176565776
9788184200621
9789389546477
9789354248412
9780282833602
9788175738010
9788175738812
9781500503970
9781514175163
9781530705474
9781897829165
9788126911462
9780099819400
9780723607793
9780852741306
9781572327115
9789383097135
9781286757543
9788876980695
9789352607860
9789386824974
9782711605026
9788122430837
9788126567898
9788170210405
9788170500643
9788175300286
9788186623763
9789355423238
9798215529690
9798232453749
9788180304781
9789389564990
9789814107136
9781406314380
9781843324027
9789385924514
9781957302409
9789382314097
9789386896247
9780230408548
9788120806795
9788184870565
9780131888104
9780307945983
9781416026877
9788131526194
9788177569032
9788183601030
9788184290400
9788192990163
9780230527263
9781489637291
9781847491206
9781904902188
9781977253910
9789355423771
9789390647880
9780521439824
9788131020814
9788175738515
9788175738621
9789388293532
9780333938010
9788177394382
9789351443261
9789351449256
9789351449287
9789390875511
9780850331547
9781527738102
9788497636711
9788437628899
9780197501023
9780074516201
9780195687675
9788172163327
9788182747234
9788184896459
9788189640576
9788189866600
9788193095768
9788196319168
9789355436948
9789380297576
9789380607320
9789385621499
9789386105240
9789390923922
9789391297206
9789393393838
9798232901684
9781572315914
9781563127830
9788175102279
9788184121759
9780074638491
9780074638880
9780143104179
9781405077033
9783864074288
9788184000429
9780753804421
9788876954665
9789352270361
9781906659486
9780851779232
9798248613380
9788131524510
9788176464628
9780752875569
9788178665139
9789352705139
9788170664413
9780316861939
9788831451079
9789812746313
9798247178446
9781541073296
9788177642742
9798227848536
9788121923316
9788187733751
9789332523753
9789351102342
9789351191490
9789385497490
9789386379696
9789388563727
9780826478566
9783848781669
9789351343561
9780521014311
9788170662655
9788171886821
9789382006848
9780130962775
9781398864757
9783929108668
9788172299224
9788183579612
9788199107502
9788199824270
9789332534971
9789334090369
9789358773309
9789363584747
9789370028890
9789382359531
9789812040466
9798895410233
9788184201413
9789388725637
9780515078978
9780074621479
9788120347762
9780333283424
9780340847329
9781923525207
9780713689761
9781408110768
9788184890099
9788873993520
9789786945378
9788183712712
9788187347002
9788189093808
9789393885746
9788176256636
9788181903594
9781506021096
9781511712804
9781511886628
9781512168938
9781515057505
9781530982745
9781848102552
9788130913964
9788177562101
9781622600786
9781622601042
9781622602179
9780074601396
9780201884531
9780702026942
9788120408074
9788125044192
9788174467911
9788174468192
9788178330686
9788184048438
9788184486612
9788184896282
9788187447603
9789355428356
9789356521049
9789382127383
9789389389951
9789394499683
9789559044468
9789694250816
9798891842472
9781537485386
9788189526085
9780340826652
9788186569153
9789382299493
9780857330109
9781851034734
9781967230037
9789386320339
9788170335047
9788184354676
9788194975816
9789386110442
9789389048025
9789389633351
9781517668846
9789370601369
9780571277414
9781478375524
9781479233472
9781491046999
9781621274575
9780143102458
9781035823116
9781844762552
9789388005432
9788862200158
9788869108440
9789382192336
9780139786020
9788122004212
9789349728165
9789384323059
9789394829756
9781742857305
9788126904358
9788131416716
9788178880938
9788180614033
9788189901332
9781844256327
9783472099062
9788121929592
9789580494041
9789353166052
9789356187542
9780531187074
9781259097119
9781494381318
9781502505927
9781502885555
9781503305755
9781505587265
9781505705607
9781505855418
9781505856187
9781505902068
9781506148205
9781506148465
9788483108253
9780709951254
9789351444947
9781405879132
9780571247578
9781942367024
9789681679835
9788123914664
9789352315376
9789385593994
9789381162552
9789383182015
9789388902977
9788126938674
9780836854497
9788123701257
9788171170258
9788171171095
9789389928259
9788131703908
9798235376380
9780349412207
9780198464877
9780070585379
9780193402676
9788183761451
9788189473662
9789572041246
9780198834878
9781424011599
9788176258050
9781848313453
9788172112417
9788174531780
9788181760135
9788183780209
9788185396217
9789356180000
9789390875269
9798186270041
9781857039184
9780778737483
9780740722486
9788199755956
9788193975565
9789359136912
9780989131858
9780545981712
9788126567881
9798270650797
9798273484344
9798291990858
9798305783483
9798306097800
9798319108845
9798323098187
9798326914057
9798327822146
9798224415861
9798224880546
9798232186555
9798233121845
9798233241185
9798233455230
9798233805660
9798233885006
9780073341118
9781484926963
9781542300056
9788126114788
9788131807767
9789176372937
9789649045832
9798581892855
9798311744409
9798334105362
9798397067041
9781494488161
9781495446511
9781684944200
9789583024658
9780521498302
9781405879439
9788131704516
9788195932733
9788131518069
9788173913259
9788176498845
9780198536222
9781494215668
9781507572467
9781507651292
9781507651469
9781507664223
9781507664605
9781507664773
9781507665206
9781507665480
9781507666463
9781507860489
9781508442295
9781508464204
9781508466451
9781508480112
9781508482550
9781508487357
9781508489832
9781508497196
9781508509462
9781508547686
9781508638711
9781508638803
9781508638988
9781508639169
9781508639602
9781508650560
9781508652618
9781508653608
9781508685128
9781508685159
9781508685432
9781508693543
9781508693666
9781508710318
9781508710752
9781508716839
9781508725886
9781508725923
9781508735885
9781508736004
9781508736578
9781508737117
9781508737759
9781508738213
9781508738510
9781508738855
9781508741350
9781508741473
9781508743033
9781508774808
9781511411844
9781511414449
9781511437059
9781511450515
9781511464796
9781511482868
9781511483438
9781511486620
9781511486941
9781511487078
9781511520553
9781511520584
9781511521437
9781511551427
9781511553759
9781511652070
9781511652704
9781511672894
9781511678070
9781511678162
9781511684354
9781511684491
9781511684835
9781511690027
9781511711753
9781511716239
9781511723046
9781511723596
9781511730549
9781511744683
9781511745994
9781511746069
9781511746083
9781511746106
9781511746410
9781511746694
9781511747257
9781511747813
9781511747998
9781511754835
9781511758697
9781511781343
9781511805575
9781511806954
9781511820585
9781511849012
9781511853811
9781511856867
9781511868693
9781511869669
9781511870320
9781511876414
9781511883832
9781511891103
9781511918718
9781511928830
9781511931311
9781511931359
9781511932929
9781511933032
9781511934466
9781511949491
9781511998499
9781512007022
9781512007466
9781512010985
9781512011135
9781512011418
9781512012255
9781512012422
9781512012767
9781512013214
9781512013542
9781512015522
9781512016222
9781512016321
9781512016406
9781512017441
9781512024807
9781512025392
9781512025767
9781512025897
9781512033137
9781512062991
9781512071283
9781512077902
9781512077988
9781512087703
9781512089769
9781512092141
9781512092615
9781512092707
9781512121964
9781512142549
9781512143560
9781512146660
9781512147728
9781512148138
9781512163216
9781512168495
9781512170016
9781512200300
9781512205947
9781512206647
9781512222494
9781512225686
9781512226232
9781512226584
9781512227895
9781512227994
9781512239294
9781512257847
9781512267549
9781512291360
9781512291841
9781512298031
9781512304398
9781512306880
9781512314359
9781512331745
9781512348378
9781512348453
9781512349290
9781512350807
9781514103067
9781514110331
9781514118986
9781514120941
9781514121474
9781514160329
9781514164693
9781514178638
9781514229477
9781514239681
9781514280591
9781514281253
9781514308035
9781514308172
9781514313480
9781514338254
9781514383506
9781514399248
9781514609422
9781514610992
9781514764046
9781514764787
9781514764923
9781514775608
9781514893777
9781515020943
9781515033622
9781515033851
9781515043102
9781515044222
9781515048190
9781515055648
9781519390073
9781519392237
9781519395887
9781519539335
9781522707646
9781522708421
9781522820543
9781522841753
9781522968795
9781522976851
9781523201280
9781523209217
9781523219575
9781523219926
9781523220441
9781523220595
9781523224593
9781523225071
9788184291230
9788188661565
9789371236652
9789391065430
9788170510697
9788185151748
9780367487706
9781845234621
9781911027034
9798884850637
9788177080414
9789350872871
9781847496720
9788170218326
9780864736451
9781564963383
9788121510387
9788170164395
9788172111731
9788172331764
9788172333416
9788182207790
9788186762127
9788189161835
9789351100843
9789352134977
9789352836093
9789386603135
9789393498311
9789694071138
9789698551230
9781484278840
9788126941537
9788172154400
9780143468059
9780143470670
9780670088454
9780935112634
9788120727229
9789356403406
9780349146263
9798233384714
9780070677500
9798232002268
9798232662592
9798277731369
9780195656961
9783829027939
9788170351313
9788170351559
9788170351979
9788189547660
9789385504105
9789386189615
9789394027152
9789681634483
9780531211069
9788185026671
9789681686079
9780670088249
9798259368736
9789382074984
9789382484707
9789382484974
9788173917684
9788131774434
9788194027454
9788185693699
9788194920090
9780133784633
9780888544926
9788126941520
9788185867540
9788192496764
9788196185503
9789389693348
9789992194140
9789992194348
9781405104197
9781506018874
9781508502241
9781512063042
9781512063370
9781522764670
9781528509176
9788131771914
9788170510659
9788171101481
9788171171958
9788174462657
9788184451887
9788186030646
9788189473518
9789383649310
9780201438635
9780838425619
9789386668257
9789390187775
9780333902523
9781512350685
9788411941082
9781923570535
9781923570955
9788177569292
9789322221508
9780787947125
9781554731909
9788130926902
9788130932521
9788193095713
9788193175101
9788193425398
9789350021361
9789351194156
9789356182417
9789380601427
9789380601991
9789388005029
9789389236026
9798174732872
9788174534712
9788180563881
9788185396484
9789351199403
9781613423172
9788171799756
9780194003278
9780444013200
9782711626427
9781506084244
9788173915376
9780070583283
9780670885855
9780765807236
9781406372700
9781853962561
9788185944807
9798339592273
9798340753885
9798340765512
9784824109668
9788126137305
9788172113063
9788172113087
9788176565165
9788184355390
9789186782832
9789365578355
9789394168015
9789789820566
9798263772192
9781564968913
9781625880048
9781903855218
9788126938681
9788170948025
9780367475543
9781593891633
9788897815808
9798278893288
9780613374750
9780943610801
9788125042037
9798180686053
9788126440887
9780521674782
9780521674799
9780613675932
9781505553031
9781539043256
9781587671296
9781911390091
9789384319458
9788126140534
9788188479481
9780387915067
9788177290356
9788869163029
9789352607945
9789380014654
9789380014685
9788895650395
9780130426284
9789382120414
9780559070068
9789381505755
9789384042790
9789385722110
9789391029296
9789395101998
9780746061114
9780074600900
9788177560794
9781562430245
9780241852224
9780070965744
9780706908299
9781405873321
9788373950726
9789380444017
9780806961712
9781597713955
9780195664164
9780199151318
9788125907046
9788189836474
9788193012048
9798906064929
9780195665109
9780367239633
9780071182621
9789350249956
9780521696876
9781905740895
9788171170265
9781841157252
9789353165673
9781583400999
9780131268623
9781032934167
9789385839184
9780071072496
9780864738332
9780879422165
9788185495453
9789363644359
9789387791237
9789389310375
9780753460061
9788174345523
9781539775645
9788189530617
9789326193245
9780521674751
9780721481517
9788194939184
9789327191851
9789369149285
9789389962024
9780706412291
9788177240054
9789351860105
9788173912115
9788173916267
9780070669321
9781410301413
9788171789108
9788174469458
9788189795047
9789353127664
9780074517055
9788120046863
9788184245868
9788185578170
9788131763964
9788189582708
9789380191935
9788121908450
9788184355383
9788184355512
9789350237854
9789390973071
9788893330497
9781585677061
9781259862021
9788179933244
9789391793562
9788486115791
9788174464040
9788120301740
9789350350546
9780521152648
9788171800667
9789359037554
9780070447615
9788861480940
9789394792357
9788184047486
9780431137858
9781900715539
9781928232728
9788131522462
9789383026197
9798873619276
9780702081859
9781510459991
9788122437959
9788172330910
9788175300507
9788183246729
9788184350968
9788196319120
9789358770179
9789358774962
9789358777796
9789358778250
9789358779400
9789388159777
9789393393081
9789393393272
9789393393289
9789393393739
9789393393807
9789393393821
9788181287878
9780143464631
9780898126990
9781530849123
9788184200829
9789681660925
9780195698039
9780836877991
9781537592237
9781548663230
9780143068433
9780349014784
9788193342985
9798224153459
9798227617248
9798232004811
9798233139192
9798233165528
9798233195297
9798233257377
9798233339783
9798233355127
9798233466649
9798233475696
9798233494123
9798233713491
9798233828805
9781497638440
9781537752709
9780803963740
9781032218496
9781361730478
9781511760430
9781511786867
9781519429766
9781662967313
9783910776081
9789381325643
9798224394845
9798246711019
9798268650723
9798284877968
9788194968443
9788497771016
9788170217343
9788180404511
9788180569586
9788185843902
9788193975510
9789380502557
9789392549342
9788174532091
9781484193884
9788170209836
9788171885954
9788437623733
9781403931597
9798232346003
9780811477901
9788122006544
9780071481557
9780143031734
9780994033260
9788131759998
9788184048520
9789350715802
9789351448075
9781457613227
9789681669522
9781591126768
9788189986742
9780571276806
9781304646965
9788466623742
9780070263628
9780528942105
9780711996014
9780749428242
9780749449001
9780958034852
9781107056091
9781259004568
9788121500272
9788125037903
9788126320769
9788170892342
9788176292238
9788179506592
9788181931023
9788182745018
9788184350777
9788184353143
9788184894592
9788194043720
9780333917701
9780980296549
9781847247087
9781684050536
9798889100331
9781544047010
9798232900311
9798233014093
9798233136498
9798233199943
9798233402333
9781544601205
9789386008725
9788172291761
9788196150419
9789350299081
9789386516282
9780395665923
9781499733532
9781501152702
9781605125404
9781605125428
9781939437389
9788170992806
9788173711299
9788183242905
9788184881394
9780988050006
9781927136393
9788170999300
9781538080658
9788176292900
9789376311262
9781291853544
9788126027422
9780863110900
9781544127361
9788170210726
9788170218517
9788171209996
9788869441073
9789312147306
9781479179466
9781489607799
9781489619518
9789682325304
9781973809838
9782915512397
9798198483828
9781471769597
9780199631001
9780755464906
9781741217841
9781842733455
9781987963700
9789388899949
9788188808007
9789350719497
9789350719992
9789380601502
9789380707242
9789385497940
9789389368628
9789390875900
9798267973830
9798284348352
9798301730726
9798308008286
9798326395085
9798332888861
9798336065503
9798336424041
9781406309744
9780900599385
9781505860795
9789351247517
9780808563747
9780864739896
9781403433480
9788126536016
9788131903032
9788175050280
9788179931530
9788197321467
9789380164601
9780143416692
9781512300963
9781512362206
9781512364316
9781512366587
9781519735539
9781845570095
9788120723290
9788120724761
9788126420131
9788434313477
9788489897014
9781067624101
9788126309207
9788172112844
9788174141118
9788185242903
9789380761473
9781668974605
9781668974612
9780771576652
9781589510272
9788172234713
9788131907214
9788172290535
9788173171956
9788179506783
9788862882088
9789310004823
9789367259153
9789386070876
9780078817663
9780898626506
9781597640633
9781781540732
9781925579161
9780521468862
9788131012468
9788131733875
9788172452926
9788173192982
9788175090101
9781484252741
9788122413045
9788122433715
9781444103786
9788170554677
9788181464897
9789355012432
9780521674812
9789387506633
9788174830180
9788174830364
9789365574265
9789365575507
9798273466517
9798296758781
9788176294270
9788181984227
9789367259603
9789386664051
9780007702862
9780143466444
9781850006817
9781852303860
9788121919661
9788121920575
9788125031123
9788126933525
9788131931257
9788170086895
9788170216315
9788170590316
9788178234885
9789350716137
9781853754920
9788131759974
9788172454272
9788184080636
9788190688451
9781904919513
9781905716791
9789357052078
9789630573504
9788886408462
9788893912822
9780330348959
9788131732069
9798280545526
9798287577964
9798288610677
9798329676044
9798332034299
9798432403285
9798680034965
9780141183206
9780749846695
9780751313048
9781780095004
9788172450120
9788183242721
9788188739837
9780340924693
9781405126397
9781534824829
9781541358942
9789367254943
9780877798378
9781781168950
9788126563708
9788178091044
9788412330793
9780143455226
9788131012437
9788173916175
9788188452033
9788188452064
9788681954386
9788120726390
9788122314762
9788127226749
9788131803493
9788170088141
9788170217015
9788170311775
9788176934411
9788185102566
9789352610990
9789356810969
9789388632102
9781405878531
9781536878011
9788123924953
9798262459186
9788131939611
9798274958011
9781444138665
9781514878422
9780772658692
9788170286424
9780333923528
9781148445991
9781246087840
9788172334475
9780755400904
9781971071152
9788178690445
9788488242891
9788170284994
9788172454173
9788184827309
9789382088677
9780230533523
9788886083584
9798258596802
9780141022130
9780141022567
9780443070921
9788121614795
9788122427561
9788126310159
9788126555987
9788131800737
9788131801307
9788170088929
9788171170906
9788171171019
9788171171026
9788172113933
9788172290788
9788174463739
9788179915561
9788180564017
9788196162610
9789350128763
9780074633113
9780670082148
9788120307780
9788120339545
9788183711876
9788187173199
9789351522928
9780460871211
9780811209489
9788123915289
9788125008170
9788171678990
9788171820665
9788178061108
9788182746459
9788188575299
9789380051802
9780142003602
9781842702451
9780143416661
9781840724295
9788189491437
9789332421448
9780749416836
9781546477488
9788120321588
9788186982068
9789387257221
9781511974714
9781511979214
9789353858438
9780333909607
9788178062327
9780143427100
9781591742692
9781849154178
9788123908373
9780768904444
9788122308402
9788131902721
9788131902967
9788131908396
9788170086611
9788170553557
9788170554073
9788176931427
9788178836065
9788185119243
9789359957845
9789673091362
9798335019682
9780751534542
9781363710348
9789393128133
9798254362128
9780385903233
9798298964234
9780143417996
9780195688634
9781605490038
9788129110053
9788177665093
9788121998260
9788194940937
9788887319811
9781408809259
9788182091283
9788190204811
9789352161959
9789381212677
9788128641367
9789384447915
9781613779293
9781683960133
9788123915272
9780260207296
9788131908051
9781294878209
9788172290542
9788172293024
9788172296612
9788192554136
9789381430682
9789386410269
9789506414443
9780528859809
9789381991152
9789386223944
9781405252751
9788177397468
9788868361389
9781536611663
9781536633849
9781536645262
9781536696288
9781846102042
9788184875157
9789384081492
9788131761465
9788172341725
9788172343941
9788177588293
9788184680805
9788184779899
9789387779532
9789389053784
9789389717235
9789390391059
9780143440680
9780143440703
9781600106743
9788121618571
9789353491093
9789353491383
9789810775681
9789350300060
9789350255025
9798268856224
9780761933441
9788495787842
9780007286737
9780007288601
9780143428275
9780304354658
9781408330975
9781580133623
9781580134651
9781580135115
9788126941742
9788171675609
9788172450397
9788172867218
9788173100499
9788190899604
9789351720782
9789351865186
9789352102099
9780340847725
9780340849538
9780805094664
9780861314003
9781527934337
9781905710423
9788120806412
9788121937559
9788121938389
9788122315271
9788122405163
9788125047957
9788130904610
9788131800201
9788131908235
9788173815393
9788176493192
9788176495806
9788176496544
9788176496681
9788176760140
9788179502655
9788179913109
9788179913598
9788180560378
9788180561375
9788182880405
9788183618366
9788185952413
9788186004111
9789350181683
9789380349879
9789380444444
9789385609923
9788408089162
9781734974423
9788123921938
9788177696295
9798227430793
9798233742835
9798271955907
9798278388289
9789332515390
9781585181537
9788126314607
9788126314621
9788126559534
9788126561865
9788126598472
9788184049541
9788190595773
9788199175778
9789350239964
9789351101659
9789385000959
9789390461370
9781316601037
9788125060901
9788183513227
9789356810372
9789381887868
9781503247185
9789394417106
9789382665922
9789387022218
9789387022584
9789403705774
9798232827199
9780755472765
9780756507008
9781840328301
9789350464847
9780140184709
9780736859820
9780199481767
9788129114044
9788173666094
9780074603376
9780977978564
9781471807268
9781564841537
9788121939027
9788125050131
9788126312771
9788131919705
9788170584179
9788170600237
9788172146368
9788172331580
9788180560354
9788182203532
9788182204201
9788184046601
9788184351880
9788187586388
9788189645014
9789351624257
9789355742483
9789358901726
9789358984965
9789368084181
9789374067291
9789380607450
9789384082888
9789384082970
9789384637163
9789388428637
9789391968571
9780071332385
9780143335726
9780143415961
9780143429609
9780241312575
9780723294511
9783125544208
9788121613668
9788126937370
9788177081855
9788185047041
9788195724130
9789360460907
9789386041531
9780007266708
9788497323925
9788193315002
9789351434917
9788170559689
9789350482537
9789351866992
9789352661480
9789383878536
9789395386852
9780143421429
9780143425939
9781584231929
9788126911516
9788184671742
9788492796014
9788496263215
9780194792936
9780375835896
9798224293643
9798224612482
9798231463176
9798232025366
9798232178857
9798232207113
9798232466619
9798232486068
9798232620738
9798233105067
9798233113802
9798233153303
9798233181009
9798233186073
9798233357800
9798233388392
9798233465451
9798233504624
9798233593888
9798233616983
9798233645624
9798233687754
9798233746871
9798233762543
9798233782497
9798233855603
9798233913419
9798233928987
9798233930690
9798233948312
9780199474554
9788171677689
9788180615474
9788184952889
9788184953947
9789350247433
9789353494384
9789380856346
9780746050798
9780781810142
9781514872345
9780448458298
9780545175920
9781408112984
9781546607304
9781906029043
9781906714048
9788121931083
9788121938570
9788122306163
9788122315356
9788123742069
9788123921853
9788126315260
9788126713752
9788129106483
9788131019764
9788170218760
9788172113780
9788172248994
9788172291273
9788172291709
9788172451059
9788174363664
9788177210880
9788184893199
9788186470404
9788187522713
9788193889794
9788194833550
9789324198198
9789384598327
9789386578419
9789387225114
9789387957848
9789387973299
9789390423842
9788131528365
9781538062272
9789332540101
9781032045832
9781259064302
9781399802956
9788179915905
9788123911236
9788172340827
9788172341688
9788172344238
9788184778007
9789351032489
9789386106933
9789387539181
9788173661778
9780074518595
9780143029588
9780143103202
9780143330448
9780143330844
9780143427926
9780143440796
9780143440802
9780143440840
9780143440857
9780143440864
9780143440901
9780143444787
9780143444824
9780143444831
9780143445241
9780143449195
9780143450993
9780143451006
9780143451037
9780143451518
9780143451525
9780143453376
9780143453437
9780143458067
9780143468158
9780143471424
9780330517683
9781509849086
9788172344931
9788172452995
9788175992801
9789353491024
9789355436597
9789380143330
9789384757960
9789389717433
9788122430820
9788125041641
9788126310920
9788126316960
9788126318254
9788126340637
9788131800577
9788131802106
9788170084884
9788170088936
9788173043239
9788173813894
9788175300248
9788178242460
9788180564987
9788181803153
9788182202122
9788183760751
9788185047560
9788185425535
9788449320262
9789350620038
9789352870844
9789359649412
9789360289942
9789365212358
9789365219487
9789380358864
9789384043513
9789386345943
9789386600783
9789386906656
9789394829473
9788130908168
9798277006726
9780521752138
9780194774819
9780194774833
9780833582089
9780143427902
9781523092932
9780143334057
9780826418302
9788123720159
9788184231588
9798232174392
9798232375904
9798232941529
9798233493515
9798233515767
9798235216648
9798249548674
9788120336865
9788183231664
9788186762981
9789351447825
9789380397450
9789380601878
9789384248819
9789388983976
9798242080744
9781333539474
9798287276782
9788177240092
9789361595400
9780198479093
9781538062357
9782855392219
9788180381577
9788184481754
9789350909737
9789359512631
9789391008055
9789391596293
9789369426157
9789384255015
9789385722103
9781620313800
9788122414103
9788126308934
9788172110901
9788172290993
9788176492829
9789326352987
9789326355155
9789350462638
9789350480021
9789351863052
9789351863144
9789352663224
9789352874811
9789355211873
9789386202925
9789387980822
9789974805484
9788572416863
9780857510440
9781846340055
9781860075834
9788126439102
9788172247133
9788183226189
9789350466308
9789350640593
9789350640951
9789357784917
9789380143972
9789381639146
9789386827548
9788184026566
9780521300247
9780694522736
9781848985407
9780852268520
9788190694032
9788193406229
9789383142699
9780397583126
9780755409686
9781535348157
9788172733902
9788184480665
9789352766758
9789380391106
9789388859028
9798255326846
9788184204261
9788395722608
9789384310493
9781607101611
9780143100409
9780143428794
9780143428800
9780143451549
9781375012850
9781409520856
9781409520863
9788131918869
9788184654585
9788194914143
9789327198058
9789810713515
9789810713676
9780451185945
9780671891862
9789386316820
9798233748233
9780531162385
9780732286415
9788119858057
9788121943451
9788123727653
9788126316984
9788131524749
9788131802120
9788170084006
9788174466563
9788174466761
9788175544444
9788182963481
9788183616065
9788185094687
9788189161712
9788493948931
9789350623183
9789350946497
9789351416111
9789352136483
9789380856469
9789381416150
9789694963297
9798892210812
9781529120745
9788426449320
9789382314196
9781514719558
9781842369333
9781429117715
9781511429788
9781511788441
9781512195347
9781515042471
9788123917993
9788123920375
9788176061834
9780230226500
9788178220802
9789381394809
9789385140662
9789712201554
9788129101952
9788129116918
9788129121158
9788129129321
9788129129833
9788129132758
9788177669824
9789353336974
9780789036162
9798181164536
9781543164510
9789992195468
9789992195505
9780702171789
9780857428363
9781741140125
9789392023385
9780841600546
9781405316453
9788126707706
9788172454913
9788177229165
9788179929865
9789352440474
9789381394823
9780898127010
9780898127959
9780898129526
9781786531896
9781897563717
9781897563748
9781926722429
9788120721616
9788120761247
9788120796041
9788121619318
9788121619523
9788121924108
9788122300482
9788122311747
9788122315110
9788122315493
9788126911325
9788131800362
9788131802243
9788131806357
9788170215806
9788171851270
9788172112349
9788175542808
9788185105031
9789354977756
9789354977763
9789387198012
9780195670011
9781432914745
9781533270870
9781534804937
9788181281234
9788888389998
9780199119721
9780330443876
9780571175093
9781408859995
9781586109318
9781609947088
9781741854589
9781784042790
9781846012044
9781848105409
9781848981072
9781849020961
9788854407411
9788854407435
9788854407442
9780143104230
9780399521911
9781546348818
9781605125305
9788170189916
9788171831289
9788172252779
9788189936037
9788190638104
9789351429463
9789384343088
9798128808257
9780985337797
9781596470224
9788120409569
9788120806924
9788172342982
9788172343767
9788172344535
9788172344559
9788175993778
9788175993808
9789386538970
9789388144254
9789388144858
9789390183319
9780141002460
9780143028130
9780143031116
9780143068228
9780143333159
9780143442554
9780143447337
9780143449379
9780143449447
9780143451907
9780143452119
9780143459095
9780143463238
9780143463290
9780143468127
9780143470380
9780241590997
9780330412131
9781569571675
9781904594529
9781904594550
9781909645806
9788170555728
9788177210767
9788181436603
9789353227050
9789353494056
9789353494186
9789353496395
9789354891601
9789356810020
9789382616139
9789383142026
9789383331024
9789387383258
9789388241946
9789391234348
9789394112957
9789394168107
9788120338562
9788193881323
9789371462907
9780007290819
9780070587618
9780262011525
9780528868252
9788426720115
9780713671483
9798882962356
9780721449432
9781405878449
9781534969704
9781845335199
9781858216362
9788123923369
9788131208700
9788184040340
9789352727971
9789380222530
9781849709552
9788120321359
9789395192248
9780074633953
9780143417460
9780143447559
9781406302349
9781503143081
9781540512468
9788121934657
9788122315691
9788126351015
9788126911790
9788131913154
9788131931295
9788183823227
9788190721059
9788193945179
9789326350068
9789352532001
9789382127284
9789387578043
9789387578067
9789844122949
9781566091251
9788194940951
9789971692728
9780670094806
9780670098750
9780857427335
9780872864276
9781550717419
9781550718676
9781550719727
9781885003515
9781885586353
9781932511406
9781519735904
9781616381721
9788183894371
9789350280409
9780070847491
9788868263522
9780760350140
9780785406716
9781143208577
9788176060714
9788194577522
9788897449003
9798280898035
9798282146875
9798284617397
9798288050206
9798327800076
9798328123433
9798345344682
9798387333026
9788172340575
9788177222296
9780272793886
9788121404013
9781781085226
9788171327133
9781496169891
9781497508927
9781497518414
9798254518365
9798254580553
9798254647270
9789814559171
9785050016935
9788121908641
9788121923606
9788122315554
9788125007944
9788131907757
9788170084693
9788170089360
9788184231823
9789325963573
9789352877355
9789352877362
9789384559991
9788182747210
9789325980051
9789385140594
9780071074483
9789351642510
9789391560614
9780714503240
9780785167297
9780838513019
9788171338672
9789386482112
9789382314240
9780340931226
9781511435956
9781569800638
9781840812404
9781907176494
9788124203835
9788172450755
9788172454791
9788184191158
9789332536944
9789350642221
9789384456016
9780919349933
9788187250210
9783955845582
9788176461863
9788184201185
9788184204070
9783832928759
9780060575854
9781628323788
9780070683358
9781902626505
9788126537655
9789352292271
9789971973155
9780863114502
9781410900036
9788122912289
9788124600924
9788175249462
9788181921963
9788185360300
9788185990309
9788197450686
9788433977946
9789350723616
9789352666225
9789352689309
9789358770926
9789358773880
9789358777390
9789382898658
9789384344382
9789384863593
9789390461325
9789390461752
9789390825172
9789392554834
9798986311227
9788130917160
9789332515376
9789332539921
9798257193644
9780905483924
9789395259798
9798180418593
9798274944496
9788126129621
9788126940233
9788131719039
9789380914985
9789381588734
9789352834105
9781107652606
9788120345232
9788172345488
9788183225250
9788184354829
9788193445907
9788193445914
9788193445921
9788193445938
9789355733733
9789391095765
9789393715500
9798180361691
9780143029274
9788123907901
9788123917924
9788123924496
9788175994669
9789361851339
9798250370707
9788177551389
9788189110222
9789350355046
9789350355138
9789382036197
9781932429060
9788183892926
9780143101192
9780143333616
9780143333654
9780143334316
9780143335931
9780143414469
9780143418627
9780143419020
9780143425441
9780143426844
9780143428565
9780143429098
9780143439929
9780143441984
9780143444992
9780143445029
9780143446149
9780143450566
9780143451785
9780143452584
9780143454106
9780143454113
9780143457961
9780143458654
9780143459026
9780143463351
9780143465065
9780143469070
9780143472278
9780590463065
9781472923684
9781626561144
9781912502752
9788121620857
9788172238865
9788184001747
9788196318468
9789353456535
9789353456979
9789353457846
9789353493929
9789369897094
9789386106339
9789387103054
9789388810654
9789389178357
9789815351941
9788119181100
9788170521525
9788170946809
9788178671949
9788187552925
9788493473907
9789351246558
9789352668427
9789355217905
9789381951323
9789393131515
9789393801203
9789395192286
9789395192439
9788176291330
9780143064299
9781409130888
9781844773725
9788121929660
9788129115911
9789355200600
9789357029773
9798257809439
9788186685228
9789352726752
9789387380219
9780195648577
9788174670748
9788120338784
9788184355185
9788184355987
9789352137909
9789353029784
9789385244667
9791865089927
9798215299500
9781408192061
9781416527640
9780448437026
9780709714958
9780747587835
9780749686963
9781406346800
9781407543192
9781408183328
9781408183366
9781472919564
9781840723908
9781850321835
9788128815805
9788170286417
9788176472128
9788181890610
9788184957129
9788187100317
9788188575282
9788188965441
9789349905085
9789382459965
9780282824761
9780749940492
9788172760168
9788189757533
9789395162487
9788173357824
9788483234716
9780007415663
9780070153356
9780230525085
9780521752374
9780861314621
9781685542603
9781685869335
9781875889204
9788120814226
9788121936484
9788121939973
9788122315530
9788122416053
9788122426656
9788122427967
9788126313990
9788126561957
9788130911984
9788131802533
9788131804704
9788131806708
9788131807002
9788131903544
9788131903841
9788170084761
9788170554639
9788171640782
9788175543270
9788182204973
9788183210409
9788184045796
9788184301564
9788184351255
9788184781120
9788185094892
9788185231280
9788185680170
9788187111634
9788187393801
9788190773478
9788193920879
9788194780892
9788194920878
9788195166367
9789325792470
9789350233092
9789350576137
9789350576458
9789350576755
9789350577073
9789350578254
9789350578599
9789352666362
9789357941518
9789380386256
9789381416266
9789381448069
9789381588512
9789381626627
9789381626955
9789383145300
9789383746903
9789385152641
9789385724350
9789386092908
9789390085859
9789390461394
9789390461417
9789390461738
9789937800464
9789993333005
9780822556619
9798304501149
9788181921949
9780706925487
9781939739285
9788172200152
9780007476107
9788128002212
9781505452150
9788125023647
9788181901835
9789350009451
9789350727232
9789382951179
9780044401353
9780140217988
9780140805789
9780195807332
9780316909860
9780340627372
9780356126005
9780462004303
9780521287739
9780563363620
9780620050357
9780706403558
9780708831137
9780708881293
9780709057680
9780711011991
9780713409925
9780720708745
9780749395032
9780831790844
9780853053446
9780855337605
9780855980771
9780900199141
9780903696357
9781564963925
9781842223819
9781850520160
9781852791544
9781854860750
9781855019126
9781858541549
9781868722358
9781874336006
9781933549156
9788119196593
9788120815414
9780367474683
9781312322585
9781633919266
9780431014999
9789390709762
9780819110626
9783527273898
9788170589006
9781874545071
9788122136678
9788125000808
9788125019190
9788125023449
9788188230594
9789358567717
9789382673736
9789386084491
9783834638236
9780439338233
9780571216413
9781923593817
9781923625044
9781960810014
9781970852127
9781970852172
9788170280064
9788184022681
9789325979963
9798901946244
9780230537675
9788173917288
9788195475025
9781445659954
9798276176192
9780007211326
9789812617637
9798879012026
9781406311617
9788119035533
9788170288183
9789380026619
9789383751464
9789384447229
9789387539488
9789388804844
9798329072938
9798675421176
9780199545001
9780199545063
9781471884054
9788119670215
9788120347540
9788121501385
9788121502481
9788121508025
9788121510349
9788121612722
9788122315103
9788123711232
9788130924021
9788173710896
9788174469311
9788177665369
9788178557427
9788180520112
9788182743878
9788184351552
9788185094762
9788188588121
9788190288323
9788193655580
9789326351164
9789326355605
9789326355865
9789339219543
9789352874804
9789380428819
9789380853024
9789383635634
9789384082000
9789384319083
9789385509759
9789387486935
9789390461387
9781512017632
9788173175121
9789355293459
9788131510957
9781723449055
9788125953609
9788176113977
9788193334966
9789384447151
9780316210744
9780981777887
9781177573719
9781845133672
9788175993129
9780143028116
9780143064220
9780143102946
9780143333036
9780143333562
9780143420859
9780143422822
9780143423218
9780143447016
9780143447702
9780143453758
9780241319482
9780330451512
9781402217395
9781407530161
9781848779914
9781889140896
9781953650078
9788119300860
9788123921730
9788123921761
9788185877228
9789350296899
9789351160229
9789352758500
9789355317414
9789372260205
9789381398494
9789382616276
9789383318841
9789385436628
9780194774505
9781107635784
9781107673434
9788194635499
9788184571295
9788184571387
9788190508704
9788194772774
9788866654902
9789351394419
9789351394426
9789363122161
9789363122796
9789363127685
9789380405698
9789380827001
9789381054581
9789381582800
9789382400004
9789383468225
9789383513185
9789385448171
9781429107938
9781948235228
9798215473719
9798231407828
9798232014032
9798233291012
9798233307737
9798233527166
9798233529634
9798233664243
9780007282272
9780874203707
9780874203943
9781855145320
9781869403836
9781869403942
9788121937047
9788122315561
9788125950011
9788125950851
9788126313334
9788126315734
9788126913145
9788130406374
9788131800355
9788170081197
9788170087496
9788170188544
9788172238698
9788173154669
9788173814778
9788184302592
9788188204465
9788189573775
9788400059125
9788498980967
9788893916066
9789348740434
9789350483893
9789350484005
9789350485224
9789350489994
9789353227548
9789371977838
9789381448168
9789382618829
9789383111114
9789383111503
9789384344016
9789384344160
9789386001290
9789386001344
9789387919488
9789390366798
9789390378739
9789393113276
9789395767781
9789681615444
9781855739840
9788123914640
9788129137463
9788129151483
9789353333768
9789370039575
9789391256142
9788125931393
9788182965355
9788186706831
9788187780908
9789350131527
9789355218391
9789384857417
9781416954927
9788184353648
9788123914398
9788184353693
9789390327911
9781512141399
9781523608447
9781855765023
9788131728406
9788174532855
9788184680935
9788184893007
9789350948156
9789351450238
9789380601830
9789386365002
9789388005418
9789388426954
9789388750042
9789390455973
9780550104083
9780600605980
9780733616495
9780749670306
9780781737104
9781506704944
9781561387755
9781853758096
9781861473677
9781878086266
9781903258255
9788129103413
9788131201855
9788131252192
9788174365132
9788178794037
9788190991476
9789036626095
9789351429029
9789382066422
9789384961879
9789385880148
9788183562485
9780143446248
9789355439017
9780074622599
9780670049509
9780950678528
9781451118087
9781472908629
9781472926326
9781472940674
9781784870959
9781788287500
9781839408588
9788173813672
9788174463623
9788176298933
9788183764339
9788184871173
9789350098141
9789351246497
9789359778020
9789367712054
9789386643858
9789392791291
9780957702066
9789061915485
9789352532841
9789810953119
9789992194003
9798855188967
9780886194451
9788172000028
9788190419253
9780070324060
9781546718819
9781592237548
9788869392238
9780857426352
9780875530499
9788174531087
9788184047721
9788184048902
9780785132554
9780521752053
9781787190603
9798227003393
9798232137472
9798232183066
9780471380290
9789332584495
9789386300157
9780195643749
9781407526102
9788131902035
9788178243368
9788195088270
9789360620547
9789362528841
9789384439965
9789388965194
9780602301361
9780620308397
9788173915819
9781403485922
9788170288114
9780070585997
9798248802470
9788176500302
9789389686197
9780195603149
9780198062585
9781259061851
9781743796962
9788120327849
9788175221062
9788178121161
9788181431936
9788189795214
9789350330692
9789350369241
9789355212931
9789356557963
9789357764674
9789358954067
9789360079604
9789381283271
9789386298461
9789389191967
9789389458626
9789390265565
9789394591516
9789766373931
9780198064268
9780781719674
9781905422548
9788120306721
9788123901985
9788123929354
9788172343866
9788172343989
9788183225236
9788183227926
9788184000559
9788864011295
9789352877218
9789372903805
9789374079409
9789381017852
9789387964372
9781471830976
9789392299179
9781528319461
9788190266604
9781662714511
9781662714795
9781662714894
9780008463779
9780008486006
9780063483552
9780143027744
9780143063353
9780143100584
9780143102809
9780143103189
9780143103301
9780143332589
9780143420224
9780143422242
9780143423492
9780143427933
9780143429067
9780143449881
9780143449898
9780143451686
9780143454618
9780143456476
9780143463962
9780143469223
9780143471400
9780143472773
9780143474074
9780143475781
9780241401958
9780241679739
9780241804032
9780312529789
9780330460644
9780525541424
9780593222263
9780670095735
9780674495272
9780689853432
9780702315565
9780753445921
9780765365736
9780857426383
9781035026296
9781250326874
9781338305777
9781408841945
9781408871669
9781447214892
9781472909473
9781472926388
9781789297393
9781835693919
9781835693957
9788119554201
9788172236762
9788172238759
9788172239800
9788172345594
9788175994584
9789350290569
9789350290682
9789350290828
9789350297650
9789351036784
9789351160793
9789352774593
9789352777433
9789353494070
9789353571474
9789353573225
9789354402524
9789354405495
9789356405431
9789362054340
9789385827518
9789385827693
9789386643094
9789386826831
9789387779631
9789388144070
9789389109054
9789389567922
9789390327645
9789390327904
9789390358434
9789390742073
9789391067397
9789391316419
9789393986375
9789815162165
9789815162172
9789815162196
9789815162448
9789815162455
9789815162677
9780143418016
9780861312160
9780956510228
9781316642658
9781444192193
9781542040471
9781639407194
9781646500994
9781646505975
9781685548001
9781838208240
9788120324121
9788120324435
9788120326903
9788120327795
9788120332836
9788120342286
9788120717473
9788120728271
9788120744059
9788120768475
9788120768819
9788121614917
9788121915151
9788121924825
9788121926362
9788122414455
9788122415995
9788122426717
9788122435627
9788123913322
9788125025160
9788125030140
9788125942610
9788126310371
9788126561193
9788131521403
9788131801956
9788131805350
9788131807187
9788131807705
9788131909683
9788170089896
9788170162483
9788170463436
9788170560708
9788170592631
9788170592693
9788170944980
9788170945628
9788171855537
9788172110574
9788172764425
9788173710254
9788173713712
9788176211901
9788180522093
9788180568862
9788181379986
9788182964891
9788183602068
9788183820400
9788183820820
9788183821797
9788183823197
9788184043419
9788184044751
9788184046953
9788184303261
9788185119717
9788185636375
9788188569526
9788189093310
9788189093952
9788189973049
9788190843003
9788193175187
9789326352956
9789339220945
9789348911711
9789350333716
9789350571125
9789350571163
9789350571330
9789350571347
9789350571835
9789350576304
9789350576311
9789350576335
9789350576588
9789350576595
9789350576618
9789350576625
9789350576656
9789350576762
9789350576779
9789350576786
9789350576854
9789350576885
9789350576892
9789350576960
9789350577004
9789350578537
9789350717639
9789350717660
9789350717783
9789350718810
9789352741366
9789352741373
9789355210142
9789355211903
9789355213167
9789355620675
9789355716620
9789357940146
9789357941501
9789357942928
9789361030321
9789361030512
9789361031410
9789361033810
9789361034329
9789361034602
9789361036705
9789361038471
9789361038808
9789361039072
9789380114231
9789380222615
9789380536095
9789380618036
9789380619675
9789381159170
9789381384800
9789381588949
9789381626238
9789381626504
9789381626788
9789382618485
9789382711261
9789383260058
9789384043537
9789385509056
9789385750304
9789385961113
9789386189264
9789386379757
9789386484710
9789386500281
9789387672574
9789387672857
9789387672888
9789388333238
9789388689854
9789389600513
9789391598297
9789392963032
9789395101783
9789789699667
9789937291248
9798890678065
9798890679697
9798891336940
9798891339798
9798891867727
9798892334303
9798892773294
9798893226980
9781782213857
9783943185294
9788193334928
9789382591856
9780174440673
9780241528365
9780747239505
9781405091077
9781681521657
9788170282563
9788175349582
9788184080957
9788189798154
9788193199756
9789241541770
9789388002080
9788173718649
9789352101450
9789389108033
9780199485246
9781494811303
9781846684241
9780327101420
9781316642696
9781841938844
9781848352520
9788122435771
9788123925950
9788178120324
9788190787697
9788198681508
9789348552501
9789355350831
9789356129542
9789356794009
9789358384772
9789369547074
9789372903287
9789386931917
9789391277772
9789391543563
9789391793920
9789395437479
9788186569528
9789349550643
9780670085217
9780670091997
9780962511868
9781444107739
9781511415132
9781511429498
9781512010442
9781512028232
9781512360240
9781512369489
9781519735379
9781519735706
9781519735850
9781563898204
9781743006481
9788120341135
9788184022308
9788196319182
9789388326773
9789388434638
9781508467144
9781544096124
9781622601134
9781852309565
9780190131845
9780198094364
9780706948097
9788172361549
9788178102788
9788183612623
9788185458588
9788187771777
9789380828572
9789556583090
9780857427427
9788131724033
9780006293392
9781593890797
9781850158332
9781850158448
9788122416596
9788126941490
9788170708056
9788175970625
9788181803092
9788182963955
9788183324724
9788185680934
9788187332237
9789349578395
9789352877348
9789386179296
9789388537698
9798889868828
9798903424337
9789332579590
9789387153585
9780857428387
9781586634384
9781588103826
9789350584873
9789360623371
9789814882972
9781848356801
9798268266740
9780870409639
9781420659498
9788183243681
9789349905597
9789381335000
9789383318810
9780190133832
9781316642702
9781906735470
9781927136249
9788173816734
9789356813847
9788172670191
9788178120461
9788178244952
9788185578033
9788189995348
9788196396718
9789347019043
9789347497278
9789347497933
9789350001813
9789350002445
9789352293490
9789357490368
9789360620066
9789361808586
9789384883737
9789388126571
9789388434935
9789391925109
9789812530837
9780307349934
9780761512943
9788121935128
9788173044533
9789371235006
9780006387817
9789386635136
9781382036177
9781402710582
9788184951431
9788496627406
9789357022095
9789386702319
9789387989887
9789389000788
9789390514458
9788119348954
9788120339187
9788169819206
9788199620841
9789355184474
9789357808255
9789358774207
9789360459543
9789371974035
9789371977975
9789371978088
9789371978200
9789371979900
9789388241731
9789390533763
9780195696387
9780201067408
9781107504448
9788120325883
9788121929295
9788123700397
9788123757582
9788125015956
9788127213343
9788170666103
9788170702016
9788170709626
9788172292256
9788172292584
9788173157264
9788173157288
9788173159312
9788177212181
9788183561556
9788183615235
9788184300840
9788185826134
9788185830063
9788187046059
9788188140954
9788188266692
9788188267552
9788189573621
9788189645311
9788199230323
9788449320590
9789350003756
9789350481943
9789350482322
9789350485101
9789350485118
9789350641446
9789351863175
9789351864387
9789351865049
9789351867234
9789351869726
9789352293940
9789352660667
9789352663064
9789352667444
9789354496912
9789355211569
9789355211828
9789355212061
9789355212115
9789355213846
9789355214942
9789358770216
9789358770230
9789358770841
9789358773118
9789358776898
9789362879080
9789381302019
9789383206995
9789383774203
9789384343064
9789385497247
9789385621154
9789386054753
9789386585684
9789387672482
9789390423774
9789390900534
9789390911653
9789391061838
9789392013560
9789392013843
9789392573439
9789394168565
9789403667881
9781503130951
9788170330608
9788170891468
9780141395777
9780143100935
9780143421740
9780708864036
9780708864050
9780719523328
9780749689711
9780749690175
9780749941413
9780750292726
9780893890438
9781407239408
9781409131397
9781409133995
9781409141082
9781508738770
9781511412292
9781511427906
9781511430067
9781511790765
9781511951272
9781512209174
9781512352115
9781512363517
9781512365986
9781512366204
9781512366334
9781514763407
9781843911128
9781845074395
9788126941360
9788170419938
9788172252151
9788176467780
9788176472913
9788186190951
9789354429712
9789382543121
9780198089995
9780199471614
9789840515233
9798268551938
9780070052734
9789381506059
9780989837422
9780613099448
9781338800517
9788120336025
9789383989263
9798246163658
9798248096787
9780333425091
9780571149155
9780947655624
9780986173004
9788120815186
9788121927734
9788121929165
9788121941662
9788122413267
9788125018872
9788131802625
9788170947370
9788171949526
9788173710469
9788173715020
9788173715822
9788174465900
9788178120911
9788180562983
9788181374509
9788181375728
9788182941069
9788184121384
9788184619607
9788188071357
9788188225712
9788193339756
9788198096760
9788198314635
9789325956162
9789334270655
9789347450365
9789347875922
9789349669796
9789350946855
9789351448600
9789351448617
9789352511372
9789352511488
9789356054240
9789356739888
9789357010429
9789359578699
9789359629933
9789360745929
9789361803666
9789361977220
9789362864437
9789363774636
9789363887336
9789364313285
9789364314503
9789369610969
9789370465817
9789372516654
9789373350462
9789373579498
9789374623824
9789381530429
9789382114482
9789384028817
9789384315894
9789384761585
9789385875267
9789385929922
9789386552051
9789386561589
9789387672628
9789390085460
9789390871803
9789391730284
9789392204340
9789392337833
9789392593277
9789394112063
9789394710474
9789395689045
9789810185435
9798891868359
9798892338530
9780195637007
9780691113371
9780691145693
9780771012389
9780857428509
9780887432477
9788171616312
9788171619092
9788177662061
9788177664638
9788177664744
9788177668384
9788178890401
9788184580778
9788184980684
9788184983548
9788184985047
9788185244198
9788187810124
9788188452002
9789327231175
9789358713428
9789359393537
9789359393582
9789359393681
9789359394534
9789360464936
9789360465568
9789361152719
9789380078212
9780743461535
9780749453800
9780857428325
9789353222277
9781416500490
9781539569466
9788176460897
9780001361218
9781840785678
9788126552801
9788197026805
9789360621728
9789395757973
9780140269512
9780143414698
9780143416531
9780143426097
9780143441311
9780143445975
9780198069614
9780241621882
9780241643310
9780241681282
9780330452861
9780593102268
9780746073919
9780751333596
9780997452860
9780999076668
9781035016037
9781472918680
9781509839247
9781509885305
9781529006520
9781550710632
9781597071505
9781909823167
9781951511692
9788123919508
9788170460008
9788170545644
9788172239299
9788172239695
9788189645304
9788196097813
9789350296974
9789352132416
9789353576523
9789354471889
9789382745099
9789386215116
9789388983839
9789389109559
9798894754666
9780857423948
9789352764907
9789381607138
9788126522453
9788178243856
9789350132760
9789387153608
9789387225121
9780141319476
9780521752572
9780571214785
9781537425900
9788184485592
9788184121452
9798264693205
9798294486938
9788131209097
9780199127252
9780876920435
9781403931009
9788119626908
9788121923187
9788121926898
9788125020875
9788131716342
9788170709633
9788170709855
9788173816635
9788173911125
9788181378736
9788183324731
9788186906354
9788190657907
9788197550829
9789311122922
9789324403216
9789334212921
9789347354267
9789347683886
9789349972476
9789350901816
9789358329315
9789358576856
9789362837318
9789364315999
9789367835555
9789374069134
9789380210049
9789383660650
9789384203702
9789386285416
9789387672901
9789387919914
9789389796490
9789390129515
9789391157197
9789391714963
9789391994648
9789392242274
9789392474408
9789392624544
9789394266452
9789395117531
9798903192489
9789384857202
9780063444720
9780143447634
9780706983500
9780889104570
9780889223530
9780889224964
9781595347114
9781595800169
9781885586971
9788119208210
9788172739393
9788177680447
9788184080759
9788184080827
9788190848725
9788195407118
9789374735473
9789380456331
9789390588022
9789390588435
9789390891894
9789393393814
9781572480940
9781596041653
9781390434880
9781888232042
9788131001875
9788178884585
9789353165666
9780670999156
9781404112025
9788120348547
9788125907947
9788183600446
9788189357009
9789352877225
9789386101204
9789389552423
9789390576203
9789729867255
9788170558088
9788178120157
9788178123189
9788184873832
9789349290303
9789463414166
9780241511718
9780340911013
9781523084661
9781626568143
9785449640314
9788131404041
9788168637887
9788170287568
9788178813189
9788198742155
9789349905108
9789363124486
9789383286935
9789389546286
9789389749717
9789391618384
9789393596642
9789395757409
9781969649554
9788131414477
9788173814969
9788180697661
9788184620047
9789350560754
9789350561003
9789350630198
9789381209509
9789384761851
9789386245076
9789386245632
9789395162524
9780769638140
9781583552506
9781583553435
9780199471225
9788182233447
9789354513909
9789354791321
9780198071532
9780198732143
9780199471096
9780230324428
9780391028289
9780863111099
9781108402286
9781259027048
9781403926524
9781403930378
9781405138949
9781471883996
9781684947201
9781685639938
9788120346161
9788120757226
9788121503211
9788121938990
9788121940276
9788122204155
9788122205015
9788122205633
9788122410280
9788122414509
9788122417623
9788123903132
9788125011491
9788125037385
9788125937050
9788126310012
9788126319107
9788126561902
9788126561919
9788126903160
9788126908875
9788129113207
9788130900056
9788130929798
9788131802069
9788131802908
9788131803042
9788131808252
9788131808641
9788131916469
9788170083429
9788170088677
9788170558491
9788170708087
9788170709879
9788170949374
9788171086443
9788171563197
9788171640614
9788172111403
9788172161774
9788173041228
9788173157356
9788173158551
9788173715006
9788173715037
9788173815614
9788173816468
9788178690667
9788178693804
9788179860090
9788179919057
9788179932360
9788181430021
9788182748323
9788184302127
9788184303759
9788184350371
9788184731170
9788184872187
9788184873801
9788184873863
9788185002750
9788185211886
9788185689029
9788186762318
9788187111641
9788187134879
9788188071227
9788188121984
9788188157853
9788188479337
9788189573638
9788189766399
9788189928360
9788190647922
9788192763941
9788193293911
9788193293942
9788193293966
9788193324363
9788194024668
9788194658108
9788194843924
9789325968936
9789326352031
9789326352802
9789327276350
9789348552341
9789349184817
9789350361450
9789350361467
9789350362938
9789350482292
9789350485330
9789350489949
9789350570555
9789350571071
9789350571187
9789350576151
9789350576175
9789350576465
9789350576977
9789350577950
9789350578223
9789350578285
9789350578605
9789350578933
9789350598337
9789350640067
9789351382652
9789351449805
9789352133994
9789352294145
9789352665228
9789352665433
9789353227685
9789353228422
9789353229269
9789353768850
9789355628091
9789356182721
9789357430777
9789364878784
9789367254363
9789374956793
9789380005881
9789380186078
9789380550893
9789380592213
9789380618104
9789380761541
9789381448472
9789381448519
9789381448762
9789381448885
9789381506448
9789381588222
9789381588314
9789382114581
9789382258193
9789382579649
9789382618386
9789383145171
9789384028435
9789384043605
9789384043636
9789384061586
9789384343774
9789384344788
9789384721879
9789385160936
9789385244520
9789385244612
9789385445873
9789385724329
9789385875274
9789385919473
9789386001566
9789386001887
9789386001948
9789386001955
9789386054951
9789386224477
9789386224590
9789386379795
9789386379818
9789386600516
9789386620460
9789386755193
9789386799210
9789386850300
9789386850867
9789386870261
9789386871305
9789386871572
9789386936066
9789387578845
9789387925618
9789387968097
9789387980518
9789387980662
9789388095167
9789388107341
9789388333870
9789388676304
9789388689489
9789388788991
9789389471113
9789389982633
9789390372027
9789390531752
9789390767380
9789390923625
9789392963049
9789395731621
9789395778510
9789937893152
9789993648925
9798891337756
9798891338395
9798891339187
9798891865853
9798891869097
9798892335386
9798892338769
9798896996842
9798900893037
9798902071112
9798902966845
9798903192250
9798903426881
9798903629329
9798903920228
9798903924653
9798904510763
9798904516413
9798904791469
9798905602337
9798905604409
9798259418998
9780749696863
9780823438907
9781529087710
9781904573616
9788187698463
9781542754736
9781607277255
9789349317703
9780521752275
9780521752497
9789358546064
9789360336875
9789381212936
9789389749724
9780470591475
9781470639068
9788197028090
9788198654366
9788896651001
9789348078780
9789356818866
9789358771848
9780198064114
9781522856337
9781594774072
9788123905662
9788129116017
9788129129055
9788129131201
9788129136916
9788129144584
9788184351385
9789351676737
9789353332488
9789353517991
9789354420764
9789355204141
9789355209825
9789361560231
9789383214136
9789385915673
9789387249004
9789390046171
9780135136935
9788416432783
9789380828541
9789387964792
9798282279610
9783938780589
9789350356524
9780982396261
9781534782518
9788177227574
9789386702371
9789388292061
9789390166510
9789391019594
9780198080046
9781477655214
9781499595833
9781869416478
9781933804194
9787758854628
9788121101738
9788121507714
9788121508254
9788121905008
9788121938983
9788121941709
9788122411812
9788123923338
9788125026419
9788125950066
9788126557363
9788126569472
9788129108296
9788131518410
9788170947745
9788170948049
9788172111199
9788172332754
9788172336868
9788178555584
9788184046113
9788184350944
9788184351705
9788185109442
9788186050767
9788187680031
9788188629626
9789347253089
9789349941687
9789350947203
9789352137732
9789353166779
9789355321138
9789356064928
9789357884068
9789378255953
9789380444536
9789382026983
9789383828425
9789385243851
9789385915994
9789386845214
9789387643529
9780199471027
9780198089858
9780670088140
9781602140059
9788122412086
9788183600958
9780070455108
9781300882633
9789334042153
9780141028187
9780340846667
9780749696160
9780749952594
9780750256100
9781409123132
9781841497020
9781844081080
9788172453916
9788173816062
9788176467797
9788176498340
9788179921517
9789350092026
9789389538151
9789389995015
9789393850713
9788123923659
9780230574168
9781410903617
9780198834649
9780199487301
9780857422262
9780857422385
9780857422439
9780857423245
9780857423504
9780857423894
9781138237391
9781855739765
9782359340662
9789385932793
9780550106957
9780794510947
9781276311038
9781507608432
9788179921678
9788187863526
9789354550942
9789366270968
9788426364500
9789384852610
9780070435780
9780199479504
9788120321045
9788120349759
9788131711323
9788178813202
9788191038897
9789356813830
9789380026015
9780008403775
9780008799564
9780008801007
9780063322363
9780143064077
9780143066750
9780143066941
9780143334019
9780143419976
9780143441601
9780143442622
9780143450139
9780143450610
9780143453048
9780143460763
9780143463405
9780143469827
9780143471790
9780143474777
9780143478775
9780143480617
9780241795071
9780241802427
9780263397505
9780385369923
9780525555681
9780545605809
9780593533307
9780670095780
9780670096572
9780674270794
9780857424303
9780857424754
9780857424990
9780857425003
9780857425027
9780857425256
9780857425263
9780857425270
9780857425287
9780857425423
9780857425478
9780857425485
9780857425768
9780857425799
9780857425935
9780857426116
9780857426147
9780857426536
9780857426871
9780857426956
9780857426994
9780857427076
9780857427533
9780857427854
9780857428349
9780857428356
9780857428837
9780857429841
9781368055901
9781398503960
9781398512283
9781398540798
9781400337323
9781402794520
9781406389043
9781408183427
9781408359495
9781408888216
9781472973634
9781472978042
9781506701547
9781509859191
9781526603371
9781526609991
9781529025927
9781774584873
9781786070753
9781788709927
9781789894851
9781803090566
9781803092126
9781804548561
9781911242994
9788172239411
9788172345587
9788175993327
9788184481631
9788184776805
9788194865476
9789350090619
9789350290118
9789350294109
9789350296172
9789350297476
9789351772385
9789353451004
9789353455514
9789354350603
9789354358968
9789354359798
9789356290822
9789369522279
9789385436437
9789386826787
9789388302982
9789390679942
9789393701312
9789815162660
9798894463988
9780063158979
9780230636613
9780312516710
9780683303506
9780746086537
9781597078191
9781879794382
9784049800357
9788126305315
9788171693863
9788172291150
9788172293758
9788173155000
9788173155925
9788173157172
9788177214284
9788178695174
9788183224284
9788184301007
9788184301625
9788184451139
9788190224734
9788194533832
9788197380679
9789327216707
9789347019517
9789348418203
9789348422217
9789350000199
9789350480441
9789350481516
9789350481707
9789350482049
9789350482797
9789351867814
9789352660117
9789352660483
9789352663620
9789352663804
9789352663811
9789352665617
9789352666003
9789353223564
9789353224226
9789353225872
9789353229054
9789353229450
9789355212764
9789361971181
9789366653938
9789380183190
9789380839509
9789385873355
9789386001856
9789386054760
9789386054845
9789386231086
9789386870193
9789386936103
9789387968646
9789388351164
9789388984027
9789389310009
9789389633023
9789390101733
9789390288083
9789390378999
9789391793593
9789393096401
9789394176515
9789395386180
9798893222944
9798902966876
9780631139874
9781942899778
9788126113446
9789350832998
9789350941898
9789350943588
9788126130665
9788175102729
9788195058150
9788895650203
9789386823250
9789810185473
9789812458933
9798223536468
9783034341776
9788123908519
9788123916323
9788123924588
9789332546974
9780199451050
9780736869485
9781403930309
9781582300177
9781600780493
9788175812826
9788176357029
9788186569610
9788196447991
9789380618456
9789386824493
9789387765665
9789392080685
9781403945433
9781494278120
9781494472146
9781496182180
9781496182364
9781496182555
9788178220796
9789348235497
9789352293070
9789359231129
9789386561787
9780195697315
9780199481071
9780367750022
9781032374512
9788120348097
9788131907542
9788183050029
9788184764826
9789351506645
9789388335645
9789694022833
9789363120204
9789363122369
9780794517045
9781936041305
9781407536477
9788120315778
9788126052165
9788131708903
9788180450242
9788897730156
9789355480798
9789384378189
9789386141859
9789387880023
9789390351589
9789681634155
9798180719508
9780190128043
9780193403642
9780195619409
9780199459902
9780199685417
9780333904596
9780706914337
9780706960976
9780706976212
9780983599289
9781009185905
9781009274012
9781009274036
9781401907723
9781638866718
9781648694240
9781685635114
9788120332454
9788120339279
9788122414714
9788122448863
9788125032069
9788125038320
9788125924050
9788125949633
9788126311200
9788131809846
9788131937839
9788131970928
9788170081517
9788170087212
9788170089124
9788172110420
9788172160074
9788172293215
9788173713873
9788173714375
9788174466433
9788182964648
9788183761024
9788183990103
9788184043310
9788184655643
9788184870503
9788184874273
9788184890679
9788193262894
9788193300930
9789325980587
9789347206665
9789347263019
9789350021569
9789350361474
9789350361573
9789350562857
9789350719763
9789351365006
9789351448976
9789351450306
9789352877089
9789354425103
9789354551888
9789354801297
9789355856852
9789357439343
9789358770353
9789358905724
9789364028219
9789367253960
9789380260402
9789381430576
9789381523094
9789385509681
9789385976568
9789386189042
9789386390752
9789386585424
9789387672833
9789387672840
9789387672895
9789388528207
9789392957574
9789393393579
9789393801210
9789395778565
9789698181024
9798903196623
9798903421329
9798905100123
9780198065210
9788123924557
9789381335185
9798269104577
9798275396256
9781596300682
9788492636693
9788492636730
9789390163472
9780340733417
9780753513200
9781035036271
9780920717578
9781550711035
9781785080043
9781785080210
9781785080609
9781785080678
9781785080722
9781785080760
9781840593785
9781840594683
9781840594706
9781840596632
9781840597493
9781931741125
9781931741460
9781444100266
9788122301342
9788177223767
9788187374466
9789354898044
9789373743110
9798354941513
9781259027246
9788186569498
9789389742336
9798247730293
9780756617806
9788121939485
9789388293884
9781403457080
9781934287897
9780140818079
9780141390666
9780823442485
9780857420022
9780857420206
9781623541736
9781889140872
9788120800403
9789381759028
9789391818029
9780333903742
9781405123969
9788120348578
9788120350458
9788176461306
9789333212885
9798227235411
9798227382535
9781403910905
9788170229964
9788178242996
9788183322935
9789350040485
9798903194650
9798903421534
9798903929214
9798904318505
9798904518073
9798904791018
9781904798293
9789362144744
9789388725590
9789390886463
9780613075145
9781535126588
9789355019110
9798264037948
9788177224856
9788184046472
9789382395133
9780333936436
9781138360860
9781528515467
9780880450027
9781403400659
9781403444530
9781523707553
9788120806023
9788197061028
9788480763905
9789372487770
9789388243469
9789391895907
9789393477347
9789354779886
9789355322463
9798297713130
9798725626551
9781107680647
9781539919469
9789388022057
9798232600006
9789388788977
9780857421746
9780898657654
9781548159399
9788126513628
9789380026367
9789393393906
9781512001051
9789386635204
9789388159715
9780749456306
9780753473009
9781471890369
9781845387020
9788120811461
9788125038306
9788125044741
9788131923672
9788179306826
9788183850322
9788185604077
9788185604978
9788187966685
9788194871446
9788881842629
9789311126913
9789339221416
9789350714911
9789352745845
9789352877317
9789370202726
9789381385449
9789381385456
9789381841488
9789389718744
9789393642288
9798894463155
9798903420346
9798903428236
9780195676969
9780199489701
9788123914701
9788131701829
9788131800546
9788171171279
9788184885798
9788184957969
9788199268760
9789349358218
9789349965720
9789350560150
9789350564554
9789351567202
9789358807431
9789382951957
9789390711444
9789815368185
9798175736992
9781484276006
9781901094114
9783125608634
9788172363369
9788189974664
9789350464366
9789350466131
9789364489782
9789385854699
9789395162012
9780008805302
9780062932624
9780143063520
9780143425380
9780143444497
9780143450504
9780192869418
9780241568125
9780241572610
9780241604564
9780241720196
9781035057221
9781035078820
9781408724682
9781509877706
9781509897162
9781509899159
9781575658483
9781788009911
9781789580686
9781789580709
9781837260645
9781911689232
9788170553823
9788172237646
9788184776935
9788194998488
9789348161024
9789351199175
9789352743643
9789354803123
9789355180902
9789357754507
9789362837127
9789370465312
9789380037042
9789385401480
9789390777075
9789395019552
9789681318581
9789988953812
9781906497286
9788123922973
9789390612512
9789387957671
9781403433459
9781537079530
9780340605578
9780143332565
9781408151365
9788175102514
9788175102668
9789381350393
9780097177229
9780387949628
9781540327611
9781946390271
9788120327122
9788120337268
9788121500111
9788122309973
9788125025535
9788126913985
9788130917634
9788130933689
9788131802090
9788131802694
9788131804902
9788131807798
9788170086246
9788170172956
9788170690474
9788170944638
9788171391493
9788171694815
9788171856794
9788173714856
9788173717734
9788173815270
9788173815621
9788174466662
9788174467317
9788174469854
9788175242883
9788176930208
9788178241715
9788180521362
9788181372840
9788181372864
9788183224826
9788183227254
9788183329538
9788184040104
9788184200386
9788184201338
9788184303452
9788184541359
9788184873153
9788185381183
9788186921166
9788193817544
9789326355780
9789351472148
9789352744237
9789353500214
9789354472923
9789354660856
9789355629432
9789360742737
9789380856070
9789381523766
9789383124008
9789383260591
9789385152900
9789385244513
9789385966224
9789386850386
9789386906779
9789387672307
9789387840485
9789388159623
9789388632355
9789388750493
9789388754118
9789390085712
9789390875436
9789393349811
9789698042004
9789788192138
9798885750578
9798889099512
9798898545031
9798900077284
9798900543727
9798902311713
9798902312185
9798902963981
9798903193011
9798903198153
9798903421749
9798903427031
9798903429721
9798903621682
9798903624232
9798903628230
9798903628421
9798903920334
9798904313203
9798904313418
9798904318567
9798904791377
9780062470577
9781408889954
9781409128953
9781409141099
9781445104010
9781863513708
9788126701261
9788131526309
9788131790304
9788174452269
9788176463751
9788176464741
9789381595725
9780431058375
9788131218181
9789369584840
9798246834701
9781304906496
9788184870893
9780195666212
9780670099436
9781807154424
9785846847927
9788131420300
9788172333522
9788177545197
9788177750119
9788195246830
9788197032776
9788197609794
9789348078735
9789350001868
9789350003435
9789350724613
9789350724651
9789355185105
9789356730342
9789357175432
9789357473088
9789357796736
9789359473871
9789359479248
9789362838261
9789362879653
9789366659107
9789367251546
9789370029262
9789370462830
9789370463240
9789371077132
9789371430913
9789373356785
9789373740188
9789374067932
9789374627112
9789376866281
9789381619568
9789382685258
9789386799319
9789387330467
9789390129874
9789390182886
9789390951246
9789391634315
9789392617119
9789392803765
9789393232137
9789393679604
9789812740694
9798903300907
9798903301461
9788182232938
9789352727179
9789390961795
9789814126571
9788184485035
9780062396266
9788119014392
9788191005813
9789371972963
9789388241267
9780385236355
9781648056499
9781845691202
9781997840725
9782078632543
9788123924090
9788125043256
9788125912439
9788171100026
9788172292171
9788172294748
9788172299927
9788173151958
9788173155970
9788173156809
9788173156861
9788173156977
9788173158698
9788176638890
9788177211375
9788177213584
9788179931226
9788183326490
9788184043723
9788184350852
9788185990644
9788188267583
9788188267736
9788189973803
9788193433263
9788194159711
9788194414940
9788194921059
9789350236918
9789350480519
9789350481301
9789350482964
9789350484258
9789350484708
9789351445739
9789351863229
9789351864868
9789351864981
9789351866039
9789351867630
9789352134144
9789352135714
9789352512195
9789352660476
9789352660834
9789352664412
9789352664658
9789352665426
9789352666355
9789352669561
9789353224714
9789353226220
9789353226244
9789353226503
9789353228347
9789355628800
9789358770124
9789358770155
9789358770186
9789358770193
9789358770223
9789358771350
9789358771893
9789358772005
9789358773033
9789358773545
9789358774443
9789358776317
9789358777185
9789358777468
9789363558434
9789381063163
9789382609650
9789382901372
9789384344740
9789386691491
9789386870131
9789386871206
9789388159685
9789389048001
9789390461936
9789390923151
9789391297350
9789393393661
9798903192373
9798903429028
9780600614401
9780746066539
9788174369055
9789350358092
9789352440245
9788173199028
9788447225293
9788497633239
9780071478229
9789388676809
9798248152261
9788131512388
9788190099110
9789386217509
9780113206896
9780194725910
9780194726146
9789350685693
9789360518714
9789380864686
9789380906584
9789389904895
9781418482190
9781579998820
9781581771282
9781785080715
9781785080852
9781785089183
9781840596175
9781840596557
9781932926019
9788120349858
9780333937143
9781906497880
9781512140804
9781512215014
9781512359466
9781512363609
9781932762570
9788126930920
9798326759290
9780190132804
9780722536452
9788178002965
9788185605074
9788416668625
9788494812019
9789352877201
9789360330996
9780199466351
9788126140305
9788167372246
9788172867522
9788197123559
9788198034380
9789350560020
9789350560143
9789350563106
9789395757584
9798232365738
9780670099405
9780874873221
9781569571118
9788125923428
9788173704147
9788181373724
9788417232535
9789350362822
9789350366400
9789350366424
9789352903016
9789357750875
9789381950418
9789381952733
9789386263643
9789387672321
9789387672338
9798903190942
9798903198412
9798903421411
9798903623723
9788189582050
9788194517153
9789394417205
9789393468765
9780435179717
9780439860659
9780771020674
9781316633885
9781408835760
9788120330535
9788120814547
9788127208172
9788131420874
9788170220374
9788170220817
9788170222736
9788170969907
9788173810558
9788173813733
9788173814631
9788173815669
9788174361417
9788174361813
9788174367129
9788177666380
9788180690914
9788183281379
9788183282826
9788183861830
9788184452839
9788184987683
9788184989229
9788185047874
9788190095426
9788192765013
9788193369654
9788194166139
9788199071131
9788374094368
9789311126876
9789312147061
9789312147078
9789312147085
9789327266955
9789332514287
9789350643716
9789351369721
9789351472520
9789354425950
9789354426421
9789354426988
9789354427442
9789354427800
9789354429392
9789356816459
9789357484503
9789358017601
9789358017823
9789358597158
9789358710380
9789358710403
9789359394527
9789359955209
9789359959115
9789360455637
9789360469542
9789361159503
9789361425608
9789363057838
9789363059047
9789364373043
9789367145708
9789368400325
9789368401360
9789368405375
9789368406754
9789368408246
9789369071265
9789369072460
9789369074938
9789369077861
9789369421749
9789369429882
9789369584567
9789369730711
9789369732128
9789369732531
9789369732623
9789369734405
9789369737734
9789369739707
9789370420854
9789370424531
9789370424548
9789370424951
9789370426047
9789370427655
9789370429826
9789370815131
9789370817425
9789370819252
9789371130417
9789371130776
9789371130912
9789371132992
9789371133029
9789371135979
9789371136815
9789371138864
9789371139434
9789371460538
9789371461634
9789371461771
9789371462686
9789371468091
9789371469647
9789371469722
9789371810760
9789371817356
9789371817721
9789371818292
9789371819244
9789371979979
9789373401539
9789373402956
9789373409511
9789380703046
9789380710259
9789381841693
9789381841785
9789383359318
9789384401498
9789386362490
9789386454881
9789386552617
9789386870117
9789389373509
9789389577167
9789390889099
9789390889976
9789391151829
9788121202343
9789350585733
9789352871599
9789358773514
9789362071811
9789378252549
9789384172114
9789390961160
9789391064099
9789392592362
9789392593208
9780070255036
9780566027529
9780857423726
9781776561063
9789390961115
9798282318999
9798683559649
9780199490790
9789384852443
9789393393265
9798288044205
9798288044212
9780822557159
9780822568223
9781905437672
9788170950875
9798248422890
9780008745387
9780008754006
9780062851109
9780063359321
9780143065647
9780143416388
9780143426806
9780143441564
9780143444466
9780143445685
9780143459903
9780143467106
9780143477792
9780230395350
9780241293478
9780241293485
9780241584804
9780241672044
9780593076187
9780670091522
9780670094561
9780670095063
9780670096558
9780670096817
9780670097067
9780670097241
9780670097463
9780670099719
9780674299399
9780753474679
9780763629878
9780823451142
9780857424945
9780857425447
9780857425492
9780857425508
9780857426079
9780857426093
9780857426314
9780857426505
9780857426833
9780857427144
9780857428301
9780857428370
9780857428431
9780857428721
9780857428738
9780857429971
9780920080108
9780920080764
9781035028122
9781035058648
9781035065677
9781035903894
9781398527881
9781399755597
9781526617606
9781529032819
9781529073508
9781529911138
9781569570760
9781649630483
9781742665092
9781801312448
9781803091891
9781804947067
9781805460299
9781935934189
9788126517909
9788126565818
9788126572571
9788175994430
9788190478830
9788196737528
9789350092231
9789350738382
9789353577278
9789354359132
9789356402782
9789356403703
9789361313059
9789366790725
9789381431108
9789382616269
9789382616351
9789382616450
9789385827150
9789386215437
9789386950086
9789389836080
9789390513734
9789391028213
9780070965539
9780241491591
9780415390880
9780545981149
9780545987684
9780743982177
9780756946210
9780781796842
9780852267493
9781402206931
9781576573082
9781843336006
9781981122592
9788120004054
9788120329560
9788120777767
9788121939614
9788123407456
9788124601327
9788125008446
9788126914180
9788129532718
9788131514573
9788170404446
9788170997221
9788171170944
9788171170975
9788174464866
9788179930380
9788180280290
9788182200975
9788183742252
9788184876406
9788185240756
9788190193641
9788190478878
9788193439432
9789327193626
9789350361405
9789350361542
9789350716243
9789350716410
9789350947166
9789351447818
9789351567219
9789352512188
9789360339067
9789367257715
9789383118779
9789386189103
9789387672789
9798886415094
9798900891392
9798902962564
9798903198986
9798903625666
9798904790950
9780192857668
9780195683462
9780198955825
9788129124845
9788129129758
9788180619083
9788183895750
9788193669501
9788194869337
9789380026626
9789381269268
9789386478580
9798259228306
9781511890885
9781514358252
9781535022019
9781542439152
9788188280926
9789369145348
9798201055769
9798227020550
9780486442372
9780755201983
9781524720773
9781595824219
9781941050088
9786070708749
9788126519187
9789387561434
9789390652020
9789391047917
9780670097579
9788129134684
9788131808078
9788171561971
9788189161446
9788190864220
9789349941281
9789350127230
9789356818583
9789373747033
9780443020049
9788177563719
9788185229874
9780536689511
9780764145469
9781408302606
9781495304231
9781915145086
9781957262345
9789350123089
9781481449908
9781496427717
9781607963530
9781906838218
9786071133649
9788181378293
9789352169481
9780367025359
9781107635579
9789357548250
9789371231497
9789840517237
9780195694420
9780323027687
9780333781258
9780349123066
9780609810712
9780708801642
9780749447762
9780749457198
9781409596882
9781444100549
9781597643320
9781780094243
9781902741833
9788119394005
9788120806078
9788120808034
9788120816855
9788126919307
9788170086222
9788172249533
9788173712968
9788183321587
9789348111432
9789348128508
9789349184244
9789350353929
9789350354001
9789350356074
9789350360156
9789350361412
9789350362723
9789350366479
9789352530649
9789357004565
9789363643864
9789373949239
9789376855735
9789378108914
9789387572805
9789389573992
9789390423224
9789391125202
9789391793425
9789394265387
9789394644021
9789395664318
9798186265405
9798187967735
9798904512002
9798904515973
9780070616820
9780528859373
9780670090341
9780670090716
9780756506179
9780971024939
9788183872294
9788189128029
9789382823902
9789386506139
9789386722256
9789389110241
9789390459308
9789390459735
9789390588824
9789391943509
9789395757577
9798904513924
9780190130749
9780230332768
9788177226010
9788182967397
9789350594353
9789371180139
9789382956488
9789386390813
9789387432420
9789644393181
9780008268961
9780448486895
9780670089543
9780670097777
9780673145086
9781444195958
9781445141862
9781473642775
9781474948128
9781623702182
9781843913054
9788126568659
9788177224832
9789391741747
9780645366907
9780785134787
9780967500959
9788172235925
9788183895767
9788184202076
9789349703681
9789386592347
9780062399953
9781723187032
9788125060307
9788178241210
9788178241418
9789349905269
9789349905399
9789352870073
9789352876969
9789354462047
9789363129511
9789364686624
9789382339946
9789390886265
9789391914028
9789391914035
9789391914059
9789391914103
9789391914110
9789391914127
9789391914134
9789391914189
9789391914202
9788171170821
9788173040115
9788176484077
9788183567282
9788185749464
9789350560785
9789350562611
9789383104321
9789393853615
9789395757447
9780195688030
9781409535027
9783907369241
9788189086565
9789367257517
9780857423832
9788126159598
9788497777841
9789350369173
9789350841266
9789350846216
9789380026046
9789386245045
9780730301448
9780074623015
9781471884191
9781582550015
9781644291405
9781800901445
9781905740772
9781906497767
9788120340848
9788120344242
9788120344297
9788120345959
9788121501491
9788121502450
9788121511636
9788121901680
9788121930338
9788122004670
9788122407051
9788122416411
9788122419610
9788122432442
9788122432732
9788122440546
9788123924533
9788125030423
9788125909309
9788126309887
9788126318049
9788126563678
9788131804056
9788131804261
9788131806005
9788131806074
9788131806210
9788131905609
9788131923368
9788132209621
9788170088622
9788170946793
9788170946915
9788170947677
9788170949503
9788170996163
9788171171552
9788171172276
9788171246809
9788171641383
9788171856503
9788172112165
9788172112196
9788172112448
9788172332662
9788173664922
9788173716836
9788173812378
9788173863219
9788177225365
9788178230009
9788178693224
9788180521836
9788180522208
9788181374219
9788181710475
9788182203129
9788183223706
9788183249010
9788184301717
9788184302158
9788184302417
9788184304039
9788184702231
9788185019192
9788185167404
9788185604947
9788186211465
9788187853817
9788188629244
9788189059200
9788189996321
9789326352017
9789347259647
9789350041024
9789350041338
9789350482070
9789350719961
9789351104490
9789351249894
9789351445296
9789351448624
9789351471004
9789351868033
9789352136674
9789352165919
9789352660674
9789352660827
9789352661206
9789352669035
9789352740710
9789353222352
9789355187789
9789364484213
9789373359731
9789380156262
9789380283531
9789380386263
9789380601052
9789380658438
9789380823003
9789380856056
9789381523582
9789382127048
9789382127161
9789383260942
9789383643233
9789383660988
9789383811618
9789384343996
9789384726034
9789385152368
9789385152825
9789385497964
9789385676109
9789385961021
9789386054470
9789386092854
9789386224439
9789386446824
9789386850331
9789386850430
9789386871886
9789386906502
9789386911780
9789387297586
9789387578616
9789387672468
9789387672475
9789387672604
9789387672802
9789387968561
9789387968851
9789387980181
9789387980792
9789388028356
9789388131001
9789388563178
9789388750325
9789388750547
9789388754873
9789389048889
9789389152029
9789389166057
9789389173017
9789389471083
9789389982657
9789390006748
9789390315970
9789390315987
9789390366385
9789390366682
9789390427123
9789390658374
9789390713042
9789390767120
9789390923328
9789390923526
9789392573095
9789392581694
9789395778787
9789725649565
9798902696933
9798902963837
9798902965695
9798902966302
9798902967415
9798903196357
9798903422395
9798903426195
9798903428595
9798903622276
9798903625093
9798903626540
9798903627882
9798903627929
9798903629480
9798903924080
9798903929740
9798904511982
9798904516604
9798905101397
9798905405716
9780140807158
9780194776035
9781433967450
9789390395514
9780340859254
9780805965308
9781856054423
9788120336452
9788426362285
9781417774142
9780071163538
9780199475988
9781432948436
9788131788608
9788171172290
9788189187774
9780195684285
9781382036160
9788123923321
9788125056447
9788123900629
9788123900636
9788123900643
9788123925073
9788131901649
9788172245221
9780226174297
9781403454362
9788126539055
9789380164434
9798282637038
9781636400594
9781853158063
9783649648338
9788169381048
9788170545064
9788171428038
9788172291631
9788173071096
9788174465924
9788178122625
9788180545719
9788190874908
9788192752556
9788193174210
9788193238943
9788194414919
9788194414933
9788197152344
9788198072160
9788199336254
9788199417588
9789334391060
9789349941038
9789349941144
9789350483909
9789350727270
9789350727607
9789350765050
9789351867241
9789352102921
9789352666324
9789353223533
9789353228910
9789355181299
9789355858450
9789358774511
9789358902549
9789360281816
9789360625481
9789364021395
9789373572253
9789376313662
9789381063446
9789384454371
9789385509957
9789386871343
9789388750745
9789389377989
9789390132850
9789390315550
9789390789061
9789391617158
9789392058639
9789399889748
9798903925612
9789350358115
9780070671126
9798244726381
9798275723625
9798278640950
9798279158317
9798279320202
9781536876789
9781539681496
9798232824068
9789381458631
9781628323733
9788175102705
9788186793640
9788190083737
9788195538515
9788197355080
9789810182441
9780143420064
9780143424550
9780312498160
9780593564813
9780753434529
9780882680545
9780919890831
9780919890978
9780998701271
9781250290168
9781529031805
9781529080940
9781550650242
9781550650662
9781550650822
9781550711615
9781550713138
9781550713336
9781550713480
9781550713503
9781550713510
9781550713541
9781626920552
9781780749877
9781785789458
9781840591224
9781840591255
9781840591279
9781840591286
9781840591378
9781840595109
9781840597905
9781840597950
9781840597998
9781840598063
9781840598117
9781840598131
9781840598193
9781840598223
9781840598230
9781840598292
9781840598315
9781840598353
9781840598360
9781840598377
9781840598384
9781840598438
9781840598452
9781840598513
9781885003348
9788123916804
9788195298006
9788197225277
9789362879240
9789388002394
9789389104066
9789389109399
9789389109726
9789390742233
9780199479405
9788131530535
9788179929339
9789382428633
9789387957701
9789387984943
9798279294008
9798279310456
9780972661409
9781107624771
9781502352453
9788131415511
9788131421444
9788181914408
9789360829995
9780078273919
9781684946501
9781741756272
9781859961124
9781919544045
9788121506939
9788122406603
9788125058731
9788131722855
9788173411045
9788173811043
9788173815133
9788174465047
9788181280237
9788182200197
9788184350425
9788184351514
9788184351743
9788188661640
9788189469887
9789334242645
9789349515765
9789350364116
9789350716229
9789356517059
9789356819610
9789357750349
9789357782067
9789380037134
9789380856667
9789381141885
9789383260218
9789385160165
9789387486706
9789388147033
9789390227464
9789390948802
9789937723282
9798180940186
9781849300155
9789392279379
9780201610734
9780545668866
9780571376124
9780670095759
9780889225190
9780897501545
9780985247836
9781009185837
9781581771275
9781583478608
9781600784149
9781618470485
9781940660400
9788174182623
9789350729823
9798223091103
9798223938835
9780929261751
9798321216590
9788131502426
9788172865719
9788172868185
9788183506489
9789350562499
9789362256485
9789373942711
9781853830334
9780375836633
9781604078510
9788194854098
9789358703771
9789367257555
9789393329141
9780004000626
9780340966020
9780780748439
9788121914314
9798302621535
9782035882455
9780199494088
9780435984823
9780500020074
9788123903194
9788187566175
9789365549218
9789387964013
9788495040893
9789384310509
9780857420299
9780863113017
9788119386734
9788121930901
9788125003236
9788125017288
9788125909897
9788126569045
9788131805466
9788131805572
9788131914410
9788131914441
9788171857289
9788177697254
9788184350012
9788184874884
9788184876949
9788190856584
9788196678074
9788196840983
9788197558887
9789334226607
9789334321869
9789334390414
9789347208911
9789348078889
9789349311336
9789350001592
9789350519592
9789351445951
9789351448648
9789351448655
9789351449355
9789353916091
9789354197079
9789354643576
9789356266773
9789358691009
9789358773569
9789358863222
9789363444539
9789366577944
9789366658971
9789370024632
9789371552851
9789372546507
9789372649321
9789373350325
9789373359687
9789374069196
9789374622858
9789375427964
9789377247676
9789385039188
9789386110466
9789389633252
9789389633481
9789390457304
9789392950698
9789393232618
9789393766243
9789393801364
9789394266780
9789394651869
9789395089739
9789395300025
9789987919536
9798896735168
9798902963769
9798903194698
9798903196074
9798903420025
9798903627066
9798903628261
9798904516017
9798905105562
9783200305205
9789332514294
9789361316920
9780668039765
9780706927771
9788126941469
9788130903019
9788199958630
9789381302750
9780241626481
9780749442354
9780836416220
9781741144451
9788120802834
9788120814288
9788122315585
9788170006275
9788171691098
9788175542884
9788177080681
9788184304930
9788184305685
9788185891392
9789062569953
9789350120798
9789350576434
9789350577103
9789355433152
9789357940092
9789360454937
9789381182307
9789382711629
9789390961061
9789352836505
9789812531353
9789700729565
9781843227342
9789380438504
9789357027380
9789385915284
9781843171065
9789360623463
9789369261734
9789380704081
9789387567849
9789390533893
9789391494797
9789399439516
9780016754012
9780070635449
9780199482221
9780890720660
9781009273770
9781390418552
9781787404243
9781844100064
9781847288677
9781865089959
9781904244943
9781911498452
9781942426493
9788121212793
9788123924151
9788126308521
9788170544630
9788171170401
9788171171941
9788173811753
9788178240787
9788182836907
9788183285247
9788183329774
9788186103630
9788188452880
9788192473802
9788192889900
9789348643148
9789349562691
9789350360095
9789358700190
9789370205390
9789382390787
9789387320826
9789389347029
9789390366163
9789391456597
9789393529985
9789395416368
9789396927467
9798892336734
9798902690696
9798904517342
9780521421744
9781009182836
9781858286556
9788126935802
9788126940882
9781939900517
9781405486040
9788171795734
9789380771021
9798224683758
9788183600507
9789350724323
9789373947198
9780521696463
9788172341602
9788183550468
9789385932021
9789385932380
9781854432308
9788121922272
9788126571680
9789395380041
9798329029819
9798398008142
9788120329911
9788120341562
9789380601649
9780008644802
9780143450641
9780143454328
9780143473688
9780143477709
9780228702436
9780228702597
9780228702658
9780349146898
9780670095223
9780670095964
9780670099580
9780670999026
9780674272293
9780674302679
9780764164514
9780857424341
9780857426185
9780857426925
9780857427113
9780857428257
9780857428400
9780857428424
9780857985972
9780920080306
9781035034970
9781035419135
9781398718555
9781399614238
9781399813518
9781399820189
9781440333323
9781471181047
9781472992345
9781526643162
9781526648716
9781550651164
9781772660814
9781772668261
9781803091587
9781803092263
9781803095110
9781838954970
9781846048401
9781864701678
9781937867102
9781937867331
9788123926681
9788126579006
9788189301385
9788197123580
9789351775744
9789361312410
9789361319297
9789362130495
9789362148261
9789381269541
9789394701953
9788120346765
9788125054078
9788131903308
9788174464149
9788178242675
9788178350417
9788193175149
9788194426929
9788199290952
9789350364147
9789351410430
9789351411208
9789351441113
9789352878031
9789358381719
9789373746470
9789386189127
9780195689099
9788131508466
9788171170395
9788176840439
9788183561747
9788184891621
9789352521548
9789355030283
9789375737445
9789386700575
9789387511699
9798215112380
9798215787656
9798224072866
9798231767298
9798232155407
9798232491413
9798232732172
9798232767570
9798232825355
9798232844035
9798232864040
9798233010323
9798233254239
9798233264832
9798233270772
9798233773686
9798233858215
9798233946592
9798272392022
9781148519333
9781241087173
9789350631164
9788120609006
9781570290442
9788185771885
9788196892258
9789349290129
9789349301931
9789350726280
9789350727782
9789351482789
9789355219442
9789356810358
9789365060621
9789369581931
9789373743622
9789388434911
9789388684156
9789390770465
9789391219512
9789393985392
9789812749338
9789373943572
9798235624498
9788184350760
9788184350821
9788185396248
9788889921586
9789352738656
9780198068273
9780198078517
9788184822588
9788195388660
9788195899227
9788497645423
9788499171272
9788867315048
9789355434661
9780131726932
9780195978957
9780285629417
9780863117503
9781032223674
9781138302068
9781138566644
9781471845024
9781471883149
9781510434936
9781510434967
9781510434974
9788120346963
9788120351035
9788120351226
9788121206532
9788121500579
9788121507608
9788122407075
9788125013457
9788125024750
9788125045557
9788125916666
9788126312818
9788126547104
9788131800782
9788131804032
9788170553953
9788171857418
9788171859603
9788172290481
9788172293062
9788172293185
9788172293406
9788172294649
9788172297039
9788172299965
9788173153617
9788173155963
9788173198588
9788173198625
9788173660788
9788173715815
9788174465634
9788174466099
9788175244252
9788175942189
9788177212358
9788177213706
9788181466990
9788183212472
9788183331319
9788183820509
9788184048735
9788184305432
9788184305449
9788184306217
9788184351040
9788184351644
9788184871289
9788184871449
9788184874266
9788184875423
9788184876802
9788185002118
9788185787497
9788187392897
9788188204700
9788188267590
9788189859961
9788190484589
9788190802390
9788194024620
9788194658115
9789068327250
9789326355063
9789327291483
9789350484524
9789350485361
9789350485491
9789350578032
9789350729908
9789351104728
9789351410928
9789351443438
9789351448587
9789351866084
9789351869863
9789352136810
9789352660643
9789352661053
9789352666553
9789352667062
9789352667901
9789352741519
9789352877294
9789353221676
9789353223755
9789353226664
9789353227104
9789353229115
9789355212016
9789355620378
9789355620521
9789355627797
9789359662220
9789360349417
9789380186764
9789380250120
9789380550633
9789380550787
9789381162361
9789383110902
9789385961083
9789386300164
9789386397218
9789386870452
9789386870735
9789386906649
9789387444317
9789387894891
9789388019057
9789390232949
9789390366415
9789390961108
9789390961443
9789391297008
9789391297046
9789391297176
9789391297510
9789393527110
9789393527639
9789694023878
9795217219994
9781420068191
9781909621831
9788411706667
9788433970817
9789352102037
9798198867086
9781527712713
9788198063755
9780207200120
9781546718567
9788126542994
9781472980014
9781580911054
9780190128357
9780195669794
9780195791877
9780545995870
9783401708256
9783965434202
9788170419532
9789558095195
9789698791155
9781223187433
9781403456564
9781547209767
9788131754030
9788170208297
9788177290523
9788183334013
9788185972879
9788186208441
9788189560508
9788198450166
9789324404299
9789355856272
9789358691375
9789370020733
9789381587225
9789392428128
9789395908153
9798903302536
9780632051359
9780702010392
9780946211272
9781534967663
9781541239180
9781739426521
9788129109408
9788129109866
9788171673568
9788181894748
9789355200914
9789355204769
9789370039278
9789380578194
9789383064489
9788131414453
9788170950554
9788493619466
9788181910516
9788131411841
9780140523300
9780997889703
9781401042578
9781402209765
9781521407448
9781569701003
9781591829805
9781861477705
9788126517787
9789324196972
9789382277019
9789388002400
9780001063129
9780765333803
9781405104982
9781637544440
9783829038980
9788125033462
9788125912033
9788131905142
9788174464385
9788180040559
9788180564697
9788184739053
9789349262317
9789350364178
9789350364185
9789352870370
9789363129962
9789373746876
9789937623919
9780007224012
9780375723452
9798223982449
9798224394814
9781597311021
9781842861325
9781862231207
9788177080483
9780340760956
9780864739285
9781514867464
9781535132404
9788184451122
9789384447304
9780736873314
9781406234688
9789393393692
9780170111539
9788426364517
9780070153929
9781424004836
9788180530135
9789349168442
9789354422348
9789356790223
9789370538061
9789387236776
9789393468048
9780190127756
9780324323818
9780304366149
9780744044164
9781405120999
9781472370969
9781841723587
9788119847464
9788178793948
9788184950403
9788484318637
9789812820990
9781939828828
9780198390992
9781873176955
9788119544356
9788122610826
9788122613902
9788131784808
9788171170883
9788183566674
9788183566902
9788183610254
9788196289478
9788197190179
9789350902639
9789354423901
9789355647627
9789357785303
9789369736560
9789370785045
9789371864619
9789381535196
9789385389597
9789385492495
9789386870100
9789390886555
9789390891405
9789392083495
9789392176135
9789895472130
9789993343769
9781981560400
9780691192468
9780750271462
9780751581874
9781108600798
9781419541933
9781445121833
9781519571021
9781526630513
9781529311112
9788131901670
9788170211525
9788170213499
9788170213840
9788170215554
9788171209354
9788178122922
9788178122946
9788180562716
9788180564383
9788181377388
9788185301310
9788185843100
9788186219386
9789351412168
9789351762676
9789352036790
9789357767965
9789367256046
9789384588403
9789385980930
9789386826183
9789389307085
9789394424203
9781540616623
9781540780218
9788170189374
9788178670911
9780198075059
9788889425244
9789352725038
9789353166090
9789393785978
9781847381217
9781923484566
9783851612967
9780375938429
9781493991044
9781583670224
9789354919459
9789383525652
9781107693357
9798257467714
9798257788413
9780022423476
9780670012305
9781035040940
9781035055449
9781496720047
9781517122249
9781530635320
9781561709977
9781593275495
9781627794558
9781804189344
9788184876178
9788188600809
9788899900052
9789349310247
9789359711355
9789361976889
9789362075666
9789362838124
9789363646735
9789396665000
9789399657606
9798227311115
9798230207115
9798268100075
9789351622567
9780060465285
9781399633802
9781432932985
9788170421689
9789395079631
9780974166452
9780195667912
9788187818472
9780874881073
9788177080445
9788198388964
9789378164446
9780817927226
9781741835366
9781869401276
9788122410242
9788131913734
9788170211198
9788170213741
9788170216919
9788170522379
9788171859559
9788174462367
9788175974401
9788176762106
9788178125084
9788178125312
9788178125329
9788178125336
9788178233338
9788178693941
9788178693972
9788179930038
9788180280238
9788180280368
9788180562631
9788182964198
9788184043105
9788184850161
9788184874112
9788184875195
9788184875652
9788185891422
9788185891842
9788188683284
9788189558109
9789326350693
9789351412687
9789351441533
9789351449386
9789351450368
9789354425325
9789356181410
9789362864369
9789380536217
9789387918559
9789388983204
9798170217571
9788123905518
9788131208717
9788181895592
9780785831334
9788119364299
9788172702298
9789391818524
9789389573978
9788120732520
9788197189890
9789350369098
9789355640390
9789387140431
9780068954972
9788124405994
9788195703517
9788195862610
9788198623638
9789356504615
9789358981872
9789361595592
9789384920814
9789390347186
9780822566236
9781539920564
9783954722143
9788184571066
9788198740496
9788495513373
9781602551121
9780070141797
9788126930777
9788863111262
9789352137114
9780198095163
9788168742475
9788181805348
9789385500527
9789386600790
9780070612044
9780070671195
9780195621785
9780198060666
9788119355679
9788120337206
9788120746565
9788120764583
9788125010852
9788125012344
9788125014225
9788131902509
9788131931196
9788170216223
9788170216322
9788170554172
9788170556220
9788171170692
9788171819652
9788171820368
9788174467041
9788175974968
9788176495431
9788176848084
9788178625072
9788179506431
9788180561320
9788180561832
9788183240680
9788183325035
9788184045895
9788184200256
9788184353006
9788184979145
9788187358114
9788187892274
9788189901479
9789349317253
9789350632536
9789352293698
9789352299102
9789354426889
9789354551703
9789355014153
9789356817043
9789360625931
9789362875983
9789384168469
9789385274633
9789388478410
9789389012194
9789389944716
9789389995985
9789392217494
9789393801142
9789694074054
9788192549712
9781532387494
9781914151828
9788131415757
9788170284611
9788860441645
9789380117249
9788175156128
9788197279287
9789355014627
9780022445980
9780645093988
9781607951087
9781734401905
9781947662735
9788126534630
9788177292084
9788181430618
9788182760196
9788196493721
9788196865313
9788197186318
9788894856705
9789332518230
9789334342536
9789347354236
9789348078605
9789350764237
9789354250347
9789355017826
9789355017871
9789366655390
9789368542070
9789373744902
9789374621424
9789374627945
9789380292861
9789390442874
9789392281990
9789392374937
9789392474514
9789393388186
9789395966559
9780920717356
9781527740341
9781550651041
9781550651058
9781550651232
9781550651416
9781550651454
9781550652604
9781579999124
9781590791141
9781885003294
9781885003300
9781885003799
9781885003874
9781931741668
9781931741767
9789351522201
9780199456147
9782755807295
9780099488385
9780190124731
9788131608814
9788497630825
9780099586210
9781240789894
9780001080324
9780070660007
9780199678242
9780199678297
9780375855399
9780547968230
9780706998979
9780745603001
9780863111341
9780863112843
9781137608161
9781137608253
9781137608352
9781444184464
9788120770881
9788120777798
9788121511742
9788122204971
9788122427394
9788122427493
9788122430233
9788122436914
9788123711027
9788123911199
9788126316618
9788126318728
9788126551002
9788131505779
9788131522837
9788131801390
9788131803660
9788131900833
9788170493105
9788170945772
9788170947486
9788173715358
9788173715433
9788173916229
9788174461797
9788174464514
9788175971059
9788177228502
9788178190464
9788178240343
9788178242538
9788178243153
9788178694450
9788178694542
9788179506691
9788179931578
9788180561528
9788180562341
9788180565458
9788182903111
9788182963351
9788183563673
9788184874549
9788184875089
9788184975451
9788186569207
9788186782286
9788189059323
9788193175132
9788193413029
9789350180198
9789350180242
9789350716205
9789351445876
9789351448631
9789351448891
9789351449225
9789353225094
9789380428086
9789380574219
9789380618050
9789380828633
9789380856483
9789381416259
9789381416297
9789382711667
9789384030469
9789384030674
9789384061395
9789384439972
9789385497766
9789385724169
9789385923883
9789386224156
9789386268167
9789387578999
9789387648777
9789387672529
9789387788190
9789389594904
9789390659821
9789390875023
9780521740845
9780750703093
9781546526537
9788123903415
9780195694468
9780446610889
9780743224192
9788180616426
9788189932947
9789358772616
9789937506489
9798316745357
9780071545082
9788172210830
9788176060318
9780007184897
9789388623087
9788123903231
9788123903507
9788126567164
9788170557210
9788177090017
9788178120782
9788178121574
9788178122328
9788186877814
9789367254134
9789373748986
9789383746088
9789384316327
9780143421344
9780199479283
9780632047062
9781470612146
9781542423588
9781564967817
9789812532350
9798232387150
9788184355710
9781931082228
9788175102682
9788186772218
9789381302361
9789395161695
9798223301264
9780008562830
9780008725983
9780143416265
9780143429265
9780143451396
9780143452959
9780143458913
9780143475842
9780143477556
9780143479758
9780143773955
9780241515280
9780241527108
9780674295698
9780753441572
9780785841982
9780857426550
9780857427915
9780857427922
9780889711150
9780889712508
9780918273581
9780997059946
9781398504103
9781421530772
9781529917208
9781550173109
9781591167495
9781636281247
9781780878171
9781784745363
9781803091549
9781803091884
9781803091907
9781803092270
9781804543474
9781805224235
9781805465201
9781839022340
9781889330846
9781911709558
9781934649718
9781938170669
9781938170676
9782924786499
9788126508839
9789354359071
9789356290556
9789361310881
9789361319174
9789388372305
9789389109320
9780194333504
9780198515432
9780713721249
9780861319985
9780863112669
9780863112812
9780863113826
9780863114564
9780864734105
9781586131029
9781739143305
9781880687727
9782826305781
9784863470033
9788120352377
9788120780996
9788120781009
9788120781047
9788120783386
9788120783409
9788121504256
9788121929035
9788121932028
9788122202335
9788122202601
9788122202656
9788123703671
9788123723235
9788125003861
9788125014386
9788125054047
9788125054054
9788126330720
9788126557561
9788126565030
9788131208045
9788131902776
9788131918401
9788170070597
9788170213758
9788170215325
9788170594437
9788171170302
9788172111472
9788172112622
9788172331672
9788172333584
9788172761448
9788172764241
9788175970045
9788176762410
9788178122809
9788180561603
9788180565700
9788180902017
9788183291378
9788184040364
9788184300956
9788184352078
9788184975963
9788185094915
9788185680484
9788187358138
9788187393429
9788188388776
9788189091057
9788189161453
9788189480189
9788189480264
9788189480271
9788190995030
9788199653306
9789347019722
9789350364192
9789350364208
9789352035540
9789352036769
9789352833993
9789353153649
9789357431682
9789358126327
9789359664460
9789361034848
9789362016577
9789374245163
9789380644271
9789380761336
9789382000389
9789382381662
9789386092533
9789386092540
9789386092557
9789386092984
9789386863294
9789387155497
9789390461066
9789390474974
9789391495237
9789393605474
9789393801128
9789396522518
9789694071039
9789694073101
9789698550035
9798176933635
9798903302789
9781846966170
9788121928106
9781907360275
9788131903568
9788181287380
9789387994614
9788466662598
9781906427382
9789349750524
9780195653199
9780195664584
9781107621251
9788123904351
9788175347564
9788194939115
9789361569579
9788126309856
9788170553649
9788170554455
9788171302772
9780333924563
9780367707071
9780706987591
9781032103372
9781032129808
9781032203966
9781032233482
9781032585925
9788186047118
9788299586719
9789694020020
9789698380663
9780822536819
9781575212272
9798486568169
9781494807993
9781611040012
9783754302323
9780687344222
9788123901176
9788123907680
9788123926742
9788171797172
9788868926670
9781636510712
9788172344016
9788175259621
9788184775914
9789351034131
9789381362686
9780008405182
9780070703599
9780863112584
9780863114618
9780863115080
9781781750117
9781781750230
9781901677461
9781945509513
9781945509780
9788120727502
9788120731417
9788120748675
9788120752733
9788120757400
9788120789203
9788121613781
9788121616256
9788121616393
9788121618601
9788121620871
9788121620888
9788121620901
9788121620918
9788121620925
9788121620932
9788121620956
9788121620963
9788121620970
9788121620987
9788122201291
9788122203226
9788122304510
9788122309218
9788123735429
9788125002420
9788125007555
9788125008156
9788125008194
9788125009368
9788125031956
9788126930968
9788126931118
9788130907338
9788131804827
9788131900710
9788131914946
9788170463016
9788170521723
9788171856800
9788172761011
9788173813023
9788174142931
9788176559164
9788176936453
9788178120171
9788178120522
9788178121079
9788178122137
9788180560538
9788181370938
9788181377418
9788182961531
9788182962194
9788183610520
9788184974591
9788184976274
9788184979428
9788184979497
9788185502151
9789350360927
9789350360934
9789350361016
9789351211730
9789351212157
9789351212218
9789351212225
9789351212232
9789351212317
9789351212331
9789351212409
9789351212430
9789361037061
9789384588397
9789385755293
9789388632041
9789390542611
9789391277659
9789393768797
9789572954195
9780143180036
9780706972849
9780815349969
9781009564137
9781743215364
9781850581505
9788120708686
9788120820784
9788177645910
9788186511008
9789350354490
9789394201347
9789683046932
9780756957636
9780867349375
9788181471406
9789362029027
9789386596543
9798318815133
9788125054764
9788170420231
9788170555810
9788170557036
9788173704574
9788178120454
9788178121109
9788186877555
9789361032776
9789373740195
9789373744827
9789380550626
9789381842058
9798232286866
9780143102243
9781494811297
9789383793372
9780749687991
9780230530829
9780753457207
9780789344113
9780861319503
9780863113741
9781107647220
9781845570378
9781845576264
9788120758926
9788120777330
9788120777354
9788120783805
9788120784437
9788121609999
9788121610643
9788121612562
9788121616355
9788121616461
9788121616546
9788121617314
9788121617321
9788121618281
9788121619172
9788121619608
9788121619615
9788121619622
9788121619639
9788121619646
9788121619905
9788122203974
9788122306958
9788125013549
9788125025061
9788129517654
9788131808658
9788131911044
9788170521051
9788170521877
9788170522386
9788170557487
9788171104024
9788171809592
9788172345204
9788173716447
9788173716607
9788174466266
9788175360150
9788175971912
9788176254991
9788176371414
9788176936064
9788176936071
9788178120508
9788178121185
9788178121710
9788178553467
9788180280016
9788180280382
9788180561504
9788180561535
9788182960329
9788182960411
9788182961135
9788182961159
9788182961166
9788182962682
9788182965379
9788184041255
9788184777925
9788184974706
9788187812395
9788188569908
9788188826643
9788189011888
9788193555453
9788194085676
9789347859953
9789350710067
9789350718278
9789351448709
9789351921912
9789352670062
9789354770555
9789362864277
9789380152011
9789380152035
9789386515698
9789387171053
9789388266932
9789393304209
9789393304216
9789393304230
9780431192789
9780761994190
9788123917788
9788129118721
9788171673889
9788171679850
9788410819658
9789350903889
9789353528515
9780195666441
9788126940509
9788181983541
9788186772638
9789360340254
9789388809382
9788174829887
9788466646895
9780831131234
9781593592875
9780571322008
9788123917795
9788125022640
9788170553199
9788171870110
9788178120386
9788178120553
9788178121352
9788178121444
9788178121451
9788178121604
9788178121857
9788178122076
9788178122083
9788178122250
9788186877463
9789391034474
9789393304278
9781475215229
9781930820012
9789380438603
9781406346534
9788131518663
9788177090802
9788177094046
9788444145709
9788492452033
9789324198105
9789382732730
9789382732747
9789681618001
9788119223978
9780143101635
9780878397600
9780878397914
9780919890794
9780919890909
9780999415689
9781550650105
9781550650433
9781550651386
9781550712186
9781550713435
9781550713442
9781591989851
9781682010716
9781840598551
9781931933780
9781937559045
9781944297428
9781950584048
9781970852394
9788121607728
9788121610940
9788121616324
9788121617666
9788121618403
9788131717059
9788171171682
9788176557702
9788176559720
9788184351576
9788184770964
9788184774269
9788189884574
9789351031994
9789359997773
9789375371298
9789381017265
9789381431153
9789381431160
9789386041050
9798987244616
9781519228802
9788170562115
9788172111489
9788175241909
9788177080599
9788178243436
9789349166264
9789362733771
9789370201057
9789382565123
9789385989636
9789386189585
9789387346604
9789388612371
9789388750738
9789389633832
9789392135736
9780201062069
9780521692526
9781935548324
9788120317239
9788120723467
9788121508803
9788121619592
9788122201567
9788122204940
9788122309454
9788123432649
9788125014379
9788125022664
9788125022671
9788125025597
9788125025603
9788125047254
9788126527427
9788131901748
9788131905531
9788131905654
9788131931233
9788131934852
9788170211419
9788172111427
9788172111953
9788172762612
9788173861130
9788175970052
9788175971790
9788177392623
9788178552149
9788178554457
9788182881617
9788182965218
9788182965386
9788186877487
9788187358688
9788498253757
9789347142413
9789352878062
9789354427329
9789355013637
9789355258373
9789359110936
9789363649446
9789367190029
9789380359861
9789380856735
9789382460626
9789384302061
9789386379610
9789386561169
9789386721655
9789387236769
9789390744466
9789391067090
9789393304322
9780192869241
9788123904894
9788178740201
9789385915291
9781079786712
9781089388395
9781338208641
9781477482445
9781500992552
9781512104172
9781514337271
9781691844647
9788184987164
9789389330892
9789389330991
9789948346050
9789948810025
9798263632939
9798301866944
9798302281470
9798304542142
9798306566948
9798308530718
9798332996313
9798338805510
9798340829818
9798345095409
9798372603103
9798378470099
9798550351017
9798589419764
9798637699995
9798693134805
9798714820373
9798724251730
9798851612725
9798852575272
9781457520877
9781538072585
9780199455409
9781847385475
9788120834392
9788121615471
9788874320660
9789326190961
9789334275254
9789361319730
9789387994867
9789390652600
9789393704917
9780739049662
9781285080918
9781953845771
9788125025610
9788170555926
9788173154904
9788178120409
9788178122656
9788178123219
9788181439635
9788187966050
9788190694049
9789393304377
9789971512347
9780195693614
9788131223642
9788177290387
9788181470584
9788184081299
9789395138383
9789381416044
9789386263636
9789386107671
9781442483910
9798230951391
9798232041977
9780706911282
9781545753286
9788177644678
9788183505376
9788187721215
9788196102746
9789350736746
9789360621483
9789365549980
9789373325484
9789384588762
9789386600776
9789387153660
9789387436077
9789395073998
9780001160163
9780578487717
9781259006364
9781543113860
9788100001080
9788120412842
9788120730526
9788120787063
9788120814424
9788121616744
9788121915427
9788121937412
9788125008286
9788125027300
9788125051626
9788125060352
9788126319688
9788131254790
9788170211174
9788171600366
9788172292782
9788172294557
9788172299231
9788172339081
9788173153266
9788173153273
9788173153280
9788173158759
9788173198427
9788173711459
9788174468116
9788176495752
9788177392524
9788178120270
9788178120607
9788178122663
9788178122786
9788178692524
9788178693347
9788180280177
9788180565465
9788181376855
9788183214940
9788183563666
9788183760652
9788193108444
9788194920960
9788817869461
9789347298097
9789350482803
9789350484715
9789350485842
9789350485880
9789350620762
9789350940242
9789351503903
9789351525950
9789351866060
9789352100538
9789352660179
9789352660193
9789352660285
9789352662524
9789352663507
9789353222628
9789353225834
9789353226268
9789353226305
9789354971693
9789356350762
9789357439718
9789358107609
9789358771466
9789358771824
9789358779899
9789360629212
9789363597921
9789382898016
9789383074761
9789383547869
9789384475574
9789385874819
9789386054791
9789386300102
9789386689207
9789386871992
9789387980983
9789388147255
9789390366422
9789390911004
9789390911011
9789390911158
9789390911172
9789390911592
9789390911721
9789390911929
9789390923090
9789390923588
9789391943578
9789392512650
9789393139214
9789393304506
9789393304537
9789393393036
9789393393241
9789393511997
9789393875525
9798170218028
9780241568446
9780670081523
9780670092185
9780670093878
9780670096190
9780670096220
9780670096541
9780670097227
9780670099665
9781402286766
9781509893645
9781529932492
9781787304215
9781909612471
9788184005493
9789350297155
9789350513743
9789393715722
9789380081236
9780193571853
9781550653519
9781771832076
9788126537211
9789351450726
9788172344252
9788192396385
9780143103882
9780190136819
9781527878082
9781785980213
9783891351901
9788121615150
9788121620284
9788125009689
9788125021698
9788125025573
9788125025580
9788173702518
9788173702525
9788173702532
9788173702549
9788176555890
9788178120232
9788178121147
9788178121543
9788178122465
9788178122489
9788178122571
9788178122724
9788178122731
9788178123165
9788184771220
9788184773910
9788184773927
9788184776287
9788185616070
9788186877722
9789351030478
9789351030515
9789351039693
9789352755028
9789352755035
9789352755042
9789352877980
9789354256493
9789361033735
9789393304612
9789393393043
9780198099130
9781259029080
9781484276815
9788123929484
9789352296927
9789384757830
9789389688092
9780007551682
9780198065395
9780241380376
9781782438137
9781846141959
9781857157154
9781530118793
9781941955451
9788131237021
9788170089537
9788496424470
9789350902059
9789385433382
9780706993462
9780863114519
9780895402363
9781107663848
9781935677536
9781935677543
9788100000274
9788120744691
9788120758933
9788120790575
9788120797420
9788120844841
9788121610469
9788121613965
9788121616034
9788121616270
9788121617123
9788121618021
9788121618410
9788121932820
9788121933919
9788121934411
9788122200829
9788122202045
9788122202632
9788122301175
9788122308655
9788122310238
9788122311679
9788122313307
9788122314458
9788125007364
9788125008323
9788125011200
9788125012306
9788125021711
9788125030331
9788125033080
9788125041740
9788131805596
9788131808948
9788131809167
9788131905685
9788170298731
9788170551560
9788170552987
9788170556497
9788170701897
9788170701996
9788171103140
9788172112271
9788172332686
9788173717758
9788173862588
9788174462015
9788174469328
9788175054561
9788176761505
9788177392548
9788178792699
9788180561191
9788180561566
9788180566752
9788181379160
9788182965966
9788184030853
9788184042573
9788184350548
9788184770414
9788184771336
9788184773934
9788185053134
9788186004081
9788190164276
9788190720533
9788193834008
9788195321667
9788491112228
9789326352000
9789351103011
9789351445609
9789351506638
9789352027569
9789352903023
9789357432849
9789367253786
9789367254325
9789380302959
9789380644097
9789380644202
9789380644240
9789380761589
9789380864006
9789383142231
9789383145126
9789386063403
9789386063588
9789386486158
9789388750271
9789390461271
9789390875207
9789390875351
9789393304704
9795217211073
9798905102776
9788891512024
9783853652459
9788483832707
9789352210848
9788131959510
9780016755903
9781326020040
9788120349933
9788125030348
9788178123301
9788192233239
9788196222222
9788199043046
9788895611860
9789356193475
9789359031910
9789367250488
9789367251270
9789367256602
9789367256633
9789367259795
9789380081182
9789382496892
9789391818463
9789393658890
9789394991644
9780060423612
9788123924724
9789386268594
9789388108928
9798123902998
9780812415902
9781683837916
9789357594530
9798328789349
9780070679955
9780195669633
9780733977664
9781471894633
9788121615945
9788121616591
9788121618052
9788121935029
9788125006893
9788125030355
9788125030362
9788126318216
9788131907405
9788170704812
9788174466426
9788174469434
9788178122069
9788178122380
9788178122397
9788183329552
9788184350869
9788195352975
9789311126661
9789350361238
9789350940259
9789352130948
9789355320940
9789358527186
9789362077400
9789385616051
9789386347060
9789386530936
9789387604667
9789392803970
9789393393760
9780195698565
9780199586905
9780632001118
9781108433211
9781495042157
9781597643238
9788119028627
9788171100064
9788184483550
9788184486285
9788198860798
9789350296752
9789362022370
9789380228914
9789380316338
9789380540320
9780706996555
9781594773068
9788121620666
9788122904666
9788176555739
9788184778267
9788899480172
9789351032755
9789351033189
9780471597322
9789357053372
9789393790705
9780521576369
9781612623320
9780006463351
9780195677010
9780462099163
9788125030379
9788169381741
9788170173878
9788170552109
9788170553038
9788170553175
9788170556015
9788170556541
9788181430861
9788190511230
9788193859827
9788195244409
9788199599918
9788199627185
9789334019339
9789347354052
9789348521910
9789350487907
9789352878079
9789353913984
9789355254320
9789357779371
9789358389180
9789361033773
9789380630786
9789380917030
9789384600310
9789387441484
9789393050960
9789393304902
9789393393357
9789394610385
9789395966504
9789396521566
9798903301089
9788123929309
9788131903193
9788131909379
9788893915854
9789354093401
9789354660931
9789354667367
9789390303120
9781847389466
9788126519859
9783952456071
9789367250921
9789367256756
9780199113279
9780340396919
9788129104830
9788129118851
9788184721669
9788190646017
9789353526924
9780008792077
9780143448846
9780143476955
9780241753699
9780670096589
9780889711037
9780907791072
9780907791232
9780922233014
9780984304745
9781035023981
9781350069428
9781401234713
9781401237349
9781401242503
9781421504773
9781421510408
9781421535104
9781421539034
9781421542102
9781421543093
9781421550855
9781421551609
9781421559384
9781421579771
9781421592701
9781421595153
9781472295255
9781473226722
9781514377499
9781545806258
9781550174694
9781550652215
9781550652277
9781626920637
9781784877057
9781787301818
9781805134848
9781847943354
9781877727054
9781911750093
9781911750543
9781911750581
9781912756599
9781945820014
9788854177888
9789353024765
9789361310430
9789361311406
9798181025622
9798255828395
9798342803847
9780448494937
9781496175069
9781500232863
9781500637156
9781510419056
9781519651730
9781595824745
9781626922310
9781626922815
9781626924666
9781626925151
9781626926905
9781626926943
9781626927049
9781626927728
9781626928596
9781626929395
9781642750669
9788122312782
9788125025641
9788125030386
9788125033509
9788125040071
9788125044765
9788131808986
9788131910139
9788170521891
9788170593737
9788173815041
9788178551562
9788178557069
9788179681077
9788179681091
9788179681220
9788180560415
9788181374875
9788182881372
9788182965416
9788184895438
9788185809458
9788187077220
9788188236282
9789351870326
9789352871414
9789352876990
9789357437271
9789373485294
9789373745763
9789373745879
9789380444543
9789386689511
9789393304964
9789386910059
9789681668266
9780195968392
9780864735911
9781491591277
9788193110249
9780130326317
9780930794941
9781600787195
9781840593501
9781840593617
9788123928357
9789384857196
9781843532309
9788125030393
9788132202561
9788178122045
9788178128238
9788180280306
9789352870868
9789395300193
9780143103264
9781582791128
9788121608398
9788172340803
9788174734198
9788184773293
9788184778649
9788184779912
9788189884383
9788194525578
9789351038177
9789351039853
9789352755134
9789381017272
9789386041296
9789386313249
9789971513801
9788178063096
9780853138099
9789367254486
9789351133513
9789391910945
9780143004387
9780143066248
9780143332398
9780143450863
9780330418614
9780330442565
9780752227252
9780974577623
9788126555697
9788172344382
9788184774689
9789324195739
9789351038696
9789351038771
9789352752140
9789352754267
9789352754984
9789381398739
9789381398746
9789381431771
9780486819174
9780781760348
9780861315055
9781846841491
9788120751835
9788121607322
9788121931526
9788121941044
9788122421576
9788123727646
9788125022077
9788125022503
9788125030409
9788125033523
9788125033530
9788125034308
9788125910008
9788130900605
9788131254776
9788131809112
9788131809198
9788170217596
9788170521846
9788170551263
9788170946502
9788173666032
9788173666643
9788174461674
9788175300361
9788177394085
9788178120751
9788178694368
9788184045697
9788184100532
9788184351316
9788184353099
9788184775396
9788184775402
9788184779721
9788184973341
9788185119489
9788185860886
9788185860961
9788189338466
9788190367820
9788192723242
9789311126890
9789351381655
9789351444992
9789351735229
9789352136568
9789352830053
9789354420085
9789361034763
9789382618294
9789382618300
9789382618317
9789384028299
9789384376604
9789386189257
9789386850638
9789389368796
9798293650545
9789351677772
9789361313080
9798242890503
9798278893974
9798292629719
9780631130932
9780199469642
9781138744172
9781550651317
9788119989225
9788190991407
9780440868163
9788125035435
9788125035442
9788125035459
9788125053606
9788178122144
9788178122762
9788184271133
9788189580537
9789334237078
9789354807275
9789362833525
9789373744957
9789380172194
9789386298164
9789390232222
9780141185170
9788858035078
9789350270424
9781259064630
9788123916101
9788123916330
9788126542260
9788126549320
9788126549337
9788126554959
9788126560998
9788126598076
9788131523001
9788132202448
9789332901872
9789334259292
9789339220365
9789339220433
9789339220525
9789395737029
9789313192855
9780197790892
9781272892739
9788131202951
9788181470782
9789355202475
9789383046140
9789387390874
9789387472228
9789698780111
9788123918365
9788185135601
9789383980024
9789389174434
9789390450718
9780658013744
9788121614641
9788121614870
9788121615891
9788121918947
9788123781891
9788176499309
9788178122298
9788178241975
9789350727621
9789350944448
9789351866190
9789352017317
9789367255193
9789373741864
9789388019897
9789389915266
9780007310487
9789386310422
9780852265178
9781732206601
9788119364909
9788120350069
9788181912732
9789354438646
9789386323804
9798235170209
9798246704387
9780749690120
9780070553491
9788185386942
9788199328167
9789360061999
9789395757652
9789464945515
9780190132781
9780521696470
9788171640416
9788172764975
9788176111379
9788181285508
9788182747920
9788890911453
9789381139837
9798279139163
9798279171385
9781906796068
9788125033578
9788126005864
9788131612071
9788170111573
9788171248629
9788178121222
9788183760676
9788189011802
9788195637201
9788195979684
9788199210394
9789334216455
9789350723708
9789361037450
9789367254141
9789369106172
9789370025516
9789387269224
9789395483902
9783829319423
9789390577095
9789394682344
9798223251682
9798223779575
9788123900698
9788171171729
9788174532008
9789389691306
9781417765324
9780195687736
9780230329287
9788131909270
9788478718276
9789381489208
9781529995060
9788184732559
9789387829565
9780521176910
9780861319497
9781138328488
9781907653254
9788120336070
9788120345393
9788120350564
9788121511001
9788121511711
9788121921862
9788122205862
9788122308877
9788125016915
9788125035411
9788125035428
9788125037040
9788125055310
9788126316168
9788126540471
9788126550142
9788126555376
9788130901572
9788131505861
9788131800768
9788131801383
9788131914793
9788132203858
9788170145233
9788170945659
9788170947936
9788170947998
9788170948292
9788170949244
9788172112103
9788172112127
9788173712005
9788174531063
9788178120690
9788178242484
9788178556680
9788179931554
9788180140945
9788180280252
9788181283870
9788183212687
9788183241861
9788183823104
9788184894547
9788185102887
9788186653319
9788187358213
9788189884093
9788189884499
9788192851846
9788192851884
9788197069512
9789311126630
9789322008192
9789350237366
9789351104865
9789351448761
9789351450290
9789373745107
9789380156620
9789380386652
9789380618463
9789381438510
9789381438664
9789382618362
9789383260843
9789383299249
9789384028251
9789384028350
9789384028374
9789384028411
9789385497742
9789385497971
9789386309099
9789386850898
9789389009286
9789390265572
9789698345013
9789937594035
9798876117335
9781245648226
9788175102439
9789787748411
9789789673971
9789995279684
9789996088049
9789996090585
9789036615792
9780593308837
9780593481257
9780785164722
9780857422200
9780857423054
9781620335741
9781637543061
9781638583929
9781803092232
9781910170984
9781910836064
9781974527540
9788124328439
9788124328446
9788124328453
9788126911097
9788170556978
9788178121901
9788195411832
9789366490687
9789372190069
9789382563556
9789391793661
9789392374746
9780769644790
9788123925080
9788129101983
9788129104588
9788129108258
9788129113702
9788129115980
9788129118752
9788170892885
9788181475459
9789353527228
9789353529123
9789353529468
9789361560514
9789362255297
9789371001939
9798243071758
9781843544470
9789391950941
9781569570609
9788177228595
9788177228960
9788180521911
9789354710513
9789387938656
9780531124475
9781421526621
9781578268344
9781637457689
9781639048359
9781639205110
9781647331993
9781649832023
9781843225652
9788120728028
9788120775237
9788120798489
9788120798496
9788120798663
9788120798687
9788121509060
9788121613903
9788121613996
9788121615112
9788121615143
9788121615808
9788121617642
9788121618229
9788121618670
9788121619578
9788121703123
9788121911979
9788122301038
9788122304343
9788122308815
9788122313871
9788122316001
9788125015437
9788126561988
9788131225196
9788131808207
9788131808962
9788131903636
9788131946305
9788170521792
9788170948742
9788172763046
9788176935982
9788180903151
9788183552165
9788183910132
9788184041989
9788184777598
9788184779936
9788186017012
9788186877302
9788188121274
9788188569366
9788188569397
9788192851822
9788192851877
9789325974203
9789350945995
9789351038610
9789351101062
9789351471967
9789351721079
9789380644011
9789381626573
9789383145676
9789384028305
9789384028459
9789385194443
9789386224132
9789386224866
9789390461233
9789810799489
9798885035231
9798885558464
9798885914086
9798886413663
9798887727561
9780500516355
9780711977655
9781491573563
9781491576908
9780330412100
9781108855686
9788424116064
9789681603632
9780545981248
9780545987325
9780545987561
9781502442673
9781506703336
9781532840647
9788131509890
9788131723944
9789395030953
9789360866150
9789388295321
9780613646093
9788183619981
9788189301972
9788193406212
9789372263329
9789383445554
9789383643752
9780143301219
9780241014844
9780330438766
9780330448154
9780330509572
9780330525855
9781543057614
9781781833063
9788119369997
9788126402588
9788170146865
9788178122779
9788181430595
9788184774818
9788184776843
9788189988470
9788195134229
9789350002933
9789351036425
9789351038641
9789351038726
9789351039020
9789351216254
9789352295005
9789352750504
9789352755660
9789362872418
9789386106537
9789386263650
9789386313621
9781101937693
9788168899100
9780760772713
9788123917382
9788123928081
9789388178686
9798223646228
9781908206404
9798249765309
9788121918602
9788121936712
9788122205909
9788122315165
9788125002734
9788125040293
9788126537310
9788126542864
9788131931226
9788170166153
9788172162658
9788173715082
9788175972445
9788177395099
9788183221504
9788187332190
9788188629114
9788188717118
9788188867066
9788194777250
9789311126715
9789350045954
9789350123201
9789351213673
9789351213697
9789351213727
9789351213734
9789380108582
9789380618876
9789381438480
9789381438633
9789381511893
9789383233670
9789384028695
9789385875977
9789387351547
9798886294033
9788167373441
9789350251713
9789350637609
9780878393008
9780878394036
9780878396597
9780930794972
9780964518124
9780996897396
9780997452815
9780998260440
9781408264065
9781506707174
9781550650549
9781550652161
9781550654554
9781550655377
9781550718225
9781600099823
9781613727454
9781616556556
9781626926677
9781642750942
9781644052181
9781644057018
9781646030057
9781771611381
9781771611749
9781771612852
9781934759394
9789384866419
9789814033886
9798271646911
9788173198380
9789334278620
9789334329988
9789334407440
9789347019999
9789349393585
9789349972872
9789352129072
9789355263063
9789359778549
9789368537083
9789370024984
9789371070652
9789371644464
9789373354682
9789374623213
9789376862474
9798903302512
9798994944400
9789386345752
9788124332160
9788173197345
9789356811713
9789368027201
9789371531962
9789373740669
9789373745893
9789386601605
9789395101325
9780762420261
9789371328494
9789386691828
9798235294721
9781409599951
9789387532601
9781853408427
9781906613730
9781973752813
9781973982050
9781548155421
9781548590284
9780070659674
9781853674617
9781887905374
9788121600453
9788121604598
9788121605342
9788121611343
9788121616539
9788121618694
9788121619752
9788121936613
9788122205916
9788122611175
9788125002635
9788125008019
9788125010814
9788126352272
9788131808016
9788131809020
9788131916056
9788170944478
9788171205172
9788173713217
9788176212328
9788178120829
9788182960268
9788183320733
9788185636313
9788190000215
9788195353224
9788197190940
9789325983380
9789351034490
9789351101246
9789352035281
9789352135783
9789352137671
9789352532087
9789373355122
9789373742793
9789380644554
9789380661308
9789384028336
9789384416201
9789385929175
9789386179524
9789386179609
9789387919341
9789388537377
9789388537384
9798886413878
9781517320379
9788130904160
9789384248833
9789385961106
9789388983082
9789389718249
9789788130918
9798257246616
9780143065043
9789351550372
9789386106476
9780143446705
9781937584405
9781942801948
9789373745220
9780955849909
9781401202453
9789357013567
9788125030256
9788125042099
9788174766960
9788186877210
9789350007082
9789352294831
9789381362815
9789388684255
9781530271702
9781541234086
9788172340216
9788484435839
9781009826037
9780143427803
9780143447184
9780241719275
9780857425850
9780857528384
9781529976205
9781646045037
9781683836964
9781785046254
9781841598291
9781932511581
9788126713738
9788183611114
9788183612128
9788195388608
9788197570056
9788416242412
9788416642915
9789334301311
9789387593695
9789393790064
9780199467549
9781539427742
9788121932677
9788122205305
9788124603512
9788125021544
9788125030263
9788170555476
9788173029233
9788178120935
9788178557595
9788182962941
9788184894585
9788186470275
9788190120081
9788194363293
9788194461111
9788196347390
9788199574151
9789334435009
9789348960641
9789349162754
9789351065692
9789356181229
9789356182899
9789358989779
9789362831996
9789367254967
9789381438121
9789385932410
9789387604827
9789392281952
9780756514259
9788122440607
9780857424464
9788183611947
9798246212905
9798265076328
9788183155236
9788187251378
9788466618199
9789350903100
9789388804523
9798232420062
9788126706860
9789369589838
9780768918328
9781841153384
9785518592216
9789324199294
9788131415535
9788181913807
9788186877630
9789389342871
9798473487121
9780955882753
9781405081375
9788172343507
9788172343828
9788172344030
9788172344672
9788172345051
9788184772746
9788189988838
9789351030140
9789352756742
9780521349772
9780815196167
9781724130235
9781919298245
9781984306678
9788169355346
9788171170456
9788171170715
9788171172184
9788177292770
9789350009581
9789388804448
9780143454762
9780857070883
9781447217749
9788126563463
9788170565710
9788189988531
9788189988555
9789354714849
9789380480565
9789380480893
9789381431290
9789381431481
9789381431610
9789381431627
9789381431658
9789381431764
9789384544423
9789385827716
9789385827884
9789386313898
9789386832610
9789388302029
9780333904459
9780785406730
9781406571509
9788123773131
9788125030270
9788130001234
9788170943150
9788171946228
9788177394658
9788178126296
9788178244785
9788178553245
9788183321778
9788184871388
9788186877432
9788188230846
9788194562634
9788197434440
9788197467455
9789350943496
9789351870340
9789352512348
9789383299225
9789698263478
9781844194452
9788123924052
9788177222456
9788888774473
9789353529048
9789385616167
9789395985666
9798255141609
9781903933268
9781906653255
9780143443193
9788125011620
9788125030287
9788125030294
9788126701179
9789355640567
9798257698477
9780007823062
9780761932567
9781528487788
9788174826305
9788198096739
9789381335789
9789392641275
9798128801258
9798327421615
9798327421622
9780875421995
9780007518982
9780143031260
9780190137076
9780330470544
9780992846121
9780998044118
9781407533797
9781637350881
9781645469414
9781646617951
9781781861400
9788121612098
9788121614887
9788121619431
9788122205046
9788122314625
9788125015444
9788125022206
9788126351503
9788127257675
9788130932200
9788131905296
9788131924037
9788131965573
9788131965658
9788169742016
9788170230489
9788170552444
9788170552758
9788170554417
9788170557647
9788170640622
9788170701484
9788171020751
9788172339531
9788174531728
9788177223347
9788177392401
9788178557618
9788180140617
9788181372758
9788181820501
9788182658455
9788182883376
9788183556811
9788184774658
9788184977943
9788187111962
9788187553021
9788187671855
9788187863229
9788188569588
9788189013707
9788190000208
9788190367844
9788190584128
9788192153421
9788192554150
9788192554198
9788192813431
9788193753811
9788194097136
9788197852251
9789311123738
9789311125251
9789311126838
9789350040171
9789350237045
9789350237052
9789350712948
9789351037507
9789351038634
9789351039303
9789351100294
9789351472124
9789351760733
9789352130528
9789361038570
9789367251874
9789371185028
9789380005300
9789380032757
9789380283296
9789380644172
9789380644226
9789380644264
9789380644332
9789381626382
9789382536840
9789383828258
9789384028077
9789385621239
9789385875984
9789385980947
9789386025630
9789386224408
9789386379689
9789386585912
9789386850881
9789387486645
9789387984493
9789387984523
9789387984585
9789388754682
9789388850568
9789395019095
9789395101264
9798899616785
9780670095094
9789350097908
9788131903643
9788167211248
9789311125312
9789352751761
9798245736204
9780071111584
9780230638129
9780955590580
9781505386493
9781512111828
9781688547797
9781727234480
9781737856986
9788119019786
9788125030300
9788125034537
9788170554912
9788170556022
9789350713631
9789351446484
9789351447993
9789363662698
9789363663176
9789387330900
9789392175077
9798233916090
9798356994333
9798375424361
9798840141137
9781631028298
9789362730633
9789378168352
9789386629357
9798223793465
9780006229087
9780140523805
9780330400381
9780441068531
9780719043130
9780721428536
9781857023510
9788189639259
9781930710702
9780889629288
9780889629943
9781509818983
9781509818990
9781509819010
9781509819058
9781509819072
9781550652383
9781550652864
9781608092727
9781771611800
9781930939103
9781939183996
9788121615709
9788126708611
9788172343149
9788172343187
9788172343460
9788172344047
9788172345006
9788172345013
9789360861346
9789386106087
9780333937341
9780811837866
9788124301814
9788125000068
9788125030317
9788178121376
9788178793856
9788183322782
9788186089194
9788187524854
9788195676866
9788196347437
9788198745323
9789002712067
9789311125879
9789326191159
9789348960115
9789350943885
9789350949047
9789351415732
9789356811348
9789360749460
9789362830159
9789380834528
9789384328375
9789386202499
9789389048742
9789390540334
9789392536021
9798327534643
9798327616707
9780808527039
9781406873597
9780345492005
9788124114995
9789325299818
9781512350623
9789390912926
9798232969998
9798302934772
9780571327690
9789371640121
9789356810549
9789386827104
9789387045361
9789387045378
9780864734365
9780864735584
9780864735645
9780864735690
9781545807125
9781601255112
9781626923997
9781684051342
9788125030324
9788169001540
9789390292240
9783839183304
9798246633472
9788196257538
9788866444862
9789367259467
9781444100037
9788131788592
9780143104155
9788126716630
9788131262382
9788178134833
9789389872088
9788125034377
9788126531035
9788177000092
9788178120195
9788178122007
9788178122014
9788178122649
9788181371478
9789350126868
9789388563000
9780812498240
9789372267303
9780143482024
9780606033176
9781841692593
9788126512867
9798255136032
9798255138661
9780143104063
9781472230225
9781492604723
9788125034407
9788126572489
9788170461593
9788172344627
9788172344634
9788184779523
9788189988760
9789351037682
9789352751020
9789354971952
9789367251683
9789367255094
9789380480886
9789381431504
9789384544027
9789387153929
9789388302326
9789389161908
9780929895956
9789368974932
9798232492809
9798263539436
9798294485900
9781800782099
9788169001373
9789386198303
9781493991129
9781493991136
9780007341283
9780070669260
9780190137144
9780521704120
9780673194213
9780863112065
9788125017226
9788125025979
9788125034438
9788125950363
9788129709288
9788131809723
9788170948926
9788170949749
9788173660078
9788173704185
9788175251762
9788175300217
9788177229127
9788177394443
9788180140761
9788187479000
9788188260034
9788190850100
9788192594880
9788193432013
9788195267477
9789325984592
9789350947678
9789351030942
9789352532117
9789352873968
9789354972027
9789354972102
9789357788342
9789361030031
9789361032936
9789361038792
9789373748573
9789380571331
9789383260669
9789386036872
9789387242074
9789387444041
9789389573817
9789389795783
9781919220062
9788126567867
9788129105721
9788129116789
9788129119032
9788129119643
9788129119858
9788174730626
9788174732026
9789361560118
9789361560378
9789361562150
9789361564741
9789361565014
9789370030336
9789370034723
9789370034983
9789370036185
9789370038622
9798129108073
9780500544211
9782070353439
9789389187823
9789389577006
9789395985390
9788126537419
9789325296039
9789354352249
9780521636674
9781499295597
9788131203682
9789386008787
9788125009382
9788125034445
9788125034452
9788125034469
9788173704208
9788178120355
9788178121338
9788195904853
9780199479696
9780673990648
9780970061577
9781616463458
9781844777525
9783037645420
9788124114636
9788427220423
9789881239549
9781535014045
9789388850438
9780789329073
9786079346232
9780345510792
9780575063440
9781401234362
9781421525792
9781531837532
9781606904152
9781631402074
9781631406751
9780330513647
9781786376398
9781796379693
9781912477494
9781915631213
9781939906526
9781948716352
9781976812781
9781985641044
9781987636468
9788125026099
9788125033684
9788125033691
9788181376862
9789351448235
9789356810983
9789364481106
9789367251232
9789367257623
9789367257869
9789386585431
9798891554382
9798994940839
9780570016434
9780976309550
9786070704659
9788124107058
9788170557678
9780008851811
9780241797860
9788126707263
9789363126718
9798409142377
9780716672302
9780785140047
9780785143529
9788123925936
9788123928661
9788126723355
9781988479118
9788122910995
9788124328415
9788125034476
9788125034483
9788129118486
9789334138078
9789363924246
9789367258767
9789386883988
9780030185984
9789987871537
9780739084489
9786074006087
9789381448410
9789390511464
9780593373316
9780857504814
9780889222854
9780889224032
9780970625069
9780981753379
9780985757762
9781401272012
9781427866653
9781447174257
9781550172164
9781550654646
9781566890021
9781566890465
9781581771459
9781590793053
9781771613248
9781771615082
9781773370286
9781857159172
9781885003829
9781927095690
9789371368971
9789373949420
9789387045255
9789390152148
9788125942634
9788126923731
9788178557151
9788182963948
9788182964686
9788185566511
9789350717431
9789388537650
9789394779488
9798259260511
9788170201007
9788172868505
9798291193488
9788126550791
9788492796830
9780824790516
9780916356941
9781580134255
9781636514826
9784862902498
9788125033318
9788125033325
9788125033707
9788170553236
9788170557746
9788170559559
9788170559757
9788190636292
9789367251256
9789382578727
9789391730062
9781743629093
9788131203231
9788172341572
9788172343163
9788178672052
9788433970473
9789355641199
9798274278287
9781537423326
9789358804119
9789390711321
9782322583256
9781960810472
9780143427711
9780330525893
9781447210863
9781447210894
9781523089062
9781569571811
9781786587572
9781835693889
9781835693933
9781835693940
9781835693964
9788126560028
9788126561292
9788126564545
9788126565177
9788172345556
9788175993334
9788175993341
9788175993716
9789359549590
9789366114613
9789366118734
9789380480572
9789381398791
9789381398944
9789381431146
9789381431733
9789385827815
9789394613041
9780190137106
9780199494583
9781032160740
9781542016551
9781542044196
9781542044219
9788121618540
9788121923941
9788121933452
9788121941570
9788122432626
9788125033332
9788125033349
9788125033356
9788125036357
9788126504664
9788131909256
9788131941904
9788131949313
9788170219828
9788170640882
9788170947349
9788171853755
9788174531391
9788174532480
9788181371881
9788183325714
9788184044768
9788184776782
9788185501000
9788187812234
9788187812654
9788189161309
9788189975647
9788190666893
9789327280074
9789350941065
9789351031697
9789351036753
9789351036814
9789351100089
9789352031726
9789352031740
9789356811256
9789361039751
9789380200132
9789380408026
9789380658407
9789381043493
9789382618393
9789382658566
9789383074792
9789384465056
9789386036803
9789386385925
9789386500854
9789387578609
9789388426107
9789810193645
9789810615598
9798183821093
9781541099142
9781600593789
9788178886305
9780750257916
9788171981472
9781560524731
9788126706891
9788893414142
9788125035787
9788125035800
9788125035817
9788172057053
9788178120713
9788193929025
9789348521149
9789352129270
9788172342395
9788181469359
9789389645293
9788125019022
9788125033363
9788125033370
9788125033387
9788125918998
9788184070330
9789350044193
9789350944608
9789351038269
9789351550143
9789388632294
9780615825335
9780615993959
9780670096879
9780711990821
9781082057793
9781497481879
9781507815267
9781536986648
9781720039327
9781728725475
9789355621252
9789372256192
9798262848065
9798265953407
9798266796454
9798266993099
9798267621304
9798267713047
9798267773836
9798268165012
9798281611138
9798288072994
9798288602610
9798292177449
9798293286584
9798294081706
9798296355904
9798296433374
9798298896559
9798299496840
9798304577038
9798307571866
9798312022056
9798321196472
9798321825464
9798327300972
9798328947947
9798344830537
9798359862158
9798372201224
9798375950525
9798394840432
9798460154586
9798509065101
9798544892489
9798630858641
9798645761189
9798731575997
9798835109906
9798843919153
9798847448079
9798848578386
9798860491649
9798861406062
9798884333215
9780739876411
9781907332562
9798892673990
9788883048616
9780431044361
9780431192901
9788125033394
9788125033400
9788125033417
9788125033424
9788125033431
9788125033448
9788126544905
9788170552864
9788178122182
9788178122373
9788181438133
9789359716503
9789387441262
9780030261220
9788131203507
9781626569492
9781788406161
9788199097636
9788869448911
9789360862428
9780205200634
9781550653670
9781550654028
9781550654264
9788183618502
9788187680307
9788192054001
9789349562400
9789350716687
9789367250853
9789367258620
9789381177112
9781495238406
9781495490323
9781496047885
9781496047915
9781496127129
9781496140357
9781497416543
9781497431690
9781497453074
9781499360998
9781499563962
9781499565287
9781499565324
9781500273095
9781500300524
9781500418090
9781500418328
9781500815103
9781502379931
9781502769275
9781505427165
9781505589511
9781508624004
9781511402286
9781512095814
9781512320770
9781514725634
9781514872116
9781515077374
9781515078104
9781515172116
9781518790577
9781523402984
9781523714377
9781530403806
9781533030665
9781533253408
9781533445360
9798233174940
9788492417315
9788497940368
9789381362310
9789385827310
9780864735294
9780864735997
9780864736048
9781580934633
9781594773846
9788126546220
9789386008275
9798892673563
9789380485140
9789381902639
9780471612025
9789369141029
9789389714883
9788859013785
9780190137205
9780190137229
9780190137236
9780190137243
9780190137656
9780273604242
9780947655617
9781435483224
9788121932615
9788125953005
9788131702284
9788131704370
9788131964156
9788173663192
9788182964372
9788186762899
9789350238936
9789351194767
9789351446347
9789351761457
9789352032884
9789354972911
9789356278271
9789356810396
9789358119954
9789364875202
9789367253175
9789367256770
9789367259474
9789382730200
9789388426305
9788126725311
9788126725335
9788499590547
9789358404241
9798176232974
9788184737240
9789360862459
9789387045385
9788500015212
9780857366962
9789389088038
9798249352547
9780143306511
9780143505723
9780753449387
9781509846771
9781509897520
9788126572458
9789354710681
9789354710841
9789354710964
9789359544045
9789381398876
9789386215055
9789388302098
9789393580269
9798235023499
9798235821316
9798235965904
9781429600378
9789332516649
9780857367006
9788131774366
9780385904230
9788885906884
9789367258989
9780375873430
9781561483945
9788126941834
9789385867194
9789386323767
9788170540847
9788181370075
9788192976075
9789311127033
9789355932129
9789361038143
9789361855153
9789367253243
9789367254882
9789371970587
9789385980466
9789389048766
9780889629929
9781550652581
9781550653120
9781550653212
9781550653229
9781550655421
9781771835008
9789686769005
9781107648456
9788478083947
9798301874970
9781861262202
9789390239689
9780606145572
9788178120904
9788178121628
9788178122595
9788186877357
9789367259764
9780606365000
9780606380591
9789389718935
9788489163829
9789390820290
9780582053892
9781147188646
9781493798742
9781569705728
9789351429104
9789373017075
9789948345480
9789948348108
9798215203644
9798218882181
9798223108979
9798223221982
9798227381811
9798227553638
9798231731855
9798233443763
9798243703949
9798244050103
9798293782451
9798296279293
9798297503373
9798299001044
9798342890397
9798559333090
9798644005871
9781508744825
9781537424361
9781539413943
9781540616128
9780749449131
9781405121583
9781608270156
9781608270163
9781838741518
9788120797765
9788121615730
9788121910163
9788121935272
9788122310443
9788122421101
9788122427271
9788126501649
9788126536443
9788126560714
9788126562695
9788130902968
9788131505809
9788131809709
9788131915530
9788131918418
9788170544234
9788170641056
9788170949947
9788170977988
9788174531445
9788176496070
9788178791302
9788180562228
9788184620276
9788184975666
9788186302040
9788188128037
9788188260027
9788189059491
9788189059521
9788195948420
9789348957863
9789350041772
9789350716694
9789350948941
9789351037477
9789351190868
9789352512942
9789352740703
9789355382894
9789360864217
9789369580996
9789380283968
9789380283982
9789380658155
9789381626450
9789381626771
9789381957196
9789382363026
9789382618379
9789382618881
9789383145591
9789383260096
9789383260188
9789384028237
9789384030506
9789384030964
9789385152849
9789385724282
9789385879111
9789386036834
9789386189134
9789386309013
9789386850232
9789386850249
9789387578449
9789387894297
9789387894303
9789387894631
9789388754316
9789395101622
9798903924936
9781967887095
9781539529644
9788126543885
9780297822752
9780769281131
9781495242779
9789390820276
9788126711161
9780521796187
9788131214954
9788131416679
9798129107823
9781770266926
9781846463693
9798231110605
9783829707329
9783829707398
9780981122403
9781461177777
9780748790821
9781442494411
9781605372884
9781909640290
9789347027871
9780190137212
9781629910604
9788121927727
9788129142269
9788183323543
9788193434888
9788871009070
9789350555934
9789350944516
9789352137954
9789367256572
9788424178802
9788424178819
9789681661755
9798293630622
9781401231835
9781512169669
9781616556471
9789391061760
9780794440763
9788178120416
9788189915735
9789385932557
9781511931281
9789350096741
9789371233361
9789387963436
9789390187294
9783525404010
9789325299832
9798233024870
9780670091515
9780752266558
9780753448397
9780753448403
9780857425904
9780860370987
9781501134845
9781509823239
9781740511421
9781740511438
9781878424495
9781913738242
9788126564538
9788126565139
9788126578849
9788126578979
9788126578986
9788172345563
9788175993396
9789351030386
9789359544816
9789381398524
9789381431870
9789385827976
9789386832993
9788122903652
9788125045830
9788178120300
9788178121130
9788181984340
9788199154155
9789350586037
9789350947265
9789361030055
9789367253342
9789372261554
9789380550305
9789380628660
9789380828152
9789386763716
9798233023620
9780333782118
9780785119845
9781926428222
9788170553014
9789348203274
9789350564042
9789355180896
9789369585830
9788183619424
9780713677553
9780756941086
9781869711290
9780978847647
9788498479133
9789348214331
9789385936777
9780972894029
9781905151707
9783443950569
9788120345911
9788121927383
9788121936590
9788124804858
9788131505700
9788131806296
9788131905623
9788173666377
9788174530196
9788182200203
9788182964181
9788183553339
9788183554909
9788184040050
9788189975654
9788190192804
9788195393718
9788196631338
9789364022149
9789381269527
9789383828609
9789384030322
9789384089948
9789386224613
9789386810458
9789390760978
9789391034702
9789381269480
9781857333541
9781505529463
9788894981131
9789389573237
9789387766488
9798180756329
9781844773558
9788126539239
9781449403102
9789351038528
9781474907170
9781627797986
9789313163299
9780199482153
9781590203064
9788125045847
9788125045878
9788178121741
9789350042755
9789351194750
9789373017167
9789380644318
9789387672314
9780072131710
9783865212382
9788125064060
9788126539512
9788881901487
9788125045854
9789356811836
9781616017712
9788188237999
9789383793204
9780815623199
9798253992791
9788853608659
9789352210275
9780521682596
9788125045823
9788125045861
9788173668401
9788175250376
9788178126586
9788185680255
9789311127781
9789351197263
9789356810839
9789360863692
9789367258606
9788126136582
9789370038691
9781611458732
9788126532018
9780385700139
9780771030109
9780875161969
9781782442592
9788126716098
9789313193432
9789394494466
9798887503653
9799788195121
9780143422372
9780241997116
9781405959919
9788122129533
9788125045885
9788126546770
9788170462828
9788173704024
9788178122755
9788178242927
9788199947351
9789352877546
9789357171663
9789360866662
9789369580743
9789373016948
9789376500789
9789395576642
9780521732963
9788184892819
9789390820221
9798266570146
9788131808085
9780857366979
9780857367242
9788120344617
9788120747432
9788126507788
9788126563869
9788126923090
9788131508534
9788131999110
9788171566686
9788171853632
9788171859474
9788173669040
9788173669385
9788174530202
9788174532183
9788174532411
9788175256972
9788176212458
9788178440484
9788181930637
9788184045062
9788184975550
9788185094779
9788416407361
9789311123851
9789350046821
9789351033578
9789351033592
9789351033608
9789351033615
9789351471257
9789352743483
9789352806072
9789367258804
9789380032894
9789380658025
9789383260812
9789385152726
9789385152832
9789385621222
9789386850201
9789386850393
9798874188092
9798903421442
9788427901025
9789324197962
9789350090817
9789390820023
9798294924102
9788489552128
9788491565116
9788869449338
9788883510847
9789360748784
9789387153271
9798293792672
9780199181599
9780370004617
9781565659360
9788126569991
9788120843417
9788125014560
9788125045892
9788170552543
9788170553021
9788181430496
9788181431226
9788181433831
9788194918349
9788196342319
9788449305399
9789372275650
9789381018996
9789386516268
9789391045265
9789391406738
9781540884510
9783161488122
9788185263441
9780262525138
9781422217931
9781409108221
9781592498482
9780613836982
9788122432244
9788125045816
9788126548545
9788130910864
9788131902974
9788131930939
9788131938492
9788178120478
9788178122427
9788180522062
9788184894615
9788184974331
9788187680239
9789311128818
9789325992252
9789350719947
9789353501525
9789373011547
9789386224842
9789694962931
9798272498328
9781366090737
9781259027512
9788181471758
9788131228234
9788181890092
9788125045908
9788178120287
9788178121758
9788194719502
9789363475243
9780853696438
9781840182491
9789352836673
9780606239646
9780606383073
9780910030229
9788126550784
9780190134242
9781539467540
9782283068731
9783443951085
9788125045915
9788178120218
9788188473199
9789311127736
9789352532018
9789370608900
9789373749723
9789385980855
9781539793717
9781423115397
9788131807019
9789389447019
9780241626474
9780241634523
9780385687843
9780385698207
9780735241381
9781039007956
9781039056480
9788119028634
9788119092062
9788119989997
9788122439823
9788122439830
9788122611861
9788126726936
9788126727322
9788126729708
9788126729906
9788174936028
9788174938572
9788175821606
9788177336566
9788178660103
9788187540571
9788189253752
9788190469913
9788190540155
9789327298017
9789349162495
9789351429944
9789356813588
9789356819795
9789359989235
9789360863074
9789360865108
9789360866068
9789360866174
9789371531726
9789387265189
9789390971282
9789392757136
9788126923175
9788178121406
9788179292150
9789352806133
9789960966687
9780393062762
9788433920942
9789356813205
9781976191459
9781976333620
9788415139256
9780143427476
9781349959556
9781471125263
9781501191732
9781509881093
9781804090909
9788126563371
9788126565689
9788126567232
9788126568031
9788126577460
9788126578863
9788126578887
9789381431283
9789386215468
9789389109191
9789394613119
9781418029982
9781543342963
9781849583855
9788125043249
9788125044598
9788125044604
9788125045786
9788171562039
9788171857791
9788173703119
9788178440378
9788189059224
9788875412524
9789311122441
9789311124223
9789348734600
9789367255407
9789373010137
9789373016566
9789385980442
9789389368079
9788123919454
9788181475473
9788483834169
9781862055896
9781401245214
9781574821161
9789374735541
9780190137977
9789312147207
9781848798069
9780000146441
9798215062715
9788124116333
9788124116814
9788125045809
9788180567308
9789351732556
9789386386823
9789373943817
9780957167902
9788497773614
9789948374459
9798215271506
9798249006471
9780829735611
9789354352096
9789371234559
9789387660922
9789350040690
9788178120812
9788896092873
9789358705003
9788123904771
9788123905938
9788131205471
9788131210314
9788862442664
9780241015728
9781607101444
9781741214338
9781984388322
9781178194586
9788496969599
9789339221393
9780552779111
9781743625804
9784863470071
9788121500302
9788121501330
9788121508735
9788125923442
9788126541768
9788126544769
9788126560844
9788126921232
9788131515082
9788170366782
9788170595632
9788170948315
9788170949138
9788170949510
9788172112936
9788172130800
9788173719356
9788174530400
9788176565431
9788179308301
9788180600906
9788181374882
9788182964204
9788184045673
9788184975611
9788186098141
9788187721161
9788187746126
9788188260003
9788188479764
9788188683154
9788189975869
9788193895184
9788199261341
9789350040515
9789350235096
9789350239544
9789350671306
9789350943892
9789351442134
9789351446330
9789351760146
9789352134137
9789352137008
9789361030451
9789367259931
9789373745190
9789380298399
9789381068397
9789381626092
9789382711087
9789384030070
9789384061371
9789385152429
9789385616402
9789385621284
9789385621338
9789385724039
9789385915321
9789385966637
9789386036636
9789386189059
9789386224453
9789386224804
9789387578500
9789388689755
9789391855093
9789391855314
9789391855321
9789391855482
9789392837890
9798241043016
9798344129068
9798903622337
9780808574439
9788126509843
9780930289409
9781580134378
9788126546268
9788126559152
9798288588105
9788123900087
9788123920047
9789382127833
9789388725774
9788122484649
9798821341730
9780201060386
9788125045793
9788125056454
9788186782774
9788190829274
9788194719588
9789352032891
9789381209271
9789386054784
9789387282223
9789387791381
9781971622361
9781989469132
9783836544306
9781401268756
9788126549788
9780915066506
9780930794668
9780952978718
9781035040209
9781401945831
9788185028835
9780891062264
9788125045779
9788178551920
9788183990868
9788183990981
9788193611951
9788193975626
9789356810327
9789356811461
9789373741345
9789385980374
9789388991117
9789390820511
9798593898074
9789325292055
9788126553136
9780540071395
9788126505708
9789311125282
9781548226367
9798279093847
9780195669459
9780809556526
9781405127264
9788120344549
9788121509077
9788122413656
9788124200537
9788126519385
9788173711596
9788184028768
9788184044522
9788186693605
9788186921807
9788187784609
9788192682815
9788192976006
9789312147160
9789325983373
9789350231029
9789352818150
9789356190436
9789356810402
9789382134824
9789385288494
9789388030441
9789391406721
9789392880346
9789812557148
9798902317395
9781444177213
9788480634939
9788488594358
9798233872341
9798863594798
9781535014823
9781537115368
9788125050858
9788171568352
9788175102811
9788175977068
9788183166935
9788188479139
9781537781860
9781539422297
9781541347335
9781541348318
9781542583022
9798196402524
9798390236413
9780340395165
9780671710439
9781434297433
9781852930349
9781860195846
9789387045729
9798258243041
9780976489405
9780571550098
9780571551248
9780571551828
9781423437871
9781788640008
9781858680255
9782122611579
9783943638028
9788131906125
9788182757455
9788192169033
9788198885722
9789311121536
9789311128757
9789352512300
9789352530540
9789373012520
9789373015378
9789373747774
9789373748375
9789381510308
9789390221011
9781739745844
9780019898423
9781539466628
9781542891981
9788170463221
9789385932564
9780836841114
9781595660121
9788131224632
9780340781746
9780888993045
9788123900520
9788126577743
9788126578894
9789380931876
9789382616368
9798217090150
9798217090167
9788121932585
9788125055303
9788170219774
9789312143162
9780606364010
9780812413908
9788488061454
9781539491873
9783958924604
9780367238377
9789386232076
9781319059545
9789386950765
9781855764354
9783695708819
9781545068199
9788124801307
9788125045762
9788126549139
9788172112820
9788178695433
9788180280085
9788182092341
9788185990910
9788187495253
9788187746393
9788193303658
9789389310610
9789395101936
9789694690391
9780689878756
9781541153165
9781543177183
9781545041062
9781546859611
9781609927882
9781889262505
9781910449561
9786070713804
9786070716751
9780282774585
9789388182188
9781512298390
9780194234436
9780141442211
9780979232879
9781595826350
9781609924959
9781408520659
9780749688110
9781569717585
9788171562527
9780143122289
9789351035817
9780431015040
9780613841139
9780739055830
9789354244766
9798303918665
9780948462399
9798255938483
9781421541402
9788182910485
9788122435351
9788126106691
9788131788028
9788131790977
9788170195009
9788175102767
9788180318924
9789352271399
9798901765265
9781439520116
9780241295427
9788184736137
9780750004589
9781545598061
9781548259655
9780521634830
9798254705680
9780861784141
9789392837449
9780553505696
9780861366316
9780521752176
9781595328090
9788899190002
9788193199329
9780974381428
9789373747385
9780948833151
9780948833670
9780948833885
9780983432654
9789948250715
9789948390510
9798241353238
9798272840073
9798293402137
9798215179673
9780553407860
9789381771372
9788176810067
9789996088391
9798304571432
9789681620332
9780891458722
9783407762153
9783695133703
9781558321939
9788195488667
9798255193639
9788129103888
9781402208331
9781603600361
9780857425843
9788869445668
9788126543380
9789350099728
9780321226419
9783788311698
9780195048834
9780071136396
9781850767701
9781401210229
9780712639187
9780224089753
9780708821381
9781402764585
9781850070856
9780133599367
9780746085882
9780785146032
9788126538119
9780606147484
9780606261746
9780606261753
9780670092772
9781436434430
9781902382470
9781902382562
9788126911592
9788126935741
9788126941568
9788126941698
9788126943005
9788170462996
9789352805990
9789353286392
9780545084949
9781843332510
9788895731162
9780794517878
9781857037272
9789381771365
9781179914022
9781277094121
9781406319927
9788178690230
9780131846999
9781406825527
9780439176576
9780715362839
9788893915113
9780752100401
9788899566012
9788415410171
9788415410515
9780442301521
9781607103295
9786070712968
9788415139539
9781847387486
9780802706232
9781403436511
9781429042796
9781783614004
9789383124466
9780061340918
9781435210462
9781501216916
9781501262999
9781784964610
9780486446325
9780739078051
9780964081055
9780954502560
9781849384506
9781419551895
9788478717804
9781908966438
9788415189596
9781418074272
9783863137045
9781647895464
9788184892475
9789389859478
9780174402664
9781897913338
9798296191427
9780140055412
9780443073373
9780330454070
9781009418539
9780521706308
9781444147971
9780333962220
9780813121291
9781448852444
9780989082105
9781545018064
9781606902660
9781404816718
9788860745187
9780804202596
9788175102804
9788181780959
9788199254886
9789971973971
9798218846480
9798902072270
9788474966343
9798271222849
9780140365757
9780352338495
9780736423861
9781107659292
9788886083911
9780785151319
9788840008004
9780857508416
9780948158322
9780600380405
9781497636019
9780140184143
9780340711668
9780606265287
9780606362634
9780613647939
9781405005241
9780890424681
9780903031462
9780956992093
9781285191508
9781431431793
9781436434065
9783861538752
9783934167407
9798199610070
9798289933775
9780214200175
9781401926557
9788566025262
9798223522904
9780600322009
9780715399309
9781855979383
9789172991552
9783899983814
9781519228819
9781519396242
9781906217426
9783965150225
9781517419042
9786303124414
9798275902907
9798277834442
9780732289775
9781844560875
9781927099568
9788126510504
9788868981815
9781845977573
9781902382548
9781904634812
9781906613006
9781906613013
9781906613037
9781906613075
9781906613112
9780671719272
9780748752713
9780975912928
9786078560608
9788418041082
9780340849385
9781901306064
9780545987912
9798242241688
9780812966176
9780736482493
9780739081518
9780825418099
9781408309261
9781616558512
9781616559090
9781934941355
9789707701359
9788894278729
9780345500366
9781409908456
9781481411509
9781595190741
9788424106416
9780615427386
9780919897625
9780824829063
9780747595229
9780521752251
9780739852569
9781595667182
9780525420804
9781920769079
9781845071394
9780307397560
9780746096529
9781538088739
9788823016163
9798307652503
9780340803745
9781405500883
9780794419349
9780961709907
9781807384906
9788894154979
9788887655889
9781871177299
9781906784157
9781550289848
9781909266247
9780174343257
9788418418082
9781847281074
9780304307692
9788478648818
9781403431882
9780749420123
9780170113014
9781603600330
9783952204863
9780471972686
9783987022340
9781417675074
9781784751319
9788854408074
9780582469235
9780785768500
9780938577201
9780006224884
9780723239949
9780920717523
9781870941136
9780333902271
9798233612060
9780749427863
9788580445275
9781845071226
9788854858305
9780199174546
9781408142479
9780752530635
9798869782724
9781848106307
9781845572327
9781845572341
9781923570740
9780709174707
9783945676905
9788183822497
9781403432834
9781435800083
9781861975744
9788412407082
9780880450362
9781431431731
9781431431748
9781431431861
9781474953085
9783959930727
9788432310126
9788869260667
9781537563329
9781590694459
9780715379721
9780606324106
9782889217304
9788120407916
9781405446679
9781590360613
9780195406894
9788409297627
9788490700785
9782070374526
9780595003518
9781894936460
9788492966585
9788171678303
9781680102239
9781409915690
9781500730949
9781849144360
9782070489978
9780976823315
9781631403866
9780736803274
9781906613020
9781906613105
9781906613372
9781910367087
9781910367094
9781910367339
9788499111773
9780719572494
9781445101132
9781849089302
9780230611337
9780396076186
9788186332238
9780752891781
9781902618272
9780099403234
9783864853128
9781316603451
9781416917502
9789707702851
9780812407488
9781405474085
9781405474092
9781508656241
9781514120460
9788823010048
9781784409975
9788179933176
9789380619255
9780340803738
9781859860076
9788869163326
9781587789007
9798864181362
9781583408063
9788175963498
9781407122342
9780713654523
9781932333350
9798233298769
9780340857687
9780132890427
9780330374057
9780713661736
9781684059553
9788125923329
9781838779986
9788499241197
9781445131474
9780080450377
9780375834127
9781432905842
9781783613601
9788179913253
9788179935408
9789351292708
9789759540609
9788531209512
9788888693323
9781401208424
9781840282535
9781410216595
9788189645274
9780618098453
9788409325399
9780582330832
9780606363723
9780780752917
9780721632452
9781930332010
9780978177430
9781731605979
9781739971694
9798231241125
9798233798931
9798242142657
9798243947381
9798245640327
9798245937823
9798245963563
9798248250462
9798251959369
9798264618246
9798264738661
9798264886799
9798266194816
9798267855761
9798268264166
9798269915388
9798270432706
9798272304599
9798272736925
9798272953575
9798275560824
9798275678109
9798275934137
9798279028337
9798279379842
9798285497936
9798288680847
9798289642943
9798290065045
9798293741793
9798294734992
9798335266048
9781426224140
9780486420592
9789353333744
9781406821147