9780397473069
9788131266182
9780781726047
9780735402331
9788131272053
9789348631282
9789997618894
9780781733403
9783527336791
9788168518247
9781111290283
9788195601288
9788126141746
9788126132560
9780007266036
9781464113901
9780131549883
9780321568748
9781922169006
9780205004171
9789385891755
9781457625657
9780132802000
9780137136803
9780198529941
9781118670873
9780470420263
9780787945008
9780321518132
9780470551431
9781259764370
9780077492779
9780470587249
9789390616411
9780132911719
9780521598651
9780321591746
9780817298173
9780135096581
9780816069613
9780547055565
9781285056654
9783433017142
9780321766274
9780750672900
9780683072129
9783540906445
9780789739674
9780470007228
9781464110023
9780975587607
9780138147686
9780713452044
9780870624179
9783836549042
9781412991889
9780763741419
9781439824764
9781429238021
9781612280790
9781118583852
9781907697289
9781583215340
9780030671838
9781504671422
9781601469434
9781416001850
9780136002550
9783161529986
9780761441816
9781788825542
9781457625619
9781429294096
9783111301471
9780335216635
9781412991223
9781429668347
9780618858484
9780905214818
9780131597501
9780323098946
9781592602797
9780132862554
9781432910389
9788131708125
9780131149120
9781429217422
9781853127458
9781118118085
9781452259093
9780962607653
9780321693303
9781256756552
9780136111528
9781432959906
9780415816410
9780815329763
9781931442381
9780727914217
9781410955241
9781432951474
9780618926091
9789380239217
9780198065647
9780666367594
9781587134111
9780761817130
9780470054611
9781429288828
9780756548124
9781476562230
9780130266163
9780836893083
9780321196507
9780321169006
9780836840353
9781432980795
9781452243023
9781483364810
9789041136053
9781596472631
9781842656914
9781429225090
9780791084625
9781429258678
9780618715909
9781451118308
9780131027503
9781429636575
9780132381413
9780201793444
9780131678736
9780131331310
9781464130649
9781429285315
9780414018167
9780321939159
9780136090120
9781429244435
9781429239813
9781609135102
9780763792206
9780716775737
9783161499340
9781781542101
9781781542118
9781781541937
9781781541944
9781781541739
9780395258019
9780135106839
9780321600592
9781429228206
9781429222747
9780754666646
9780321758415
9781615308095
9780321595362
9781627125918
9780131361386
9780395299104
9781429271066
9780536001610
9780321898166
9780321636638
9780131748668
9780131748729
9781319082659
9780321354303
9780567381224
9780470546086
9780824044312
9780321613844
9780321573162
9780321598042
9780781700115
9780824794576
9783718651405
9781439826133
9780127100135
9780470627044
9781429296809
9780077212551
9780789757258
9780749476069
9781118837016
9781457642395
9780791080504
9781601460943
9780521755160
9781464114106
9780471664499
9783642129254
9783642123702
9780521649933
9780131074996
9781429211024
9780470408681
9780816083046
9781464115585
9781448848690
9781429291897
9781410941817
9781412989657
9789810223106
9781412983068
9780970304575
9781627125925
9781627125871
9780131241138
9780791072509
9781506307237
9781457644979
9780325002590
9780072510096
9781457618970
9781410944023
9788481741209
9781615902637
9780761430407
9780761434344
9780761434870
9780761448907
9780761427957
9780761428039
9780761440840
9780761440758
9780761428190
9780761434634
9780131692916
9780321561343
9780131419490
9781464120237
9781464110573
9781457625404
9781476578392
9781464113987
9780030787539
9780072826418
9781842657447
9789390185337
9781118072066
9780879502027
9781118104187
9783131420718
9780321169051
9780321157195
9781452258355
9781457648083
9781845860615
9781493808328
9781506706399
9781118492925
9780521126199
9780879936822
9780321691200
9780521549264
9781608312986
9781248990056
9781429228800
9781429226400
9780558689001
9780748797042
9780132913768
9780137026111
9780324656107
9780131748743
9783111101378
9780756544881
9780205686735
9780205697717
9780136079224
9781259382420
9781464119484
9789124252878
9781432990220
9781432935719
9780395258026
9780739852620
9780321738813
9780205652938
9781416002611
9781457623264
9781608700820
9780618463268
9781457638404
9783111188584
9781429212595
9780131843820
9781464138270
9780470825853
9780395649626
9783825340827
9781432980856
9780201730586
9780787939908
9780596801595
9781898924951
9780851255101
9781433202421
9781432920586
9780130717931
9781432907976
9781428380516
9781420073249
9780077341626
9780132346450
9781108020091
9781452270654
9781483365367
9780312476595
9780321656629
9780470509739
9780132662666
9789380642802
9788176291507
9788481747430
9781601466280
9780387005423
9780321518590
9781441993373
9780521750127
9781432903398
9781412996747
9780321675972
9781432911867
9781410960139
9781432959579
9781457601361
9781482404401
9781464133800
9781464124112
9781464120220
9789774247767
9780205682157
9789815124019
9780321195999
9780415676656
9780618813889
9780335221806
9780495604242
9780753139578
9780323068840
9789355784544
9781432943943
9781435836044
9780307700810
9780132666909
9780566027680
9781403458544
9780172140094
9780138148324
9780321508614
9781108009812
9780195516203
9780321205407
9781457624834
9780134640105
9781905538461
9781605344812
9783111280813
9783111265292
9789027915719
9783111293257
9783111867878
9783111185286
9783111202761
9783111184500
9783111311951
9780791084465
9783110327762
9783111152912
9783111292984
9783111000657
9783111147833
9783111257105
9780132368476
9780516297651
9783111114408
9783111114422
9781464115905
9780134796758
9781410933805
9789356983779
9780393613810
9780321559074
9781887368667
9781603274463
9781412989640
9781119964018
9781111540838
9781107020269
9780314267177
9780516293141
9780470889480
9780072487497
9780714657202
9781432996406
9781464119446
9781904842453
9780190304485
9780300026184
9781473602274
9781469856780
9781406240146
9780825163661
9781457622366
9781457631528
9780824770884
9788183246958
9788171009435
9788126100552
9788126101764
9788126104178
9788126526031
9780072448092
9780312580438
9781464130632
9780205462636
9781118107041
9783827411501
9781457632068
9782817802091
9781441780751
9780312476427
9781433292705
9781441707031
9788195313020
9780321124456
9780470148945
9780735575660
9781457646362
9781457647192
9780312649852
9780205753734
9789350715376
9781111427368
9781464128349
9781464152856
9780130764331
9780415377959
9781862876835
9780340950210
9781444121391
9780073323817
9780131636910
9780953254668
9789061863724
9781588902443
9780618738205
9780312213671
9781429201490
9781464112331
9780132497916
9781259659140
9781464117497
9781464114243
9781403479136
9780470973905
9781412982108
9780786181780
9780521750110
9780415198691
9780786180776
9780786181797
9780135049211
9780786103966
9783515080682
9781441778253
9780521753531
9780786180769
9781441160928
9780786101085
9780335235667
9781429232920
9780791080696
9789042926714
9781452270487
9780808044628
9780789756510
9781506307244
9781783530724
9780134099064
9781118636503
9781118636589
9781842656990
9783790821925
9780471752318
9780312675523
9781432945848
9780131639492
9780387576640
9780824062552
9781118097960
9780470879948
9780470914243
9780824028541
9780323085816
9781429253482
9780471727224
9780443066757
9780138023386
9783825325060
9781410945280
9781441783097
9780321654373
9781457617874
9781504653640
9780124172968
9788481740639
9780547070254
9781429201407
9780823970810
9781457609190
9780791087756
9781464131516
9780131271043
9780536016614
9781464113888
9780132460712
9780735588882
9789056991845
9788172233518
9789077833155
9781457648533
9780134531915
9780547144436
9780618739776
9780131783355
9780470008225
9781457641282
9781429225847
9780132176439
9781457640971
9780321854629
9781406239645
9780837162331
9780748634200
9780853697299
9781457659591
9780470388136
9781594911132
9789041132901
9789041133328
9781926633183
9789386552129
9788130933733
9781844677801
9781457634352
9780312475949
9781457621857
9780205700509
9781452272160
9781567664225
9780761415473
9780761448662
9780761448600
9781457624049
9780321668936
9780312648824
9781454831419
9781457632822
9780321620118
9781457638077
9781457638084
9780547083728
9780131238510
9781452278643
9781559384575
9781559381062
9780762306091
9781412980852
9780136154303
9783110347821
9780312650292
9780321944764
9780321571076
9780136089780
9781259766558
9788183156042
9788193779743
9788184730678
9780471525318
9780205001736
9781464134463
9781406227697
9781412991902
9780131527041
9781457641084
9780134244730
9782503523316
9782503520933
9780131782297
9780321475572
9780205753604
9780471677437
9781457637803
9781429253437
9781429225465
9781449687373
9788471793102
9780132772389
9780335209682
9781567200324
9780205630684
9780133406764
9781457620133
9781429271332
9780444517630
9780415734172
9781118129951
9781457648106
9780134244808
9780321245687
9781429256476
9780750669863
9781256668756
9780134264547
9780782150247
9780470907221
9780879502010
9781861349644
9781403478870
9781844079582
9780131081291
9780230550612
9780863779428
9780781727402
9781433202810
9781457668012
9781457668067
9780137067589
9781611491807
9780748770052
9780470154625
9781429265836
9780205049141
9780131477193
9781429677172
9781429665292
9780072874228
9780554002422
9780618702176
9781433291289
9781457606755
9781402044021
9781479585250
9780131329478
9780321464842
9781441772671
9789385485299
9781118025062
9780133969887
9781457625275
9780395599693
9781118893401
9780683301427
9781856047586
9781452270708
9781412991131
9781305251281
9780198478157
9789402418330
9780470427552
9780470304884
9781337251952
9780205861989
9781429238717
9781410959478
9781457629259
9780470128435
9781406237924
9781412982139
9789360323936
9780618375851
9781567662351
9781429269438
9780321322173
9780131135000
9781476503714
9780078039430
9781476574295
9780201787276
9780201326222
9781412973250
9780131238480
9781429200653
9780131238503
9780789568472
9782503536538
9780134399751
9780205775415
9781627122375
9781627122207
9780748763757
9781412987332
9781555766603
9780131436336
9781555766634
9781842900864
9781616571351
9781842901618
9781555766641
9781555766610
9781555766627
9780321185563
9780312655532
9781906124823
9780748798407
9781843341659
9781904602521
9781611482393
9780808038672
9780470834435
9781319084486
9780782141603
9781405118941
9781416037712
9780312678777
9781457600562
9781118645222
9780312589592
9781429271592
9788184482034
9780750687263
9780133075939
9780836872460
9780415435888
9781457641367
9781432910310
9781452290065
9781259640865
9780820600017
9781429238908
9788176291682
9788126106509
9789381906149
9780387509778
9780716775843
9780323097253
9780230518094
9781457666179
9781108057486
9781457645068
9781457645075
9781612289762
9781457637926
9788126515141
9789380937519
9788171003747
9780230546837
9780321468475
9781452270463
9781412999052
9780863888168
9781452270975
9781457616358
9780470176092
9789381496886
9789392958182
9789349413528
9780312623838
9780431193748
9780857853462
9781935488064
9780321632432
9788180616693
9780174248132
9780761416388
9780761404088
9780132148115
9780618901043
9780782129502
9780853086987
9781859661666
9781859661673
9781455133741
9781433291562
9781118271780
9781455117543
9780567044624
9780735673861
9780132683449
9780071818568
9780393970524
9780137018239
9781841847108
9781441795137
9781452258638
9781457648090
9780415414326
9780415467971
9781118738153
9781118738337
9783261044068
9780865773851
9780753127162
9780470682647
9781597010344
9781587624407
9781455701957
9780323057165
9781412991124
9781405156660
9781433206627
9780786101580
9780132255998
9789390748198
9781469209531
9780134015705
9781444792393
9781260011302
9780137138043
9780205657285
9781588295668
9781587655388
9781587655432
9780131079205
9780335220922
9789349218482
9780954769512
9780071784177
9780896034631
9780792350415
9781601462367
9780787944476
9783540516781
9783540057352
9783540185550
9783540196235
9780786162222
9780521752046
9780521752022
9781843830993
9780786161089
9780521752015
9780787962616
9781468404326
9780814717899
9780387539614
9781111308841
9780313257797
9789089790101
9780981511894
9781461287766
9781905721498
9781601468192
9781118821145
9781680831801
9780205805303
9780205805297
9780205751488
9781429669085
9780896402829
9781607180654
9780312649173
9780131238541
9780205476473
9788186190692
9780312546229
9783038214342
9781452272153
9783038212034
9780763781484
9780415571531
9789347779114
9780194306720
9780194306713
9780194306737
9780789728913
9780321513366
9781425802592
9781594911408
9781457640858
9781483359816
9781452270715
9781429235211
9780133388978
9781464126123
9780312588595
9781457634208
9780205603855
9781902957296
9781457639289
9781457625268
9780816038183
9781292160450
9781457623257
9780324160512
9780321916839
9781429238175
9781483344942
9781939986122
9780205672080
9781464128080
9780323318730
9781457646775
9780205762361
9780836862218
9780205654697
9781841695532
9781410932358
9780321773395
9780786183906
9780470176368
9781434241160
9780750613354
9781464126420
9781410932365
9781611482478
9780205858477
9783540530510
9781457639005
9789041125385
9781859661628
9780893560188
9781118752067
9781433288661
9780893560171
9781429213417
9781859661642
9783527303342
9780748627844
9780816083503
9780801672460
9780781797856
9781429224567
9780415942133
9780230220942
9780397515226
9781859661635
9780753103661
9781587656347
9783865210197
9781902375083
9780174016793
9781575722818
9781457666445
9781429287869
9781622752867
9781622751204
9780340948064
9781429235082
9781429247139
9781118908129
9781842656860
9780312484453
9780312621742
9781429282246
9781457611094
9781429284585
9780205168439
9781464165337
9780205821655
9780736825689
9781457614903
9780194306744
9780321941787
9780131193956
9781457622311
9780130344977
9781580531856
9788183240871
9788126138067
9788123922263
9789347778896
9781841962184
9780415728874
9780071842181
9780205510108
9780131043800
9781429211017
9780323053907
9780205661763
9780312649838
9781429232456
9780340946008
9781850082972
9780415676878
9780781743495
9780836893113
9780131038998
9780618451715
9780761404095
9789810224448
9788126555840
9781454830269
9780415629959
9780817247546
9780205780280
9781457626845
9781457611629
9780132693813
9781452286570
9780761409045
9781457622182
9781506340319
9781452640525
9780077440541
9780312691639
9780199263011
9780312589660
9780312589233
9780273710400
9780312692681
9781457621048
9780132182126
9780312589608
9780716770817
9781457620980
9788167010124
9781292147048
9788131265819
9789394881273
9781842901755
9781470820947
9780791094594
9780735659476
9780325071244
9780071753050
9781482914764
9780842029131
9781433260889
9780879500375
9781842901731
9780827368163
9780321454331
9783034602372
9781557664600
9780849303807
9781842835814
9780815133995
9781111540050
9780768017151
9780131122055
9780340965672
9781558999879
9781587144172
9781611491029
9781119071549
9783825330231
9781454830290
9781907697272
9780471436638
9780333973820
9781457638893
9781907975561
9781444323689
9781439047859
9780193870604
9780273738985
9781457631696
9781890018474
9780763756802
9781412991186
9780387569796
9781457666438
9780205598557
9781457625183
9780312471507
9781457606892
9781457613609
9780205432400
9780321886828
9780521732376
9781452286563
9788176497985
9788178796826
9781843982197
9788180384967
9780566076725
9781457633775
9781457618284
9780312610944
9780312595753
9781457643378
9781422219188
9780131061873
9781118860687
9781457666469
9780836835656
9781457623806
9781859661505
9780205611607
9781429235426
9780321504845
9780321720993
9780205549757
9781457639937
9781457616495
9780130606259
9780547134789
9780786144273
9780763754310
9781433211843
9781412992169
9780312680718
9781611481853
9780134225548
9781403462794
9781607542889
9780321390998
9780323063678
9780205003440
9780321618832
9781457659089
9781554079780
9781592290567
9781592290611
9780199236459
9780230114586
9780230115828
9781843342557
9781742148199
9781848852754
9781742142012
9781427228185
9781412987912
9781448853618
9781552211724
9780708322574
9781934267042
9781403914972
9781887368988
9780230603936
9781137023063
9780883188125
9781553392019
9783034607322
9780813826004
9781464143229
9781153528009
9780323058803
9780803978386
9780312589202
9780077328252
9780312589165
9781680830248
9780198758228
9780198759423
9780877456575
9781608453207
9780521657259
9780198793953
9780198793960
9781611685510
9781559386555
9781457634376
9781457636998
9780836865622
9781404219847
9781602703285
9783111797755
9780131725607
9783111781150
9781742145723
9781412980722
9780313269479
9781118553022
9780471495710
9780789739698
9780312580940
9780312544928
9781406221213
9781400144990
9780130721013
9789353151874
9780936826004
9781911096542
9780819178930
9781457624353
9782213631707
9780819447487
9781457633393
9781457618130
9788198560506
9781457648069
9781457614125
9781457614118
9780312561338
9780312489885
9781457614194
9781457614132
9781506323121
9780205797479
9788131315705
9789382215080
9788124201701
9788131218402
9788495275257
9789360326661
9789358874266
9780444504159
9780133393453
9780201730746
9780321468871
9780470929681
9780471110767
9780030321061
9781483316468
9781483316642
9781457609183
9781457640315
9780470333426
9781454831259
9780131060517
9781457609954
9788412903492
9780854044047
9780132045803
9788190100090
9783527411474
9783527407453
9780312652630
9780131605220
9780618492831
9781118519837
9781464115783
9781464115790
9788363678166
9781457633416
9780205602834
9780826489784
9781441191984
9781118908075
9781439898369
9780323098137
9788173570872
9781408287293
9788170192503
9780415682718
9780415170741
9781433215438
9780470694367
9780749423384
9780850334784
9781400131938
9781441760067
9781742146348
9780132479592
9780786144938
9783540929451
9780471442288
9780618874248
9780230220393
9780759363595
9780071547253
9781597564168
9781857546453
9780761996910
9780781749855
9781597564175
9781285060538
9780865422957
9781420092066
9781463798185
9781597564151
9781485101277
9781429214681
9781400132621
9781907343209
9780321903723
9780321939692
9783849562793
9781400140640
9781400140473
9781400137497
9781469024349
9781606998731
9785458296809
9781603585095
9783845703084
9789387481244
9780791080689
9781841741536
9780312385972
9780521173599
9781457622069
9781457621871
9780072422450
9780750688291
9789385999833
9788480866125
9780470388129
9781429287777
9781403441041
9780153682216
9781502751522
9780131893238
9780781762540
9789812480132
9781590332092
9781451116311
9780554025216
9780865772373
9788131266571
9781601468796
9781452290607
9781410962669
9781457609039
9781410947000
9780203997345
9781506378145
9781107629134
9781457627736
9781464135309
9780030370380
9781845926649
9780470038543
9780130396488
9781457643392
9789971509200
9780547183442
9781412991353
9781860642999
9781506307299
9781454830276
9780135032695
9788126558100
9788776020514
9788126141340
9789381308752
9788185016412
9788189582777
9788126136711
9788172246396
9789386682628
9780810123021
9780312678135
9788885570290
9781853338427
9780117022669
9781457640612
9780237514945
9781457638671
9780237515232
9780538798983
9780240522814
9781429226844
9781406250077
9780077241025
9780071629256
9780323043205
9781483351155
9780761409595
9781429259538
9780205703975
9781873732144
9781933810171
9780521639323
9780205215409
9781858112947
9780547133355
9781133312567
9780321858733
9780132907415
9781504642101
9781457633973
9780321459503
9781032918099
9788190815406
9781904905202
9780787982867
9781849660747
9781845190385
9781615741687
9781457653568
9780812116946
9780554002262
9781457653438
9781455116799
9780130781895
9781575865836
9780672329524
9781457640148
9780340632123
9780312227548
9780253353368
9780879500962
9780131240964
9781615741618
9781593857011
9780879501969
9780970067562
9781587051180
9781556236990
9781457653711
9781467650823
9780879501853
9781457653704
9781412979184
9781936603251
9781482932218
9780230019577
9780230614857
9780521649575
9781910889022
9780809310043
9780983150077
9781601982025
9780692218181
9780809310036
9781452270883
9781483300207
9781611131901
9781107607712
9781859643716
9781482988581
9780321483140
9781464117275
9781316641293
9781316641323
9780312681739
9780134110417
9788126106530
9781573403566
9780078203411
9781578080861
9781444177084
9780136793175
9783515082167
9780312631024
9780312662240
9781560322849
9780534623746
9781850082453
9781457648205
9781483351124
9780393156263
9780134085623
9789386261144
9781904761266
9781457633126
9780132462310
9780131094239
9789580492573
9789390616428
9780132721424
9780321974518
9780072870114
9780072530247
9780780806429
9780312594213
9781464147555
9781433214318
9780321444097
9781108578509
9781108565844
9780773449190
9780554006970
9780030400148
9780323043083
9780205620142
9780275948696
9781457667923
9781429215480
9780134089911
9780134089904
9781259249495
9788126106264
9789351070818
9781457612206
9780536580894
9780321916723
9780321916730
9781457609978
9780470159194
9780970863355
9780077236373
9780312539818
9780761940739
9781848290228
9780135110676
9781608318452
9780763714383
9780470178034
9780849309922
9780130829276
9781432978457
9781464142192
9781464142215
9781410942869
9781566252768
9781483317687
9780470178041
9782503516448
9781457661235
9781452632360
9780205001637
9781452636399
9780840054241
9780836872811
9781845646462
9781441189622
9781107642812
9781432996321
9781457666254
9788950924577
9780803979765
9780201599657
9780205772384
9780761439677
9781856287111
9781457643347
9781457608681
9780955807428
9781457643354
9780133398502
9780077197353
9780077197391
9780078051791
9781457624193
9781457633003
9780131423794
9780395737644
9780444502230
9788126545292
9781615306350
9780791801970
9789381308806
9780521549257
9781437879292
9781478980162
9781478980001
9780071767217
9780789740250
9780632055340
9780137040360
9780321553737
9781606407110
9781842171813
9783038216155
9781442601116
9781464146695
9780071760638
9781841134628
9781616578749
9781611204544
9781433277054
9783540038184
9788185017532
9780861404650
9780857091963
9781433253782
9781433270109
9781842173756
9781441803863
9781455802203
9788415123187
9780619058906
9781611061970
9781743190456
9783860254684
9780750622295
9781433215834
9783540026457
9783540463719
9781133524991
9781852339067
9783540042068
9780786103799
9780879422646
9780387580753
9780763786731
9783322872166
9783211800928
9780831133771
9781904842514
9780340971130
9781588744296
9780130875587
9781400143245
9781400144051
9781400137183
9781400134779
9781400141647
9781400136575
9780735659483
9780735659469
9780174247579
9781469024202
9781400136162
9781400145539
9781400144204
9781491542187
9789332701502
9781580818445
9780734611543
9781464126154
9780421691407
9780077289195
9780240821269
9780312616557
9781429232913
9781457615061
9783540170891
9780547194431
9781243452726
9781937246570
9781937246549
9781937246532
9781880854266
9781937246556
9781601468130
9781457648014
9781441765840
9780554006963
9781457657597
9781464138072
9781243462848
9781243603753
9781243596352
9781243600080
9781243785824
9781249041641
9781243484147
9781248951392
9781244788589
9781244758131
9781243482464
9781243494788
9781243464989
9781243687319
9781243583895
9781243430526
9781243402257
9781244605107
9781244601765
9781244600256
9781457661266
9781249843290
9781243877512
9781243987266
9781244754812
9781244684218
9781244087521
9781244096707
9781244104303
9781244104907
9781243544407
9781244018112
9781243713391
9781243707666
9781243698858
9781244015920
9781243557148
9781243547453
9781244594739
9781243853363
9781243816733
9781244597464
9781244580558
9781244584044
9781244078390
9781244076594
9781243525109
9781249081913
9781244613232
9781243677983
9781243804839
9781243800473
9781243781611
9781243618931
9781243634856
9781243660831
9781243815712
9781243748904
9781243767523
9781243776846
9781244694118
9781244743717
9781171346289
9780312604448
9780823971787
9789388983396
9781594911057
9781406227376
9781611492569
9783825315887
9780321876027
9789386464392
9780333924297
9780470425053
9780470955482
9780141198279
9780412539909
9781562437732
9781416065944
9788415123569
9780756544775
9781844802982
9781449638320
9781416025795
9788180619588
9780340986684
9781483351179
9780134662114
9780408003568
9781457625602
9781844072569
9780981464602
9780521126939
9780773438866
9780773450110
9780199128105
9780174023180
9780421908703
9781457651960
9788126100293
9789381308875
9788193727942
9788189582791
9788178885391
9788174885142
9788171322251
9789382215677
9780131022157
9788126539222
9781844673926
9781111319885
9781435481480
9780819150325
9780470571637
9781452258867
9781457633966
9781071649299
9781841100739
9781898723912
9780131641372
9780131044524
9781585771394
9781562438098
9780131920682
9780875272955
9781849730488
9789031355037
9780745328805
9780618990801
9780857852793
9781907176869
9780312583910
9781594911422
9781457661242
9780702041334
9780130209443
9780113410835
9780470948484
9781562530587
9789384245771
9789359513348
9781483350899
9780198307389
9781258087142
9781845644963
9780554000916
9781457659683
9780787959654
9780871718099
9781457636561
9780312539757
9780860936480
9783718654031
9780470596456
9780205842162
9781418915995
9780321621993
9780007351169
9789390128402
9780321840707
9781607758235
9780716529330
9780521648899
9780521648950
9781455123483
9781433276415
9780804730693
9780903067348
9780521649063
9781457616310
9781605148519
9781455870745
9783515085267
9781619697713
9781742148182
9780521649087
9780521648974
9780521667609
9781907461194
9781616379858
9780323065429
9780631224334
9780323054898
9780205988518
9780761949602
9781905221523
9781118207161
9780801898679
9781613470572
9781680831887
9789382993278
9783447059169
9780062434739
9781444132465
9780992876937
9780734611321
9780321636423
9781845927295
9781845924997
9780321741714
9788488825353
9781789760118
9781483339382
9780134090054
9788168536517
9780134038773
9780781753661
9781906863739
9789366164687
9780397517886
9780395550748
9780750665377
9780078052064
9781457636301
9780072422467
9780072837834
9780521727815
9780131890435
9780521666558
9780618952274
9780273723028
9780756726256
9780201877366
9789387598676
9789388266819
9788172112011
9789350718643
9789388983433
9780763790837
9780137820467
9780786158133
9788496921153
9780786161775
9780786159864
9780875813851
9781550092950
9781401890582
9781464128103
9781464128240
9780470906217
9780757881350
9781171279730
9781107630833
9781258342517
9780076000449
9780075844921
9780716770848
9781429274357
9780312485764
9780071825405
9781429212205
9781418859404
9780130878007
9780554000756
9781107631908
9788126106554
9789383999040
9789380833996
9788193315743
9788185066424
9788131300077
9788172247874
9789383181056
9788183243001
9788126138180
9781041025399
9780495560784
9780763753122
9788130913001
9788168518292
9780130122476
9780470589472
9780748778492
9783368041342
9783382043377
9783382132552
9783382148362
9783382149802
9783382036669
9783368133931
9783382164645
9783368813833
9783382156855
9783382138509
9783368905217
9783382321383
9781594912320
9781427284907
9781427281807
9781483351131
9780495805908
9781437868852
9780757546006
9780618751259
9789383794096
9781172028900
9788131224700
9780130289070
9780761404415
9789389714760
9780321858061
9780748782734
9780131609778
9780201410198
9780521681810
9780534392406
9781111314040
9780312647308
9788131262818
9781418914349
9781418916954
9788131245903
9781590597439
9781433268212
9781590595954
9781433276576
9781455112241
9781470827434
9781566370660
9780596801939
9789058562982
9781906403485
9781841131535
9781841101996
9780735659452
9780764545832
9781441729576
9781441723765
9781433291449
9781615459070
9781615458677
9789380040004
9780819426147
9781118658789
9781589796454
9781583215531
9781441781000
9781430244134
9781573923057
9781441778611
9781441729736
9780071767903
9780735667167
9780132914710
9780071798624
9781400137596
9780312473198
9781430234166
9781605149301
9780749465865
9781615876938
9781617072260
9781583215128
9781576106921
9781441752628
9781441737908
9781615455843
9786155225314
9781455815579
9781843310112
9781842654835
9780470410233
9780538743662
9780195629613
9780240521145
9780195126068
9780195331844
9780747309031
9781906403614
9781909384590
9780786168095
9781420023268
9780781757881
9780763785604
9780820476643
9780786168200
9781584503743
9780750650175
9781482942262
9781428366619
9781931777872
9781432970994
9781432970956
9781575910802
9788175241145
9781408262887
9781504648769
9781483005690
9781459618794
9781400145089
9781400148615
9781118692752
9780692421864
9780132626514
9780470438381
9780912912110
9780974655680
9780714122670
9780749476359
9781470023348
9780984824823
9781400136599
9781781392584
9783667104106
9781400135936
9781504611343
9780692506134
9781480584969
9781522690085
9781491593493
9780792782483
9780884327288
9780814471241
9781619540705
9781627341707
9780313208652
9780470647240
9785518631052
9785519210775
9785518883017
9785518896390
9785518917798
9785518821286
9785518956155
9781921523328
9785518450257
9785518547735
9785518985896
9785518985360
9785518837843
9780199403530
9785518543744
9785519168847
9785518499430
9781848891593
9785519003407
9780470144503
9780471441694
9781464165535
9781457667558
9781176774339
9780781794053
9780312679675
9780521727839
9781259683466
9780748712946
9781464128219
9780905705972
9780521786317
9783515070508
9780071449076
9788189619855
9781904868743
9780195366495
9781361003824
9781374775640
9781374692046
9781361238721
9781374689657
9781361330623
9781361235812
9781361427491
9781240403981
9781425816872
9780387569970
9780309078719
9781284037739
9781457625169
9780131094222
9780874201314
9780787978761
9788787564809
9781457657443
9780324320053
9780761329824
9789360539771
9789357125994
9781588901231
9789283311249
9780521669160
9780312649722
9781933762197
9781403416209
9781846220104
9780312571856
9781844893256
9781032319315
9780739832660
9780321656537
9789382159872
9789372191462
9788170192237
9780321682581
9780757855788
9781457655760
9781405157957
9780521597494
9781457622083
9780521701563
9780538744362
9780536575845
9780131875425
9782503991276
9781410940025
9780613919517
9781107526969
9780521690416
9781118139752
9788170418375
9788189582746
9788180303043
9789380833811
9789380833972
9781133115335
9781457618475
9781416067061
9798235913356
9780195612042
9781177505567
9781412902342
9780312672997
9780955812408
9788186830420
9780103850788
9788131272008
9788175152175
9780860936558
9788196715595
9789366602745
9788956055909
9781107674714
9780786185412
9780072458589
9781858112930
9781319123529
9780538441575
9781440216824
9781432956646
9781432948450
9781861250636
9781604270365
9780470189313
9781400141340
9789287039316
9780133462562
9781440216763
9789391088019
9781550593372
9789391297336
9781432938178
9780787997748
9780077261986
9780414017351
9780133849462
9780205584994
9781408259870
9788468118468
9798235340688
9788184481747
9781428318960
9780716727897
9781578082872
9781850704201
9780321466020
9780739883136
9780470771020
9780787971069
9780195472264
9780521639392
9780470903681
9781606405154
9781405160605
9780787954567
9781850745990
9781616376345
9780536587596
9781619698581
9780521639408
9780787942533
9780786175796
9781455157419
9780471593683
9780472071562
9780521639385
9780787976439
9783642368912
9780814746271
9780787995676
9788496969605
9788180616365
9783832907457
9780884151036
9780470863503
9781908849106
9781457634178
9781608127306
9780787953386
9781441761064
9781441715128
9780787948788
9780387551708
9783368053994
9780786145904
9780071392365
9781856955102
9780702166518
9780631230298
9783368043667
9781933804279
9781433228537
9781433214264
9783643110718
9781483085197
9781119131625
9781932559545
9781118948101
9781119403562
9780788505751
9780792782452
9789144055404
9781504658201
9781472529510
9781603320030
9781258620431
9781138867536
9781933804514
9781842652879
9781905538263
9780321558961
9789359712369
9789357129367
9788131312568
9780536018960
9780132862042
9780205929009
9789348631565
9780443281099
9781483347332
9780780802292
9781601466341
9781457610394
9781433276941
9788193326558
9781602704688
9780073528700
9789814401180
9780521690157
9781111527846
9780077481384
9780536018878
9781410943309
9780750633666
9780851868042
9780007345151
9781405194570
9781432938697
9788171416073
9789351529552
9781433921759
9781607181811
9780756545901
9781583473740
9780734611642
9780124200265
9781107652354
9781171939139
9780312582388
9780312582364
9780130892706
9789067642255
9780205009947
9780205011537
9780131609785
9781419006258
9780536282149
9780321893291
9780134508757
9780134506692
9780134508641
9781404211636
9780313269769
9780323044912
9781842651988
9780852882962
9781920694265
9780787947309
9781841101736
9780495599845
9780134672458
9781270256335
9781491583883
9781425816858
9781418926007
9780389208846
9780511056468
9789350357484
9789373108803
9780757853562
9780312612269
9781457621345
9780836889352
9780230517899
9780230225084
9781410225771
9781843396567
9783382025984
9780521681742
9780135070826
9781406211801
9780898748451
9781404876453
9780521702751
9780521702775
9780534465773
9780820402611
9780619044602
9780521702782
9780522867596
9781564841582
9781258518714
9781258816568
9780312677442
9780739882238
9788170418870
9788183240123
9788126112814
9789381138656
9788174884381
9788126137978
9788189582784
9780240509716
9789393875013
9788190757720
9789350355992
9789382332169
9789390078202
9782809902037
9789388548687
9789383154234
9781592292462
9798268541564
9788126560769
9781457651984
9780470529584
9781410945846
9781444104615
9780073308951
9780209626195
9780091857011
9780195203851
9780421706705
9780099268321
9781408263310
9780618662890
9780195633542
9788178886725
9789357130868
9780136115632
9780321993106
9798899760556
9789812384225
9781424000791
9780763798314
9780813691763
9780521649285
9780554020976
9781107631076
9781107695603
9781258876418
9781457604881
9780470388211
9789394076228
9780133675740
9788131263464
9788192761701
9780412792304
9788189617295
9780727731036
9781594911040
9780071623377
9788126560776
9781464146671
9781464146619
9783161464249
9781441184009
9789785991086
9780978778125
9781842655412
9781578398690
9789394991057
9780132756518
9780321898364
9780391042476
9780262050685
9781449359959
9781455887378
9781562437510
9780672336171
9781430223931
9780132435895
9780735625983
9781118338407
9781619698697
9780071663441
9780415285919
9780070417779
9780721675022
9789185657032
9780672333101
9780521681797
9781118561843
9780596009311
9780521577151
9781590595367
9781578065004
9781430226383
9781418907075
9781607756293
9781598959338
9780672334382
9781576106914
9781449327446
9780789750846
9781455885046
9781743196076
9781469204680
9781455883790
9781743195949
9781572246461
9781931796255
9780470715529
9780070271890
9781433267772
9781470837402
9781581101195
9781560276449
9783827419828
9780415469272
9780415441209
9780886293338
9781876991388
9780908975624
9781936420421
9780786112487
9780805893564
9780745635835
9780750636681
9780763780074
9780786102181
9783764364670
9781904424222
9788416315260
9780071140676
9789355429131
9780860030812
9780566025235
9781934555965
9780735286771
9781787110267
9781934555958
9780957410565
9781481533782
9781400019878
9780985943332
9781259587818
9781478930280
9781452603940
9781400136506
9780071625197
9789652081766
9789056625207
9780321660480
9781481514392
9781520081670
9781504615082
9781501161766
9781942231073
9785518700659
9785519152990
9785518685161
9785518678880
9785518626744
9781429003940
9781138940901
9780898201734
9785518705272
9785518717237
9780964960237
9780995482067
9785519352475
9785518737310
9785519138123
9785518623880
9785518456846
9785518875524
9785518770201
9785518943285
9780643096592
9780471452454
9789384092917
9780876590614
9785519269940
9785519168571
9785519194921
9785518994362
9785519094504
9780271037448
9780199402083
9785519120357
9785518449473
9781604944334
9785519168557
9785519164405
9785519162937
9781935430735
9781772262629
9781412904667
9781149372371
9788183690027
9781234123338
9781464136801
9788176292191
9788184721515
9780471487449
9788131266274
9788184894219
9781851821952
9780762301232
9780878938360
9780536665164
9780815114345
9781337898805
9788497042741
9798253568361
9780739875759
9783631518984
9780739843772
9788121108072
9780881326253
9789383656578
9781890018603
9780930011727
9781936280032
9783515068512
9780130940889
9780735583481
9789173465366
9781856176477
9781856176484
9780314602749
9781374674448
9781361426203
9781374687226
9781361034927
9781361122242
9781361168042
9781361418505
9781361305225
9789089790200
9788192853741
9781483017327
9781361199091
9781374811928
9781361437469
9789089790361
9781249371267
9781361276976
9781374800458
9780307700704
9781412942010
9781457627965
9780559086519
9781177073578
9780837150574
9780016356025
9781457659829
9789361259197
9781483318455
9783662600795
9781432967666
9789332707276
9780000014689
9781292271378
9781586034016
9780906522455
9780521648844
9788496969049
9780132667364
9781858113302
9780521639439
9780275992002
9780786199280
9780735659025
9780340983522
9781444137675
9781432969462
9781410942074
9781432943127
9780435078836
9781408505045
9781611901863
9789357122740
9781240794874
9781452631721
9781171330615
9781408505090
9781258816063
9781138969353
9781258905101
9780618528479
9781258503017
9781258272722
9781432987602
9780072563214
9781457659232
9780205960200
9781147263848
9781416027041
9780415604086
9780072948981
9781599631868
9781484117309
9781903436479
9780077192891
9780078005190
9780205019540
9782804144739
9781432976118
9781575254364
9789079761951
9781107685550
9789358990027
9789814822015
9780312486075
9789047301264
9781583214015
9780312699338
9781563929526
9781430229971
9781440216770
9780138005672
9780521701686
9781413018424
9780877655435
9780763799823
9781424000784
9780763542511
9781152512887
9780470903285
9781886489127
9781932226003
9781844144044
9783825359072
9780471269397
9781133611523
9781258597160
9781258530921
9781258079697
9780131997936
9780321294098
9780131487444
9780131490017
9780321241733
9780131867499
9780754604150
9780136122999
9780134506753
9780134506630
9789881590237
9788126117741
9788189913076
9788177649468
9788184551570
9788188719396
9789380096209
9788197133398
9789380937809
9788176291132
9788190179904
9788190250801
9789380096223
9789380033907
9788130715032
9789380937267
9788174881434
9788126134762
9789380096421
9780141369433
9788171795222
9780897070300
9788186757024
9781416061649
9780131538313
9780471965572
9780697076618
9781416027881
9789393875402
9780268078508
9780335234752
9789987080151
9781457615153
9780781796866
9780199812592
9788126529728
9788190698207
9781110763290
9781443724708
9780071766029
9780174015505
9781427252197
9781171331179
9780202648569
9780900918247
9780618854479
9780174203872
9780548959527
9788170191964
9789372195507
9788170191919
9789381950517
9781457622762
9780582779976
9788490540398
9781177871327
9781143946301
9781277298741
9789350715949
9781444104752
9780670919307
9788893740593
9780275928629
9781412981033
9780130651105
9780135106228
9781445601458
9780205605088
9780131618169
9788199888173
9788180385889
9788131266106
9788131261125
9788131218679
9781841589404
9780807323694
9780132761536
9780071827447
9781861563774
9780865773974
9780857869043
9780227679944
9780201775020
9780321862471
9781616579883
9781858945835
9780871704979
9780819194572
9780954445669
9780854440085
9781118682876
9781430234197
9781617290725
9780385367707
9780802779793
9780735627062
9780470661079
9781435459786
9781598957983
9781598951318
9781562057114
9780132417990
9789371700245
9788198139245
9781452291260
9781844451517
9781884133718
9781470808815
9781586831141
9781433215001
9781441744678
9781433292729
9781433267789
9781433293443
9781455157679
9781455127627
9781482941098
9781433219931
9781441722775
9788496650046
9781433253140
9781433201943
9780415849449
9780749464370
9780786121373
9781432939212
9780415652018
9780596009847
9780786108169
9781433245800
9788173715716
9780387513935
9781935444428
9781551439563
9781619030473
9781611637410
9780814438428
9781883357788
9780399565922
9781475183184
9783849563592
9783849566777
9781541407039
9781446504918
9781511309851
9781171284017
9785519190565
9781258731984
9781441787972
9785519173780
9785518815568
9785518675315
9785518549678
9785518482272
9780954446635
9785518660441
9781258374730
9785518836082
9785519103350
9785519168830
9785519168861
9785518798106
9785519073684
9785518850361
9785518846050
9785518752689
9785518898721
9785519187763
9785519272131
9785518457294
9785519461221
9781455155330
9785519478526
9781470887650
9781258502362
9785519011532
9781784623975
9785518867741
9781455155255
9785518901612
9785518980280
9785519006866
9781139065801
9780324380415
9781848765825
9780324380613
9781139093774
9781412906029
9781139080347
9781405130936
9783827413574
9780522848519
9780760054765
9780735584334
9781906033132
9781167140013
9788196332938
9781176799790
9789360329129
9781177556606
9781172667741
9781171649120
9780195672893
9781406211948
9781847875600
9780205490806
9789388668910
9781435351363
9788180388880
9788192136714
9781844882397
9780198472391
9780198310358
9783382113384
9781619330856
9789351243878
9780321837042
9780134083339
9781905264728
9780007462766
9780237537678
9780710628190
9780237532383
9780237523862
9789375378341
9781921361722
9781562534059
9780890897355
9780748791613
9781473310995
9788170194415
9780321999955
9789393168474
9781171284598
9781437483741
9780774827690
9781609273781
9780131617575
9780674188532
9780674280472
9780674284807
9781496306180
9781115764346
9781174902796
9781149064962
9781177302623
9780521648721
9781908271112
9789350702093
9789368089476
9781443729895
9789393511072
9789393511294
9788122139686
9788177550955
9780691600680
9789381942185
9781118559215
9780470988060
9788180388989
9780521595759
9781457642272
9781403429421
9780803163157
9781410931528
9780790610924
9780521592895
9781412980982
9781934015070
9781841101248
9780632048779
9781876944308
9780415676663
9781412990677
9780878554812
9780817623425
9780808400899
9781115770842
9780559720918
9781908064035
9781258073527
9781742758282
9781258950972
9781424001255
9780761429555
9780761429487
9781432960278
9780639842035
9781393805700
9780538678490
9781625240705
9781625240811
9781625240804
9780130353993
9781172411061
9781178287059
9788171795437
9780471650393
9780199192755
9781443725552
9788990831965
9781932634846
9780495807858
9789394991217
9781932634006
9780511128271
9781307575187
9780471233190
9781936280162
9780880335003
9780836872118
9781936280223
9789575518998
9780819421050
9781578399826
9780028019154
9781856176415
9780415376761
9780761436454
9780761436430
9780761436478
9780761436416
9780761436461
9780761436485
9781781394731
9780160930355
9781782188490
9789349247864
9780548369364
9780199401925
9781258082475
9788122139358
9780077381431
9783896579805
9789287045379
9781941384213
9781177309998
9781172601011
9780511128714
9788122122886
9788122105599
9788195676996
9781107624276
9783839117057
9780198471752
9780306500145
9780313233555
9788179104637
9788187818137
9788176464925
9788126104123
9789380239101
9788126124411
9788170417705
9788171325689
9788126113873
9788126120994
9788170417217
9788131236567
9789350292112
9780757557194
9781884964831
9780470773062
9788131201114
9788172247850
9788126545049
9789351070696
9788131218327
9789351073598
9780470821497
9781907794193
9783382176501
9781932634136
9780325002583
9789356981447
9780030069543
9781234092993
9788180615610
9789355426550
9780443046759
9781419005862
9781419028793
9789688901991
9780398077501
9781412903257
9781856175159
9781403416018
9781265975951
9780194776318
9780194727754
9780321697967
9780194776257
9780470284575
9788178298733
9781115511254
9781116892628
9789357604031
9781425816827
9781478410966
9781258058104
9781258706166
9781258962227
9781478426806
9781258107369
9781412811149
9780985714697
9788956606231
9789350876251
9788933840825
9788170892090
9781105742279
9780205539956
9788415046769
9781177336895
9781177344845
9781143977978
9781173148621
9781172380497
9781149451366
9781289546533
9781176867079
9781178198324
9780321365408
9781585035281
9781594912382
9781412987905
9781841671567
9781580010726
9781781270875
9788131273739
9781780761633
9780534517311
9781845922085
9782940411979
9781118710975
9781550027778
9780321978042
9781781270899
9788122140330
9789393405135
9780312445614
9788119109050
9780367444907
9789382291213
9780554008707
9781457660634
9781457660610
9780811496674
9781598597622
9780321948137
9781898924371
9781850328933
9781449338589
9780764507922
9781455808885
9781850328926
9781609812713
9781430230069
9780132317269
9781904999072
9781932563290
9780131466159
9781615877515
9780764549342
9780138024833
9780137025756
9781615877454
9781616578190
9781869691592
9781430229070
9781605146683
9781606407011
9781400106691
9781430228714
9781590594360
9780761523062
9781610691758
9780071828093
9780735652484
9780672330667
9781430272335
9780596004378
9781430234104
9781608459162
9780230279834
9781469208374
9781590594148
9780816068524
9780324314465
9781566047982
9780230293564
9781590594155
9781617077708
9780782123906
9781137286758
9780131248953
9780735710818
9780816068531
9780735673809
9780804148436
9789251058794
9780764532801
9780205550074
9781609810825
9781455884841
9781469220635
9781441878205
9781455893249
9781455860692
9781455812363
9781847329165
9781844159406
9781842654354
9781908967169
9781852334734
9780786189694
9780596005610
9780763790080
9781742702087
9781430106326
9780471287049
9781613214114
9781565922853
9781937585211
9781937585280
9780902664982
9780855753887
9780786103393
9781903855171
9780786190119
9781441791368
9781470847814
9781441769190
9781430106609
9781560328360
9786041013315
9781504612043
9781400110476
9780078052149
9780321645159
9780198415367
9781863357104
9786071600622
9781934267202
9781932813388
9789287038937
9781612294230
9781611764635
9781596820722
9781615040605
9781843821793
9781908689245
9781338159691
9781400101931
9780850367201
9781447469179
9781469031071
9781459650107
9781452606330
9780974694313
9780986030550
9780993367205
9781504763721
9781558993921
9781171252597
9781558994676
9781455810123
9780133886139
9780814438435
9780794825577
9780792769927
9781434495266
9781432920265
9781538423172
9781434496447
9781597311076
9781567513073
9781258082659
9781258085339
9781497345461
9781258732400
9781434493255
9781504714761
9781441778642
9781434493231
9781258547561
9781772262872
9781743042038
9781258389833
9781906403706
9789201780560
9789774164101
9781878978592
9781743042175
9783943185300
9781860647178
9781847372437
9789353932770
9781457648267
9780954622244
9781435340701
9780470616383
9784648034993
9789381890486
9781149504963
9781477781661
9781177032698
9781147611038
9781176821873
9780874139563
9788412605440
9798235855601
9780205557028
9780174021063
9781848688674
9780536013088
9789390616374
9788181914842
9788121513319
9788197282874
9788187504955
9789350354100
9781041312598
9781457660474
9788171416080
9788178790275
9789381308394
9788126539208
9789381308905
9781844254736
9781860645808
9781845133412
9780071494212
9780764548314
9782848440491
9780321553119
9781842655153
9780781774017
9781906033101
9780849317170
9780803999657
9780137000531
9780767404228
9780789702951
9780136324645
9788492796168
9780697110589
9781898563228
9780316936231
9789349247369
9780864312358
9781258428327
9788535246865
9780801669514
9783825820978
9781933102030
9781444110067
9780071189811
9781558994331
9781117785486
9781459617179
9781558997691
9789387077461
9789386376909
9789392330629
9788169867382
9781860150395
9781432940126
9788432915147
9780153192319
9781934354179
9780618591510
9781877523458
9781877523434
9781877523441
9780321615251
9781177200240
9781175753168
9781249012405
9781245789332
9781245804011
9781175623201
9781176744066
9781177272513
9781176774599
9781143165603
9781149389928
9781148732107
9781278998640
9789706866349
9781294654520
9781173154561
9781293512050
9781176931534
9781173201746
9781171951421
9781171629757
9781177088794
9781171854920
9781149599822
9781177217224
9781174903458
9781149427880
9781173192587
9781176862524
9781173213237
9781171530787
9781171940531
9781171888154
9781149417737
9781177398305
9781176303676
9781149554838
9781149323298
9781149573525
9781149565117
9781177851244
9789353637330
9781880192337
9780321693860
9780982452202
9781644936399
9780879802141
9780875530710
9789348816726
9780987052506
9780685116531
9780789209603
9782831572031
9780767918114
9782711612345
9781647920623
9789356030558
9780521669238
9781556739897
9789359517582
9780521532464
9780131485532
9781403471185
9781936280049
9780131445413
9780199608393
9780395655146
9781904558750
9781905541270
9780415406499
9780624049388
9789353588670
9780789751720
9781897518830
9781458782205
9781486156894
9780198355175
9781270640714
9781458716545
9781445567839
9781458777843
9781490991818
9781422404393
9788177025217
9780894135422
9781432976279
9781258706449
9781258252120
9781478424611
9780962530005
9780977295302
9780658016417
9781177291293
9781176636415
9780704201606
9788126005901
9781173092870
9781420053203
9781174840852
9780793395477
9781176246386
9781175492500
9780635018250
9781177274937
9781932173253
9788176299442
9783382016784
9781777554606
9788131229033
9781293146910
9781276838030
9781286085547
9781172370993
9781178348187
9781403486639
9781172397525
9781149340493
9780971597501
9781171948636
9780899380087
9781177086486
9781149345627
9781177085212
9781176975125
9781174942860
9781177091435
9780892030583
9781172649518
9781586854713
9781171514589
9781240158898
9781172313273
9781171966968
9781176303430
9781177112314
9781173179748
9781178318357
9781177191951
9780962467646
9780912568195
9781149391051
9781176002838
9781149549599
9781176339781
9781149528297
9781149357941
9781176520905
9781245655163
9781173192563
9781174933264
9781173222680
9781170972564
9781177178884
9781271781232
9781175993328
9781149284452
9780944817612
9781173169794
9781176558281
9781176786950
9781173192464
9781176694842
9781176592445
9780929895161
9780791061251
9780932807410
9780933670082
9781410962485
9781565770096
9780841671652
9783527700219
9781412999250
9780873525893
9780831133313
9780071285964
9781781035597
9781615222889
9780735626003
9780768539301
9781934144145
9780197832684
9781032452623
9781068293757
9780954435738
9780735625846
9780398072834
9780941283038
9780974206110
9781740668941
9781905582488
9780865776517
9780865776470
9780865776500
9780865776463
9788992920391
9781889031873
9789364487122
9788126122394
9788195267446
9788126137442
9788126119714
9788175348059
9788170170358
9788185019116
9789380780559
9789371267113
9789353638672
9788186234716
9789389321661
9789381308622
9789350391792
9789390831807
9789309220029
9780198782773
9780534029623
9788196242459
9781602871793
9788481095357
9781905582501
9788935207732
9780521579254
9780521014106
9780462005195
9788778381323
9780521654371
9780791076927
9780521579414
9780521579261
9780462005249
9781868885725
9781458779083
9781558993167
9781558993341
9781558994508
9781118605301
9781558998209
9780615119403
9789390581474
9788198885784
9780868406947
9780752890579
9780324374421
9781933339542
9781842776315
9780521681766
9781850220268
9781153457668
9781562536817
9781849141628
9781115232135
9781408629482
9781459610552
9781458759900
9781447425557
9781443781244
9781409968689
9781116320992
9781458767929
9780554986005
9781440525247
9781478407287
9780910743167
9781258487591
9781258015367
9781478426110
9781258573799
9781618123299
9781258753542
9780321745569
9788184480559
9781163479742
9781165215584
9781245842297
9781248059906
9781245082464
9781178189155
9781178099430
9781171926023
9781177349932
9781177492966
9781171854548
9781175393265
9781146360180
9781149357934
9781176462519
9781176354869
9781172612918
9781175473219
9781171614739
9781171538325
9781171710653
9781172575305
9781177141116
9781177085342
9781149530429
9781149426418
9781178458671
9781149581865
9781172323036
9781172305513
9781171927150
9781144693105
9781171926283
9781172209927
9781177767842
9780761525783
9781176588752
9781171940760
9781149379042
9781172138005
9781171951384
9781172137282
9781143568626
9781148227368
9781148779935
9781116871319
9781176298156
9781171940746
9781177504140
9781173194468
9781177910163
9781177752589
9781585034758
9789685131001
9781585010851
9780511029790
9780982401507
9789462401297
9780830694440
9788448132569
9780471683636
9780443287619
9781573873734
9780471015369
9781444112474
9780566055324
9781432964184
9781432964399
9781432981259
9780130714763
9780945819837
9780635020024
9780930878634
9781616081270
9788189619107
9789381308967
9788131315989
9788175242807
9780735624184
9788176251471
9789380096797
9780071072984
9788190151719
9788182741843
9788193315736
9780131132108
9783827412904
9780793398959
9789833993413
9789833993437
9780367413774
9788193727980
9789389991215
9789357780001
9780074632987
9780874190083
9788130929736
9780131181717
9780131516298
9789810594596
9788251923859
9780867348347
9780387540726
9781258045906
9789350701898
9780878550548
9781429632157
9781116389371
9781445532172
9781406505894
9780133833027
9780198355229
9780559110344
9780072531756
9780760322956
9781484610046
9781484608913
9781478424918
9781907222252
9781478426325
9781258040147
9781258593315
9781258310424
9781618128874
9780778728696
9780775905892
9780791071885
9780673351012
9786188123229
9780679427001
9780793147687
9780743901727
9781457661730
9781566440400
9780836878516
9781587110252
9781452292588
9789402418194
9781599203171
9788860981868
9781599203201
9781848376878
9781400021802
9781599201009
9781176597587
9781176593664
9781177101493
9781176843271
9781171626527
9781176441071
9781177263191
9781171660651
9781172535842
9781177284950
9781178290172
9781245695251
9781107545595
9781145685093
9781172418336
9781177495981
9781171926252
9781177801577
9781149286975
9781171942825
9781172253111
9781147797572
9781171936916
9781176393028
9781176383227
9781177346535
9788171796588
9781177781305
9781173314507
9781173194239
9781171940807
9781172091188
9781170441206
9781178299410
9781149357927
9781149562284
9781176405950
9781149342299
9781171735694
9781173147914
9781171804420
9781171768067
9781177133630
9781171923909
9781245394338
9781245150477
9781277090871
9781171632061
9781277677461
9781277233711
9781178062083
9781178210972
9781176268487
9781176215856
9781171349266
9781171925156
9781177534260
9781171925408
9780787983222
9781172304417
9780895050175
9780850321654
9780815506416
9781850082255
9780133046311
9780810111011
9780486464091
9781408506240
9781434242853
9781934068038
9780981646619
9781848983212
9781848983199
9781848983236
9781410220295
9781457648274
9781457648199
9781457648298
9780471116363
9780763518240
9781870973335
9780077197469
9780824524906
9780198471431
9789393511454
9780198471592
9780321730961
9780217945912
9780321748164
9780321744982
9789570832877
9781634637022
9781457660603
9780174017448
9780521649520
9780074703410
9781404258396
9780375762352
9780918544339
9780963144157
9789353124885
9780080489704
9788126545537
9780525936602
9780761508731
9780321180582
9780850337570
9780195797992
9780672330513
9780735677180
9780754820680
9780395639092
9780735711181
9780735648104
9780522848069
9781860570148
9781602525719
9781425802653
9780735656826
9781402794896
9781118582534
9781615875054
9781449364014
9781576109410
9780131866881
9781843313908
9781845534226
9780872876705
9780850337556
9780789747389
9780787995683
9780973411270
9780857091840
9781427228505
9781904218005
9782915359244
9781849141642
9780850337617
9780754820710
9780137026739
9781617530432
9781441145598
9780749465025
9780124558496
9781441795090
9780470821466
9781442642041
9780674053380
9780863723148
9781448648177
9781118639016
9781118638989
9780978812621
9781843105312
9781565925489
9781562760984
9781905740970
9781872870120
9780753107232
9781905740956
9781844544844
9781933998404
9781845204464
9789681681364
9780979627323
9781599718941
9789994455584
9781613471432
9781107408913
9781911439080
9781107408135
9781107409163
9781478914372
9780321529275
9781259835339
9781627054911
9780470402825
9780544310575
9780385360999
9780199327768
9781478950165
9781452607764
9781240158430
9781400114054
9781400106127
9781400106578
9781932813289
9781932813890
9781932813319
9781400119875
9781445504063
9781400114207
9780143431374
9781366555533
9780321804631
9781452606392
9781847192523
9780554266022
9781400111640
9781447469018
9780735626614
9780195517286
9781470853105
9781608850716
9780837602035
9781441791436
9781497043978
9781478409182
9781504726801
9781608851263
9781938077609
9781921867309
9780863140204
9781478425632
9781478426653
9781483035079
9781478431589
9781478424291
9780814434581
9780985714628
9780776623405
9781514186039
9785518457690
9780787222789
9780671825324
9781420507911
9780153237980
9789356986367
9781841063249
9780141196343
9788184047837
9781107607682
9780764171864
9781932634167
9781932634129
9781179301136
9781175733511
9781171927037
9781178224320
9781175912626
9781171535065
9781171598428
9781173193782
9781171402428
9781175452399
9781177099295
9781171942931
9781173166168
9781176901896
9781175513120
9781171927129
9781178346923
9781171942900
9781171942856
9781177697699
9781177690348
9781177455732
9781245792219
9781296464950
9781287748076
9781172489367
9781172335510
9781172255740
9781178088663
9781177910750
9781178234299
9781172613380
9781176599130
9781177428231
9781148367170
9781457661471
9781178357363
9781245696340
9781173181826
9781173188382
9781170149676
9781141874088
9781149532539
9781176597907
9781175192929
9781173284350
9781174655111
9781175092946
9781176552517
9781145343931
9781144584496
9781149570272
9781177162692
9781147587555
9781176242494
9781176398726
9781149458686
9781149488102
9781149501986
9781148738895
9781171290971
9781143163678
9781142563370
9781144244789
9781143977381
9781581735925
9780750685351
9788935208210
9789355427397
9781130288834
9789357127332
9789380164069
9780967609201
9780072519969
9788169690904
9781848680388
9780531024201
9780413777201
9781285049472
9788185638119
9781032032818
9780913207079
9788126555772
9781430224259
9781593272197
9781430216544
9781430209652
9789372195767
9788170190035
9788170190745
9788170192763
9788170191810
9781907446948
9781538217160
9788468114668
9781579218300
9780809271009
9780321693426
9781589851153
9780823989461
9789381390207
9789706515018
9781886156579
9781432909918
9789351072416
9780385016520
9780217889377
9781591139669
9788130914381
9788171799909
9788993699111
9780321123855
9781843680819
9781932735369
9780199272594
9780809314058
9780321115676
9789251040744
9781780220161
9781410930606
9781410930637
9781410930590
9781410930620
9789390128785
9781555049935
9781889372730
9780963387707
9786074570960
9781897151013
9786074110364
9781408240168
9781850084297
9780793810468
9781440525353
9781410941800
9781430261124
9781171355953
9781406523966
9781270655008
9781270710486
9781316623879
9781406792195
9782278102198
9781931832205
9781497043961
9781618125651
9781478413714
9781497044029
9780716005858
9780755204533
9780718500252
9789384920852
9781862274600
9780071262972
9780965987110
9788196264642
9780195677867
9789386882974
9780780334663
9789360387228
9780312479121
9789389859485
9789394163577
9789347778094
9789385891663
9780190050948
9780898751864
9789382037118
9789368085959
9789355858870
9781496604873
9789357471145
9789355425324
9781177292009
9781146336079
9781144645074
9781171994947
9781172016914
9781176454965
9781171970774
9781173100049
9781172501113
9781172447985
9781147193299
9781149267202
9781175129529
9781175960535
9781178511246
9781171994145
9781143979422
9781173114039
9781171942849
9781149327227
9781176292611
9781287807889
9781177085182
9781288247134
9781177139496
9781172195220
9781171910787
9781171891932
9781177130172
9781171873013
9781172195060
9781176678521
9781177420129
9781179263649
9781245653343
9781248555989
9781149530238
9781177562058
9781172156221
9781172142880
9781177662123
9781178307085
9781178092790
9781177674553
9781177769181
9781149449059
9781149435915
9781177366052
9781171938996
9781171924715
9781171925361
9781177240291
9781177994927
9781177395533
9781294484493
9781171555568
9781142856656
9781176971417
9781149471531
9781149508282
9781142061357
9781176884984
9781176724617
9781276736398
9781178003642
9781177367677
9781177268356
9781177277105
9781177241014
9781177423007
9781177449434
9781178074161
9781149594711
9780739891377
9789862165539
9780132254786
9783161482106
9789505501250
9783319029153
9789356987418
9780857333964
9781432965273
9781904722274
9780071495752
9789681344061
9780757534553
9780074710883
9780977309900
9780802093134
9780071615440
9780732920012
9780323054843
9781860645013
9788496969193
9781742700328
9780415307567
9780954998196
9788377852798
9780827325258
9780367475826
9788950925000
9781432951047
9781907166037
9780833096074
9789395185325
9789395185714
9780321645777
9781842651704
9780153333323
9780321292780
9780321092564
9780153333781
9780153333804
9780153333262
9780321267719
9789357349598
9781897609361
9788171797622
9780761328339
9780071369404
9780153461460
9789394501928
9788131231258
9780134267227
9780130862044
9788971848579
9789388918572
9798218920616
9780961599584
9780871973900
9788176297226
9789349413061
9781435339736
9781932563030
9781405123846
9789355425256
9789391055431
9781848416529
9780952421719
9788126549764
9781852526672
9780521579186
9780237541248
9780174017431
9788181914996
9780571295012
9781842652572
9781405162272
9781883114107
9780786149759
9781441745460
9781470824556
9780786103539
9781441704764
9781433293993
9780230518117
9780786108671
9781856177382
9781433289064
9781433256813
9781890114381
9781441772572
9780819180674
9780324108019
9781412978231
9781594604607
9780764536410
9780748770151
9780721693934
9780559347870
9780559093104
9781427259196
9781103868278
9781103136988
9781447469032
9781116804591
9781138010666
9780415762137
9781138011359
9780203303191
9781592247486
9781434464026
9781618124074
9781482970968
9781478431534
9781538459874
9781470888695
9781434473417
9781433251566
9780130412928
9780841607392
9781929685066
9780975925157
9781429271394
9780273762577
9780199738076
9780890870570
9780895299840
9781625881472
9784874174104
9780635066725
9783030301521
9781177401296
9781176926028
9781177182270
9781177092777
9781177196819
9781177185394
9781178445435
9781178441154
9781178432343
9781177031486
9781176991651
9781240416776
9781403446855
9781178220520
9781172549085
9781172489725
9781178057362
9781178012859
9781178012606
9781172414697
9781176975200
9781176947436
9781178427417
9781178259353
9781178228892
9781177237024
9781177198769
9781172489206
9781172489114
9781172435425
9781177951760
9781177799492
9781176931503
9781149424315
9781176221833
9781175735270
9781176422087
9781178208870
9781178197099
9781149428245
9781176253889
9781177507561
9781172302000
9781177694209
9781170661253
9781171600596
9781149497630
9781149571057
9781174973505
9781175330161
9781178003567
9781172316670
9781149043783
9781149306321
9781178119299
9781178135459
9781172595433
9781173106027
9781177296502
9781148683737
9781176598638
9781176794177
9781177780377
9781176909601
9781172332830
9781172406401
9781148351650
9781177785587
9781172132560
9781173193362
9781117785905
9781171995807
9781171649014
9781171724841
9781172003594
9781172104123
9781171852735
9781171745013
9781143155192
9781142294205
9781173194406
9781173193904
9781176286245
9781175401977
9781173147266
9781172194452
9781172194858
9781172284054
9781173194598
9781176398382
9781149428252
9781149497623
9781143986116
9781143182693
9781173199982
9781171915591
9781171925231
9781171994060
9781176400986
9781171924647
9781176416949
9781172143412
9781245508599
9781241096816
9781245996266
9781249496465
9789374154823
9788199251571
9789355855824
9789388750554
9780449901410
9780076003136
9788927800347
9788937490279
9788901109503
9788171792641
9788171797417
9780788142086
9780719052071
9781445603261
9781118790489
9780748627851
9781843405252
9780888903037
9780133049572
9780132459181
9789814286404
9780130310538
9789380096230
9780275912703
9781883055141
9789290923886
9780877572664
9780921051756
9780752464244
9780199135134
9789393511430
9789356986008
9781441150158
9781457666537
9780918499059
9781602750142
9780982099834
9780395381526
9780071438223
9780511075360
9788182204898
9789382841784
9781591989721
9780070667327
9789380350288
9788126529520
9780071114707
9780716768227
9780321901378
9781410943514
9780471368625
9780134365923
9780786195947
9780321613547
9780136031338
9780415681636
9780198092100
9780395639078
9780395676424
9780789033628
9780395691472
9780395713389
9780072565515
9781467713245
9781473315105
9781843821304
9781515729341
9781406791877
9781406795264
9781515751250
9781444185256
9781445530871
9781447449942
9781781485293
9780321917867
9780307932310
9781406752557
9780143431435
9781770979932
9781406790511
9780801301346
9780673350725
9780768226614
9780153238048
9781478414544
9781618128942
9781940777610
9781478430407
9781478406594
9781440525216
9781482451351
9781478431428
9788129132567
9780711032491
9788994026893
9788965880134
9788901123028
9788965880141
9781850082699
9780375762048
9780620462815
9789389439472
9780912180397
9789378230585
9781885987167
9781130808001
9781476574301
9781476536347
9780452260627
9780768913439
9780672213083
9780689118678
9780312200046
9780748770144
9781457659812
9781176207455
9781175637048
9781177400527
9781178131550
9781171509004
9781177212786
9781177227810
9781149962800
9781176691339
9781176643031
9781171288169
9781176385313
9781177061865
9781177063241
9781176885530
9781177270199
9781175182647
9781176264069
9781178165753
9781178262322
9781178330304
9781176830882
9781177130837
9781176229587
9781143187384
9781173311131
9781174841910
9781173233785
9781173202132
9781245804059
9781171876434
9781173116156
9781172401574
9781149510155
9781173141523
9781172592432
9781145236035
9781177774314
9781177774796
9781147306248
9781148645858
9781177569194
9781172000838
9781171998037
9781171999447
9781245692670
9781149390245
9781173155247
9781172644261
9781172481231
9781172418657
9781173191887
9781172438990
9781173193706
9781173193751
9780174023920
9781890740115
9783964925541
9781593573317
9781609113575
9780880450904
9781849051781
9789390616763
9781574716320
9781879239081
9780963569103
9780321970350
9781931769518
9781887895033
9781602533004
9781604723540
9780321745156
9781932420678
9780672327773
9781581607222
9781597713825
9781625881465
9780312474584
9780312592561
9780536583925
9780153313080
9780838586983
9780984035052
9780974887708
9780230348264
9781920694746
9788174883650
9788193315705
9788176485920
9788190435031
9788172331375
9788190603232
9788126151783
9788175941007
9788180692215
9789350846025
9788183702621
9788126141722
9789350842454
9781567441789
9780195475944
9788126119660
9788126117970
9789363440838
9781177697828
9789350848906
9789352888085
9788170997511
9788171111244
9780230634695
9788186772065
9788126525003
9780898751185
9780008140168
9780495204770
9789369141340
9780881639223
9780028044019
9781133372004
9780805893342
9788189000394
9789380376578
9788126550562
9781840441987
9788193033395
9788176483162
9789380096926
9780917120084
9781259001499
9789380096810
9789388918022
9788180384875
9788131252581
9781032511771
9780811722582
9780762406258
9780316162050
9781432924171
9780815956242
9780932707147
9780915390106
9781506362229
9781440525223
9781107912038
9780554371368
9781270285533
9781270252498
9781270515913
9781846649264
9781406776010
9781270703044
9781270483069
9781270203438
9780559083242
9781240793594
9780554537412
9781153563901
9780559367199
9781110350568
9781907846854
9780982307748
9780596008109
9780596526924
9788195830435
9780976112006
9781430224655
9781428835108
9781478415572
9781478406600
9780979617423
9781371821661
9781478431527
9781618124227
9781564744791
9789350321041
9780943969527
9780761323259
9780471797562
9780845102084
9780470059739
9780470775646
9780267291373
9781256379119
9781149290453
9781171908791
9781149444085
9781172003716
9781177506427
9781171746546
9781176823396
9781177203999
9781177576888
9781173193881
9781177306638
9781177381994
9781172001200
9781174870651
9781173151041
9781172311545
9781147405064
9781144948809
9781143188886
9781143183607
9781172419388
9781172139330
9781174821820
9781175077011
9781177667845
9781143175657
9781175542908
9781175081841
9781176752146
9781176313323
9781288012299
9781176821019
9781293783009
9781175751812
9781172148967
9781171724346
9781176660526
9781172267590
9781172195961
9781174871733
9781172267712
9780559385605
9781177761666
9781173200848
9789333617598
9781923604520
9780778708315
9780778708339
9788996497134
9780778708322
9780778708346
9788956604886
9788983924346
9788960864177
9780778708568
9781528484022
9780893462673
9788195187218
9780716754381
9780606372657
9780521787628
9780521787598
9780813801902
9788170891697
9789389991338
9788126555765
9788178881331
9781409723950
9780521007993
9781444104554
9780745313962
9780749420024
9781408240199
9780984878604
9788186809679
9788196809232
9788198819918
9789365062410
9780954706616
9781933723013
9780914634454
9788196242480
9781935609131
9789373357706
9789376863105
9789373899558
9781936111206
9788194440055
9781887895712
9789862412756
9781290081900
9781290494007
9781893846678
9781588365828
9780767910910
9788990982384
9788992647786
9788983923257
9788170965404
9781938549885
9780483761780
9781607546061
9781588363268
9781932226836
9788894982374
9780385170468
9780596521851
9781410943774
9780789728357
9780789737212
9780873896160
9780895818645
9780983062653
9780983513636
9781400156696
9781400160471
9781430235156
9781425808112
9781441711700
9780735676091
9781416592709
9780782117707
9780789709806
9780789727497
9781455158447
9781455111633
9781452665382
9781449340629
9781449308520
9781449304775
9781441876706
9781410943781
9781410915559
9781410931177
9781909534100
9788170335405
9781480710894
9780978252670
9781590595107
9780312652975
9781841505435
9781876938482
9780521566025
9780321776396
9781449320973
9780062223326
9780321678041
9780321547842
9780195171181
9780735607743
9780534166908
9780672335587
9788171793730
9781590596753
9781455168699
9788171796359
9780769776880
9781433290367
9780982565063
9780970254467
9780894354298
9781455153275
9781433214257
9781433226731
9781433234569
9781433245718
9781433245848
9781433205200
9781433209277
9781433211881
9781433203541
9781433200496
9781433204180
9781433208348
9781433206870
9781433205408
9781433205392
9781433291678
9781853563942
9781847325020
9781881524519
9781482931860
9783791348308
9781435104150
9781441701145
9781441706102
9781441717153
9781441724373
9781441734457
9781441741608
9781433254406
9781936863624
9781908967176
9781894338035
9781846742484
9781742441290
9781584154549
9781572700291
9781556238598
9781482931747
9781482914320
9781470890063
9780984028108
9781840027600
9781433297205
9781402758584
9780786176113
9780786173549
9780786176144
9780786176601
9781565925618
9781433270260
9781559538862
9781560727262
9780471447917
9780596003500
9783540761495
9781441773784
9780060577216
9781455165582
9781470812393
9781470826710
9781470828950
9781441752437
9781441759795
9781455117567
9781433268168
9781441774699
9780786177189
9780786176700
9780891906865
9781441784568
9781455111442
9780786177578
9780786169597
9780786160662
9780786170678
9780786149711
9780395633878
9780395639153
9780786172245
9781441762887
9780786159185
9781441710710
9781441777102
9781441779557
9781441780263
9780786126583
9780596006051
9780395713723
9780715629888
9781433214332
9780071663878
9780333971567
9780387515793
9780395588826
9781433255700
9781433265389
9781432936563
9780987077905
9781133273608
9780395724477
9780750635127
9789392175275
9783965432413
9789388313742
9788830460072
9789587715552
9780944715987
9780976138600
9780749439705
9780735556348
9780470445242
9780531005392
9781566628518
9781560026655
9781557346186
9781555571979
9781554390311
9781554518418
9781433939426
9781429611459
9780850781205
9781604944945
9781607462880
9781607467298
9781602667280
9781450745420
9781566868334
9781570722332
9789685950374
9780801976117
9786074044478
9789652292988
9781936998050
9781595410146
9781590369777
9781954634879
9780737741193
9780701102852
9780671479121
9780595248377
9780956355508
9780963595300
9780786261772
9780743934435
9780825156212
9780825124983
9780824102364
9781595456045
9780810616028
9781609106164
9780793123698
9780791044698
9781879193130
9781929024094
9781930859784
9781934478233
9781935609650
9781589064256
9781780353692
9780780740716
9780882404202
9780771066382
9780771597213
9780971603905
9780870521287
9780870127519
9780867341188
9781892426161
9780933701571
9780756755362
9789682113048
9789682446801
9789684038943
9789683810984
9781568382418
9789079397020
9780975568309
9789701505601
9781577689812
9781587361197
9781419613449
9781571540010
9780975350492
9780972681391
9781406737424
9780977867509
9780980039009
9780984316809
9780914984337
9780890360279
9780933393073
9781611201116
9781400168057
9781478991700
9781473315075
9781478940777
9781904811619
9781743105924
9781619607514
9781447469056
9781480538764
9780143433125
9780133407549
9781904811961
9781480586819
9781491532997
9781494567392
9781511377225
9781400163724
9781469055589
9780199402717
9780199403554
9781400160648
9780990825661
9781400111862
9781400107599
9781444600056
9781441714749
9781441712059
9781406766875
9780737740509
9780986030543
9788180387609
9781904811985
9781240842759
9781285171289
9781172333721
9781175223616
9781609417796
9789044134797
9781515957461
9781590480694
9781446543801
9781445564883
9781444631968
9781470854614
9789888381739
9781469096063
9781172309016
9781459612570
9780982955246
9781596596016
9781469291017
9781480711228
9781596547049
9781595620880
9781681654225
9781681512839
9780796920331
9781910524077
9784871874953
9785170284917
9781847971050
9789793780870
9785699170593
9785458330039
9785458270809
9785424133794
9780786173051
9780786173556
9781742440132
9785424133787
9781614729266
9781612285856
9780955507922
9785424133770
9785424133091
9785424130878
9780786162673
9780738731810
9780738215259
9780195186710
9781133562931
9780993853913
9780984158461
9780977684212
9780972805308
9781441755315
9780970943330
9780819565129
9781504655781
9780786179220
9781504747103
9781504709248
9781504699914
9781504683739
9781624602160
9781618124661
9781782744245
9781742445809
9781742444154
9781742444055
9781742443164
9781478422907
9781478431480
9781482971019
9781430103325
9781609984021
9781421806389
9781424066865
9781608300044
9781588712615
9781588712776
9781590306550
9781538420584
9781478418184
9781430126737
9781434475909
9781433204593
9781478413004
9781478410744
9781470847876
9781467267144
9781483084749
9781483084138
9781483084091
9781478415008
9781467261647
9781455155088
9781453661246
9781430121053
9788180385728
9780894353451
9789395696067
9788183213493
9781847027306
9781406828733
9789368086734
9789389368185
9789355425805
9789814302692
9780854900947
9780198890119
9789359511924
9780748770113
9781173105181
9781173192129
9781177801386
9781172513819
9781173191993
9781173169282
9781294994138
9781172003679
9781171998259
9781171942894
9781173312312
9781171791652
9781173193638
9781173193515
9781275024052
9781176783317
9781176760110
9781176764491
9781293931806
9781294817093
9781279383896
9781176638402
9781117801278
9781103786305
9781143170553
9781172395750
9781172139552
9781172255863
9781172348411
9781149326466
9781149596630
9781149567241
9781149550724
9781149339497
9781171488774
9781145920354
9781148588698
9781177028998
9781177100168
9781177072809
9781177237406
9781177308632
9781177800990
9781176294967
9781177576819
9781177728065
9781176369603
9781176319097
9781176558977
9781296026325
9781177962643
9781178205145
9781178392357
9788895563312
9780749412449
9780324380453
9781622430505
9788492796304
9783170181045
9798903301287
9781597265560
9781578060504
9789393628541
9789395185813
9789822288063
9781416034766
9789368086086
9780841672277
9780563520320
9788869106927
9780606357524
9789353239732
9781854585639
9781405517713
9781404210295
9788131272923
9781403485328
9781403427120
9780894990182
9789357135382
9781153700719
9781457658334
9780335215157
9783525260142
9780755362134
9780865921184
9781459612303
9780554030234
9780062244147
9780062278456
9780470464939
9781845530419
9780763730666
9781933247403
9781234115081
9780750618670
9781933247342
9781889325064
9780415682725
9788189582906
9788178790572
9789383243075
9788171416059
9788180381867
9789352656097
9781876659042
9780980019902
9781539471813
9780787976491
9781119236887
9781171330431
9781177737975
9781270574811
9781116780925
9781103320547
9781149773390
9781240418978
9781149853894
9781149854570
9781447468981
9781149752517
9780554284651
9781406720549
9798261787105
9780673437945
9789387236462
9788126544806
9788494268915
9781467267083
9781478413493
9781478431244
9781478431435
9781478423300
9781478422198
9780153760556
9780863884719
9780470929971
9789355426161
9783883721385
9781172409075
9780841672208
9780174246763
9780753540640
9780016356018
9789389368383
9781177069755
9781177099905
9781176522800
9781177182164
9781171993605
9781173194208
9781173141516
9781173140250
9781148168999
9781173080518
9781172446162
9781172422920
9781172002795
9781172275502
9781172210831
9781172118502
9781149459089
9781171998914
9781149437902
9781148754215
9781176599352
9781177045537
9781176795907
9781176773769
9781177688000
9781177671743
9781177542067
9781177394666
9781177177221
9781176565234
9781175081674
9781176348943
9781172486298
9781176363502
9781173221287
9781177052092
9781171616733
9781286298084
9781177201087
9781149563663
9781171874270
9781171767039
9781177763165
9781174973338
9781172507597
9781172503308
9781172537969
9781176329775
9781176214217
9781175849304
9781176681361
9781176742741
9781278674445
9781273850868
9781245863247
9781178266245
9781178201352
9781178009347
9781177332583
9781177392181
9781177257695
9781176668089
9781176714175
9781113861924
9781144203335
9781147939422
9781107670396
9781176644816
9789812404008
9781137610096
9789372197587
9789381075715
9781150001208
9781418921576
9788869273353
9789354550690
9781583407530
9781595152053
9781583407974
9781602704381
9781596040113
9781845284893
9781845334444
9781583417843
9781845434519
9781583406915
9781597711937
9781599202730
9781599202761
9780761448327
9780714706627
9781596040144
9781150845536
9781489661012
9781489619501
9780748768509
9780748768516
9780748768523
9781406735307
9789366609287
9781625881953
9781842346068
9781625881939
9781608701049
9781597714181
9781597711326
9781842346099
9781625881977
9781848985216
9781597712644
9789350717455
9789350714287
9781931769556
9780521778534
9780030281136
9781153459044
9780521778541
9789353158514
9780007344949
9780571283712
9788779340886
9789356737433
9789355294135
9788198491114
9788126577354
9789349475724
9780841672260
9788884333162
9783764358129
9780606388658
9780217348430
9788972976301
9789379644367
9789383989669
9789351523369
9789359770352
9780367239022
9788197171536
9781041046097
9789359770383
9789390616121
9781589065222
9781932378962
9781933309255
9781848843585
9789812102959
9780521007917
9781864423679
9781470880552
9781589065253
9781572332126
9781589064775
9781410923936
9781441789181
9780521466592
9781613752678
9780062107237
9781598597097
9780756541361
9788196972691
9780323069229
9780884110620
9780333648070
9780761971689
9780716529613
9780711032286
9781118116654
9780230546844
9780230555075
9780521773928
9780395633854
9780521697132
9780878557769
9780547223889
9788170622246
9780538672504
9780226252735
9781560008385
9781936003273
9786124535918
9781087768595
9780789021731
9788408077473
9780071600576
9780071489904
9781176043787
9781447471943
9781473309364
9781408508701
9781148410142
9788175969520
9789506412685
9781171280453
9781140802204
9781400160808
9781270100119
9781240805891
9781631264382
9780826496393
9780836891119
9780836884432
9781408508718
9781446525289
9781445550794
9781443711357
9781176671812
9781406701371
9781149791363
9781447445968
9781171937364
9788189913731
9788190784351
9789390912759
9788192320304
9789389702866
9781741753691
9780615300993
9780497261740
9781371504021
9781478423362
9781478414131
9781478410645
9781478416289
9781931769617
9781478424222
9781478423706
9781618126825
9780766082229
9780766077300
9788177372656
9789348631541
9788187398783
9788180614941
9780470193938
9780324289459
9780470170212
9781847027290
9788485209590
9789353201531
9780380863891
9781559276443
9780511110016
9786041017849
9781171666523
9781176609822
9781171730606
9781172576104
9781176750098
9781149576113
9781173316624
9781171999638
9781171941255
9781171877745
9781149439968
9781149479001
9781149485002
9781146580014
9781175901613
9781178282351
9781178387087
9781179170534
9781171562306
9781245433860
9781149299401
9781149358139
9780132014120
9781176798762
9781172267194
9781173120443
9781240415991
9781176829565
9781149491157
9781178011708
9781178230932
9781177220644
9781177569613
9781176862937
9781176228405
9781177637169
9781172447206
9781172529940
9781286704110
9781278872346
9781172243112
9781173222611
9781176731035
9781172328604
9781175390349
9781176170162
9781245695992
9788169488235
9788890411779
9781563951923
9780778735373
9781403449948
9781403459589
9783527700172
9781575864945
9780955921179
9789388983068
9789388983051
9789372196573
9789350715437
9789353634360
9789350715444
9781444307887
9781843821052
9781408240182
9780735625297
9781590598337
9781430226178
9780070991767
9781153367974
9781429668644
9781432966010
9780780732728
9780266313878
9789356989238
9781407119014
9788957090343
9781596040823
9781932799460
9781489660824
9781625881700
9780511128530
9781451667721
9788483237144
9789251041680
9781582557427
9781607142935
9781433267925
9780071784078
9780836878592
9780137547487
9781458760210
9781598595925
9788870270020
9785519220057
9781932429121
9781844679980
9781590598672
9789580499558
9780521456777
9780712358712
9780393081473
9780333043165
9780395713341
9781413032703
9781444121667
9781405509855
9781118133385
9780538451338
9780881639063
9780471365822
9780632039159
9781904761358
9780224074957
9781149552278
9781447460633
9781447460459
9781446528716
9781446529232
9781447469100
9781447469131
9781473306660
9781605125206
9781149263471
9781149417478
9781149484036
9781143973215
9781178229639
9781172660520
9781447455387
9781447447207
9780554370989
9780554361482
9781406746990
9781406707595
9781172030460
9781406770995
9781443759250
9781435242708
9781149586716
9781170878767
9781270588412
9781271683468
9781406782233
9781146362900
9781143297168
9781175917010
9781444608229
9781446053140
9781175401526
9781140802181
9781176637580
9780852923061
9781845192150
9781845192228
9781119968801
9781296543952
9780769273686
9780857921628
9786071608802
9780606353557
9780994232304
9781297979491
9781611747485
9780979062285
9780606268431
9781440525230
9789380014746
9780756545451
9781940450018
9789355948793
9780756545505
9788189066703
9788126517619
9780321902900
9780789038210
9781417619313
9780606371544
9788181891037
9798181891036
9788190784306
9788186976197
9780335222551
9781435481510
9780366911158
9780702041075
9781177190657
9781171852919
9781171868125
9781177617468
9781177698207
9781177753777
9781178004304
9781178141870
9781178233360
9781149243633
9781145634855
9781149279281
9781141449583
9781171708537
9781171748847
9781177301992
9780321268037
9781171060666
9780321168962
9780321213105
9780321293688
9781149526958
9781149545379
9781149559086
9781149574096
9781176208063
9781149438541
9781149481523
9781149518991
9781179505152
9781178334852
9781176772878
9781176751019
9781172300174
9781177194730
9781171937593
9781172003242
9781176202597
9781172003259
9781172105656
9781172003419
9781175102256
9780201625721
9781175262349
9781172001477
9781175452269
9781175012654
9781176803107
9781177104388
9781177479233
9781177441339
9781294756415
9781289853389
9781286112120
9781177064767
9781177045018
9781176867901
9781245801430
9781246260731
9781274036926
9781171701385
9781171147503
9781172438112
9781171585282
9781171609810
9781240160631
9781245671347
9781176728509
9781176713970
9781177233125
9781176787155
9781177484787
9781177479714
9781176683617
9781173194369
9781173164751
9781173099503
9781176604988
9781176608061
9781176561113
9781176411678
9781176262775
9781176399129
9781176215269
9781176713154
9781177163187
9781177150217
9781176618275
9781176664807
9781296107314
9781297029820
9781439505540
9783662600702
9781432944292
9781432943653
9789390616992
9781432943691
9781432943646
9781432943615
9780511029301
9780761390749
9780365734949
9781432925239
9781432943684
9781634402743
9781591582274
9780195669237
9789628038466
9780471698661
9780864316196
9780838638552
9781615333790
9781923370722
9780174247081
9780078813900
9780471675914
9780174203919
9780237542689
9780174247074
9789309614156
9789348569905
9781447416081
9781448832835
9789380184074
9788190719858
9785519220019
9781559276146
9788187141303
9788170192404
9788126559527
9780827325913
9780781780193
9780766039704
9783525701386
9780905205106
9781508150220
9781448870318
9781508150251
9781897330494
9780749433017
9781860772894
9780321548146
9780321482341
9780803212596
9788180612992
9781597492294
9780321548191
9780750645843
9780981704302
9780854421664
9781420025361
9789387824003
9780582645257
9781032307084
9781432905644
9781432917890
9781432905675
9781118639092
9781432917906
9780230028609
9780836833782
9780230028449
9781432917913
9781432920197
9780321664891
9780836889154
9781586489106
9781432941956
9789681337698
9780071150354
9781118408377
9781937184711
9780525952879
9780060886943
9780395550830
9780801669071
9780956128744
9781605960258
9781934209677
9781784623562
9781429612715
9781548217051
9780749452438
9780321664488
9781901992441
9781433934353
9780992648527
9781404832329
9781176262973
9781171279518
9781404873193
9788492092161
9780828524483
9788131220320
9781429022293
9781580817479
9780130290649
9781340913168
9781431420667
9780983513650
9781617700835
9780497260798
9780983622505
9781357910860
9781341126703
9781433205491
9789375619826
9781843039693
9788129118837
9788171326549
9788170418726
9780521578790
9788121100229
9788126103553
9788185971582
9789393934093
9788187099154
9788176297950
9788178883564
9788178664941
9788130703398
9788126125357
9788171944927
9788178885865
9788189863777
9788182051263
9789350872697
9781921209741
9789386611598
9788192022109
9789391297831
9788171582808
9788189102906
9780670085651
9780143419068
9783763968350
9781105880872
9789394417397
9788493930349
9789331328625
9788131601488
9781457658938
9785519220026
9780739340295
9781236728678
9780335209774
9781171752691
9781171681717
9781171712299
9781177864848
9781178183399
9781179006604
9781171989578
9781177949682
9781176663046
9781176540019
9781176305151
9781177942317
9781179964188
9781177682961
9781177082990
9781172086214
9781171541394
9781172620180
9781141450053
9781140781578
9781177551144
9781171555773
9781177208000
9781176870598
9781176800199
9781176769755
9781177885713
9781178209297
9781176450462
9781173193263
9781176008984
9781173115944
9781171573227
9781172439928
9781177172943
9781278459516
9781176717121
9781173085124
9780954028794
9780739818350
9781609923150
9781609923174
9781609923167
9781609923181
9781567664928
9780321757524
9781844895045
9780434016341
9781848857674
9781599208343
9789353840730
9780203136867
9789395185240
9781152133341
9781168887023
9781847395191
9789370734555
9780470597118
9781432932619
9781877462610
9789352700950
9788190232005
9788185398594
9780174017455
9781444175042
9781404237636
9781448880690
9781682970836
9781417726844
9780984103607
9780853125877
9780672330933
9780672329876
9780132225533
9781905217991
9788170192794
9788170192084
9788170192312
9788170190523
9788170190509
9788170193272
9788170190912
9788170190837
9788170190806
9788170190929
9788170191476
9788170191834
9788170190028
9788170190493
9788170190738
9788170190820
9788170190530
9788170190691
9789350719213
9788182204911
9789384337667
9788194422259
9788193554739
9789812435156
9780194398831
9780194398824
9781591586326
9780752433318
9785519219976
9785519219990
9781590590003
9785519219945
9780321685780
9780230020917
9789865853082
9780756984854
9788126557714
9780030379840
9781542887366
9780756948962
9788171798513
9780764532979
9780764501654
9788170335689
9780321200419
9780782121780
9780763590352
9780789742049
9780071287289
9780314276537
9780312692674
9781118307595
9781118639634
9781449303846
9780896083073
9780070041554
9781449342135
9781449319380
9781449307615
9780876391150
9780953192670
9781449356170
9781587202551
9781449304478
9780789742162
9781589065727
9783847289142
9780735679030
9781932111286
9781908531056
9781870673716
9780980178234
9780672335570
9780761504276
9780412790201
9780511057342
9780536577399
9780470117514
9780439958714
9786167339276
9785717200233
9781740666725
9781743105931
9781607147107
9781455810147
9781556175206
9781605295510
9780780776210
9780786186211
9780786184569
9780465008797
9780415584944
9780908569403
9780864319005
9780830625826
9780786187126
9780786168910
9780763744816
9781876175788
9780470963319
9780393340976
9781581158748
9780974355702
9780949206930
9781118613306
9781618350060
9781841121789
9781111540890
9781848687936
9781441715081
9781470824648
9781470825041
9781562862275
9780753106020
9780757908071
9781844159468
9781584234555
9780719090189
9781562868338
9781429005739
9781597641791
9781565921054
9781589804753
9781899066193
9781566641043
9781589510128
9781920888374
9781933199078
9781920769482
9781894338868
9781433208058
9781877257872
9781422204528
9780198570554
9781118613344
9780660196787
9780007138227
9780721680231
9781846855214
9789383871421
9789731812533
9780978284534
9781935444817
9781907498022
9780787973544
9781410217400
9781497335066
9780143433095
9781240423613
9781270607021
9781149575055
9781149586761
9781149399354
9781148733135
9781149547342
9781148463278
9780988626607
9781110729623
9781171349723
9781149586945
9781176304062
9781176266322
9781177076050
9781248764879
9780143431909
9781174933639
9781173225353
9781177760751
9781287945949
9781531836559
9781177344685
9781177089746
9781490560021
9781458758484
9781177338073
9781452601724
9781175313089
9781172260188
9781175512147
9781171943464
9781400157181
9781400164059
9781400164202
9783952512654
9781434421227
9781147377323
9781147441123
9781147885699
9780554354279
9788461597512
9780957943667
9781536611700
9781143897825
9781171502531
9781171565291
9781172042364
9781573924733
9780071134927
9783864545795
9781584500841
9781560489832
9781537674285
9781537691978
9781537692142
9780988762503
9781422237625
9780979617409
9786074809329
9782760308121
9781482949681
9781477450277
9780976490326
9781934276174
9781884540974
9781933499857
9780978727741
9781434492012
9781482994926
9780889711167
9781401937508
9781572703483
9780743572705
9780615925257
9780486498041
9780786184620
9780985754112
9781422234334
9781429001519
9781626469686
9781593308780
9781588711205
9781570901270
9781434470836
9781504790499
9781562869540
9781538407172
9781429001618
9781434463944
9781894338271
9786041016576
9788532802910
9780198470236
9780521629409
9788185048437
9780230634442
9788189913625
9780230634329
9780715616697
9780230638679
9788131244500
9788173917066
9788177645996
9789355824981
9780230639089
9780521375047
9788170366300
9781840185843
9781153412100
9781500854317
9781571259998
9780835970488
9780951696378
9780317682205
9789392448409
9789357124270
9780578425504
9781405261708
9789387938922
9789364555609
9789371269674
9789381308318
9788184290394
9789381308783
9780203416167
9789392023934
9780367238575
9780123705242
9780898754360
9780898756524
9780395304693
9780321021045
9781293456071
9781297029523
9781177304405
9781149490655
9781149440179
9781149437247
9781176645455
9781273759208
9781177422925
9781177452434
9781177481106
9781149361474
9781177402972
9781177404051
9781103215706
9781245105163
9781178105001
9781179994246
9781240947256
9781177172189
9781177101202
9781176874237
9781170177556
9781176092556
9781173290054
9781173115623
9781176723313
9781176172159
9781141260669
9781141223695
9781176248168
9781176262584
9781171771357
9781172008155
9781176304833
9781172217694
9781172575299
9781177199018
9781177194853
9781177303422
9781177331197
9781177362221
9781177796538
9780953121700
9781872017075
9780414043138
9780736876445
9781590590799
9789334125405
9781568810188
9780321591562
9781429668972
9780736858748
9780691068046
9780691147420
9780691068053
9785519219969
9780194343633
9781236177704
9780606268196
9781587154393
9781435329560
9780324322170
9780132321402
9780522851250
9789352705153
9780749402037
9781932799439
9781933834160
9780174246329
9781933834177
9781606864340
9781405091848
9781845963606
9780304333332
9781898723929
9780486464114
9781848982963
9780307337498
9788170207313
9780521537520
9781445610177
9780470684146
9783126064989
9789348152978
9789388918794
9789350718100
9788187198185
9780821852200
9789352132751
9780787974053
9781154860382
9788171794379
9780913875193
9780571274918
9780201182637
9780321060730
9781861345486
9789810014773
9781848354050
9780155034488
9781433205453
9781565292048
9780805095883
9781575768236
9780752474830
9781434225672
9781458759528
9780967928821
9781847280602
9780857207067
9780395713471
9780395726822
9780848806019
9781435830295
9780884115977
9780720613230
9780538726078
9781894959988
9781594517143
9780815119180
9781176715585
9781177294447
9781176868595
9781178058727
9781177771917
9781177604246
9781177524193
9781609631192
9781176665064
9781178317770
9781178200225
9781278368078
9781246472400
9781171938330
9781171938323
9781171937234
9781171937128
9781171854654
9781171839248
9781172040001
9781172001927
9781177324038
9781177318440
9781178167023
9781178142341
9781177468152
9781177330718
9781146083041
9781171332763
9781171729839
9781149510070
9781149541746
9781149567104
9781171284468
9781171944126
9781171995692
9781171346197
9789280522891
9781619030343
9789280517019
9789280520163
9781171938279
9781171937371
9781240783779
9781149282298
9781171938385
9781143898341
9781143303159
9789280522907
9789280524925
9781149470435
9781149493533
9781241732660
9781149508473
9781149470381
9781245011136
9781245655378
9781171289456
9781171939511
9781171938415
9781171938460
9781149366752
9780620452052
9780955462238
9780203984901
9781176391642
9781172336418
9781172365487
9781172601981
9781149385203
9781173215354
9781175093110
9781175863119
9781173167950
9781149454077
9781149436066
9781467736336
9780737709285
9781851843268
9780471617204
9780071213264
9781742842769
9781422233832
9781422235881
9781371373511
9781422231623
9781627243100
9798197540225
9788171797363
9788185902784
9789350234150
9789350230305
9780761434610
9789386950994
9781608850624
9781245687843
9781173155827
9781176203372
9781177948210
9781179274164
9781241733711
9781177430098
9781172648955
9781176597686
9781176537040
9781177005678
9781140979319
9789352298938
9781176698451
9781171896036
9781176532762
9781172230440
9781172607167
9781171898139
9781141051250
9781172409440
9781172630745
9781141469215
9780898750409
9789362020529
9788190276573
9789384765620
9789350353745
9780789733535
9789378250705
9781850654537
9789395185394
9789395185097
9781107020283
9789395185677
9789390612352
9798227257314
9780709097891
9789380191423
9789359519524
9780544311831
9780395316740
9781901455618
9789357782005
9780470246641
9788480885546
9781848847750
9780412620508
9780721679198
9781627125703
9781627125673
9780750636049
9780321548238
9781629175461
9781410907592
9781458908636
9780737733259
9788169867375
9789812104632
9780203356883
9780956414878
9780198306955
9788176256124
9789814033053
9789351434078
9780815137153
9788190842105
9788178664958
9780838637548
9788432917769
9788131262078
9781153477024
9789028605480
9781589803800
9780825150500
9780395461174
9789629963149
9780825150517
9780521579810
9780395461211
9780761940746
9780805092318
9789251036228
9780395461198
9781598592122
9780782116830
9781400151585
9781600220517
9781858563336
9781403451262
9780511039089
9781403451279
9781422205815
9781894020831
9781422205693
9781422217672
9780395856901
9781588710932
9781933199009
9780595510351
9780789561114
9780804159661
9780980429206
9780174017462
9780198815648
9781400150151
9781234068226
9781408508688
9780199794072
9781433937385
9781408508695
9781408508664
9781429223393
9781174960321
9781177062312
9781175933294
9781143158513
9781178115512
9781173201678
9781142869182
9781176273894
9781177716925
9781173097622
9781172663569
9781178111880
9781177725446
9781148509969
9781171489368
9781171495840
9781171537557
9781178160420
9781782224136
9781240847921
9781172567379
9781171940821
9781172625420
9781149375594
9781143177996
9781147760972
9781171938347
9781171948414
9781144160287
9781178346527
9781171287186
9781171940647
9781171938446
9781171940562
9781171266600
9781171336679
9781240157624
9781173102043
9781142287726
9780997369519
9781171722793
9781400159048
9781293955345
9781245832939
9781177087988
9781177346719
9781177173780
9781177664967
9781245671323
9780727735690
9780330485616
9781855393356
9780470571613
9780769301280
9781848855236
9781401871932
9781926645520
9780809593996
9781593935887
9781422217719
9781785292293
9781908714435
9780763751173
9780071738477
9780780794719
9781932528015
9781608310746
9781904312611
9781922168764
9789357130479
9780865977532
9788172747633
9788170191636
9789372195699
9789372191325
9788170193128
9789381952962
9780521625418
9789386618559
9789372197075
9789372198195
9780749434557
9780761434863
9780761426103
9789378232558
9780761427902
9780761434818
9780761434573
9780761434580
9780761426509
9780761428169
9780656695133
9781591257097
9781405521000
9781906821425
9781906821470
9781906821449
9781906821456
9781906821463
9780312559991
9789378236914
9788176297158
9788176297141
9789392379567
9780761427896
9781146885089
9781171612865
9781141494828
9781278256634
9781176998148
9781176963382
9781176971820
9781178177602
9781149570104
9781297028502
9781171147459
9781170004760
9781177207836
9781177315630
9781149347096
9781177890526
9781245670487
9781147585346
9781172615445
9781240409198
9781178658248
9781140971948
9781141649716
9781149327067
9781172145140
9781172367924
9781145295834
9781177476645
9781177567800
9781176930889
9781176393981
9781173211523
9788187942122
9780131178908
9780131707634
9788190190107
9788190851701
9789382302568
9789392141683
9789383263998
9789350715239
9789381308660
9781403468772
9781432942052
9781432942076
9781432942083
9781403468765
9781432942038
9781403465832
9789386189448
9780131732056
9780822528258
9780321750433
9781615325672
9780823961726
9781404243101
9780780771420
9780766030985
9780823968756
9780321725530
9781432942014
9780787968298
9780868409085
9788888180311
9780748768486
9788395920806
9781615332267
9781448857487
9781615332298
9789391622121
9789391622282
9789391622466
9789390619085
9789391622138
9788132205425
9788185502120
9789379855732
9780195693270
9789388500562
9780070682566
9781906727529
9780572038731
9780748617807
9781843177012
9783527700240
9780819125231
9781111138523
9780915463787
9789359788463
9788167021243
9783968480794
9788492924837
9789347778049
9789365066074
9789391943424
9789390748082
9789391943561
9781410104083
9783126061834
9789814771047
9789380184067
9780195773880
9789380184357
9781843038672
9780898751246
9786041003453
9788870510768
9780260546425
9780201726053
9781590591321
9781236774071
9781236687029
9781152060272
9780752435947
9780198609131
9780393706383
9789355425850
9788194422266
9789352984008
9781419596704
9780312585648
9780471377405
9789814361255
9788175941403
9780312538996
9789352298976
9788192306452
9780321213747
9780780731516
9780203994894
9789380184401
9788190496063
9780894136238
9780199280308
9781932634242
9781932634259
9789580498575
9781932634211
9781932634235
9781433215926
9781932634228
9785386021160
9780836880465
9780836894165
9780892361717
9781843065142
9781848873049
9789812103697
9780825142512
9789812104069
9780113305384
9781936365340
9781908717481
9780071219778
9780071774437
9789251051818
9780836880472
9781856868037
9780071142557
9780131176102
9780399161810
9781740311601
9781432935054
9780738849843
9781740311731
9781432942427
9781907661280
9781432942397
9781458778987
9789584531902
9780765213150
9789387217744
9789681338060
9781571290946
9788131235096
9781934747391
9780395584057
9780977723539
9780850334487
9781934747384
9780071601849
9780395584033
9781934747704
9780395682616
9781149576175
9781173192853
9781177801119
9780967279121
9780470116845
9781172322770
9781171948483
9781171892496
9781171938262
9781432953942
9780836843002
9781909717183
9781432967093
9781590480908
9780836843019
9780836894158
9780692582855
9781142045906
9781171059417
9780439471237
9780071774420
9781178163919
9781153562799
9781610458481
9781440525209
9781901383522
9781358044397
9780470154687
9780135793015
9781927079294
9780300165272
9780195186734
9780756906283
9781843821809
9780902664715
9780992969509
9781633020108
9789584529909
9781379293071
9788493464240
9781413013184
9781519444530
9781932157468
9780613492904
9789862166789
9789861206783
9780321420466
9780697365156
9789812618863
9789390455072
9781906142674
9781887354721
9781906727901
9781906702236
9781906347185
9780898752250
9789393624505
9781444110050
9781408240076
9789353125974
9780321437310
9781680655124
9780606380379
9780606380324
9789353846855
9780735625938
9781857532845
9780606407304
9780613327244
9780471717003
9788971846780
9780781776981
9789389368529
9789388147187
9781412908429
9780230637436
9788187162360
9789390831340
9789350718964
9789355427380
9788185375700
9780691034218
9781148700786
9781297048975
9781149187449
9781149282977
9781149370469
9781177593533
9781179377162
9781178352283
9781177574129
9781177331388
9781177319911
9781240413621
9781178326239
9781178316735
9781177654838
9781175522993
9781177095587
9781177055338
9781177236041
9781177305204
9781270851714
9781249989301
9781245791311
9781240946112
9781176981690
9781176559127
9781176519299
9781176448254
9781240786251
9781148056524
9781148033921
9780691128573
9780691150741
9781139069618
9781116849080
9781141115549
9781147838893
9781294038221
9781173160623
9781173161989
9781171896593
9781172136186
9781176607255
9781176646032
9781176652446
9781176779822
9781172551996
9781172576517
9781173172725
9781173213275
9781174809965
9781175351326
9781149458792
9781171268048
9781172151455
9781172145959
9781172184101
9781172421770
9788392848103
9781909874282
9780273008842
9781844893737
9781852870515
9781405109413
9780333948682
9780203446317
9781903765524
9781845205034
9781410960085
9780826489791
9780071493734
9788182900103
9789357134842
9798233645495
9788901156569
9788189979492
9789389921823
9788394173135
9780130568618
9780898757590
9780764525728
9781417696062
9788168784307
9781429653435
9780736867412
9780230028401
9780435223045
9780415332033
9781407122380
9781407122373
9780606385848
9780606385862
9780077197414
9789380704494
9788172339203
9789367472590
9788131270288
9789390921430
9780387519166
9789380164090
9780312586652
9780521568494
9780521568500
9780814290989
9780521568487
9780131499287
9784834025408
9788190496025
9780582298385
9781904853183
9781602798809
9780787995010
9780763794378
9780521427142
9780155066779
9781544898582
9781906403805
9781240404438
9781241692575
9781177369329
9781177221351
9781246759846
9781276999786
9781173200459
9781173179762
9781176746947
9781177108560
9781171923114
9781171931591
9781173097141
9781172207800
9781172449668
9781142751807
9781149498118
9781177849173
9781176548596
9781174893247
9781177489355
9781177770439
9781905921201
9781458757661
9781439230503
9781905921218
9781406520156
9781406789997
9781406508826
9781149470336
9781172379057
9781149483978
9781287734871
9781149581872
9781149599440
9781145706705
9781144336859
9781172185368
9781149208823
9781149370810
9781178189261
9788180617430
9780756984588
9780071125550
9781849210997
9781258014049
9781258036218
9781258100254
9780470003718
9780203933053
9781258062538
9780972556156
9789814020732
9781258014483
9781422233986
9781908995186
9789371531702
9789812754219
9781903634530
9788461675340
9788437071329
9781503193468
9788173716423
9781105648137
9781562439538
9780606380430
9780606380409
9781435280977
9780606237703
9780606378253
9780606380447
9780756990046
9780606379700
9780606376020
9789357131759
9789357138239
9789359516943
9781171060451
9780606379687
9781149576960
9781176581524
9781176654129
9781177676779
9781172223985
9781172202775
9781172180493
9781171306450
9781245697125
9781172605644
9781174811265
9781177484138
9781177519632
9781175461735
9781175820914
9781279727317
9781177366243
9781177253208
9781176573192
9781176263215
9781172544462
9781172513543
9781172506156
9781172224814
9781110721672
9781245665025
9781149439470
9788194422228
9789351250388
9780195694215
9788194422242
9788194422235
9788190017107
9788190217071
9788173871566
9788189652999
9788126102846
9788126128822
9788189065515
9788126104949
9780670083312
9788189863029
9788175741287
9788174881779
9788126136148
9788171002818
9789378239199
9780670085347
9789395649780
9789369891801
9780495090045
9780495090038
9781484240595
9781571033284
9780071242189
9780780772045
9781555282677
9789382007302
9789382074663
9789381308899
9789382074632
9789381308486
9789393880888
9789390831753
9789388266291
9789390831715
9788131523865
9788180387043
9781597311014
9789382074748
9788189253769
9789382074809
9789382074779
9789381308332
9789382074700
9789386826503
9789382074762
9789386735263
9789390926695
9789386606037
9789382074793
9788189619190
9788180521058
9788170193104
9788180386206
9788188237364
9789382302742
9789364559515
9789356223622
9789385883248
9789356221222
9789382074670
9789382074687
9789331325952
9788187651000
9788190166836
9788194990703
9788189972493
9789382074724
9789392262944
9780743508148
9781616552688
9789355873118
9789355870681
9789355875327
9789355872432
9789380096322
9788182838291
9789350320990
9789380937885
9789355872340
9789355872326
9789382037033
9789380096193
9789355872487
9789355873958
9789355875242
9789355871244
9789355873057
9789355872524
9789355873323
9789355873415
9789355874436
9789355872302
9789355874382
9789355875099
9789355874955
9789355874818
9789355874719
9789355870971
9789355871671
9789355871176
9789355875006
9789355871435
9789355871770
9789355871749
9789355871732
9788177392838
9789355871800
9789355872241
9789355871503
9789355870445
9789355870513
9789355872890
9789355872050
9789355870032
9789355871350
9789355873774
9789355872586
9789355872852
9789355873439
9789355871848
9789355871893
9789355871961
9789355871985
9789355872036
9789355873682
9789355873736
9788956606576
9789394867666
9789356988804
9788183211215
9781561718955
9781153738279
9781408240090
9788175341777
9788184483222
9788178331553
9788366500877
9780511037696
9780470032411
9789350712436
9780709933168
9781154119848
9789390529568
9798233484018
9789391622664
9789391622015
9789391622039
9789391622114
9789391622046
9788188039814
9781849541275
9788199694958
9789347500725
9789361802782
9789373352930
9789347778407
9781905356546
9781410216656
9780435383053
9781435295483
9788185353586
9780195680263
9788185873664
9788170892946
9789386820945
9788119684410
9788170445272
9788170892113
9780230328303
9780061445590
9780613354264
9780613278195
9788854408128
9781468301298
9789392591563
9781111530433
9781861343611
9781234111618
9781234121594
9781439512395
9780366089772
9788195887101
9788122472219
9780199135189
9780785757771
9781897330654
9781408814246
9789810246372
9781449306991
9781906632120
9781609073930
9780596101350
9780764530999
9789681657529
9780435071127
9781400157594
9781743109267
9781470884628
9781478935346
9781901992946
9780321186515
9781601301857
9781400006182
9781449307592
9781623360856
9781616910006
9781609074180
9781455877058
9781461054597
9780470044933
9781470880606
9780824836177
9781576079669
9780789715135
9781111307493
9781401310936
9780531185377
9780486479330
9780205436743
9780132196260
9780981160641
9781118009260
9780764580253
9780544114203
9781907791772
9781929007196
9788185938981
9780534305581
9780511081460
9780486992181
9781844679485
9781780974064
9781588181244
9780201409154
9781575255989
9781565928664
9789380164021
9789584526069
9781905959914
9781433209178
9781422218006
9781933958743
9789707700550
9780953715510
9780942942026
9780935047318
9780470400661
9780233002927
9780882893464
9780749467616
9780810111103
9781846946691
9781860113758
9780786176151
9780762786435
9780724102846
9780735578418
9780977670345
9780746309452
9780975548257
9780914758037
9780974059310
9780911921717
9780815724056
9780814420188
9780804837637
9781559587259
9781433258572
9781556645020
9781555540746
9781863600910
9781470809911
9781455111657
9781846820366
9781845117214
9780982441916
9781899541348
9780977670369
9781470882372
9781442145863
9781433271014
9781433211782
9781402789601
9780123744098
9781433252501
9781433220166
9781580621663
9781563431418
9781565237001
9780982271117
9780982441909
9781907611100
9781909438439
9781400156597
9781400157013
9781602067530
9781681416069
9781781580349
9781788283427
9781905179008
9781905399222
9781911439028
9781921573743
9781932813401
9781932813425
9781932813432
9781932813517
9781932813937
9781932813975
9781934209875
9781935163961
9786071101266
9781172599950
9781172616329
9781932813845
9781932813883
9781234980115
9781240793556
9781240861682
9781250124487
9781400153534
9781400155620
9781400169016
9781419669149
9781427217189
9781443701341
9781452600369
9781452650661
9781455895595
9781469037318
9781469216348
9781469252063
9781469259567
9781480538771
9781145289017
9781145453043
9781495146251
9781515257783
9781517519360
9781522651666
9781536651058
9781536651133
9781455883677
9781455885022
9781171939412
9781171951407
9781171951469
9781172264230
9781172346400
9781172561575
9781481155908
9781483017150
9780993215209
9781115558235
9780739332351
9780956929099
9780977610716
9781151366238
9781153084949
9781171329138
9781171329459
9781171340195
9781171356707
9781171402015
9781171658115
9781171826378
9781151228291
9780217479783
9780217713658
9780217953221
9780692523582
9780957246249
9781171923244
9781171939054
9781171269564
9780983084242
9780988417076
9780990413509
9780992303006
9780143430841
9780175117840
9781117719948
9780175117888
9781172617944
9781172622108
9781172653591
9781173180850
9781176518797
9781176840263
9781536692785
9781540446886
9781177047661
9781177241946
9781177617116
9781177777988
9781177850605
9781178016451
9781178390339
9781178404258
9781231079065
9781232520658
9781234313722
9781234410582
9781234436575
9781234455941
9781234460310
9781234714345
9781234788049
9781234812331
9781117812403
9781141919260
9781142838294
9781143192357
9781144263049
9781145172784
9781171266730
9781171267676
9781148349749
9781148640440
9781149365007
9781149497951
9781149553978
9781150260339
9781153294713
9781153434690
9781153457064
9780979295201
9781480514720
9781591520771
9781593160753
9788480767385
9781587761836
9781581124989
9781681021812
9781742442518
9781557788184
9781504789417
9781505207651
9781592680535
9781591793205
9781595690210
9781621378372
9781613213285
9781604448009
9781599424057
9781940262611
9781935723950
9781625450708
9781622035915
9781598009460
9780983248033
9781329889767
9781433207020
9781430126720
9781532751981
9781500189716
9780497260897
9780755206056
9780756901066
9780786162376
9780796918215
9780796920072
9786070728181
9780870231810
9789766373290
9780993882913
9780923891800
9781422226957
9781492282945
9781422220061
9781422226421
9781422220078
9780976710486
9781770857179
9780954999018
9780937660232
9780864736970
9780967389080
9781481825061
9780949398031
9781926923000
9781930585737
9781846825316
9781894667883
9781933290874
9780976587613
9781434493569
9781434488428
9780976862734
9781587331534
9781385501719
9780978284626
9781422219751
9781422219669
9780992057190
9780987251466
9781341184949
9781422219997
9781133525844
9780982812402
9781422215586
9781347027998
9788171794867
9788119684687
9789351528043
9780956011916
9789881525758
9781453663943
9781508775379
9781664080874
9788172360276
9788172113988
9780511126413
9780393930061
9788197637520
9780873525947
9780863568510
9781848985711
9780113411160
9781622430963
9780606395373
9789863201670
9780606402606
9789386920669
9789381209530
9781175362377
9781171727651
9781171528753
9789352299010
9781172283569
9781172335381
9788891652737
9781177434294
9781172088713
9781172224739
9781176748149
9781176771321
9781177052399
9781141582419
9781145636835
9781174905773
9781145722880
9781172488285
9781172430062
9781175131782
9780195672473
9781171276173
9781171306474
9781172638567
9781177529556
9781176980457
9781176929944
9781176163096
9781279937679
9781175601841
9781177391610
9781177202282
9781177363990
9781177111881
9781175851512
9781234308155
9781177924023
9781241698096
9781273409479
9781171925491
9781171770206
9781176166233
9781176629844
9781175760494
9781241092962
9781176646698
9788192718644
9788181980175
9788190784375
9781907215100
9788174888709
9788190713092
9788190738590
9788171006236
9788172332839
9788189913342
9788189913335
9780606064866
9780756990794
9780606318686
9780606390583
9780606318693
9780606392808
9780606267120
9789390032853
9789352709236
9780868404110
9788119684922
9788119684281
9788181525567
9788178885292
9789389991154
9789381308202
9788186976814
9788186976920
9788119684106
9789355014764
9780868405087
9781905740475
9780132555241
9780470825280
9780749457594
9780789030788
9781905740444
9781412929097
9780946719440
9781405119856
9788189765699
9788193554715
9789390325412
9789389286335
9780071144308
9781904434962
9781930808485
9781908096005
9780745646718
9781439503393
9780877798903
9781461058687
9789393213822
9789393213709
9789393213600
9789393213617
9789393213655
9788176299404
9789392219979
9789393213884
9789393213488
9789393213976
9789393213525
9789392219665
9789392219788
9789392219702
9789392219269
9789393213068
9789393213297
9789393213853
9789393213372
9789388983914
9789392219207
9789393213365
9789392219375
9789393213587
9789392219429
9789393213570
9789393213204
9789393213198
9789393213969
9789392219566
9789392219443
9789392219535
9789393213075
9789393213105
9789393213129
9789393213860
9789393213549
9789393213211
9789393213891
9789393213907
9788176293952
9789392219481
9781417663217
9789861245119
9780203420539
9789395649841
9788131219409
9788188342082
9789395649728
9780140211146
9789369528653
9788131244708
9798327202603
9788491693871
9798233234842
9788178845913
9789350713341
9789862724002
9780131744523
9788889272961
9781590481257
9789681637132
9789350714249
9789353666095
9780761417262
9780761400554
9780672330360
9781580089852
9781442962019
9788131205020
9789391581558
9788119684458
9788185353500
9788192718651
9789812454508
9781410916600
9780071589659
9780736045698
9789392242632
9789359770529
9788119637225
9780756968601
9789387880573
9781435220201
9780449007488
9788131411742
9781578616824
9780867152401
9781899558056
9789814024990
9780753470770
9781934692936
9781592334841
9781458732354
9788131229002
9780826496430
9781602795587
9781602791688
9781602795570
9781588710963
9781849750578
9781843440444
9781592234769
9781285186948
9780323022521
9780857285027
9781602793415
9780857284969
9781589807679
9780857284808
9780762760183
9780881325096
9780985244057
9781602791619
9781780962528
9781602795563
9781602791671
9781843680499
9789681912109
9781602798014
9781602797383
9781602797024
9781602797017
9781602791657
9780767916318
9780984281053
9789889993917
9781939666109
9781609871222
9781909115606
9781939666093
9780981953144
9780995536203
9780425291801
9781171250494
9780143431282
9780143431893
9789353235468
9780071169134
9780071164658
9781878853912
9781905287772
9788492452965
9781613601136
9780893343750
9780911005172
9780615279138
9780615231884
9780615368924
9781407675138
9781418859701
9781626864207
9781371207335
9780986607615
9781422215692
9780521634373
9780521672375
9789382838210
9780443062674
9789390129447
9780000527608
9780536687869
9780465023035
9780789716644
9788131234365
9788184486162
9788180615085
9783732233496
9781511655668
9798235442535
9781406817515
9780632013388
9781417753062
9780606376686
9780606376761
9780613366588
9781133283072
9781417748846
9780606074933
9780766035850
9781176009899
9781176927568
9781176979208
9781174830778
9781175459879
9781175621498
9781175820457
9781172538782
9781240803125
9781172500772
9781148832661
9781177290586
9781177715768
9781177891646
9781177130677
9781171291947
9781171312000
9781172472963
9781172424559
9781176861220
9781172486687
9781176873988
9781177013468
9781177014915
9781177070621
9781178141986
9781279950340
9781149477199
9781171287551
9781171709275
9781171979463
9781176168206
9781177342834
9781176712782
9781177359900
9781176252158
9781176534438
9781178341812
9781176785144
9781172572328
9781173179250
9781177128704
9781177962797
9781171777977
9781171529736
9780521731072
9781149423073
9781178087147
9781171892731
9781145645950
9781141663859
9781149329825
9781173270377
9781178093711
9781178099003
9781173385712
9781178198928
9781176201453
9788126161973
9789334271751
9780230328518
9788120410435
9788180300943
9788183210102
9788185680880
9788185971971
9788178880273
9788179103203
9789394739062
9789382120995
9789350719251
9789355740090
9788190651851
9788178791432
9788176253321
9788177648584
9780199485949
9789350849538
9789366160931
9789350848456
9788173052118
9788185971919
9789389366822
9780099580591
9780691019215
9789381209547
9788119708482
9789388500593
9789334036343
9780828532808
9780691153223
9789333195331
9789391108038
9780099580584
9780613872904
9789390831678
9789352704040
9788184290387
9789380199610
9788193342961
9788180381379
9788184290240
9788188730636
9789351526148
9788189253837
9789392586910
9789392586682
9788181478061
9789392586941
9789390128464
9789351521662
9789389546057
9781439514207
9788120414723
9780233967714
9788195110643
9780074527610
9781449674465
9789350702079
9788126925148
9780756504434
9780613906166
9780756979515
9780078694738
9781583400975
9781435297500
9788886620178
9780195641585
9781938548246
9789352299072
9780321815910
9781118796146
9780203131015
9788183214773
9788189915001
9780606319089
9780606376716
9780606319072
9780606266253
9780606266260
9780131303461
9781625880154
9788170192053
9788170191421
9781598630787
9780787997540
9780534562083
9781932735024
9789629960650
9781587411045
9781581125184
9788460977247
9798232705329
9781636849249
9783894455941
9780299297947
9789348597328
9788377311530
9781410302557
9789389368222
9789380712840
9788176258647
9788170892779
9788170892144
9780333938065
9789394836204
9788187197836
9789356962347
9789350719299
9789862723463
9780669495157
9780521007641
9788199723221
9780521007382
9780805785715
9780521009027
9780237544829
9789369528349
9781587318627
9789359809601
9781905428663
9788187170044
9789369524945
9780237544805
9780984563548
9780521007412
9780803735934
9781618650634
9789810214562
9789355427861
9789394836174
9781041413431
9781904959281
9789348631497
9781410218711
9781590841693
9789681340681
9781429108188
9781590841853
9781590841747
9780340907023
9781429104975
9780395692004
9780804833288
9780870032158
9780854420834
9780887386404
9781458755001
9789681685195
9780985187637
9781491593509
9781515338864
9781609920975
9781515391517
9781849919609
9781621480075
9781515353195
9780194729727
9781410202109
9781409985150
9781784650292
9781478281375
9781847471178
9782711625925
9788882651176
9780071202824
9781591461494
9781944992514
9781848760844
9780486687841
9786070725067
9781843821410
9781898481706
9781593630263
9786074003642
9780965197571
9786073138321
9780810127975
9780809510528
9781419721090
9780333900871
9780333903445
9783925064487
9780174246473
9781505705164
9780324318265
9781508774846
9781512011975
9781512291353
9781503193314
9788196682705
9781614615934
9780872864870
9781453800188
9788131223093
9788171797080
9780395487310
9788131236321
9780203459621
9780321693884
9781417643332
9781417626267
9780471947172
9789378169861
9789388750585
9781417697205
9781906964771
9781843585022
9780174025009
9781782390909
9781436435451
9780606358149
9780756922092
9780780799660
9780756929329
9789381089286
9789334303810
9781435297593
9781149308943
9781149337233
9781149383100
9781171270898
9781141517381
9780559114397
9781172646142
9781172563357
9781172059249
9781171464389
9781177453974
9781171414322
9781171371496
9781171306405
9781171311324
9781171309499
9781171289258
9781171923084
9781171300731
9781149482193
9781176866164
9781176822078
9781176801523
9781176708006
9781176589834
9781176544345
9781171288114
9781171285816
9781149559185
9781171285854
9781171252634
9781177205122
9781177036207
9781175490797
9781176977112
9781174892240
9781240861743
9781240850020
9781240833665
9781240405626
9781178392913
9781178345711
9781176400177
9781176284401
9781177443562
9781177295161
9781245791328
9781176921092
9781176950672
9781241059491
9781245832762
9781177035224
9781175939784
9781175910073
9781175831002
9781175528766
9781295418848
9781295063420
9781249315599
9781289281915
9781176131903
9781176227590
9781177850933
9781172492152
9781171663553
9781171771500
9781171776437
9781171631613
9781172250400
9781172217441
9781172150175
9781172148554
9781172148417
9781174854514
9781170506035
9781171833673
9781171816713
9781173220242
9781173105259
9781172486625
9781172486779
9781173192648
9781173225384
9781173297534
9781408272091
9789392025419
9788119355303
9781410403872
9789707182721
9781439505724
9788324166350
9789395557313
9780955988202
9780203504901
9788520364802
9789387483224
9781480554030
9788126105403
9788183210515
9788185421339
9789381390221
9781904768692
9789381390283
9781606861905
9780554002675
9780705400794
9789388875028
9780571247370
9789387146006
9789388725798
9789382037194
9788175348875
9789385883279
9781844670444
9789389947519
9788176480147
9789364559843
9789381465622
9789372025927
9789351522010
9788185375441
9788195853885
9788192196534
9783527700479
9781883219758
9781406221152
9781856869461
9780750658249
9788189979638
9780271027128
9788131413685
9789369145669
9789356030053
9781937862756
9781408805954
9781855620568
9781849540629
9781844152643
9781405147217
9781856175326
9780975913543
9781113570284
9781741967494
9781904772392
9788173710858
9788185902104
9788176299527
9789355426000
9780850337631
9780856832383
9789395400817
9781930808447
9789363333352
9780224035064
9781608300167
9788197420351
9780736873468
9781439559338
9781429632164
9780736873390
9781445619477
9780736841375
9780224051163
9780736841535
9780736860147
9781545485194
9789937185288
9788183214858
9788177080124
9780070305786
9780857570093
9780203099650
9780613530873
9789394739048
9780471787723
9780470585399
9789355428752
9781861265548
9789356034075
9780606351676
9780606147170
9789391549480
9788126560752
9788185933412
9789386286161
9788178001951
9789390455980
9788474268447
9788490332481
9780719807381
9789386482150
9780756907464
9780780783829
9780613628464
9780613577106
9789813165397
9788190761123
9780613031776
9788171798032
9788175741263
9788188683659
9788175741478
9788184883985
9788192718682
9789350712283
9788126901661
9788187197829
9788184733983
9781598630800
9780321793058
9780812971767
9789062157495
9781848854970
9781931859813
9781844265190
9781408285725
9781601940056
9789707708167
9780785407638
9781118361221
9780785407454
9780761513827
9780750640336
9780785407102
9781601632692
9781857076837
9780785407393
9780785407447
9781613772065
9789352298877
9788993342116
9781417656387
9781407100609
9780704371996
9780743265485
9781844264032
9781896357317
9781856177375
9780521788564
9780528003394
9781933382173
9781441151247
9781595199379
9781444138900
9780786192298
9780786190904
9780826492562
9780472032532
9781555912147
9780756962883
9780786190898
9780984225255
9780811217866
9780794605254
9780874993967
9781920888947
9781427797827
9780986038914
9781440533624
9780763766863
9781921235955
9781883789459
9781741231465
9781741231489
9788492452545
9788479537265
9781410205278
9780992565916
9781590481745
9781459613867
9788178331812
9789587049725
9781439252536
9781613758793
9781922086266
9781414107172
9780992582609
9780990589709
9780143432937
9780333547144
9789375617648
9780789742193
9780071143264
9780983173434
9781934935484
9781934757024
9781934903254
9781566636216
9781604947984
9781598244922
9780975304327
9780720616385
9781933889092
9781608850440
9781427650108
9781290747608
9781285766751
9781290278133
9781942661214
9781936672530
9780990516101
9788188129492
9789334170870
9789355850492
9788181913487
9798905847608
9789378844560
9789392958977
9788171643189
9788171643158
9780859893527
9789373358536
9789334416497
9788188327614
9788171171903
9788198915832
9789366277844
9789388599399
9781250753441
9788189836771
9789366273013
9789374248881
9789393675583
9780136857372
9783537659019
9781507772225
9780754815419
9780955320026
9781512291988
9781439217566
9789383989966
9789391943776
9788169742320
9789372196894
9788169742368
9788131200667
9789863201311
9781623360603
9780470413050
9780754820086
9780739847572
9780754820215
9781846851568
9780754817222
9780780732520
9780964302310
9781575604466
9781589799431
9780606397773
9780756952235
9780606365987
9780660186818
9789359483290
9780749435769
9788196264628
9780615141053
9789366960135
9781905953301
9781171432517
9781175602350
9781173222338
9781171390862
9781149766149
9781171269120
9781174839962
9780761343790
9789389368208
9788194422273
9781403443458
9781403457493
9781403443861
9781403443007
9781403403988
9781403443465
9781403443038
9781403404039
9781403409294
9788199151505
9780132326469
9780131859715
9784151400018
9780749452483
9789197774925
9788175740976
9781410300140
9781904811084
9788175740945
9788184044386
9788183211437
9789387363663
9788184290554
9789386664044
9789380376295
9788195277605
9781567119695
9780007246380
9788441516496
9780431908403
9780321316776
9780008650391
9789381390290
9780582292987
9781786489685
9789395649445
9781905444427
9789395649919
9780794522339
9780395744512
9780062049179
9780071135023
9781439505038
9780306370502
9788897320265
9789684196100
9780674504455
9789382192794
9789382192800
9789382192527
9789357780711
9789339222116
9788131306024
9788190769532
9789392262951
9789382185161
9789380937373
9789386006486
9780554021140
9788131246986
9789382192497
9789381308349
9789382185178
9780780787131
9780431999524
9781417731244
9788171797332
9781417788552
9789358894332
9789382664611
9789395649711
9788177370348
9788177370836
9788132006022
9780613924955
9780955676437
9788197237096
9788869106149
9781921497001
9789365060522
9788186809969
9788195433414
9788169030021
9780901462350
9780613318631
9788195350742
9789373355672
9780606043038
9789062157754
9780756918231
9781417618118
9789391088842
9789394836648
9780748238682
9789685679343
9780750615914
9780821311004
9780960404247
9780443100567
9780007606740
9780787995188
9780071390569
9780071390835
9788121108638
9780471067740
9789349262614
9789393002006
9780230537750
9789365818390
9781891448379
9780201406795
9780828532228
9780812474992
9780198732112
9798886132014
9781843821281
9780230226937
9788198930385
9798282199239
9789392023903
9789350719176
9789359132945
9788173910982
9789327194678
9788126103508
9788188719518
9788181522481
9789349989894
9788131208908
9788131208892
9788184356007
9788189630652
9788191046427
9789364680097
9789380929309
9789352703449
9781620402436
9781551803081
9780802144980
9780786159437
9780237545062
9780554021287
9780613285179
9780613365680
9780619111564
9780613582803
9780743269063
9781932783995
9781578262007
9789584505811
9780061434754
9781580374941
9789583018411
9789583018435
9780984886517
9781416584995
9780739832523
9781446528778
9781446529058
9781447459132
9781446528686
9781906768508
9781420927436
9781434419491
9780307393371
9780340973868
9781466493131
9781479412198
9781849032056
9780470581063
9780521697040
9780606206549
9780613926652
9780615373317
9781936367757
9783764315832
9780865713574
9780143431183
9780143433224
9780194671651
9780733333446
9780761424895
9780340975398
9780340985427
9781410207005
9781406710977
9781409943822
9781101973899
9781566861113
9781501259340
9781479413966
9788499537191
9786071127280
9780899666068
9781406526806
9781410206725
9780985898717
9781935633372
9781569318683
9781781205372
9780470580301
9781935439233
9781906768515
9781591163008
9781593891237
9789371501743
9780979984778
9780976783282
9789390423897
9789392419881
9781456519049
9781451509076
9780985615215
9780982063569
9781407634050
9781417618057
9780981899152
9786079377281
9788131213025
9781589399839
9781596635845
9780071241120
9786074151114
9786070706332
9786070400445
9782226045492
9781844718825
9781681650753
9781604911503
9781601452542
9781493573363
9781457503399
9781417646401
9780613583923
9781435242739
9788860172570
9780613547406
9780613708494
9783196895971
9781684040711
9788169931649
9780618041671
9780534378646
9780613255080
9781408240083
9789352298914
9789388750714
9789359062259
9789355427441
9780613919746
9781604141122
9789357558259
9789392448041
9781417616794
9781417632527
9789391943820
9789334306811
9788194733393
9781906823757
9780237542900
9780237542894
9789395649605
9780237542917
9780237542931
9781781271018
9781444144994
9789395649988
9780007429233
9780606398527
9780237542948
9780606405485
9780237542924
9780613921077
9780613135108
9781009729390
9788167010025
9789392215117
9789374529904
9788197349508
9788199268357
9781240832750
9781172122646
9781296034436
9781240932849
9781914300615
9781417641635
9781295455751
9781176706194
9781240846368
9781171786238
9781171253570
9781171274964
9781171282259
9781178442151
9781179112510
9781171306146
9781171311164
9781171332121
9781171152682
9781171592105
9781171568117
9781171153337
9781171341451
9781171398479
9781171336945
9781241779481
9781176203235
9781176272040
9781176433069
9781176471078
9781176571686
9781176597198
9781288336197
9781288454082
9781172145591
9781171285397
9781171999423
9781149844694
9781171429388
9781173297169
9781173149055
9781149841587
9780756942793
9780613832663
9781170401255
9781289110314
9781171080329
9781170999899
9781170988848
9781171464143
9781240158904
9781179812540
9781179326818
9781176640474
9781171251132
9781171250906
9781171154037
9781176950863
9781176901087
9781240862023
9781172581436
9781172243884
9781170375686
9781170398050
9781172221493
9781172218264
9781170708859
9781172472024
9781172479665
9781171287803
9781149914991
9781149937969
9781149904251
9781149910603
9781170534540
9781170416488
9781170613405
9781170687666
9781245666732
9781245690515
9781245656009
9781278351995
9781177981262
9781178358339
9781178407808
9781178418972
9781178423167
9781176635197
9781246014730
9781245139892
9781176771352
9781176812796
9781176815759
9781176838413
9781176858213
9781175330222
9781176071858
9781177931779
9789388696029
9781904859680
9781853159701
9789353633837
9780321356550
9780789743640
9781844545858
9781861344564
9781597775359
9781900639392
9781847065070
9781593976675
9780613494373
9788167010148
9781417634484
9781444115970
9781417733729
9781578262915
9780613538770
9789386008084
9780192755933
9780521253567
9780521253598
9780848821036
9781910524367
9780521253659
9780153090028
9781408261309
9780848804534
9789350244852
9789350248515
9788126141937
9788126129201
9788126109012
9788119422005
9788170893103
9788170272564
9788177645903
9788126102839
9788175364271
9788177647624
9788175411272
9789392023538
9788126501007
9788188837014
9788187616061
9788187815549
9788188837007
9788174887719
9788179980576
9788178780108
9788187421146
9788189320157
9788185971360
9788184887716
9788185048406
9789391256616
9789388050562
9789381347843
9789350320396
9788180616303
9788180693137
9788184883114
9788184884982
9780750648745
9780750648738
9780670081066
9780230634459
9788184887020
9780195684964
9788175741508
9788175740761
9781864701180
9781781581193
9781417635498
9788173910265
9788172248437
9788170892977
9788170412014
9788170420842
9788176292849
9788170893707
9788176298223
9789369149018
9780670085811
9781914495427
9788180564925
9789349346697
9780691180847
9781849901383
9780780770171
9789390641048
9789382074038
9781404808058
9780727909466
9780367268626
9780198088271
9780195692518
9789382007029
9789382006084
9789381052389
9788181980663
9789394102095
9789387620759
9788172252175
9788176483940
9788180617164
9788181581259
9789382074052
9789382074069
9788123929538
9788126919932
9788131253670
9788131314258
9788170999874
9788176491679
9788178880587
9788178884783
9788179460672
9788180380594
9781781770610
9781843309123
9781905573042
9788184484106
9789382074175
9789382074168
9789382074137
9789382074366
9789382074335
9789382074328
9789382074304
9789382074274
9789382074229
9789382074212
9789382074205
9789382074199
9789382074182
9789384161705
9789382074120
9789382074113
9789382074106
9789382074090
9789382074083
9789366167381
9789356223042
9789356034235
9789382074021
9789382074014
9789382074007
9789382037347
9789382037330
9788192353876
9788192353852
9788192353845
9789380817859
9789380817736
9789380817552
9789380817316
9789380199528
9789382074540
9789382074533
9789382074496
9789351528098
9789351431244
9789309521980
9788195371495
9788192353883
9788171795147
9788192353821
9788189972295
9788189972257
9788188449088
9789382074267
9789382074243
9789382074236
9789382074489
9789382074441
9789382074458
9789382074465
9789382074472
9789382074588
9789382074571
9789382074564
9789382074557
9789383154258
9789382074373
9789382074380
9789382074427
9781621377061
9780812445800
9780521601344
9789384025298
9780954766337
9781409227786
9780525950509
9789353235611
9789353843854
9789395649544
9789359637891
9788185212999
9780237544201
9780237544232
9780237544195
9780134999487
9788171946716
9789350252321
9780977784714
9781591253259
9781595690159
9780812489330
9788169488396
9789386896681
9789388750592
9789351847243
9781417718542
9780613221481
9789350120392
9781417663873
9780821836019
9781417751549
9781595661098
9781593891916
9781592964727
9781439518083
9780780780484
9780071424370
9780756964726
9780836874662
9781417718771
9789707802742
9780062081513
9780446544245
9781590174746
9780415204613
9780613570619
9780750681711
9780613663755
9781417825868
9780415086912
9781417697236
9780613293792
9781422179796
9781921064333
9789774163968
9780613274135
9780613457224
9781417687992
9781417725595
9780613542746
9781562436926
9783515084482
9780071769488
9781480503724
9780979525704
9780979525735
9781455884452
9781401926359
9783847291244
9781592332977
9780970606921
9781552100356
9788185983219
9788180611858
9780446544252
9788180618888
9780231161756
9780268082536
9788180610714
9789251036976
9780295961545
9780448478647
9789287161130
9789287154538
9789584508355
9789584528964
9781449319823
9782831709123
9781743110034
9789971512118
9788171799817
9789681663445
9781617061998
9789937265263
9789937859783
9781592333240
9781449319632
9781862032132
9781934360828
9781427797506
9780898628746
9781743158678
9781840784169
9781851689187
9780787998011
9780307718631
9789700507613
9788185264103
9788172252045
9788125910053
9788175941823
9781444106954
9788185135861
9788184241570
9788176299145
9780359686407
9789339224172
9788188817030
9780074515648
9789385722776
9789387957237
9789380929262
9789380642840
9788176297073
9781495056734
9788176297424
9798224068111
9798291761915
9789350356470
9781643501871
9780745623368
9780711036291
9780913063187
9780826429117
9780495171928
9780312299927
9780977312757
9780976861539
9781418447472
9781422204351
9781403449115
9781491254905
9781601451453
9781601458261
9781491031759
9781492390886
9781935784173
9781491066126
9781935784142
9780983004011
9780941524827
9780786125296
9781933382852
9781933382609
9781936681976
9781935501206
9780817631437
9781935784128
9780786136810
9780806534282
9780844204079
9780826456496
9780976861515
9781492265139
9780230551954
9781492129615
9781492228431
9780979047541
9781846821189
9781623610548
9781623610098
9781614344445
9780199794423
9780071665117
9780071592246
9781891123702
9781894338967
9781862543935
9781862032248
9781935784197
9781898128571
9789079761869
9789584528193
9781894338851
9780976519638
9780973936223
9780970271334
9781859063170
9781893798397
9781859062371
9781492325901
9781612430980
9781860570155
9781492391371
9781860570513
9781860570735
9781859061763
9781894338615
9781593579340
9781492709992
9780735680807
9780385392686
9780692454572
9781501227486
9781501227882
9781501263972
9781501252228
9781511367202
9781491527177
9781522690801
9781501277429
9781525500190
9781861442376
9781743156537
9781782220947
9781501215803
9781501212536
9781536640199
9780986619601
9781480589056
9781480586871
9780143430391
9780984089505
9780983331094
9780974694382
9781491524275
9781480590236
9780970103093
9781406719895
9781434410832
9781455864706
9781455896387
9781463539702
9781469260495
9781469260426
9781480563551
9781536640236
9781536651201
9781536651218
9781596153790
9781508747611
9781508218548
9781906783594
9781910670859
9781906954673
9781491535264
9781491537992
9781491553350
9781491590898
9781494886387
9783849558345
9781491581933
9781932813050
9781909609174
9781932813456
9781932813296
9781942901181
9781932813739
9781932813593
9781511316705
9781491583593
9781491572856
9781511321679
9789391966287
9780986100314
9781514651421
9781601450487
9781921438974
9781434462435
9780989146753
9780992057114
9780984593606
9780983858713
9780977883356
9780615609508
9786073134316
9781482584042
9781489611079
9781492971993
9786070729980
9781938178450
9786070731549
9786070719080
9780870785016
9781847736314
9781859062401
9781883717384
9781878853059
9781592243686
9781566632904
9781628970302
9780993101885
9781426313400
9781611451467
9780786180349
9781595690258
9781450582179
9781434414359
9781785291883
9781930554054
9780970943316
9780976042891
9780976346043
9781930554016
9780913063156
9781894338998
9781564842749
9781514290170
9780615502526
9781489605177
9781507836170
9780976407621
9780061672781
9781894338981
9780893892494
9780980167917
9781894338745
9780071751469
9780071134125
9781843756187
9781417756834
9780736807159
9789580478522
9781859738771
9788126559541
9788170192206
9788169407892
9781979148498
9789390581313
9789355429667
9788170192862
9788170191728
9788170191759
9788170191957
9789368083573
9788170192190
9789368843122
9788170195832
9788190676946
9788170192459
9788170192435
9789352513062
9780955989353
9780756930288
9781512148756
9781512148336
9781511833301
9780300130188
9788119708567
9780951889268
9789995221898
9780340356166
9780091924010
9789392023545
9780340631591
9781845961770
9781901485363
9780950905075
9780203868041
9780131483361
9780470046463
9781933909240
9780595002795
9780224071994
9780470389850
9781401600990
9780977670338
9780007280209
9781853838255
9789359630700
9789325795570
9780756981723
9780756920005
9789386920492
9781417638963
9780613501286
9780613118644
9780613052177
9780756952334
9780785770794
9780613264860
9780130683359
9780816077991
9781593762513
9789386310453
9789351846758
9789390641673
9788184290516
9788189926991
9780958262989
9788180613661
9789356034983
9781171385936
9781171376538
9781240079759
9781171403449
9781149903841
9781171381433
9781171158264
9781171265160
9781145646223
9781172461516
9781171341116
9781172466436
9780613633635
9781171380023
9781240826216
9781170778425
9781175516718
9781176590892
9781175442901
9781177631983
9781176972933
9781172479436
9781171421689
9781170800775
9781170798744
9781171032724
9781176601352
9781170582763
9781170520420
9781140925361
9781140907411
9781170385746
9781249321613
9781240933556
9781846571893
9781170570869
9781170003947
9781170663981
9781240847778
9781140979180
9781170371305
9789350718865
9788176292160
9781544725888
9780241847244
9789378800962
9788860287014
9788189996383
9781041412267
9788193251799
9788131271629
9789381089224
9781047801737
9789348631923
9781041413332
9789381496961
9781041412243
9781041412106
9789390616497
9781557049384
9789706518941
9780756966751
9780205365128
9780618445165
9780708800003
9780205499458
9789387465664
9780756972165
9781439537053
9781439538449
9780028266114
9783423619790
9781417703562
9788308065167
9781417736317
9788178793795
9788175942127
9789355428813
9789354567056
9789352080021
9788175941465
9788171412938
9788126104291
9788184290868
9789366317700
9789349660168
9789388983563
9780613458559
9789361316975
9781918107128
9780008715373
9789502411637
9781417756537
9781417671670
9780511059483
9780613165433
9780070700604
9788131219560
9788388121067
9789369735594
9789350354025
9789352704057
9789380014623
9789393656858
9788181981837
9789380929170
9781592334162
9781907463853
9789384245238
9789392262807
9789390831029
9781560109266
9780132721417
9780756958008
9780613260510
9789388983648
9789365218336
9788171567140
9789359637969
9780613920209
9788868926625
9780613216081
9789395649971
9789352136452
9780613598217
9780471456797
9788187139546
9780471480624
9789812750389
9780669531879
9789353933906
9781864004403
9780756969837
9780780762213
9780780736542
9788189915605
9780955676451
9789390870660
9781926660035
9781897563830
9781897563397
9789378236655
9781897563595
9781926722788
9781897563892
9781926722801
9780756918521
9789352513567
9788189267667
9780815132530
9781403400239
9780070503038
9789707186736
9781417623402
9781435293410
9780708800058
9781151469366
9781231996270
9781151578686
9781234460006
9780217727822
9781417618729
9781234145514
9781232376682
9781130106756
9781151311399
9781151422316
9780217780117
9781150710445
9781234492786
9780708800027
9781870973182
9780553898088
9789812103543
9789392242090
9789334449983
9788194611158
9788179291290
9789383989478
9789392242250
9788374306713
9780613543040
9789383988440
9781606861165
9780836858907
9780836873023
9780836867466
9780836865912
9788187046011
9780736873253
9781607477129
9780538868501
9780822366935
9780130491411
9781439560419
9781560109259
9780716022282
9780716763598
9781784284558
9780979371684
9789681631703
9781907461552
9781580869157
9780061143526
9780981239613
9781435289291
9780195085006
9780613515962
9781439513705
9780974278797
9781598634648
9781439508527
9780061432453
9780805464795
9789333122665
9781406718263
9781409949244
9781409936930
9781566491143
9781420937763
9781848981751
9780618408283
9780980244809
9780984840083
9780822366751
9780835906395
9780956817686
9781909193079
9789506412326
9781420937770
9781931243834
9781905459063
9781849237819
9788190678896
9781848983588
9781420938630
9781507801185
9789368080558
9780387507484
9780387508078
9780387507576
9780387508443
9781931498180
9780387516677
9780387569420
9780387571379
9780387514376
9780387519432
9780387516769
9780387520520
9781402763571
9781596091597
9781410303882
9780387560731
9780387563619
9780387564722
9780387566207
9780387567075
9781573222570
9780387981482
9781840021783
9780387980867
9780387981116
9780070374867
9780387981772
9781410304018
9789392240249
9780387505107
9789968370103
9788493521219
9788188730704
9788193472583
9789385722097
9789385889912
9788170892014
9789386016515
9789386016539
9789386416957
9788170892304
9788171568208
9788180615580
9788184290561
9788184291070
9780387568096
9780387569338
9780387514123
9789350240014
9789350248775
9789382705628
9780387502762
9780387505138
9780387505947
9780387507811
9780387508986
9780387509136
9780387501123
9780387501604
9780387501901
9780387504483
9789390831371
9780387507217
9789382705857
9789383318285
9780540088041
9780761994312
9780387523231
9789388437462
9780387520865
9789390912315
9780387522494
9780615212173
9789376868858
9788194940920
9788490700372
9780988343054
9781569703380
9781589095663
9781615991051
9781489611710
9780989928908
9781489650047
9781290020039
9780989249805
9788497635066
9780071007245
9780789743947
9780070991750
9780321330215
9780582299658
9780756619824
9780534596521
9789385883033
9789386008305
9781472642561
9781911335931
9789707183513
9783839104392
9780780788343
9789077787052
9789389347791
9789707562691
9789583026270
9780613690881
9788177080452
9780071390552
9781848984158
9780572037536
9788184049206
9789388983693
9789381156698
9789351102786
9789350231524
9789350230497
9788184044652
9788184356113
9789353938574
9789350237403
9789350232224
9788119462025
9789351107217
9780471716938
9780613130974
9788184290721
9781417752942
9780613645829
9789382105756
9780613453462
9788180615382
9789380223209
9781440504525
9789380082424
9789361891199
9781047801744
9789368082651
9788195284443
9789381981542
9780510033118
9788175967205
9788194865278
9789356982857
9789370202221
9789357476492
9789370021693
9781595660862
9781623360870
9781436450478
9789311129242
9781583400937
9789622177659
9781625450265
9789349287211
9788185997285
9788178247267
9789393456717
9789386261861
9789370203785
9788194837435
9781908621337
9789355728531
9780674629219
9781444123043
9781780030500
9789355530387
9789352299096
9781909268029
9789374622674
9780615214399
9780521568463
9780521568470
9781444195477
9781550283907
9789059611139
9780413773845
9780330486262
9780521695053
9780330427401
9781905548446
9781845964009
9789355014641
9789388893695
9781523824212
9780974289427
9788131268476
9789357555449
9788131731345
9789352838691
9788181912497
9788193631072
9789348580665
9789390785704
9789391166571
9780780791633
9788497636728
9780756957919
9788183210782
9788126102860
9780071613293
9789380164694
9789386016263
9788176256667
9788176114844
9789388875752
9788185401164
9788175240742
9788176114448
9789350719268
9789350719756
9781422187883
9781472984654
9781743797235
9788126522927
9789363121102
9780852653210
9780143066729
9780901573681
9780375415395
9780486457154
9780805091359
9781435296152
9789357127592
9780521655859
9780071502559
9781439503119
9781439559086
9789380014593
9788190769525
9789382159612
9789382484738
9789382484776
9789382074694
9789382074830
9789382074854
9789382074939
9789381308820
9789382484653
9789382484219
9789382484400
9789382484424
9788181912916
9789382484462
9789382484110
9781422187876
9789382484721
9788183241809
9788130908519
9788182743496
9788181287960
9788178884769
9788176580649
9788173914942
9788131302446
9788184290356
9788189233099
9788189472177
9788189472191
9788189472993
9788190769518
9789381308158
9789382007241
9789363330764
9789393068316
9789380929163
9789380853970
9789380704937
9789380014791
9789382484196
9789382484134
9789382484912
9789382484813
9789382484868
9789382484882
9789383292394
9789382484929
9789394417595
9789382484806
9789384161286
9780731409860
9788188730032
9781905573103
9783836514637
9788124204320
9788175941526
9788173916434
9789382037019
9789385379451
9789390078288
9789388266277
9789386827494
9789351340263
9789384161323
9780613174732
9780340983188
9789362833457
9789355014337
9788176290890
9789707562561
9789348814098
9788177080049
9788177080360
9781844196869
9780072980646
9780756952358
9781595691088
9780780790865
9781908621214
9780613593816
9781410301284
9780613548526
9781741045895
9780545615228
9788188660032
9789380082028
9788189915759
9788184290851
9788176298780
9788174532107
9781914314377
9788176294928
9781844543465
9780613521284
9781577314653
9788180612862
9788184489453
9788180614279
9789368083306
9788171948765
9788179921166
9789368086383
9781859061329
9781409222873
9780756932312
9781290205108
9781904915348
9781905156665
9780613219426
9781933310138
9781848684003
9781845135294
9781843548188
9780571168859
9780071625555
9780465037261
9788187344292
9788187140900
9780613501231
9788185984070
9789380803388
9780873351607
9789290451310
9788120401044
9780205576678
9781906316679
9781236784674
9789683677662
9781580869379
9781907611858
9781118400210
9780782118117
9780753470572
9789681631970
9781604181388
9781250005229
9781606891261
9780522853582
9780130491299
9789351846772
9781911218456
9781406593235
9781409900900
9780807745571
9781406592627
9781610660211
9789580475378
9781933382463
9780957499713
9780619055387
9781935153344
9781682070314
9781409948728
9781409924401
9781409921318
9781533449344
9781511596480
9781501260490
9781406518436
9781406506792
9780981840000
9780979001819
9781899293650
9781908098832
9781489084316
9781938178276
9780070790612
9781621478324
9781409920304
9781593764036
9781533596512
9781409913603
9781610010276
9781420930306
9781946426062
9781938178115
9781483703589
9781885983183
9781420680737
9781489082930
9781932813036
9781409900924
9781780090641
9780952322900
9780850334494
9780825412318
9781406571240
9781406563207
9780615396736
9780143430308
9780545988360
9780545124089
9780143432043
9780976786108
9789349078727
9780971144309
9781409900993
9781406554007
9780956467232
9781406554434
9789079761920
9780977698936
9781508630340
9781475042252
9789389564846
9789382835103
9788189619022
9788187197973
9789291270491
9788189326869
9789352021901
9789352021895
9789380642161
9788178885117
9781428668607
9788184886498
9788184883145
9788185211770
9788185902371
9788185902647
9780316732567
9781502414847
9781502415103
9781596635104
9780918736833
9780965785402
9780984018215
9780985046910
9781622500734
9781622500918
9781622500949
9780989658102
9781428668430
9781452833385
9781468106428
9781502412935
9789384161316
9789384746834
9789385722486
9789385722868
9789380165066
9789380199931
9798187197538
9789380570303
9786070726149
9791563088529
9788169441162
9789381052839
9789381849835
9789383028542
9781681650968
9788171322923
9781622500970
9781926923031
9781622501038
9788173918575
9781880292952
9786070115813
9784903233215
9788184881233
9789381052525
9789380376912
9789381052334
9789380642109
9789350516911
9788187384076
9781622500727
9781511859905
9781603201261
9788185902708
9788187197805
9788173914393
9788173052613
9788176297790
9788176298674
9788178881324
9781539181095
9788492801404
9788120716445
9788184887938
9788170367000
9788170892823
9788170892960
9788171009961
9788497774529
9788119403035
9781439507391
9781911335399
9798986409733
9781627124447
9789707562196
9781152044647
9789355741400
9789391659165
9789393232250
9789382996194
9789707322011
9788131218532
9789681682644
9781458786487
9781439513774
9781500909741
9798231543816
9780936648392
9780979965340
9798227409072
9781494319908
9781897563908
9781926722726
9788189915742
9781599202556
9781926722719
9780140955521
9780814413494
9788847009073
9781897563540
9781897563786
9780331541380
9781926722689
9781926722696
9781926722511
9783166288314
9780613907347
9780471780137
9789089101051
9781869710873
9789355427649
9789350830079
9780332585819
9780797427129
9789384247614
9788194087885
9789381005255
9788180610462
9780780779099
9789363338715
9780954790110
9780980016451
9789350716144
9781905225705
9781333860325
9781403457455
9781589650244
9781846858093
9789681912321
9780536294739
9780132548595
9781496163134
9780071164146
9788193218068
9780955676406
9780521737081
9780978669515
9780606064644
9780613441735
9781566379946
9780230637184
9788177640663
9788175241190
9788173872181
9788175241220
9789381005002
9780230636897
9780199458851
9789251034514
9780230636583
9789380217529
9788126121106
9788126125500
9788170239581
9788175244702
9788178813288
9788177648225
9789386231505
9789389335361
9789387432574
9788192892009
9788190344104
9789389536867
9789388147071
9789382192176
9788177540277
9788183211901
9788182206830
9788188818372
9788179340080
9788189070021
9788188818389
9788175740853
9788176257817
9788181890764
9788184290844
9789349287570
9788199074194
9788199005846
9788196330811
9788195200788
9789381269497
9789366965444
9789367172599
9788195192250
9789848715079
9781560108009
9789366571201
9789355733986
9789357340588
9789365693355
9789388500258
9781259098321
9789374621912
9781645973621
9789389702231
9788194939160
9781645973652
9789355734105
9781290589956
9780613567428
9780333903476
9789355579560
9789370029224
9780613070355
9789380134543
9789382484769
9789381052396
9789382192008
9789380559391
9789382192237
9789380199825
9789380199696
9789385075605
9789814357920
9789390616275
9789388299695
9788187229186
9788178886381
9789383292202
9788178886473
9789380164892
9788186976395
9789382484844
9789380164922
9789383905171
9789385883613
9789386310392
9789386385550
9789385623127
9789381052716
9789381308301
9789385930201
9789380199498
9789382484745
9789380164939
9789380937854
9789382484202
9788179460610
9788182860209
9788180381737
9788179460658
9788189630348
9788187365396
9789339204402
9781439513071
9788194558156
9788169488419
9789348631367
9781259028724
9789375615248
9788169441643
9788198956774
9789348631206
9788167010100
9780307460370
9789379643148
9789384004002
9789373948874
9789361805622
9789370020580
9789371798020
9780860021285
9780137017089
9781589610842
9781435885967
9781435885929
9781435298194
9780764583919
9781845490928
9781587610714
9781580543927
9781844584000
9781152065079
9780471615415
9781474810135
9781417735198
9780613847179
9781417649181
9780934232210
9781636517728
9781418981839
9780613501064
9780822563167
9780203961445
9788189915766
9789380751498
9788185902524
9781932813708
9788188597178
9781907149122
9789366960234
9789370200692
9789390928613
9780408011631
9781897082324
9789390585861
9781585010882
9780408011952
9781782409731
9780859675574
9780691008295
9788180610035
9789380929873
9789355742148
9789391524500
9788119122905
9789387444805
9780602306502
9789391659073
9789389546026
9780582217072
9788177080223
9780895873767
9791528292114
9780071773973
9781562862015
9780743279666
9780071773980
9781562862558
9780139073953
9789251041277
9780545987943
9781410907394
9789681638320
9781907803239
9780609808481
9788184290660
9780143430506
9780143430216
9780787998004
9781600471285
9781625033581
9781785384943
9781443701778
9781511743952
9781517132231
9781533299055
9781543068061
9781543626216
9781547114689
9781910094068
9781912997824
9781410105622
9780991011902
9780990600800
9781434455208
9781312351530
9781420931310
9781312351547
9780143430100
9780143430032
9781580870115
9781550963298
9781557869647
9789588160900
9780975097809
9788497863278
9788495542076
9780071237345
9780859538596
9781596873421
9781934866085
9782226162472
9781780491073
9781580870085
9781403404091
9781403457479
9781403461797
9781403404077
9781403403339
9789369587759
9781535308953
9780983139126
9788490703588
9781604942439
9781931178242
9781407655307
9780074510117
9781616460037
9780977476022
9781587368998
9781598244274
9781434101129
9789372192988
9789372192629
9789707320673
9780071003643
9781417824090
9789380642895
9789350230862
9788123915999
9788188730049
9788189253486
9788180903205
9788176299466
9789368020226
9788176298711
9789380642505
9788176298650
9788171322893
9788175940925
9788175941632
9788176297738
9788176297943
9789382006114
9789382007012
9789382007289
9788187197102
9789350354407
9789351108313
9789382192299
9789350320204
9789380642833
9788194663720
9789388599856
9789391043100
9788189326562
9788189326579
9788189913090
9788187197072
9788184500042
9788184040395
9789388147118
9789382395355
9789383204045
9789383204106
9789383204236
9789380642666
9780595000562
9780521475921
9789388395021
9781933662763
9789387791725
9789393749529
9780545034609
9789352340965
9789351846338
9780333913369
9788184043006
9788170021148
9789354880025
9789393082534
9788187046080
9789393350060
9780979381812
9788184737677
9781594972706
9798232984137
9781435896888
9781477702833
9780470528372
9781580864749
9780431157481
9789357473316
9789353582340
9789708104784
9780613595605
9789364442657
9781417767625
9780613799065
9780462008776
9789382705956
9789384410414
9788184290523
9788180618529
9788188719624
9788171795611
9788171796403
9788180611414
9780613120722
9781417649754
9780673467775
9781417807871
9781439509630
9781439518045
9789361416941
9781417617937
9789387963412
9789364680127
9781897330678
9781897330661
9789348446558
9780613375542
9780756657895
9780521799874
9780955676468
9780194309257
9781404285057
9781419666513
9781543114836
9789350231425
9780435984847
9789350236963
9789351107873
9789352136698
9788184049084
9788177002980
9789350233184
9789351196877
9789355731593
9789350239322
9788171640683
9789351100126
9788126632107
9780241852200
9781935350101
9789351100997
9789355731890
9789355731609
9789351103387
9781556343483
9789812613349
9780613120630
9780785743897
9781419036903
9781438004426
9781607546962
9780743463256
9781926853987
9789353638627
9789356980853
9789380642239
9788176251914
9788171110452
9788176113939
9780198070917
9788171324125
9788183243315
9788184202267
9788185680989
9788187937111
9788184291032
9788184203820
9789350233610
9789354564307
9788170191902
9789389368260
9789389368666
9788170192244
9788170191865
9788170191674
9788170191568
9788186623657
9788173668548
9781108441995
9788188730988
9788183210676
9788186623589
9789347204470
9789349550087
9788173918018
9788171322497
9788176298742
9788171569212
9788126903221
9788175410732
9788187141518
9789386482907
9789387363632
9788170190639
9788176297349
9789388599108
9789395498418
9788176295628
9789386274328
9789388983938
9789382127611
9789386777324
9789380397894
9788188808755
9789350719602
9789395533058
9789388983426
9788170947479
9789350718971
9788172164058
9789383026340
9788170020936
9788170190967
9788170191445
9789350719534
9789356939288
9780973398434
9781933648668
9780892065554
9789380206790
9789375440628
9789375441076
9789382302773
9789383292059
9789383026470
9789380388113
9788175741003
9789382302896
9789380014579
9789380388670
9789380388687
9789382302780
9789375445425
9789380929927
9788189326876
9788176496407
9789382192343
9788176497596
9789382816270
9788130900902
9789384668495
9780070707078
9789380929958
9788131211595
9789359483467
9788176496377
9781903933848
9781848982253
9781848680425
9781592333547
9780708864005
9781843106241
9780237541446
9781848185104
9780708863985
9781551808000
9781904879657
9781905736140
9780297852339
9789377019211
9789364310864
9789391108632
9789392215414
9789367175149
9780431999739
9789386480682
9780613844277
9780613889179
9788183214674
9788168883468
9789373944142
9789383660711
9789394624054
9789392892851
9789353167660
9789395649407
9789355423733
9789395404518
9789355014061
9781645973843
9789359145990
9789364228534
9788199001206
9789394145795
9788196070755
9789387516199
9780785407829
9788180695438
9789384129736
9789384094058
9789355921192
9789377300845
9788184731439
9788187170020
9780691306124
9780691306094
9789386390943
9788195378494
9788119725298
9789386390974
9789355255860
9788196460624
9788196689957
9788195505470
9788168751903
9780785407492
9781545220467
9789395632379
9788199434233
9789367095249
9788169441872
9789359777863
9789356225466
9789349703964
9789348631336
9788195271580
9789348631329
9789375444183
9788199268319
9789348631244
9789348631404
9789393257062
9789348631558
9789349703155
9789348631626
9789334221947
9789348631633
9789393885654
9789372260328
9788131400630
9789393257000
9789391730390
9789391943066
9789349703599
9789584512116
9789584506627
9780132237925
9781932855272
9781458783332
9780756607951
9781844767212
9780974848648
9781522742548
9789368082682
9789358162127
9789350719619
9789350719206
9788131529669
9788126557196
9789392787683
9788190718752
9789390423811
9789382673651
9789387346611
9789350717844
9789368080107
9789383989546
9780415611336
9788181913838
9788120416840
9789392295669
9780789030559
9780572033828
9781935203056
9780071475204
9781581314960
9789347158834
9789995150655
9789707185340
9781876268817
9780660194707
9780764178269
9788189926878
9788189582548
9789386006417
9789386008800
9788181283405
9789392023187
9781850768722
9788177080025
9789382983729
9789388750332
9780138877385
9789353121990
9780143416210
9781032291949
9789332892873
9789392958212
9789350065365
9789374620151
9780198571421
9781594624247
9780613640565
9781439537268
9780198571391
9780762741663
9781905744787
9780749688295
9782884526111
9780521008082
9789353166496
9781906215910
9780521634380
9780521634328
9789388313490
9781444164541
9780521634304
9781599321462
9789681203993
9781907900006
9780613973694
9780613674546
9781849022996
9780143430124
9781908910424
9789671144206
9781605124933
9781608871889
9781532737596
9780143431862
9780074517123
9780864318169
9781419594625
9780864316875
9781417631094
9781406741131
9780613276979
9789221160052
9781885852458
9780864317278
9780395633861
9780613730051
9780613730082
9781848580268
9781588181459
9781450245302
9780864318244
9789812303769
9780395590232
9780316102711
9789992194492
9780864317438
9781592236442
9781439536605
9781439523650
9781572700420
9781553804611
9780766062030
9780930137632
9781599219486
9781933338231
9780613595261
9781417678327
9780613531191
9789382215769
9789382215776
9788192735788
9789326192675
9789326192705
9789382192282
9789394836181
9788193446119
9788171326532
9788184731002
9788184044836
9789380014432
9789354644924
9789381120545
9788184290783
9788184290646
9788193472545
9789352602216
9789380191843
9789380014487
9789383204076
9789386150356
9788174870605
9789326192729
9789383292035
9789368026235
9789380014333
9789385722424
9780230636569
9788187824121
9788173716355
9789351429562
9789326192712
9789382215639
9788178670928
9789382215974
9788189253424
9788180618697
9789380929866
9788184290943
9788180611315
9780833572325
9780521013390
9780761415862
9789381075319
9789356925649
9783384015921
9788195917952
9798875818110
9780705405416
9780851649771
9780632054503
9788194320678
9780748733569
9780340655450
9780904588132
9780954033408
9781903219157
9780517474754
9780443042331
9780521666787
9780007169672
9780747569961
9781846073281
9780713676532
9780091856038
9789355731821
9789355732866
9781445619408
9789352866519
9780613087353
9789391642457
9781407760339
9789355320469
9780755365869
9789700513102
9780899501192
9789366442204
9788168561403
9789355426581
9789365066111
9789386896759
9789392175442
9789393702975
9789369142460
9789394314771
9789385149269
9780613211406
9789365062397
9781585010943
9780071229142
9780745652054
9780613503761
9780736858564
9780736859806
9781439554548
9780736820264
9780736858373
9789774540028
9780613859080
9789368089827
9780613844284
9789369582389
9789359718514
9780070681200
9789351449591
9789350719565
9789386008329
9789386008282
9788184290875
9789351445036
9789386008299
9780070667556
9780521600682
9781905641659
9781417729166
9781439538708
9781439539286
9789350474846
9789707184978
9780790613178
9781259058530
9780283073564
9789364684842
9781439524350
9789369580026
9781607548218
9781627126021
9781627126113
9781581713763
9789355014283
9789351843658
9788171170562
9781844061303
9789359639444
9789324196736
9781607549253
9780521618830
9780822492610
9780836889222
9789393586179
9789354463860
9781909669307
9788194895046
9781433940415
9789384826918
9781433921278
9780955989360
9780852923375
9781933771441
9789352866359
9788183760355
9789353160883
9788131273166
9789355853912
9781903091340
9781435257580
9781290086622
9781435274631
9789348457226
9789350948071
9781590841761
9781439531594
9789333135207
9781595083104
9789356226142
9789355692924
9789390748181
9781555917098
9789992194416
9781404285200
9780613211987
9788173362897
9788184621655
9788174450692
9788177900675
9788184204124
9789382215936
9788131729120
9788119514502
9788126126675
9780471171423
9789382215714
9789395649438
9788176115001
9788170248712
9789383026425
9788170245728
9788170248347
9789383026265
9789382215943
9788170245711
9789387119130
9789382302452
9788176115421
9788176116428
9788189582814
9789395649629
9788189582821
9788189582845
9788190153478
9788193366905
9788193966037
9788189582807
9780613172615
9788131729137
9788176116794
9780893812393
9789385529115
9789382395263
9789381269770
9789332557352
9781444185362
9780691014708
9780670097678
9789389564921
9789384310721
9789394739741
9788190656610
9789362017932
9789377062897
9789383989614
9789384052782
9788126571864
9780852652084
9780143424154
9789386934031
9789380559582
9780141197173
9788126551071
9789351199212
9780613515085
9780613957625
9789393774354
9789369731145
9788178531670
9789388983945
9788180180781
9788178885087
9789391297879
9789385915574
9789385981692
9789383292776
9788189472535
9788181288714
9788181595775
9788181921857
9788181922496
9788184290066
9788131305027
9788173915079
9788173915543
9788173916328
9788174453723
9789382302117
9789380930787
9789380836225
9789381575796
9789352604715
9789381293058
9789381293645
9788188791415
9788189326647
9788131307083
9788170892601
9788170998532
9789381052259
9788176485364
9788186976951
9789353164621
9788193523193
9788124106006
9788123430560
9783864072673
9788176489096
9788173914003
9781430242062
9781445442839
9788171799329
9788173915086
9788175741904
9789380014319
9788131305225
9789380014883
9788184895254
9788185771939
9788171568987
9788173912139
9788187162599
9789383292523
9789364559270
9789380199481
9789382302124
9789383292516
9789383292028
9789383026104
9789382664000
9789382630210
9789382302766
9789380164687
9788124204450
9788131304396
9788180380068
9789391297398
9788178881713
9789391297565
9789331328724
9788189741587
9789380014272
9788190166850
9788190187510
9788183870863
9788184121322
9788190662253
9789380376363
9788186519066
9789383292608
9789384752071
9789386385895
9789390303762
9788193513514
9788184290097
9788184290455
9788182930421
9788182835283
9789381465592
9789383292530
9789382007425
9789382037279
9788179925331
9789382006473
9788180618895
9788190205559
9788190965002
9788192304571
9788124204054
9788170892212
9789361591440
9788124203149
9788120415294
9788124202944
9788124204085
9780230634374
9788129129086
9788131207192
9788131534298
9788124204221
9780230636446
9780817622824
9780849345784
9781259029363
9781400024261
9781741218336
9788175941915
9788178886855
9788181921932
9788181922090
9789331329318
9789332502017
9789350712665
9788175941878
9788193513521
9788193513583
9789382302179
9789350353943
9789350355961
9789350500316
9789352730209
9780613833974
9788171323937
9789382302148
9789382037231
9789382135050
9789357783576
9789381302682
9789694023380
9789388548090
9789382192244
9789380801612
9798178886175
9789382037170
9789351297055
9789359480268
9789381575949
9789326192699
9788193513590
9789361594366
9789380937069
9789380376318
9780615383248
9788170334262
9788185901336
9789380388243
9789380642673
9788170493464
9789380642857
9789380930886
9789380963945
9789380937090
9789381052044
9789381422274
9789382302735
9789382037187
9789350901946
9789381052068
9789331321886
9789331326232
9789382007500
9789381938324
9789380014364
9789380199665
9789351073383
9789363338227
9789359033464
9789357605571
9789370204959
9780340939277
9788176295987
9788176294089
9789380937076
9789384410230
9788125038443
9788175542327
9789694072951
9788180522796
9788187947165
9788188826124
9789385722370
9789388115858
9788176296694
9788184291001
9788176293730
9789359639956
9789361103803
9789382705208
9780130981509
9780395602591
9781593501839
9789391706241
9781848366268
9780785733744
9789388437318
9788194635420
9789353844899
9789377300517
9789334135435
9789363331921
9788189915629
9789354565977
9780691306131
9789388384698
9780691306056
9789360124045
9789390460564
9788176298599
9788176297394
9780691302584
9789391162856
9788184290981
9788175140462
9780691302591
9788169382342
9788176297387
9788177080216
9789358543056
9789357365369
9789391247355
9780764555664
9781444112511
9780613163446
9780613375825
9780613558631
9780613595469
9789388395397
9788126567423
9789332551817
9780879517052
9789366602424
9789347544132
9789392242649
9789381656259
9789389454321
9789389859263
9789349703865
9789348631350
9788131700792
9788131235690
9789382302964
9789382302940
9789382302957
9789382302247
9788178330624
9788124202531
9789380642628
9788186623633
9789380929484
9789380642918
9788131603789
9788187310402
9788124202548
9780074602775
9789380937465
9788188730094
9789381390320
9789339222239
9788182900301
9788124202524
9789386820983
9780613294713
9781583227862
9780743278638
9780955884801
9781401945817
9789707184640
9789583027499
9781905745340
9781551807867
9789369589173
9789388750530
9788177080322
9788184290578
9788184290974
9788170208013
9788170208082
9788170207986
9788170207979
9788170208020
9788170207962
9780399107634
9780866382014
9781410913395
9780833025654
9781415320099
9780975316207
9781410925466
9781410930651
9789937868075
9789251037348
9780911625974
9781449330385
9781410930705
9780521695503
9780140955538
9780785827399
9789250036762
9789211169201
9788187140511
9789715612951
9780153759536
9781890447274
9780613859011
9781417675968
9783775728829
9781937842277
9781939924131
9781909771123
9781536646825
9781536634174
9781480224100
9781536640250
9781536692945
9781543619508
9781536647099
9781536647396
9781541306004
9781536636826
9781536673739
9781536696493
9781536643107
9781536636802
9781536636413
9781531879112
9781536643138
9781522675396
9781536631913
9781501287312
9781501287251
9781259097164
9780955989377
9780553902891
9781536645316
9781536638509
9781536644265
9781536643923
9781536640465
9781536634051
9780153760464
9781519189103
9781533211590
9781531840907
9781531878511
9781518607035
9781511394314
9781511392471
9781531879099
9781536647082
9781536635072
9789353166472
9781543625189
9781599869216
9781480209480
9781536632613
9781536643169
9781536625394
9781622235254
9781536635485
9781531879136
9781531801700
9781531812553
9781522694496
9781491528013
9781489402929
9781531835828
9781408504475
9781536643510
9781536643541
9781536643565
9781536611618
9781536611649
9781536623536
9781522669524
9780615789576
9780930503819
9781536635836
9781531879181
9781536625400
9781536628197
9781531879204
9781536643084
9781491518649
9781536663556
9781536637038
9781536638035
9781543625028
9781543625134
9781536633719
9781469290942
9781320564342
9780980176322
9781531883638
9781531883546
9780143430353
9780071843393
9781530869046
9789385699009
9781536636024
9781491541890
9781469259895
9781410930729
9781536635140
9781597554343
9781543625431
9781410105370
9781484640210
9781489092328
9781522606802
9781522642824
9781501289583
9781501290534
9781408504482
9781447460398
9781469259918
9781469260518
9781511318143
9781511319171
9781536692914
9781536692921
9781511384476
9781482834840
9786071133069
9781934781333
9781543623888
9781522605706
9781511336079
9781511329064
9781543619492
9781543602524
9781536673586
9788177080315
9781536643626
9781536636109
9781536640496
9781861711519
9781910133002
9781536646528
9781511383882
9781511357784
9781536636840
9781536636635
9781536640526
9781543623833
9781543602517
9781543602531
9781511376693
9781536643398
9781543623536
9781543623208
9788174509017
9780071839433
9780470536353
9781480576896
9781876924409
9781876924683
9789681912284
9780822364399
9781891400032
9781860570612
9781422207093
9780973900934
9780854738557
9781422220375
9781863601115
9781848981881
9781897350560
9781876924393
9780538617581
9782226045331
9781595199362
9781557090539
9781422207949
9781848981867
9781894338523
9783705201385
9781597773362
9780769677804
9781741101621
9780340811030
9781848981898
9781860570292
9781743449592
9780613011648
9780578006703
9781622432424
9781582751795
9780692479087
9780615594200
9789769575905
9780956208699
9781422218907
9780974844527
9781495811593
9780882681955
9780974844541
9781422207185
9781422218860
9781432978402
9781897563427
9788493496524
9781430419136
9781616332761
9780981936703
9781909410176
9781894338806
9781632901637
9781492302483
9781422207505
9786073135955
9780761385646
9780764191268
9781625881120
9781941112144
9781782770282
9789369580040
9781770920309
9781622432431
9780615723242
9789395160704
9789381981047
9788174457615
9789309242298
9788119782895
9780199480340
9781486145638
9781486144716
9789394739994
9789394649064
9780071071239
9781567184143
9781558743083
9789374621745
9788121998321
9789391146573
9788199347724
9788126567409
9789387444980
9788131764077
9780808569770
9780613340069
9781406862805
9788195433407
9789326192736
9788119670000
9788192655765
9789385462993
9788182836686
9788194742159
9789387286429
9780361038263
9788197424434
9788120416161
9789388696012
9788169507806
9788193723449
9781562542610
9788466612326
9788170892410
9788173810022
9788171009480
9789382302919
9789383026821
9788182930452
9788180302664
9789350512357
9789383026234
9789382302933
9789383026753
9789382215608
9789383026722
9789382835127
9788187818267
9788189268220
9788184290219
9788184884081
9789350239391
9789381575901
9789381575697
9789381575680
9789381575383
9788170891895
9789381465219
9789381052563
9788123906720
9781259005602
9788123428833
9788120415447
9781912083664
9781843405153
9788178662152
9788184887037
9788178886893
9789350235614
9788178791029
9788190635745
9788194089896
9789355428684
9788175410749
9780708801024
9780761996316
9788131601631
9789351522157
9789352133857
9788184933543
9788185264035
9788187815730
9788187818205
9789380642611
9788174937803
9788175941854
9788175941809
9788175240278
9788184887709
9788173872303
9788125912903
9780857421784
9788176297103
9788178667508
9788178667850
9780333934098
9788184291018
9781935677307
9788120416505
9788170244578
9788131532362
9788183180689
9788185589152
9788184241822
9788188039371
9788188719617
9788189582524
9788187336594
9788176293716
9788176299824
9788178666808
9788178669274
9788182930377
9788182930674
9788183180818
9788125912880
9789383026203
9789386827500
9789382215721
9789382215738
9789383026074
9789383026814
9789383318872
9789394836068
9789383028108
9789385722073
9789382007395
9789382215653
9789381575963
9789363335004
9789368086505
9789382215684
9789354564642
9789381465974
9789381465738
9789381082959
9789381575918
9789382215691
9789393781925
9789380930305
9789381575154
9789381575345
9789380164786
9789380165059
9789380199795
9789381575581
9789381575864
9789381575659
9789380937472
9789380642765
9789381005545
9789381575871
9789381575970
9788121915434
9788126557776
9789381052136
9789380014920
9789380164700
9789380164748
9789380164755
9789350354896
9789350973820
9789381575451
9789380014845
9788190635738
9789380191607
9788189913045
9788189901721
9788190635776
9788190635783
9788190635790
9789332901810
9789386107053
9789385622359
9789380014753
9789350247846
9789382007845
9789383181131
9789383181124
9789383028740
9780153090097
9789368842965
9789352340705
9781417618828
9789686070026
9789366602509
9789354463181
9781439547427
9781435205550
9788897050827
9781620501054
9781435207158
9780989154833
9781435279711
9789812742315
9789394739765
9788131216798
9789389949087
9781435217034
9788190883108
9788190883139
9789392135637
9781439533239
9780744005578
9788170848448
9780767542548
9781934506486
9780767505833
9780767520850
9780767535540
9781913553821
9789348013613
9788184049886
9789361971938
9789383547227
9789383547951
9789388126663
9789366654270
9789349660526
9780070494985
9788581320304
9789388983624
9789389024265
9789380191942
9789386691965
9788168619159
9781600241802
9781417813186
9789369581436
9780739324462
9780993144738
9789365210705
9788177080575
9780808595823
9781593501389
9780760339572
9780822364580
9781577317401
9780613113045
9789371531399
9780785737537
9780613730792
9780809226368
9781032562964
9781935002109
9789392175176
9780613866842
9789948792772
9781417685813
9781417636280
9780613592345
9781417756636
9781417695607
9780613360302
9780613079174
9781417752850
9780613002257
9781417827503
9789359118826
9789313192350
9780345499196
9789354601378
9780345504180
9780230574113
9788176292207
9780521542029
9788867432295
9788866285663
9780613534956
9780613374828
9780613180863
9780613375689
9780613309264
9780613372725
9781417620609
9781417649532
9780785793236
9780785779001
9780613545181
9781417809233
9781417795246
9780613433662
9780613679732
9780613451956
9789391943042
9789350750452
9788171643196
9789391943332
9789391943585
9789391157401
9789390303533
9789394644007
9789373597089
9781845394028
9781846857850
9789312148266
9781582405674
9781905745104
9789385722820
9780785141709
9780785134695
9788194435037
9788189926724
9788189619046
9788190479004
9788180180798
9780809571765
9780765320018
9780785108139
9780976401186
9780982225325
9781905745326
9789353166168
9788182890176
9788181921888
9789380014166
9780070447424
9784900793095
9780785114932
9789347689130
9788184737165
9781600104503
9788180302473
9781571205759
9781444110081
9789380937106
9789355426611
9789352606061
9789381575239
9789381465325
9789381575222
9789352874828
9789390831357
9789381575208
9788182860223
9788856782769
9789382302360
9780785116219
9781848565029
9780259072478
9780259367741
9780259841739
9781330575321
9781333221676
9780243287871
9780259302698
9780243351992
9780259759249
9780259458883
9781331067566
9780259592891
9780259148258
9780243986248
9780259906780
9780259849551
9780282141523
9780282133481
9781330980132
9780259431152
9780243512638
9781333250614
9781333812133
9781331041313
9781333208905
9780282196646
9781331061359
9780243423927
9781333910419
9781333901837
9781334711404
9781332535552
9781333812225
9781451012347
9781440084904
9781334964534
9781934506943
9781440095559
9781333874339
9781332601271
9781332564200
9781332726134
9781334695155
9781334650796
9780243519705
9780282176624
9780282607746
9781330459492
9781330045398
9781331451358
9781331346364
9781331187530
9780881220995
9780282246907
9781334359866
9781334349010
9781439525524
9789501700251
9789501110524
9781933449616
9788484606468
9789707180871
9789375612100
9789352440771
9789375166856
9788185902098
9780070615946
9780521798228
9788184204100
9789388983075
9781898030164
9781580867351
9780764179143
9781934020203
9781435206557
9788173313196
9780765213037
9781904444367
9781852696726
9780892046782
9780613433594
9781610800044
9780984698646
9781610800068
9781933102580
9781846851032
9781418945299
9781598695311
9781425361051
9780920576731
9789683811929
9781904879060
9789351876243
9781435202030
9781490455358
9781410946522
9780955462252
9781439535493
9780070248786
9780613092142
9780361045735
9780340948385
9780214200502
9780304299805
9780613443937
9781856191197
9781417792542
9781589616127
9781933784601
9781593599867
9788478646302
9781439548103
9781933784618
9780752226118
9780007147915
9789814361392
9789381981153
9780099497783
9780330368735
9780099503972
9789364683968
9781595324931
9780753413340
9780613224031
9780330491761
9780330491778
9780761315346
9780972644341
9781417789481
9789378238734
9789355318589
9780070586710
9789332557345
9789366498164
9781406838282
9789311124124
9789356817296
9788467840193
9781400047291
9788467840179
9781444102642
9780613099929
9789875621183
9780613376709
9789388266246
9789393472137
9789393472120
9781559945912
9781578263271
9780785119098
9781845763992
9781857076998
9781616080976
9780857680303
9780785123415
9781569759134
9781845768522
9781848563063
9780956460905
9781848569768
9781848566583
9788184047493
9788178271699
9788126118939
9788126116645
9788170173625
9788179104163
9788179291375
9788179752227
9789387303102
9789381630297
9789381575635
9788176258739
9788126121199
9788176259484
9788168772809
9788198052339
9789380223186
9788174882790
9788175412040
9788171771202
9788184201727
9780869255490
9789380164618
9788184200485
9789394559806
9788170950998
9788172331573
9788180302503
9789380239989
9789380191553
9789356763685
9789380836423
9789390253173
9789394739512
9789381465332
9789381575178
9788180304330
9788181922175
9789312147146
9789390931682
9789381575550
9789381575543
9788189582913
9789394739475
9788189253226
9788186772096
9788189582920
9788183180696
9788178900797
9789381575437
9789392135040
9789390912940
9780230637146
9788120727014
9780230636705
9780230321939
9789380191973
9788183244534
9788176290883
9788176295611
9788176291996
9789384410469
9789382215745
9789382215455
9789812618528
9789381437049
9789381575055
9788184201994
9789380014135
9789380014180
9789392135521
9789386592378
9789385114755
9789384410926
9788126137732
9788126135103
9788176115711
9788175240223
9788174886989
9788171394913
9788170445258
9789350231159
9788126519323
9788126148363
9789392379390
9789392140266
9789350679081
9788189901998
9788189645175
9789382215424
9789381575574
9789381575567
9789383028078
9789384149765
9789394739864
9789382215233
9781681724867
9781888472837
9788119165087
9788126114863
9789352340170
9789385883415
9789353222512
9789366966267
9788131771884
9788126565450
9788126569120
9781399765725
9781401213602
9781401202170
9780297847373
9781780576145
9781401251260
9781401237950
9789373947723
9789387146563
9789390912308
9789395116404
9781435221529
9781444777277
9781848981805
9780297871767
9780670086757
9780870069307
9789390679287
9780723286714
9780575090590
9781409142454
9781409124375
9781405502764
9780074636312
9788126555147
9788126539369
9780241198742
9780224076869
9780143422518
9789382314226
9780785709916
9789381465615
9780070669086
9781906821067
9781902889115
9781861269355
9789381465523
9788187162315
9788187107804
9789381422182
9789381422120
9788187445449
9789382006060
9789382036234
9789382192374
9789380014111
9789390128211
9789812747617
9789381465356
9789382302025
9789382302032
9789380014074
9789380014081
9789380164953
9789380014906
9789380014814
9789382302131
9788188730520
9788188861057
9788189326128
9788189326678
9789380014371
9789381422083
9789381422106
9789381422113
9780521193856
9789380995649
9789381422069
9780767535618
9789380014029
9789380014043
9788182900325
9789380014098
9788190738576
9789380014302
9789380014340
9789380014777
9789380937007
9789380937120
9789380937656
9789380995014
9789380014425
9789380164977
9789380199634
9788185027340
9789380995519
9789385379024
9789389129670
9789380995410
9789380995434
9789380995465
9788180384264
9781259028441
9788180614392
9788180615856
9788181284204
9788181921956
9788181981042
9788181982605
9788182472129
9788190585200
9788131315811
9788185589114
9788188730544
9788187339533
9788189937317
9788190309882
9788180611292
9788188818181
9788190761130
9789324196538
9789354564628
9789378570131
9788190454346
9789386827456
9789386860774
9789393459343
9789381422090
9789381422168
9789381422243
9789380014050
9789380164311
9789380096896
9789380164380
9789380164557
9788173913952
9788172247928
9788124116470
9789380930411
9788177240047
9788179921135
9788174451453
9789380376851
9789385075636
9789380937038
9789380937144
9789380937137
9789380014784
9788124204238
9788126900879
9788180300042
9788131311141
9788131601266
9788170209850
9788170999867
9788177540086
9788178885421
9788178886671
9788131306512
9789380014067
9788181981332
9788183240772
9788123904658
9788184290790
9788130901596
9788177370638
9788183243773
9789383774166
9789381465189
9789382302513
9789382302520
9789380833873
9789384866594
9788190712873
9788180180514
9780070222854
9789812748294
9789814606202
9789355326546
9789380995427
9789381320006
9789384866600
9789380937229
9788177550047
9789380642925
9789384866617
9780606000024
9781417628179
9780606141864
9781417739523
9781417620692
9780199458202
9788196234669
9788196234621
9781417822287
9781417717040
9781439528495
9781681601793
9780613314602
9781439530276
9781496504913
9780613279284
9781840238396
9780881139181
9780340992289
9780199467440
9781417776726
9788184049183
9789350231678
9789350231821
9788131910511
9788170122845
9789389820133
9789371869959
9780080222097
9789364684958
9789388267304
9789359639888
9788126560660
9789350232545
9789350235454
9789351190288
9789351101949
9780080222103
9788185809243
9788189901714
9788176292184
9788184044737
9788184047615
9780230574267
9788126506552
9788170193418
9789350231296
9788170949060
9788184043914
9789350232767
9789390555727
9788892672758
9781435215689
9789386008114
9781934506134
9780721667980
9780070531413
9789393077066
9780758247124
9780615137278
9780993310430
9780375923760
9788484881896
9781435214705
9780956746139
9780787964894
9789357269308
9788175941601
9789388750905
9788179308189
9788176299282
9789389368291
9788183821025
9788185902470
9788184840360
9788172163488
9789391208783
9781569823248
9788176295994
9788180302497
9788183558495
9789350719459
9789351444619
9789350713808
9789386601278
9789350719015
9789350948064
9788126574858
9788874902255
9788131416334
9789347471643
9789381142257
9789382007678
9789380902203
9789350231098
9789380096780
9788131419397
9788131411629
9788131405369
9789364228060
9788131518588
9780070620988
9788170002888
9788189582517
9788189979362
9789388899857
9789380096957
9789350713297
9789326195218
9789380164472
9788131404904
9789380096933
9789381465530
9788131602843
9788171791965
9788119380138
9788184290349
9781781254448
9780977960347
9788190228206
9781930754065
9789383318070
9789380995823
9788190738569
9789380995762
9788184290530
9788189547776
9781681270760
9780761417460
9789392242946
9781905582549
9789386896537
9789367174579
9789352340217
9781469929880
9781569714478
9780521536172
9781742482552
9780933532960
9789391943912
9789394644540
9789357797368
9789356224551
9789387880832
9789391408701
9781645973416
9788172734145
9788199457331
9780743265768
9789391943271
9789812403698
9789812548818
9780005463567
9781566378215
9789584508461
9789390737796
9789394417021
9789364229357
9780694701056
9788169382267
9788169382113
9780763652210
9781926722443
9781849700665
9789377303686
9789377300234
9789387162334
9780829743098
9780834174702
9780745938486
9781849700818
9780758615855
9789371432481
9780789917058
9781250028129
9780834195721
9780807223598
9788168873018
9789353459185
9789357315203
9781439547731
9789356192331
9789376868810
9781844761937
9789359120584
9788169382106
9780230747197
9781417733279
9781439560501
9781417759712
9781436434171
9789392140020
9789684037731
9789392328039
9788196234638
9780998496900
9781554731657
9781554731640
9788126598281
9781554722914
9781621340430
9780956224828
9789381576809
9789380154862
9781621340133
9781554731664
9789363333307
9789381836354
9781484075531
9781931567732
9781943584093
9789359717197
9789352016204
9781554724956
9781403478375
9781500457235
9781432964160
9789875571808
9781849148993
9789383175338
9781541311374
9781467775823
9781467775809
9781939666062
9780763668020
9781681603537
9781473312388
9780615674377
9780957517950
9780692783801
9781447436058
9780739026601
9780985200039
9781946101051
9781938714221
9781921272349
9781447419006
9781420942712
9781944195939
9781783220779
9781781390368
9781781080771
9781618623058
9780980246889
9780986444722
9788492595082
9781511968683
9781505228281
9781502585400
9780769243672
9781593090227
9781581692969
9780794427917
9781561639816
9780944655207
9780956885630
9781447445180
9781447459064
9781447459071
9781473303867
9781618451323
9781447444282
9781447444992
9781447445012
9781473312401
9788467421538
9788423668137
9781443780421
9781596922730
9781562199098
9781560106838
9780812935080
9789379575487
9789707184602
9780596000493
9788197390340
9789391943592
9780935047400
9781429123143
9789351737322
9780794509057
9781443772471
9780893285067
9780807729564
9780836881417
9780395584019
9780836879001
9780192870766
9781443719766
9781443771467
9789392787867
9780794503277
9780762707348
9780892815838
9780005128565
9781429120340
9781429120357
9783764368227
9781402754890
9781593730062
9781931863421
9780836879018
9780976011422
9780983035596
9781440505621
9781406734683
9781609051259
9781906589066
9780836878851
9781905151530
9781899924981
9783100522016
9781451598445
9780613999977
9780613730648
9781417765430
9781417620333
9781932581379
9780613313001
9780936077062
9780613592529
9781846771170
9781439522271
9781846853081
9781439520352
9781681918303
9780070610798
9788490703199
9781770922273
9781770922310
9781589804814
9780769212425
9780987652201
9781560108320
9781492118572
9780769296647
9781402777035
9781457513176
9788186857342
9781625883308
9781770920323
9781625881007
9781609051280
9780778728900
9780778728962
9781935178156
9781770922303
9780982889817
9780615394015
9780822558293
9780811869195
9780778735496
9781598243314
9781625883346
9788479423391
9781770920316
9781402739804
9788893560115
9780030245787
9780613279529
9780060891459
9789685964814
9783886182169
9780060891466
9788483068366
9780613372572
9781598696493
9781905847624
9780979589935
9780785119920
9780606002134
9781565042926
9789363330702
9789971513177
9780785118572
9789971514228
9789361804410
9788193125465
9788131302439
9789355734242
9789350716397
9789386519221
9789378231025
9781594660887
9788184042740
9789386635365
9789350718957
9789350717653
9789350719626
9789350718773
9789388983662
9789388750035
9788126566457
9781577314431
9788131760680
9780199458196
9788188646661
9780785797647
9789673290253
9781844001859
9781439213322
9780794514679
9781557992628
9789350943014
9789359119564
9781434993120
9780311460298
9789359664866
9780976003632
9781403997265
9780757919053
9780974829920
9781403474346
9781596923201
9788991780200
9781598003390
9788132116226
9788170206644
9788170289555
9788189972455
9788170005032
9788190693547
9788176293631
9789351951087
9789351105695
9789354564338
9789352131341
9788188861088
9789380164328
9789380164342
9789353024314
9789380274034
9788178297736
9788178884837
9788189901028
9788189913083
9788189917661
9788189979096
9789357365406
9788189979102
9788183241083
9788186976708
9788186099063
9788171771837
9788172762988
9788173192548
9781841495897
9781841496139
9781841496238
9781847441898
9788119112333
9788192735726
9789350244210
9788176298858
9788126106059
9798181890695
9789388875080
9789388757294
9789387257634
9789384934729
9789385722899
9789383026296
9789382215837
9788188836802
9788176259958
9788176259248
9789380164588
9788181921345
9789380013176
9789382319603
9789381575642
9789387945999
9789384161293
9788170690047
9789390831203
9788183180856
9788183186636
9788183294492
9789387994119
9788184201673
9788184451030
9788184887686
9789382215509
9789382215523
9788170891185
9789382036531
9789382036555
9789355646743
9789354568282
9789391247959
9789380376035
9789380937205
9789380642758
9789380801230
9789380937175
9789380037035
9789380096636
9789380096728
9788190674836
9788190746113
9789380963587
9789381052273
9789352021666
9789354562143
9789353166892
9789352730773
9789356760325
9789358400489
9789380239644
9789381465554
9788187815143
9788185067957
9788190474122
9788185822518
9780195476439
9780316028219
9789373899787
9789382171188
9788188805723
9788186099889
9780752853598
9780316728416
9788171792900
9788126560677
9788176291163
9788173918476
9789351445005
9788131728925
9788170003069
9788170367963
9788171005390
9788171326211
9788171771431
9788176292153
9789388875165
9783873481015
9789380376219
9789382215561
9789383026524
9789383026555
9789383026791
9789383028528
9789383318087
9789381575185
9789352024322
9789381575284
9789381575390
9789381575512
9789382036432
9789381575215
9788181921369
9789382215431
9789382215134
9789389461718
9789380376011
9789381465059
9789356733602
9788190893503
9789339204211
9788190440455
9788189582012
9789350356760
9789350517659
9789351766544
9789351766575
9788189253820
9788189582500
9788189582722
9788176116633
9788176113465
9788175885493
9788175084230
9788181921338
9788180302909
9788180302886
9788189582036
9788189582531
9788180302855
9788180302763
9788179060100
9788178885414
9788176299091
9788187815723
9780613529259
9788184897821
9789363336803
9781435246362
9780767931953
9781563897467
9781440500831
9781563897535
9789349703384
9788131220894
9789352602193
9789685366427
9781846851896
9789350357033
9789334423877
9789325298354
9789362523211
9789352832804
9781904468035
9780785831181
9780613277068
9780618230457
9781417705047
9781859746400
9789364311014
9781889999395
9781904623090
9780600619406
9781848184091
9781605500270
9781569718582
9781402212703
9780979107962
9781848561489
9780613276252
9780899240916
9781845297374
9781934360224
9781847161673
9780746097717
9780844742762
9781847160928
9781845762599
9781902227757
9781770921139
9781770921122
9780811863674
9781848566408
9781846164330
9781848562301
9781848560932
9781847161697
9781905506156
9781577316114
9789386629036
9789382215325
9780718123567
9780844608457
9788169001182
9789382215370
9789362019998
9789350944066
9789369144273
9788193841150
9780009333507
9789363338739
9789378529870
9788126571345
9781403384010
9780373582976
9789355743091
9789378802638
9789378801839
9781855765689
9781606937648
9789389767698
9789351877721
9780000664570
9789390347940
9789394402430
9789348149121
9789363334052
9781906356033
9780984187010
9781439553459
9781417769452
9781439531150
9780952489764
9780965207508
9780954029869
9781408520284
9789353041021
9789370022843
9781907009013
9781439517208
9780739043806
9780071068017
9780433204510
9780263769869
9789327240214
9788199061217
9788194277101
9789393056740
9789392791697
9789389750348
9780071425872
9781535280242
9789388750868
9788189979119
9789350711859
9781439510612
9789386860125
9789391465278
9788170333586
9788121619349
9788182965706
9789352136704
9789350230558
9789385616785
9789355734235
9789355734907
9789350718520
9789395483322
9781578151554
9781435200050
9780613220347
9789392175091
9780439457477
9780804815109
9781290484466
9789348080752
9781853756801
9789351292531
9788189635268
9788197639098
9789348457455
9788188719303
9788126517497
9788181921383
9789380937595
9789324197573
9781584765554
9781138565678
9788171773060
9788171797899
9788170338505
9788178885483
9789381465080
9789332518100
9789380191324
9789348179043
9788187162704
9788180612015
9788126517480
9789385528156
9781236686985
9788187250555
9789385155215
9789386310590
9789388548359
9788172240257
9788170002758
9788131601280
9788131207437
9788131513743
9788180613944
9789373890401
9789393068583
9788184290110
9789350237519
9788131513804
9789388599115
9788123919010
9780073024912
9780071006712
9780099504870
9780955676413
9781583240250
9781592235919
9780618379644
9789370025592
9789378520006
9789334049756
9780762429790
9781178077230
9780954613013
9780785123880
9781542372626
9780224090032
9781543111569
9789332553927
9780230704558
9780071074803
9780486232843
9781844004843
9788184291056
9781406327793
9780754821588
9780521695015
9789350949610
9789368931041
9789371116084
9789361598623
9788192701868
9789382291756
9789350949634
9789393529725
9781903654057
9781844194209
9781842707241
9781920888909
9781845769758
9781845769321
9781845769154
9781845766382
9789380191034
9781848562417
9789366497556
9789350711866
9788189915155
9780785115465
9788126599974
9789376864683
9789360827571
9789348580597
9789394644625
9789363361034
9781905151455
9789362860316
9789386941626
9781905151462
9789365902969
9780785797777
9781870612722
9780977985029
9780954630065
9788193562598
9789394441279
9780070992887
9788195917969
9789394812468
9789357363716
9789327199031
9789355012456
9789358890129
9781439532126
9781435245242
9781439516317
9781439535684
9789374729434
9781439532164
9788167440068
9789813165359
9781741105674
9781933895123
9781932301908
9781906733063
9780071545129
9780732611446
9780754818199
9781435245273
9781439528273
9780898751802
9781417499724
9781439515563
9788180302466
9788496629097
9780754816966
9781405216920
9789394739758
9789347471957
9789385114168
9789379231925
9789385989360
9789394739383
9789392135002
9789380096407
9789392135033
9789390912230
9789356126558
9788190719865
9789390227891
9789312148297
9788131709436
9781435257139
9780977761418
9781597640114
9789681334178
9789502411095
9781864488999
9781605090139
9788131708071
9781904444695
9781562014056
9781565891630
9780312386122
9780757923005
9780757923364
9781569757215
9781904444275
9781600760624
9781575603650
9780582305601
9788175083394
9780979014505
9781569754337
9781844672622
9780554008240
9781427402332
9788194773238
9789378490453
9789333006729
9781517341688
9781503226333
9781518668920
9781552974094
9789312146194
9789339204440
9781522753636
9780780740327
9781417775514
9780613014298
9789356122185
9788189582579
9788189012571
9788189582326
9789382215141
9789381575086
9788189913052
9788173153075
9788173914881
9789380937199
9788190135801
9789380165073
9789380191638
9788189582999
9789380731858
9788188719099
9788188861149
9789382215165
9789382215332
9789382215875
9789382215905
9789380376707
9789327259254
9789339204808
9789385309182
9789351101420
9789382215363
9789383204304
9788183770378
9789381575093
9780582189409
9788126102228
9788126105823
9788172960131
9788175940321
9788175940864
9788177647068
9788184246636
9788183250948
9788121936163
9788126512904
9788177395129
9789380937601
9789386592835
9789388875073
9789390958023
9789392140310
9789394559509
9788189937737
9789381991725
9788189979911
9788195404353
9788199843257
9788189645199
9788189582593
9788189582104
9789356922945
9788188719235
9788188652044
9788185712277
9789389368451
9789388750561
9788182930100
9788182890169
9788171322039
9788131902769
9788174880192
9788123433486
9788189012595
9788170308379
9781432956608
9781484636923
9788189582975
9788189582760
9788189652111
9788175241619
9788175551619
9788173916069
9788189913021
9788179308356
9788181920829
9788176116763
9788176259521
9788176481243
9781410986504
9788176113335
9789386306418
9789352132003
9789311123783
9788173911668
9788173155376
9788171563203
9781410947727
9781410934536
9780070707764
9788189913014
9788189901615
9789380147895
9789383919291
9788189582029
9789386309679
9789386309662
9789380096469
9789373892184
9788187661627
9788187818489
9788186867273
9789380164281
9788189582081
9789380096742
9789388875127
9789381630327
9789380937977
9789380937793
9789380147727
9789380376400
9788185680651
9788184045253
9780143425922
9781847678683
9780755332069
9780674410947
9788126501441
9788126516780
9781444118537
9781847678676
9789352866854
9789358690217
9789365543612
9780316027366
9780613083003
9781473610026
9789387788244
9780521648554
9788126518753
9788126539413
9789351194002
9780143442981
9789363116504
9781784080242
9781806177059
9788126576777
9788175157811
9788184045307
9788184746815
9789354249297
9781847923974
9781849161886
9780785837619
9781405504904
9781409129615
9781435828858
9781439529195
9789351951445
9789352643721
9781473614239
9781529918434
9781618937780
9781780877235
9789348048813
9780719569715
9781445132341
9781417764921
9781417811335
9780521655842
9780613873239
9788167080042
9788178811826
9789360331740
9789385155123
9781477719251
9789366496887
9789812742308
9789380937892
9789812744715
9789383026586
9789380937915
9789380937953
9789380937960
9789381302941
9789381348109
9789381608135
9789381575253
9789380199467
9789380376264
9789380642963
9789380937045
9789380937168
9789380147147
9789380147239
9789380165042
9789380165080
9789380033334
9788188818426
9789380164182
9789380937311
9789392295140
9781259006180
9789380164014
9788176489126
9788170998310
9781405508490
9781409122838
9789381465226
9780195696325
9780333932445
9780600621959
9788124204047
9780752892030
9780198060963
9789380937021
9781401214630
9789812450319
9788190730297
9789394726987
9789380096520
9789814357739
9789380164076
9788190723602
9788190723619
9789383154050
9789383728473
9789392295089
9789392295133
9780230636040
9788131531501
9788131601136
9788131604939
9788170892311
9788184200638
9788184290196
9789380156774
9788172233259
9788176487207
9788131511312
9788131528174
9788129118417
9788131242391
9789380147390
9780613926683
9781897829127
9788120416239
9788124202180
9788124204276
9781845335953
9781845383992
9788186623251
9788187445869
9789380191751
9789380191799
9789387572331
9789380191102
9789380376417
9780333993507
9789381465066
9789381605370
9789382007715
9789382036326
9789380096759
9789379231871
9789354567339
9789354569777
9789357054218
9788174730886
9788175940383
9789369149063
9789351340348
9789351419433
9789371003940
9789351432890
9789351433293
9789351433309
9789352031795
9789352440863
9788190713085
9788190723633
9788190730211
9788190730242
9788190841184
9789362736789
9789363197497
9789363331808
9789380164106
9789351432197
9788187629283
9788175941670
9788180385179
9788181890894
9788181913463
9788183244282
9788186535370
9788186599143
9788187162377
9788190768214
9788129111227
9781845733438
9781846011368
9789380937908
9788120331440
9788120342156
9789380096490
9789388391559
9788176485401
9789380014289
9789312146187
9788170893035
9788170893622
9789351419488
9788187197065
9788174453853
9789380033341
9789380096414
9781915649515
9789391088743
9789380731131
9789380037004
9789383318056
9789460650277
9788190869003
9788192187549
9788192990170
9789380937557
9788188818457
9788189472948
9788189643218
9788189741433
9788189800352
9788187629061
9789380147246
9788175941922
9788175961906
9788176484695
9788188808144
9788176489966
9788178129709
9788179924914
9788180520075
9788189979621
9788190336826
9788190454315
9788190635806
9788190662246
9788190000284
9788173141362
9789380096582
9788190768221
9781107638167
9789385444111
9788190768269
9788192218236
9788190716383
9789313192190
9789331329608
9788190723626
9788170193029
9788170338772
9788175332041
9788190730280
9788176483230
9788188681464
9788189913366
9788178882932
9788190768238
9788190768252
9781780193151
9788171796519
9788190723640
9788190730228
9788190730235
9788190730266
9789380096698
9781107029200
9788175941908
9789380096537
9788187815716
9788188421046
9788180380013
9789380096506
9781840442120
9780190912307
9780195476248
9780195686975
9781403925039
9788131309148
9789352701568
9789353287429
9788181980243
9788181982018
9788181981981
9788190679145
9788183242042
9788185224985
9788186535400
9780715324325
9789385444760
9789385444869
9789386824042
9788130700601
9788130708652
9788130910451
9788131314395
9780195478297
9788181981943
9780739825433
9781627123266
9780739825198
9781591984368
9781435228245
9781435228634
9781410903440
9780755201679
9789356124417
9780756514181
9780756509743
9781592236459
9780806972633
9789388599559
9788190719803
9789354552113
9780881958201
9788175740044
9788179680049
9788188661787
9789369147618
9789380096353
9789382192381
9788190496018
9788170208556
9788179080108
9789382192411
9788897778059
9789381969007
9789382033127
9788190719810
9789395259262
9788198797100
9789371112437
9781607546801
9781439521304
9788180302756
9780613237482
9781405335140
9788897242222
9789362738707
9788173818042
9788189979270
9789366960265
9788183073509
9781588103062
9789350940181
9789351870784
9780195679939
9780953584932
9780762421374
9780702046445
9780521721004
9780552213622
9781861440044
9780216928824
9780099504887
9780099504764
9780330483568
9781618137272
9780752271798
9780330442787
9781429679763
9788185902173
9788176293846
9788184290929
9788194003694
9788126541119
9789380014210
9789380937335
9788176299305
9789356732513
9788126564354
9788181922427
9788126560943
9788187966555
9789312146019
9789356668188
9788179308332
9788176297059
9789363339484
9780071388511
9788194772286
9788126556519
9789369149599
9788194492429
9789381981108
9788176294614
9788176291552
9780071388528
9781566569774
9788184842968
9788172113674
9780861865468
9780517230763
9788183572729
9789371417051
9781400039333
9789388395458
9781566861861
9789389564815
9780307476326
9781608161034
9781569758694
9788181921253
9788182900264
9788181920959
9789381465073
9789380096575
9789380096650
9789370021969
9789350153901
9789348433879
9789356738980
9789351736219
9789393107251
9789364313230
9789393263476
9789359170725
9789358112818
9788180388958
9789348199973
9789380096643
9781887997225
9789393875969
9783525828335
9789812438645
9788179306956
9789363331846
9789350236581
9789352032747
9788171110131
9789334302110
9789357377171
9789389204872
9788189979294
9780263902693
9789388313841
9788131603116
9780732611217
9788170336860
9789334014907
9789380191003
9789388269735
9789385792472
9789334077254
9788197353055
9788178813295
9788119401031
9788179921036
9788181920904
9780074516508
9781929355136
9789391152550
9781890447236
9780074630174
9788170338864
9789380096803
9789334060386
9781876973100
9789380191386
9780070499669
9788131401323
9788181921246
9788185470429
9780857330437
9789347471636
9781432914066
9781410929877
9781432902131
9781432905941
9781432914097
9781432917951
9781423477532
9781616284046
9780613129121
9781451677348
9781558974081
9781414331768
9780789916921
9780789910462
9780760100332
9780794419073
9781414322179
9781403496133
9781403430380
9780745951492
9780745951485
9780373362998
9780425254714
9780545064743
9780758287700
9780352339881
9789580492542
9781403456250
9780545992893
9781410909930
9781432917999
9781432938109
9789381836477
9781539976882
9781544716732
9780996433440
9780997080322
9780692643167
9780692648025
9780739068120
9781550223521
9781907728273
9781910223758
9781414322162
9781554724796
9781558831667
9781564782762
9781612423784
9781484062227
9781492185550
9781492871088
9780754826347
9780757926204
9780769217468
9780769274317
9780230706224
9780600628392
9781420930603
9781432905705
9781438074436
9781466365483
9780785407478
9781770453418
9781849631136
9781927558492
9789381836675
9789383562046
9781861477699
9781905503773
9789381836507
9780615208756
9780692025918
9780692207376
9780692584743
9780692584774
9781410952448
9780143432234
9781530945757
9781533331526
9781546545590
9781603062824
9781603062961
9780786966134
9780918526359
9781493760176
9781496085238
9781531824136
9781533329523
9781537018201
9781403496751
9781432922955
9781441427335
9780143431442
9781410940247
9781410940254
9781410940278
9781409908234
9781410931191
9781410979001
9781432905729
9781530615018
9780957562172
9781403465573
9781604501582
9781849632287
9780965870238
9780977454105
9782981580726
9781420926767
9780744311662
9781589529021
9780789324504
9780759672017
9789351449638
9789355734228
9789386189233
9789357780810
9788183558464
9788184782677
9788183557252
9788182091498
9789351448563
9789351449119
9789388182652
9789388426947
9789390078332
9789388030151
9780486460765
9780634011436
9781333955267
9781333548865
9780243430345
9780243262113
9780940262294
9781330179604
9780230226920
9789380096254
9788125025115
9788180521782
9789350719428
9788119462971
9781429628563
9781421526546
9781556346170
9781577171157
9781579129408
9781579244989
9781579247034
9781330338995
9781583240144
9789380096568
9780259858980
9782092701904
9781887002783
9781583240410
9781583240342
9789580485834
9789380096186
9789380096681
9781449648329
9788119847143
9788427933811
9781589529090
9789380096056
9788190496087
9781435487253
9780736896887
9781936140558
9781435487246
9780970001146
9781583761588
9781402773037
9781334539008
9788193975220
9789311125930
9781887002776
9781440076220
9789351447238
9788184893045
9788187798620
9788192544502
9789351446132
9789351446712
9789351444640
9789351445043
9781583761632
9781589256781
9781857594010
9781589529052
9789350123829
9789350716984
9789350941720
9789386601957
9781406764338
9789380096094
9789380096247
9789380937151
9789350941751
9789351444626
9781404817463
9781404819078
9781417688869
9780008761547
9781435289765
9789812328564
9781435228481
9781163004234
9780007259694
9788126512669
9780769225463
9781941103401
9780967392080
9780990965336
9781683424277
9781936913244
9789706667625
9781622509133
9781631825552
9789355858856
9789347944727
9789371081528
9781622432318
9780615262161
9780755216741
9788498724820
9780769217512
9780769253022
9780870294471
9781598695700
9780613102230
9781111124878
9780761378396
9781429672450
9781454917885
9781422203293
9781111124861
9781422203439
9788193333761
9789382740063
9780070659667
9789352031191
9789355188502
9789394739574
9788175224247
9788180611759
9789334063974
9789812531612
9789393875471
9789361287176
9780613142670
9780808540847
9789393393067
9789365060171
9788193293447
9789348580177
9788183156073
9789357552479
9789379290038
9789357553513
9780756983185
9789391943974
9789382937418
9789334270440
9781406825367
9781841610306
9781406815856
9780756975722
9788199045439
9788194058540
9780780795938
9789352733484
9788180302923
9788180470660
9781922608376
9781107635951
9788168889408
9789371795036
9789371791106
9789378800139
9788168770423
9789373074627
9789372909630
9789377300708
9788196162672
9788119307623
9789365232691
9789390226108
9780691306063
9780241780312
9780691306117
9789365237733
9789371799867
9789351297369
9789369524570
9789348457608
9789355611444
9789377304645
9789359118567
9789371791335
9789584506610
9788170554400
9780071072779
9788180303630
9782880461898
9788126575800
9788126566679
9789356031166
9788199268395
9789381579589
9788184451610
9789388186964
9788184875904
9788179309827
9788169772372
9789379290175
9789347762086
9789352070312
9789369143115
9789392215902
9788194843030
9788176089180
9781770921733
9781770922068
9781845765941
9781845763831
9781929998746
9781552973356
9781882077618
9781770921726
9781770921702
9781848760868
9781770921672
9780007286553
9781840468373
9781417795949
9780857681621
9781904879312
9780785115045
9780785115267
9780606007542
9781845763473
9781844164318
9781848798748
9781436451178
9781770921221
9781439553176
9780007352876
9781435246188
9780862815530
9781770921689
9780979079900
9789356128156
9780140955125
9780571569380
9789379231888
9789393472656
9789393232342
9789389458589
9789388260985
9781843916109
9789354732256
9788177080254
9788190719872
9781552973745
9788434233300
9780739077177
9781840681321
9780794503253
9781907939143
9781685766443
9789359789460
9780613225441
9789371791199
9783795763015
9780198478430
9781408305362
9788185399850
9788185574578
9788187197324
9788126107582
9788126107483
9788126107353
9788183242387
9788184241235
9788184240009
9789380096292
9789380376905
9789380376691
9788125918448
9788189979126
9788126108459
9788174933201
9788174932976
9788174670984
9788174451514
9788185229409
9788122412321
9788184200416
9788189619817
9788170892458
9788170338833
9788170336877
9788131602966
9788182741546
9788187223566
9788187197416
9788122006124
9789385504570
9788184044270
9788182900295
9789382036296
9789380096674
9789380096599
9788170820635
9788184463996
9788170436454
9789388391634
9789385155550
9789384646820
9788187197089
9788186830208
9789382178033
9789381005057
9788170510475
9788180566486
9789350350096
9788178884608
9788178883632
9789380096711
9788189979157
9788184290813
9789386189516
9789380096308
9788189979218
9789380013121
9789358893465
9789356965942
9788182930216
9788182930087
9789388983655
9789380096513
9788173919282
9788173043451
9788177022988
9788176463676
9788131602027
9789332520967
9789390531073
9788176113489
9789350976340
9789350975428
9788186623244
9781444734386
9788170020882
9788176259057
9788188719211
9788188342402
9798184242248
9781933804378
9781608440498
9781259005329
9780230630321
9788173916502
9780074620946
9780070677586
9788172331078
9788175140417
9788177589689
9788176292146
9788176111836
9788126908172
9788175245525
9788175244870
9788175242173
9788175224476
9788177646153
9788175941618
9788183760034
9788183242394
9788120722538
9780749695644
9780575132665
9780340902394
9788187818236
9788173914812
9788172731076
9789375611738
9789351450078
9789350230718
9788190150453
9789389072068
9788187384069
9789354568503
9788187818229
9788176114912
9788176114905
9780195682045
9788126109302
9788178770611
9788178670881
9788178297767
9788196058159
9780230635647
9780230332010
9788126107339
9788124201114
9788178883243
9788176257077
9788176252997
9788176115582
9788177699845
9788126121502
9789354569531
9789354568831
9789352441037
9789380191133
9789380164205
9789350294178
9789380096162
9789332543881
9788125914303
9789350287026
9789350249857
9788170950806
9789392406324
9789373897325
9789363198784
9789332585508
9789386383242
9789382630593
9788171325115
9789380274065
9789380274058
9789380191836
9789382036166
9788126903238
9789382007876
9789381465295
9788892772311
9788126124565
9789359483993
9789355559517
9788128005664
9788126919673
9789382036142
9788177370218
9788126119905
9788176114882
9788176114219
9789354564376
9788120324824
9781905796304
9789355427564
9780755338948
9788189913298
9788189526436
9788188739578
9788188583010
9788187365372
9788172544966
9788189913281
9781856691314
9789354564185
9788180303616
9788180301285
9788189979089
9789351430742
9789350518250
9789350516713
9789350350577
9789382215844
9788131775578
9788190175869
9798184241234
9798172733789
9789814344678
9788126154364
9788178662558
9788175243798
9788173042362
9789380184890
9789380134444
9788184241495
9788184201260
9788189913137
9789380937328
9789380937250
9789386634948
9788190768245
9788181712615
9788180300394
9788178900353
9788185480329
9789380191195
9789380191188
9788185179124
9789380096179
9789380937397
9789380937366
9789380096704
9788181921147
9788120344150
9788185636283
9788183559898
9789383828579
9788170284925
9789380190129
9788185264448
9788185229423
9780230332003
9788184884654
9788184884098
9799693513409
9788170435976
9788190738545
9788190479097
9788190472715
9788190142038
9789380930282
9789382215318
9789382215295
9789378251962
9788189979072
9788189979065
9788189913533
9788189913304
9788178884653
9789381169087
9789381005118
9788184882070
9789382036272
9788185421124
9788185264325
9788189913144
9788184889864
9788184887693
9780861324040
9780071102148
9788175941663
9788189901646
9789380937304
9789380704128
9788190935111
9788190719889
9789380096155
9789380096148
9789381302828
9788189913120
9789381465233
9788119896691
9789376310197
9789309240188
9789351190295
9788126537457
9780739862285
9780694516582
9781613830147
9781932429145
9789358520439
9788189979256
9780070187757
9789395557337
9789391618056
9789394364110
9788189979522
9780195677850
9788172250522
9789356590762
9788131210550
9789812746320
9789812749536
9789373942063
9789393528735
9789393459381
9781403924759
9789359662022
9789359710372
9789386811172
9789386811189
9781595267610
9780756603137
9780764137020
9780881139594
9788180302541
9780976314240
9789354803703
9781636409979
9788183073516
9781441445605
9788190496032
9789350719343
9780074635940
9789352870325
9780769280929
9788126573158
9788126573141
9781598698572
9780715640999
9789355855749
9781845769956
9780521609166
9781845768621
9780756959470
9781417637232
9789382396970
9789371860284
9789358132090
9789356810433
9789390849130
9789350944554
9781259025921
9789354424984
9789351419884
9780785119517
9789355743855
9780613312455
9780613291491
9781417743827
9781583761618
9780836867909
9780613950671
9781417691968
9781417808069
9781848316317
9780613669917
9781848316355
9780613635431
9781412701730
9789394644700
9781412702744
9789355732675
9789371366328
9789385722165
9780199450947
9780613584401
9789388182942
9781893905153
9789355738202
9781893910621
9780448439945
9780345506429
9789870003441
9780395286159
9781435202214
9789380096544
9789352131464
9788131530603
9780749695569
9789387886100
9788178884004
9788184290073
9788131713099
9788170003212
9788170337270
9789387979475
9788170005520
9789380191058
9789354567278
9789354565601
9789371861793
9789380930312
9789380191270
9788184290776
9789392175114
9788124204092
9788131234891
9780262533959
9789391787745
9788181921581
9788131791875
9780262533935
9780199064779
9788131764343
9788131761939
9788180303463
9789350230961
9789354563881
9789353623135
9780262533942
9788131734070
9788189979935
9788173195259
9788189979515
9788189560942
9789354564116
9789380191218
9789388725811
9789395759144
9788189979829
9780262534888
9789351101628
9780262534895
9788190635882
9789350354926
9788175346123
9788178817118
9780304335886
9789369732692
9780385339803
9789376862702
9780769264912
9780769270050
9781929395248
9781569473740
9789370026667
9788483466599
9781435254725
9789376861392
9780977556939
9789706431219
9781405879507
9780786849727
9781236781895
9781408697788
9780789178985
9781443781275
9780613279826
9781681270777
9781443776448
9781443771764
9781414308968
9781888472875
9789350780732
9789350713020
9789363550278
9789388182799
9789385420269
9789382103646
9788132105268
9789351446392
9788174531872
9788172131302
9788184044874
9788190496056
9789382215202
9788189859404
9788189424077
9789355733627
9789373949222
9789355310583
9789385504419
9789385504624
9788184201598
9781855841468
9789812143631
9789392135477
9789351872719
9789350125946
9788182094840
9789388750882
9789394328594
9788180302619
9789351108580
9789386379061
9789351449645
9789388182805
9789385616815
9789352136117
9789351449843
9789351450139
9789390227068
9789380096001
9789389286526
9789393806048
9780521635127
9788119832606
9781540884855
9781909805323
9789366310268
9789356586000
9781515751946
9781910827147
9789388724609
9780071166959
9789357605427
9780352340900
9780340949214
9780785732679
9781426018565
9780974811505
9781904570851
9780367337667
9780812917321
9781497457072
9789353623180
9789353623012
9789378166891
9780000670878
9789353623197
9789385075186
9788194382546
9789385071966
9789392023439
9789352725113
9789389180503
9789387265271
9789369589487
9789384106201
9788181283191
9789392023880
9781862014435
9788171798223
9788180611636
9789350948293
9789352039234
9788189979041
9788131962503
9780785754985
9789355312037
9788190691857
9789351445753
9789360535483
9788195858132
9789363331549
9789372270075
9780385905091
9789369629718
9789357367226
9789385224409
9789384730727
9789391943950
9789392242106
9789393885760
9789391943837
9788131274576
9788197747694
9789359541006
9789356522664
9788197926716
9789355577351
9789348580405
9788199270817
9788171171170
9788131272756
9788171172139
9789378327391
9789378327315
9789355611529
9789378325304
9789357767927
9789352907021
9788198077714
9788190332323
9780312509538
9781569713877
9789707185630
9781845490744
9781592236411
9781435203297
9781435213548
9780829749915
9780613950664
9781846853401
9780754819752
9780785820673
9789388893152
9789362860484
9788176181433
9780007340927
9781592234639
9781852697129
9781566252478
9781562014667
9780769296265
9789507398964
9781562014988
9780660187976
9788434893948
9781601090348
9781440410222
9780955235986
9781905802326
9788126562657
9789355742810
9789365548280
9789382841241
9789363888555
9789392803536
9789350481905
9789349110373
9789348239808
9788198460042
9789387363694
9789386433527
9789385868467
9789381465158
9789392231285
9789388426008
9789388182881
9789388019842
9788175941199
9788176111102
9788184290820
9788186562116
9788186867709
9788187099055
9788187167020
9789389403800
9789390197231
9789392569050
9788187445272
9788187445500
9788187818960
9788171771158
9788173918261
9788175940512
9788184110692
9788189913236
9788189915711
9788189979164
9788172362157
9789351108818
9788170419112
9788131243459
9789380191867
9789371865081
9788183713412
9788183162456
9789354568237
9789354563652
9789351473749
9788181920898
9788189913595
9788189917340
9788126105007
9788126103850
9789381632574
9789381632550
9788190719841
9788190769594
9789385981722
9788126111329
9788171392902
9788172132163
9789388182935
9789391968151
9788184200089
9788184200461
9788184290158
9788126121090
9788189582685
9788189102920
9788126149551
9788187815969
9788187197478
9788176461252
9781107657243
9789383754397
9789383754632
9788189979034
9788190496049
9788176298834
9780749454470
9780613245012
9788189557355
9788175243729
9788175245877
9788188652112
9788189582203
9788184200119
9788126118540
9788179103722
9788181921413
9788126118113
9788189913588
9788189913250
9788175941694
9789380191713
9789556651447
9789381313176
9788131406809
9788121508551
9788126104345
9788128016264
9789380164304
9789350237946
9789380191355
9788188583874
9788189654962
9788190784382
9788171582167
9788171325740
9788171322480
9788170335467
9788170127185
9789388269001
9789381632475
9789381465271
9789390347070
9780143333081
9780231205412
9780143452690
9780670923854
9780670999378
9780099565031
9781847440822
9780723268925
9780340917367
9788126543397
9789389564877
9780593072776
9788131775561
9789384898298
9780674279087
9789379852359
9788126532131
9789374244982
9789377138660
9788131519745
9781760291228
9788131793534
9789391968878
9789350040188
9789351872559
9789353504168
9789360541347
9789385719165
9789386896933
9780241145197
9780670097845
9789350041475
9789350041901
9789350298879
9789350040645
9789332570276
9788184950441
9789390707188
9788126542437
9788131720011
9789353501631
9788126535583
9789365238259
9789355323613
9780316856171
9781780899893
9781841492384
9781841495200
9781841597522
9789388912303
9780593064825
9781847440945
9781854859600
9789377308681
9780910261050
9781444008623
9780349142319
9780552175227
9781472133977
9781473647565
9780062410634
9780824965730
9780074602171
9781562014551
9781562014803
9789373076010
9780395602584
9781562014773
9789369588190
9789394836723
9789379290090
9788195632824
9789389121803
9789381608838
9788170998266
9789812553478
9788189582227
9788189582180
9788189582159
9788171567607
9789380228952
9788173912252
9789380014968
9788173914102
9788178880594
9789382302537
9789313190608
9789382332008
9789331329455
9788177370577
9788177541519
9789380096377
9780070144866
9780070583016
9780070507272
9789351439042
9788184892468
9788178883236
9789380235110
9789354564345
9788190769570
9788190869904
9789350354483
9788194440048
9789350593370
9789814453806
9789812741554
9788171565689
9788181473042
9788171567317
9788181890405
9788181890108
9788182471238
9788175962507
9788175963825
9788181913722
9788173915321
9788175941953
9788175942103
9788131301517
9788170998044
9788170998143
9788180303470
9788170998488
9788170998273
9788177024012
9788177544664
9788178242262
9788178296531
9788171567126
9788171567270
9789331320544
9789350350744
9788183242998
9788183243070
9788184290042
9780070701199
9780195683202
9788188837847
9788181288196
9788188865109
9788192061610
9788185809809
9788175413856
9788178883694
9788178883717
9788178883830
9788187398639
9788182471160
9788183242639
9788189901271
9789694023540
9788189913656
9788189326951
9789382381891
9789384245818
9789389991086
9788130923062
9788173918247
9788174464057
9788130912622
9788170337485
9788170997405
9788170997450
9788180381515
9788181890009
9788181980113
9788176487498
9788131303672
9788171569175
9788176483339
9789812749086
9781107601710
9780230328716
9788131602126
9788126900985
9789382192183
9788126909179
9788129100559
9788130703381
9788171569823
9788182903227
9788183240055
9788184898453
9788185589466
9789366655451
9788170999423
9788170999935
9781905741342
9788189913908
9788190000369
9788184486230
9788184739404
9788189013370
9788187134701
9788187321781
9788182472969
9788189582234
9788189652098
9788189866242
9788189477233
9788185753713
9781405136921
9781406204230
9788189913557
9780857231031
9781107038196
9788189582135
9788190721134
9788195250233
9788196161620
9788198431165
9788189582166
9788130920627
9781418039561
9781444731293
9781582798516
9781846817816
9788189582241
9788189582258
9788189979386
9788189979546
9788189979584
9788189979652
9788189979669
9788188342006
9788178881300
9788178882970
9789694023724
9789812436788
9789812741547
9788189979928
9788189979980
9788189526955
9788183240062
9788183241908
9788171796168
9788171772735
9788190954907
9788173190797
9788189913960
9788189913984
9789351523819
9789350943502
9788170204541
9780195690842
9780199472130
9781848542549
9781405122689
9780198069706
9789381308257
9788189913663
9780198865766
9781849231756
9782940378432
9781856485821
9780755344727
9780297847625
9780340978436
9780575077249
9780575077232
9781409115007
9781409130925
9781409123484
9780195669640
9780195979114
9780198824718
9789381308363
9788130909011
9788130708706
9788130909240
9788120337596
9788120416291
9788126522804
9788130708584
9789383454242
9789385444845
9789389181197
9789354565038
9789354566509
9788190554633
9789382951506
9789381385807
9789381385814
9789381604472
9789382993483
9789383305131
9789373891620
9789378520495
9789379236593
9789389546514
9789380376127
9789380651170
9789381302149
9789381385791
9789381608715
9789355205438
9789359488936
9789369147311
9789370788084
9781904516194
9780613254427
9781405113915
9780613325394
9780613275781
9780210981115
9788185569352
9788126536559
9788179080214
9788171007530
9781405879958
9788119034833
9781517128715
9789350714645
9789386860187
9789388266666
9789387072350
9789352137367
9789365217353
9789385509803
9789384454388
9788182092174
9789391395636
9781403922366
9789391008604
9789350123249
9788189913793
9788121942874
9789382332053
9789348736253
9789350940723
9788175140516
9788190713078
9788189913182
9788179080047
9788178351858
9788189913748
9789351290674
9789381348079
9782987458364
9789334046816
9789514124167
9788189913151
9788190713047
9788189913786
9789386189608
9788183556422
9788184895421
9788189913199
9788189913762
9788179080252
9788126340514
9789351446767
9789351443834
9788177394818
9788179308738
9789334032222
9789385980763
9781151219763
9789373353937
9789357474245
9780613219204
9781541308367
9789366271972
9788192778730
9781259005046
9788189979355
9789388913201
9789311125367
9781259025631
9789352870288
9789312141120
9789312141113
9781891400155
9781587411038
9780333376966
9780070703469
9780860657941
9789368935216
9789387516762
9789356066991
9789812548870
9780613284622
9789392330612
9788170890379
9789360598273
9789351451204
9789380456744
9789375611820
9789375617716
9789363190658
9789369143962
9789380456157
9788197088124
9789384094003
9788175940857
9788184842791
9788185902050
9789363336087
9788176293747
9788175940598
9789363337909
9780070494916
9788176292528
9788176291675
9789350940624
9788185902197
9789369585625
9789386345455
9788126573219
9788177582802
9781138603288
9780965141352
9780760100356
9780470446034
9788119118090
9781433937453
9780867469387
9781558975439
9789500821155
9781259005299
9780764139659
9780769291932
9780764139642
9780829748857
9781416900573
9781585714629
9780785185260
9781875739424
9780981645650
9780761432364
9781931667135
9781591855040
9781577557852
9781460920589
9781921272363
9781423149743
9780745944135
9780646079844
9780761435624
9780745944401
9781876367749
9781497391871
9780894090172
9781600391781
9780894090127
9788493796068
9789352013166
9780521688437
9789364686914
9781505561098
9789362520524
9789312141151
9789312141137
9781506185200
9789394739000
9781604593969
9789381385067
9788194909637
9788193316009
9788192143385
9788186803424
9781864719529
9781861473738
9781259026669
9789381385197
9781609052737
9789380096995
9789390227921
9781616671761
9789378161650
9789339220594
9788181890443
9788184241723
9788184200140
9781536635256
9781536635249
9781536634778
9781534877382
9788171949861
9788131602478
9780634046889
9788131401316
9788131519417
9788131203040
9788189979560
9789392135996
9788131400890
9788189901462
9781536647129
9781542430364
9781858816210
9781910375471
9780070683556
9788131531518
9789332901797
9789384310226
9789382740407
9789385155901
9789388129909
9781531879990
9789388973243
9781531886844
9781595820372
9781503327849
9781494433710
9781490428147
9781480392021
9781909016170
9781864719550
9781446528976
9781446528914
9780769220109
9780757977404
9780745947891
9780739098141
9780007850877
9780195697889
9781446537053
9780739097618
9789350355183
9789380096827
9789380191348
9789386698216
9789388437523
9780834198609
9780946462681
9780865307193
9788178884349
9788178298191
9788174969095
9781420944204
9781536637229
9780859345194
9788190784368
9789332551602
9781848796331
9788171949960
9788131426326
9788125047346
9781940078380
9798183760293
9789812436894
9788185105079
9781446529010
9781446528679
9781420937725
9789394739437
9788171947294
9788189979683
9788178882918
9788182900608
9780865307216
9780865307209
9780988968233
9781536638455
9781536643091
9781446537107
9781536638486
9781536641271
9781477403099
9781476541112
9781480392038
9789394739178
9781536648003
9788178880846
9788173662713
9788172247676
9780345501660
9781401221775
9789386691767
9781936313501
9781447404590
9781840594065
9781844161997
9781603600408
9781598205992
9781402754906
9780976096207
9781843860938
9781402769740
9780572040123
9780769296371
9780822599272
9780572040048
9780237543631
9780237544058
9780237544065
9780486480626
9780571223787
9780007240814
9781429638586
9780007270408
9781422116760
9780531187159
9781590360583
9781429651752
9781905410088
9781907519024
9781907756962
9781888695137
9788173178634
9788489396302
9781402779916
9781445101453
9781844423880
9781848560185
9781848583603
9788495939609
9781852691301
9780865680982
9781230217093
9781401203054
9780431015088
9780071611701
9781781121214
9780976850946
9780757915697
9780769202181
9780486466552
9780486480176
9780486480602
9780486480688
9780486480787
9780572040079
9780981901701
9780769259611
9780983267324
9780769265384
9780769280462
9780486298290
9780007345069
9780769263571
9780460882088
9780769228273
9780769225906
9780892283569
9780769228938
9780769229058
9781544736792
9780769234489
9781910184752
9780769227115
9781440417832
9780769251950
9781907962301
9780769227504
9780769228914
9780769222943
9781909805279
9781909805156
9780771571824
9780822588269
9781111310592
9781402780080
9781402780103
9781448691661
9789937624497
9789384649166
9788174534538
9789355312624
9789351106920
9780074639818
9788186234198
9788190236898
9788196157609
9788184354836
9789383746705
9788178124384
9788185731667
9788174531186
9788121509930
9788174531148
9788184049602
9789350235690
9781562014643
9788185167220
9789358520736
9789376864287
9788167010902
9789366602639
9780762737796
9781600582417
9780811479905
9781595082848
9780071388498
9789383067183
9780071388573
9789389947540
9789365217414
9789351461548
9781637540046
9789370201477
9789334270716
9789356222229
9789370789449
9780070616370
9789355016867
9789867942142
9789393801241
9789386625700
9789364683357
9789390060825
9788131411797
9788169100786
9788126159796
9789388437943
9789376862108
9789390670659
9789351447832
9789351447771
9789380855776
9789393660879
9789370025721
9788184048803
9789387925502
9789387766716
9788187947011
9780719511448
9780764181719
9789388426886
9788131950920
9781107606241
9788126503605
9788121501736
9780872016163
9781950194438
9788184048582
9789351449317
9789388426916
9789388750097
9789389573053
9789389573060
9789351448723
9789351449201
9789389161212
9789388750196
9789385616310
9789356187733
9789358541045
9789364819015
9789387766723
9789385616457
9789351449850
9789355420404
9789356187559
9789389368536
9789386189295
9789389368642
9789386401502
9789386601087
9789387444638
9789386309396
9789351103592
9789351102212
9789332536104
9789326351201
9788184782271
9788193303696
9788198640154
9789387702790
9789385152092
9789385504181
9789351104155
9789381156186
9789383547517
9789382332879
9789350232668
9789385114274
9789351447634
9788184044683
9789351445050
9789351445807
9789351445838
9789351447344
9789351447405
9789351447580
9789351105138
9789351210283
9789351104186
9789351105091
9789351444077
9789351444183
9788126553402
9789351445012
9789350942925
9789350940211
9789351448662
9789350716670
9789350718889
9788183483759
9789351445029
9789350719657
9789351448396
9789351448549
9788171672547
9788170193098
9788177395075
9788177394788
9788183555173
9788126530502
9788194347668
9789332535787
9788131713174
9789389665116
9780954025915
9781427812728
9781512277838
9788188511341
9781846850578
9780956107367
9781846590573
9781903660072
9780345514394
9780951336335
9788175940819
9788175941137
9788189979324
9788175940642
9788188222070
9789364682824
9788175940499
9781864690149
9789349144361
9788189913687
9781857910612
9789369143399
9789388707039
9789359670911
9781645973683
9788183155700
9789357036337
9789355744104
9780345486295
9780198476429
9780345491930
9781314057270
9789351738893
9780345496409
9788198740397
9788183156080
9789360874131
9789365062779
9789389454185
9789370201828
9788168654938
9789387963030
9789387162525
9780736829625
9789389552119
9789386482518
9789332539020
9788171093830
9789373043982
9789371439084
9789356122031
9789394737914
9780030071799
9780213171155
9789373071893
9789360685683
9789360741372
9780406643209
9780521727709
9789365231670
9789361136146
9789360873424
9789355743589
9780521634878
9789354498435
9789353452100
9789347689802
9789391622374
9780860361022
9781035095636
9781529454628
9781784421632
9788126025855
9789384852771
9780877787402
9789378324154
9789377305024
9789373072630
9789374621219
9788168170148
9788168770669
9789351455011
9789356124110
9781505998597
9789368902188
9788131902677
9788192006109
9789393509437
9789388266529
9789387791121
9789369045303
9789387276291
9789374523353
9781935002055
9781875739097
9781858282909
9781599909448
9780521753906
9781444115437
9780007204861
9780340876138
9780521753869
9780091927493
9780521753807
9780521753951
9781875739387
9788190914338
9788189547035
9788189547059
9788183242516
9788183242622
9789386209702
9789362733214
9789363192270
9789369639342
9789373899510
9789380191904
9789380438832
9789380467535
9789382069003
9789381385838
9789381465660
9789381714553
9789384754679
9789386209962
9789387192744
9789389624816
9789389991161
9789393520890
9789812349224
9789879065662
9789351845126
9789354562105
9789381144299
9788188719068
9788170366768
9789381005125
9789386261847
9789810721350
9789810721367
9789810968182
9788190206846
9788170286271
9788178880877
9788178881249
9788189913953
9788189979720
9788188719471
9788195164783
9788197202209
9788187359258
9788187815358
9788178815206
9788179103449
9789327199048
9788170998242
9788170998297
9788122006346
9788123414560
9789354565670
9789354566264
9788192844657
9788173914447
9788173915642
9788174451538
9788183241328
9788184246568
9788174883742
9788175157798
9788175413986
9788176110464
9788177240207
9788180386916
9788180611308
9788180612022
9789350940266
9788189547417
9788189582197
9788189901189
9789355550736
9789362730084
9788189913229
9788189913847
9788184290417
9788184290738
9788184452044
9788185212807
9788187099079
9788187197690
9789339205072
9788189441029
9788175410022
9788189913809
9788189913823
9780312320317
9781401204204
9781557987822
9781780620961
9788170003021
9788170127130
9788172960926
9788173911545
9780070447073
9780070583344
9788123922768
9780752873978
9788187947035
9788178669793
9788178668635
9788187226826
9788186026403
9788185589060
9788184885743
9788189913878
9780752892115
9788189913830
9788189979867
9788189979843
9780074631751
9780070683631
9788176299275
9788131726785
9781236723383
9788189913861
9788131400531
9781844085255
9781844004607
9781842555880
9788170084518
9788131775172
9788131734858
9788175344648
9788174453051
9789354567957
9788131705940
9788126105595
9788172543617
9788171640331
9788170998327
9788178669984
9788174883728
9788175245273
9788174455888
9788170891192
9780752868059
9780752866925
9780751538519
9788120417137
9789354567292
9780603563324
9780349118536
9788189913601
9788189901806
9788188800070
9788190738507
9788131732120
9788175340718
9781907411298
9789380930374
9788183250566
9788178190709
9788178297255
9788178297699
9788178660752
9788189913892
9788189915377
9788189979027
9788189979706
9788189979737
9788178882895
9788183181327
9788183181945
9780734408617
9788175741713
9781259097973
9781138694897
9788170002826
9788170002673
9788170000150
9788131764053
9788178660189
9788189582128
9788187359418
9781009214520
9780711245921
9788131708927
9780070700451
9780070594005
9788170337355
9788189582173
9788187365945
9788189582418
9780195666687
9780190941215
9780074633380
9781259081002
9781259005114
9788183184113
9789380685069
9788184290165
9788187336426
9788187229087
9788189582692
9788189582647
9788189582630
9788189582623
9788189582616
9788131718353
9788183183031
9789380191201
9789353502447
9789351430605
9789350512173
9789350354957
9788172867270
9788189913939
9788178661797
9788171322442
9788171321957
9788170891963
9788170445180
9788170402831
9788177371048
9788189913946
9788171322640
9780613022538
9780736916196
9788170086024
9781601542601
9788126515172
9788126533831
9780802735959
9788194176077
9788196178383
9788184896848
9788177226935
9789355855695
9780345477958
9781250044402
9780345501318
9789389767438
9789355010292
9780977863327
9789371233958
9781430249689
9781891400094
9788126510955
9780716757252
9789391597115
9789390155736
9780439453394
9789380456874
9789378329494
9789378327568
9788896323298
9789349703315
9789350040195
9789350041079
9789360388737
9789389767445
9789372260304
9789376462636
9789376464616
9789378321405
9789378324116
9789378325007
9788198971067
9789380456904
9789388668996
9789349852976
9788119462315
9789375167082
9789355729170
9789876121187
9781903651025
9781558595958
9789375615569
9780976286776
9780133471885
9789814357012
9788189979225
9788171948918
9789386482778
9789369145218
9789356030497
9789384254124
9789361854378
9780074517369
9789339213015
9789395649940
9780194798815
9788189836221
9788185018393
9788173704420
9789370187559
9788131511305
9789332901605
9789385075773
9789334090277
9789385204692
9789393509789
9789371501859
9788195739295
9788196448417
9788119843633
9789373045450
9788169507226
9789371795210
9789370203662
9789355610836
9781153747851
9789362736864
9789355317995
9789351875284
9789351446019
9789352340347
9789351448365
9789351447443
9789350940686
9789350940648
9788171947409
9789351441212
9789351443643
9780826467621
9789350718346
9789350719701
9789350125090
9788184782332
9789390949809
9788184047042
9789386179241
9789350126561
9788189161163
9789351440512
9788183551601
9788184045468
9788173194092
9789351874409
9780139224102
9789351873884
9780981803968
9780613102254
9789352123650
9781840464443
9789381587973
9789380456386
9780993144776
9788196113674
9781413900255
9789393642929
9789378167416
9789357675451
9780070702745
9780070678750
9789383286980
9788119814145
9789352031757
9781405879552
9781846114533
9788169617765
9781594096693
9789334302967
9788170891994
9781844442041
9781593073459
9789373048116
9788183574174
9789311127071
9789992142363
9789812402318
9780756954017
9780440239192
9780387911410
9780889200258
9789389181364
9780070616677
9788185229867
9789382740544
9789369588329
9788185989822
9789351874317
9789311123653
9789388437974
9789384310769
9789380438740
9788179080030
9781259003042
9788187224655
9788189804626
9789390227594
9789392317071
9788183573238
9783795761936
9789386730855
9789384857622
9789384410384
9780521735643
9789394739079
9789350040638
9781403476296
9781403476265
9780373401062
9781909573130
9789356127128
9788131999233
9781502971852
9781403485311
9789381587683
9789386824608
9789391759902
9780956761859
9788193894255
9789369140183
9781484603178
9781909429031
9780352337894
9780352338839
9780769262369
9780352339096
9781259005954
9788121920902
9789356054158
9788174450630
9780195659351
9789371867535
9789370028869
9788178881621
9789351921424
9789334058550
9789350713457
9789334036442
9789380096612
9788188837533
9788190674867
9788195727711
9788184050103
9788178881652
9788181920720
9781443771283
9781601629807
9788131211328
9788170337522
9788171772124
9788188342976
9788184290370
9788178884035
9788181910028
9788188837441
9780071074896
9780500087824
9780195659405
9789391419721
9780070619302
9789391145453
9780070249103
9789390915248
9789385444685
9789387487031
9788189326692
9780070585843
9780070264649
9788123915920
9788122412765
9789356502086
9789366314938
9789363332669
9789389050301
9788131420577
9789352020652
9788187359371
9789390490783
9788131225349
9788131226124
9789388599146
9780070635784
9781843324645
9789390585137
9788170337768
9788131705520
9788197059841
9781784988531
9789354562266
9789354600869
9788178883991
9788180180088
9788175941946
9789383547210
9789363332164
9789358423075
9789358113419
9789380184302
9788119711116
9789392474750
9789382007586
9781420047295
9789382302698
9789382465737
9789390765997
9789385540981
9788171947270
9789383547401
9789357404525
9788178816876
9789373897585
9789387702394
9789370025073
9789366651729
9789373352671
9789376864607
9789376860715
9789374620304
9789366659381
9789083641201
9789379575593
9788199100886
9788183716819
9789362396587
9789357362740
9789356125087
9788131422762
9789355031006
9788119540402
9788172322151
9788194915638
9789392140211
9780963653598
9788197401855
9788190738514
9788189913427
9788190089326
9788195978960
9788187966760
9788183250283
9789381539224
9781572573864
9788176291323
9788177370874
9788184870619
9788131809136
9789373044880
9788194359715
9789358523126
9789352513512
9788176292740
9781572574052
9780763521899
9789352607853
9789386209443
9789388925716
9788176292221
9789387572492
9789351443308
9788195313419
9780199642151
9788190738552
9789350123263
9789350066904
9789348127204
9788173178382
9788189986001
9789359030692
9781618135582
9781405878982
9788125049203
9780435073862
9780435073909
9789383750887
9789377301040
9781929945351
9781929945375
9780435073855
9780435073923
9780785142423
9781844445622
9789380206752
9789359034300
9788181580672
9788196406950
9788193196861
9789385500367
9781901688863
9789364689113
9789362735782
9789384447328
9789394737136
9781484716328
9789355865939
9789368840558
9789383442096
9781930027688
9780521696456
9781404271722
9788170604235
9789352341160
9788195474820
9788496575998
9789355853981
9789353114572
9780748752188
9788131788585
9780755338252
9788185396316
9789369144648
9788184040173
9788170190387
9788172765552
9788171007677
9789388030748
9789386309259
9788178557656
9789351446897
9789388426244
9789937090582
9789358891379
9789362738622
9789355320100
9789382302711
9789350941676
9789385966989
9789351446880
9789388426466
9789394328518
9789679852745
9789351446873
9789350948347
9788183578257
9788183573337
9788183573399
9788183558280
9789350940136
9789350716168
9788167211873
9789350127636
9789351449232
9789380146782
9780070615700
9789380631165
9789369147779
9789348457653
9789351447191
9789351449966
9789356187672
9788190769563
9788131209851
9789385966538
9788174531995
9789371797719
9781600242175
9780957886858
9781905192311
9780956306401
9780099429531
9789392641831
9789365215465
9789355011039
9781434233929
9781540647825
9788174731357
9781562012694
9781562012748
9781562012816
9781905978106
9781562012724
9789394559974
9789390811250
9789390738489
9788186653241
9789391371173
9789380190136
9789394644663
9788181332868
9789394644205
9788190692700
9789380117058
9789380117072
9789380117089
9788189913212
9788177649994
9788176481137
9789380147338
9798181940260
9798184120966
9788126563067
9788176480659
9788176480796
9788176482547
9788177641332
9788177644753
9788177646054
9788169857413
9780074517468
9788171326877
9788171544035
9788173044649
9788175240568
9788175241084
9788176030441
9788187099062
9788122006636
9788123900766
9788194731207
9788194754206
9788185753911
9788186052006
9788195693078
9789392641763
9789393465825
9789393781024
9781009829199
9788126127047
9781594096686
9781645973294
9781858502434
9789348580559
9789348995834
9788189302320
9788189582678
9789351444206
9788189979188
9788193639962
9788194662853
9789352100170
9788183990325
9788184480078
9788184896695
9788185057293
9788187248101
9788185680941
9788179255193
9788179940150
9788169742399
9788176251464
9789394226777
9789391554538
9789395649575
9789395649643
9789395649650
9789395649872
9789395649964
9788126123186
9789355033574
9789355310408
9789381962947
9788178815893
9788195357833
9788194948797
9789352876983
9788120722842
9788178817965
9788169297004
9788169244954
9788167742872
9788167742780
9788131772027
9788131251522
9788186653326
9789380456850
9789351444237
9789311125978
9788197210846
9788126118052
9788126121540
9788186651971
9788188257270
9788183211109
9788183556644
9789384852535
9789385114830
9789385270277
9789386424365
9789351446217
9789351449522
9789353166946
9789355013545
9788195771011
9788182904637
9788180430701
9788175240544
9788181920430
9788180430817
9788187445012
9788182930124
9789355317919
9788180563768
9781922605009
9788119345014
9788119428717
9780071329248
9789380117126
9789380184340
9789380224183
9789355742391
9789380387116
9789386555755
9789380550770
9789380550534
9789381244807
9789381350379
9789381762707
9789380550985
9789381769133
9789392145247
9788189859398
9788185484471
9788180566431
9788174534125
9788126018031
9788126106868
9789390738113
9789389707243
9789386896445
9789384646127
9789382527428
9789382821755
9788180565892
9788122006995
9788171332908
9788184881349
9788185072661
9788185224947
9788186398418
9788176481564
9789382448167
9788171110964
9788173872235
9788189913564
9788178817880
9788179752432
9788120714854
9788120720701
9788120721494
9788174451293
9788170188308
9788170201458
9788170249542
9788170249559
9788189650513
9788170418177
9788176482981
9788173094514
9788171009718
9788170445074
9781854719966
9789380117102
9788189582562
9788189422264
9788187445333
9788176258500
9788187229162
9788186851234
9789382459101
9788170336884
9789385309885
9789387636231
9788174451361
9788126124589
9788174451620
9788174466242
9788175965331
9788175411999
9788176255431
9788184291025
9788176481212
9788176110846
9789380357287
9789381090862
9789362835116
9789355742407
9789350718247
9789350940082
9788184049800
9788181920751
9789384038991
9789332539358
9788854407770
9788193167595
9788184897593
9788126538812
9788126513857
9788126516704
9789388271806
9780246121523
9780674980044
9788126019991
9788126506323
9788126528172
9788126531424
9789390811748
9789390912100
9798903303625
9789381431498
9789383400263
9789387471627
9789388002349
9789388386227
9789388414081
9789388757324
9789376865932
9789377135188
9789377137618
9789378323102
9789378325694
9789378327490
9789378328312
9789373049748
9789373072562
9789376318650
9789376861545
9789358690422
9789359879741
9789369583362
9788854407985
9789370029569
9789371113724
9789371970778
9789373043968
9789347142642
9789350098547
9789351160762
9789353451271
9789355184214
9789358445282
9789358446678
9788194847762
9788199371163
9788854405998
9789332502147
9789332577442
9789334116151
9788126514083
9788126515837
9781781258903
9788126520176
9788126525096
9788126557950
9788126565634
9781843324638
9781846058004
9781846556425
9789373049731
9788119635658
9788124116463
9788126506712
9788126511488
9781473674691
9781617734175
9781780726434
9789370020405
9781789092448
9781789092462
9781841494944
9789378328466
9789373045153
9789373045436
9789373047966
9789351191520
9788131727430
9780008456856
9788126519811
9789334273649
9788126571710
9788126579495
9788131529782
9781848660441
9788131770696
9788132205180
9788174821379
9788181286222
9788126512010
9780199450930
9780241976043
9781841494975
9781473211988
9780670097753
9780751536317
9781107605527
9781259025594
9781399764933
9781408888193
9781472125101
9781472214324
9780070153349
9780070589353
9780143009283
9780143415824
9780230700222
9780241976050
9780345530721
9780370332468
9789387444560
9788174093110
9789365811643
9788199776227
9788169379960
9789357150033
9789355968043
9789377135690
9789357498425
9789378325496
9789387959835
9789378327780
9789378326516
9789377302573
9780706644685
9789389564792
9788183333344
9788897243168
9780956800213
9788187972273
9788189000189
9788187818861
9788188818174
9788188818129
9788188432127
9788187169659
9788186830024
9789354566080
9789354566028
9789380930046
9788188837090
9788189013363
9788183871938
9788185488141
9788186332863
9781409110774
9781444912685
9781561634750
9781581809886
9780755329441
9780755341788
9780755343423
9781842556993
9788175940611
9788175940635
9789354564130
9788182472785
9788182470835
9788181980595
9788181980564
9788181915276
9788187818281
9789351436348
9789351432845
9788182902596
9789348457875
9789339219307
9788496099555
9789373899367
9789369116690
9788190884181
9789354563706
9789353628116
9789353627805
9789350354803
9789380381329
9788190474160
9788190199940
9789353627249
9788182770041
9788189913410
9788189326364
9788181521309
9788183610490
9788180614231
9789354566578
9788187336150
9788187248163
9788180521034
9788179652350
9788179460856
9788179308325
9788178883434
9788181283009
9788174465627
9788178881195
9789681634131
9788178791012
9788178790879
9788178711331
9788173912733
9788175240292
9780297860686
9788175941151
9780755351190
9788182930032
9789380601472
9789380164830
9789380096971
9788129109064
9788129102409
9788126901760
9788124202913
9780199063796
9788188818464
9788188730087
9788188013005
9788187531227
9789352602506
9789351437314
9788173916182
9788173915741
9788173913020
9788175741935
9788170491958
9788170491378
9788170339786
9788170338710
9788173911842
9788176491495
9788176485265
9788175941847
9788175941274
9788175940604
9788173912887
9789814418102
9788174765710
9788178882901
9788178791715
9788178297262
9788178241302
9788175740921
9788172866433
9788172763329
9788124116289
9788175941700
9788171799343
9788171568246
9788170998037
9788170338673
9788173918032
9788173915246
9788173913235
9788173912023
9788175941564
9788172244408
9788124113950
9788170892755
9788170494508
9788170337478
9788170239932
9789382302339
9789382302322
9789389166965
9789387925151
9788170997993
9789351430292
9789350909508
9789350722169
9789387444676
9789381465585
9789385444432
9789382302476
9788173194467
9788171887828
9788170999881
9789810742713
9789380014999
9788180381478
9788178890593
9788178882444
9788178881690
9788178881638
9788190035101
9788173410987
9789354568565
9788124117897
9788124113790
9788131201084
9788130900728
9788130704227
9788129109057
9788171948208
9788177541199
9788126518777
9788189326593
9788124112564
9788120414082
9788120326576
9780670058747
9780632059775
9780070587557
9788170493617
9789810974015
9788186190654
9788185989891
9788185589091
9788185229133
9788189913465
9788189913403
9788170337980
9789381465745
9789812749413
9788187036241
9788131252437
9780198065128
9780195699265
9780195697025
9780195689280
9780195686470
9780195655087
9780752890395
9788177334180
9780749909482
9780708802373
9780670082001
9780575095632
9780340763209
9780316153812
9780881139501
9780881136913
9780749909673
9788175967137
9788175941748
9788131521595
9780758229137
9788131207574
9788174361202
9788130933948
9788130909714
9788188837304
9788130908090
9788175414228
9789381465288
9789380601625
9788180381584
9788184481600
9788178880051
9789814357005
9789385891014
9788130908113
9789393850072
9789362730596
9789385965548
9789385538193
9789385444715
9788189267193
9788189066222
9781933164106
9789381579558
9781259097317
9781107606234
9781107606210
9781847441607
9781845433710
9781844484713
9788128004070
9781601543134
9781405124256
9789352728572
9788189065102
9788189035440
9789352720453
9789352164271
9789351610342
9789354569951
9780862887421
9789810933975
9789354567254
9788194924685
9789393214515
9789389594928
9789389166958
9789387308404
9789380376424
9789379570932
9789376463473
9789354567711
9788173918322
9788170997696
9788170893646
9788170893356
9789350353882
9788190716376
9798129108080
9788187502968
9781596911536
9788187221210
9788178710853
9788177330304
9788177022971
9789385444449
9789385114182
9789384668105
9789383026630
9788187359289
9781590922187
9781590121825
9788120607200
9788120604360
9782909458298
9788126905355
9781905422753
9781903116708
9788174461988
9781847445353
9788129107749
9788128021893
9788128012877
9780143032571
9780070671133
9780070590298
9780007931484
9780001160309
9781863513203
9780786283644
9789348234360
9789349865501
9788170751076
9789392023507
9780947655822
9781588244109
9788119444397
9788121105897
9788131770429
9789391567880
9789388005135
9789381579848
9780199457625
9789353620271
9789355851604
9789372121636
9789380422190
9789358427189
9789689279082
9781594972348
9781957302508
9789364313018
9788168749221
9789350125625
9780070139787
9789350945063
9789351442066
9789361809446
9789359739649
9789371869133
9789350940808
9789382716754
9789384447076
9789371863902
9789371860253
9789350945056
9789350943489
9789365543438
9789363199057
9789352530403
9789354774539
9789334108941
9781259029394
9788185359137
9789371869188
9789389048780
9789390697281
9789356509047
9789388426251
9789385075247
9789386634191
9789382648901
9789371869881
9789349946514
9781859061862
9788173704512
9788175140387
9788179080023
9788169777957
9789334266344
9788190456227
9788187224709
9788195843183
9788195843190
9789334107807
9789356216280
9789334218152
9789347984341
9789362526014
9781907311444
9781591821984
9781880507483
9780007257133
9780753822883
9780733621819
9780769285979
9781406573411
9789364688260
9781907183041
9781904590187
9781897809433
9788167417992
9780907546092
9781405250351
9780912592336
9781427800121
9781848763166
9789378185984
9789371112338
9789374528457
9789374525777
9788119832200
9789385585739
9780723255956
9781009824316
9789385585692
9780746064375
9789379030511
9789391895990
9789369587230
9789381587805
9789380456676
9789350126202
9780070704473
9780954053543
9789348457967
9789392135149
9789392135187
9789386416889
9780074637296
9788177080308
9789364682145
9789351403951
9789394739789
9789392135903
9789385989643
9789386631701
9781250057952
9780310296225
9789369584758
9788168622890
9789355854865
9781909268784
9781860720659
9780739029022
9781875739127
9781875739080
9781590307106
9780646129563
9781876367947
9781875739790
9781875739462
9781875739455
9781875739141
9781875739257
9780646057873
9781875739226
9789812400918
9789375619956
9780521546140
9781876367879
9781876367725
9781875739066
9781875739585
9781875739783
9789350719282
9789350941591
9780373689033
9788119579044
9788170641049
9781605770178
9780373689040
9789388750103
9789388587600
9789387444157
9789358707533
9780198096054
9789381539163
9781566252751
9780373689071
9781405878586
9781009824309
9789386561312
9789681668815
9780373689057
9789351104537
9789386561299
9789386561282
9789351442158
9789352131495
9789393159731
9789381771358
9789386500359
9789386561275
9789362734488
9788170950950
9789332541511
9788195413577
9788193975763
9784887832060
9789388750851
9788170950738
9780340990063
9781444108781
9780761994848
9780789914361
9780789915504
9789351450351
9789351449393
9788193975756
9788184503777
9789351448068
9789351447160
9789351106463
9789386601964
9789351447016
9780979959400
9789347117633
9788184502893
9780521628211
9788170950981
9788184503210
9780373689101
9780521636698
9780545987707
9781432919245
9780739825389
9789386561305
9789393766694
9781420941319
9781455811052
9780754819349
9780739028667
9780373138357
9780373138920
9780395896266
9780739023051
9780769244242
9780789918833
9781612361185
9788126504527
9781541146846
9781554725601
9781502476326
9788177584363
9789358447118
9789382473251
9783867111188
9789390531912
9780757909603
9780764156090
9781475039559
9780764197925
9781514607268
9781502932846
9781782225003
9781772755275
9780486405865
9783937123608
9783867110235
9781941240045
9781941240021
9781937794743
9781632914873
9780874876666
9781554731435
9781600390999
9780956761842
9781455622498
9781857077537
9781909296053
9789392196874
9789388509817
9789374625514
9789353431860
9788196088910
9781595159267
9780977465156
9780916144616
9789356124103
9780769264547
9780757926068
9780736896108
9781598899146
9781589258044
9781579890858
9789354552380
9780312497927
9780618314331
9780521710305
9780152064303
9780071262637
9780878912254
9781423201809
9781931908061
9782761320511
9780836849059
9780836833225
9780736830805
9780836880496
9780836864694
9780836849066
9789357476065
9788174840547
9781443778657
9781927424537
9781439237434
9780736852920
9788198631930
9788869260384
9781402763786
9788184883466
9780979860546
9781259005091
9781572486744
9788131403006
9788131405215
9788181522061
9788131600801
9780070142398
9780070147195
9780070657007
9789810883614
9780070636781
9789383643707
9780976925941
9780692200421
9780195671797
9789395759137
9789366650708
9788176251112
9788131223024
9780070222960
9788188222551
9788185421445
9780070583597
9780195680829
9788184481129
9780739053980
9780757905636
9780757907951
9780757912191
9788187248095
9788178814209
9788188789214
9788189582869
9789353501648
9789380191393
9789381465608
9789382007364
9788170338543
9788173198984
9788175341326
9788175940567
9788176254083
9788187359296
9780486463858
9788132202196
9788131762240
9788131403785
9789339204419
9788174451866
9788175940789
9788176250986
9788189011826
9789381269947
9789381269961
9788176251693
9788170337133
9788178668444
9788131218518
9789352602278
9789348076731
9789352876976
9789385504167
9789387208278
9789388266369
9789388587617
9789389921724
9789352877041
9789354469695
9789354560781
9788176254281
9789363192096
9788173712432
9789390715183
9789395372251
9780769274706
9789358708653
9781454907862
9781475142792
9781743219720
9781907962318
9788171560189
9781932065619
9788131211571
9788170003335
9789364403566
9781847391209
9780431149318
9780431908137
9781869928209
9781406211054
9781406207460
9780431193878
9780352336729
9780431029580
9781846554216
9780486471815
9780694701100
9789350041062
9780071203838
9789380456973
9789388299619
9781405878289
9780486418780
9789370021952
9789379290250
9789380456751
9788170583790
9789355854261
9789351738985
9789349905009
9788180040054
9781895449648
9780500301203
9780694515066
9789389403145
9781578263196
9789388028714
9788190236850
9789351343530
9789395107914
9789812548658
9789359117645
9789391126919
9780199463893
9780199481941
9789390122905
9789356617681
9789351610052
9789325964792
9788196756529
9788180482762
9788169857321
9780060540784
9781259005053
9788897443377
9780756626136
9780554019093
9780442230739
9788119944965
9788199021808
9781560109860
9781419676468
9780739024454
9780841602694
9789395298032
9789395206440
9789362521064
9788178127224
9781405878715
9798235462182
9789358520712
9780195687170
9789348457721
9788179308349
9780521055826
9780230322745
9789362733634
9789377398248
9789385868825
9788196380151
9789364687904
9788199411975
9789395453738
9781971036939
9788896105948
9788168544857
9788185694498
9789309242502
9789385401473
9789386561473
9781880687871
9788121501378
9789386561497
9789386561480
9789362838223
9789357474832
9789391495282
9789391029531
9789390800414
9789390461684
9789389899160
9789387153035
9789386810922
9789386561527
9788188837380
9789363198227
9788126310173
9788188837342
9788185359120
9780070144521
9789388267205
9789350125274
9788131200711
9788170816980
9788185753836
9788193559253
9788194346562
9789386561442
9789386561466
9789374528549
9789395437356
9789937021371
9789937259156
9789355019141
9789324401939
9789355318060
9788197171420
9789356249455
9789386561428
9789393134707
9789352839094
9789351448037
9789350367001
9789384469894
9789386561510
9789386561503
9789386561411
9788174532916
9780070706361
9789353161125
9789385966187
9789386561398
9789386561404
9789386561435
9789357268578
9788184354706
9788174532312
9781880687413
9789381771808
9789391524074
9789382906544
9789351471981
9789350121535
9789385497773
9780674296060
9780761434856
9780756631741
9788183506977
9781402743221
9789362731203
9788186332931
9788174826657
9789382577737
9781416961208
9789386008718
9789369589364
9788172551551
9788182995413
9781876973155
9780070222014
9789353692087
9780486478333
9781875739028
9780646113609
9789812400598
9789351446422
9789351444657
9789351443810
9789351443711
9789351443681
9789351441359
9789351763864
9789351529255
9788175940994
9789351449980
9789351449874
9789351449720
9789351447788
9789351446866
9780755309887
9780749940195
9780593068854
9789351450122
9789386433510
9789386561671
9789388750448
9780230573543
9789388182508
9789351446736
9789350943595
9789350719664
9789386829153
9789350710791
9789387380639
9789387484276
9789354566394
9789387486676
9789387747630
9789382066408
9789384061029
9789350719084
9789350715956
9789350570630
9789386860255
9789381385098
9789391126865
9789392192098
9789395523233
9789390811847
9789390875580
9789812741516
9789388750615
9789389048810
9789389173031
9789351446750
9789387763654
9789355013569
9789387919907
9789387984264
9789388030519
9789388127592
9781404108745
9781404112049
9781404116177
9781404116597
9780063022751
9780070139688
9789390490974
9780070607903
9789387766372
9780190133047
9780099511328
9780755304752
9780755304714
9789384603717
9789384636562
9789385444104
9789385504440
9789385616334
9789386309686
9789373890159
9789373895666
9789389555110
9789380545547
9789381082232
9789381162194
9789381343050
9788188719334
9789355430458
9789355810328
9789356182363
9789356185845
9789356187337
9789356939790
9789395759250
9789389368475
9789373897073
9789382579427
9789380570259
9789380525723
9789380231242
9789352703159
9789707011434
9789390811854
9788183250634
9788182930018
9788182093096
9789325964778
9788181892218
9788181520968
9788180521904
9781444009545
9788170641032
9788170641186
9788171323852
9788171799459
9788172541583
9788173710674
9788181911186
9788185431536
9788185182780
9788185042084
9788184885385
9788184248258
9788187359432
9788187359197
9788170334996
9788170003083
9788131408995
9789385114038
9788131404119
9788126100743
9788174938091
9788174937230
9788187336174
9788187248408
9788187248231
9788187197133
9789386668431
9789386261854
9788131404782
9788178881171
9788175940710
9788175881457
9788175412385
9788175343962
9788175241633
9788175156166
9788174937797
9788178290416
9788178086842
9788174931399
9788176270052
9788176256865
9788176253338
9788175941458
9788175941373
9788179102619
9788179100530
9788178900131
9788178882246
9788178881485
9788177557206
9788174937254
9788126563319
9788127233549
9788130926858
9788131404126
9788131788622
9788170336648
9788170337058
9788170461760
9781846146107
9788178663418
9788119112791
9788121917278
9788123443706
9788125926573
9788126561155
9788126562688
9780841601963
9781137608222
9781259029189
9788183559904
9788178556642
9788055600499
9788192725307
9788189582210
9788189301637
9788188847488
9789350361665
9789348262974
9789347047008
9789339223359
9789325964839
9788198498267
9788185711058
9789350949788
9789350943601
9788125906872
9788122412062
9788122411188
9788122006940
9788120409484
9781847946317
9781107439566
9788173411786
9788194684039
9789354563812
9789353626822
9789353500474
9789352865086
9789352513437
9789352080281
9789361103018
9789360530969
9788187359173
9780070636477
9788192766508
9780070139381
9780063355118
9788187358268
9788185753614
9788184841992
9788184489651
9788184290752
9788184245035
9788193303672
9788193303610
9788193095744
9780070223691
9788188684847
9788188652655
9788187937081
9789351527435
9789351393788
9789351340225
9789350356531
9788190420273
9788189979690
9788189915360
9788171322725
9788170337393
9788170336938
9788183180610
9788182930117
9788181913746
9788178882093
9788178841410
9789387460997
9788185860466
9788185860091
9788189913441
9788171008964
9788178813318
9788177370294
9788176251402
9780070707061
9788174884633
9788175940659
9788175940208
9788175414280
9788184200591
9788188684953
9788183181051
9788173914539
9788173914386
9788175941342
9788175941298
9788186803141
9788186599099
9788189441012
9788189326814
9788188837106
9788188719006
9788183242134
9789350040089
9788126511686
9788126507887
9788126512232
9788131785041
9788126507269
9788177228151
9789373046716
9788126507634
9780373683000
9788126512072
9789356122130
9789350040201
9788181285898
9788177223149
9789360700560
9789373014418
9789373045665
9780340769492
9789373041834
9789378322136
9789378323201
9780141330945
9780723249740
9798235910850
9780431153308
9780528871139
9780861447527
9781840465716
9780864861696
9789388563864
9788181910004
9788186793442
9788186358924
9781259063787
9780254215368
9788119843817
9781645973225
9783758855139
9789334145502
9789370203402
9789380855882
9789381771525
9789370020375
9789356360136
9789356508491
9789356740990
9788172869595
9788189923464
9788194978169
9788195236817
9788198416216
9788199045750
9788199738508
9788171948864
9789334077858
9789348256447
9789351435679
9789351439240
9789355355140
9789362733351
9789365064155
9789369045266
9788173704505
9789357375917
9789359300436
9789359809632
9789361865428
9781645973218
9789394018488
9789812747778
9789389361681
9789389361834
9789394644755
9789394526617
9789393806277
9789324192127
9789383255283
9789382527978
9789390232390
9789384917579
9789390347810
9789386059482
9789392428500
9789392428883
9789390811519
9789384384876
9789390989331
9789390989010
9789391940065
9789812749376
9789390851836
9789387243903
9789387243910
9789393528209
9788131203644
9788131213278
9789392144356
9789339222703
9788189013035
9788131231104
9780199463886
9788189909826
9788168891791
9789357318785
9789349905924
9789358179774
9789347142291
9789393675156
9789392215025
9789353458300
9789391301910
9789393898968
9789382527817
9789382527947
9789383547326
9789386392176
9789386896827
9789584517036
9789378168284
9789377305246
9789377304584
9789377304119
9789377304041
9789377303969
9789380438269
9789378320866
9789377303945
9789377303761
9789377303426
9789391166748
9788196185565
9781932698169
9788119708802
9788168574588
9789372182231
9788169813273
9788176498562
9788195202294
9788179918005
9789358426977
9789358930245
9789360132699
9789363360259
9789363883857
9789364115513
9789366273860
9789360335014
9789360811938
9789361130052
9789361856051
9789377300951
9789369768387
9789369762163
9789369761470
9789374246443
9789373171524
9789373170350
9789373170237
9789377300098
9789377301477
9789377301507
9789377302535
9789376862016
9789374623671
9789376863129
9789393509239
9789386635143
9789384248994
9781899820474
9781932698091
9781234103330
9789580473473
9789352020508
9780942996388
9780143501114
9789390912209
9789381022740
9789385075506
9789352830954
9789354773679
9789392906350
9798181280656
9789814035781
9789394995789
9789392242427
9789355855121
9789384087333
9789365061000
9789365061437
9789367090244
9788182905108
9788182967205
9788184748840
9789371868006
9789374248829
9789375612827
9780007916023
9788194558187
9789355857170
9788178122335
9788177641875
9788172540548
9780311461653
9788192513485
9781403932013
9781550028362
9788170623823
9789348457110
9789348145376
9780195676297
9789386030092
9789386416797
9789386698292
9780233050614
9789385966194
9789385329784
9789351405948
9788168680210
9789392135415
9781410900494
9788181285768
9788181431783
9780373229925
9780756625962
9780818679353
9780829745092
9789371431668
9788176299947
9789390227693
9788179080085
9788177640212
9788177640632
9781846850660
9789384310189
9789390450480
9788178122342
9781595321152
9781602550902
9789388296229
9789369143108
9789386896780
9789357433334
9780361048545
9782027296116
9788123031897
9781933662329
9781596870895
9781565652903
9780811851695
9788478646296
9789391431662
9781891400773
9781844001873
9788125049197
9789377241698
9789706433633
9780769261669
9788467015300
9789370028838
9780195646375
9789376864164
9789370021648
9780195695014
9788173810817
9789356740983
9788173810268
9789393134486
9789393263049
9789381774151
9789381587942
9789394266858
9789352604128
9789392374838
9789385675195
9789312146439
9789359783840
9789359785875
9789378163975
9780230754690
9789394417519
9789356505148
9789362737793
9780071070683
9789362737052
9789382459859
9789357473590
9789349905047
9780861447640
9789395543019
9789359485010
9789370025820
9780757927829
9781932065626
9781463577780
9780843105988
9780786939947
9781402741920
9780521002141
9780743443579
9780757906114
9780201474756
9789355729385
9788199306622
9788194492412
9789354467295
9781571523495
9780230711297
9780521059572
9788177393347
9789350716434
9780941901086
9788173704642
9789385504228
9788182965713
9781499686951
9789351444213
9788184045451
9788184044416
9789351443629
9789350948798
9789390875214
9789388983723
9789388750349
9789356187573
9789351448730
9789351447436
9789351446835
9789339219444
9789325965027
9789386189509
9789385616440
9789385873386
9789385976872
9789385976889
9788131725955
9788126340835
9782701157405
9782701157375
9788131758342
9781259006203
9780141011387
9789390875979
9788132202974
9780070147256
9789352728565
9788183250207
9789389598230
9789373042763
9789373040646
9788126520152
9788126504848
9788126506385
9781401912260
9789373044491
9789358449396
9781443777827
9781844061334
9789392080319
9781443771726
9781443752305
9788182830196
9789370789692
9780230744998
9780074637081
9780752876061
9780446582025
9788187134411
9788186976029
9789350352090
9789350354865
9788187248422
9788190478823
9788189012977
9788189012588
9780070683846
9788184042450
9789354568268
9789356932968
9788178292502
9788189798871
9789385114076
9789383454495
9789339204204
9789350710982
9789370460546
9789370780941
9780070680821
9788189326708
9789375440642
9789376862559
9789395773430
9789391787752
9789390837779
9789385785573
9789385114540
9789385444951
9788131786925
9789386116918
9789386682352
9789388913126
9789327230215
9789327240498
9789327263244
9789378166518
9789386116840
9789355967404
9788178817125
9788179776278
9788180618901
9788181472359
9788181920195
9788181920270
9788182991071
9788170336525
9788170337836
9788170339120
9788170463184
9788171795680
9788173667381
9788178530451
9788131420584
9788131507612
9788131516539
9788131532171
9788131717530
9788131760505
9780810942660
9788125004400
9788128000065
9788129710703
9789354565649
9781259062582
9789352726042
9789354563003
9788183600279
9788178812274
9788132202035
9788131407226
9788131407943
9789351652038
9789380930541
9789350719480
9789368029588
9789364403252
9789384668082
9788176250146
9788131412695
9788171798261
9780230639034
9788184121803
9788186651278
9788178297231
9788178882802
9788186771235
9788170339571
9788170338956
9789386274434
9789386016638
9788170337065
9788170337119
9788170003526
9788131527153
9788184120363
9789384294106
9789381466025
9788131404331
9788123903170
9781107462236
9780074632673
9780070618381
9780199463862
9780070590960
9780198070733
9780070611801
9789356812321
9789368040804
9780070635753
9788131405697
9789355570093
9789387766617
9780440508434
9781607068198
9789382527411
9789385470448
9789352102266
9788198528162
9780763532628
9788175154834
9781572571983
9789360825836
9789353790493
9789395941341
9780237291792
9780317063103
9780582088290
9780631903581
9780646057866
9780646067469
9780852130193
9789371796811
9781843320661
9781405882569
9780007850990
9780333773932
9781405019842
9780333902110
9788119232550
9789356664296
9780333968246
9781405019859
9789349168299
9789351381778
9789350121320
9789363195318
9789369635313
9789351446613
9788131532690
9788194465263
9788177291506
9781442176539
9788194447207
9789350941089
9789351446996
9789350940105
9789350126592
9789362734204
9789388438537
9789311122977
9788194833093
9789386561268
9788121919265
9781444720129
9788188222018
9789362733931
9788179080078
9789351848936
9788171007509
9788190968485
9789385075087
9789386561244
9789386561251
9789351870609
9789366602523
9781419541643
9788168684126
9789378320439
9788188735402
9789388658980
9789378160028
9789366494227
9788190169417
9789390576517
9789352271382
9789362075468
9789355853073
9788186321713
9789357759861
9788178872261
9788185446431
9789375614807
9788169030489
9789356739963
9788448826444
9788131501368
9781876367107
9781403455246
9780413720900
9788484414667
9789324405272
9788131703922
9780199580545
9789390122882
9788174821720
9789391968861
9789393498991
9788193022665
9788184120271
9788131605097
9789378163135
9780199482290
9789358707939
9789378163555
9789348995735
9781107623699
9789392494369
9789380026824
9788173714009
9789359592633
9789348995247
9780746083505
9781588109965
9789681601911
9780736424080
9789394417960
9781603600477
9788173177347
9789356732223
9789381865668
9789367131183
9798906063656
9788176601443
9788196073824
9788181378309
9788195145997
9789377134846
9789373048970
9789358528220
9780968084205
9780531155905
9783764301392
9788179308530
9789388696180
9789373580340
9789371509480
9789312149850
9788199843202
9781423199298
9789370201767
9780230328785
9780199481378
9789356740785
9789384857455
9789350940617
9789332519237
9788195126330
9788897443421
9789384559045
9789356740969
9789385075094
9780070221888
9789356740952
9789390252886
9780552149662
9788167010186
9781862074170
9781429107259
9781429107242
9780748772940
9788195668663
9789384248987
9780449003107
9789354271397
9789376861880
9789370755697
9781845973520
9788190938556
9789334233568
9780070597020
9789362837677
9780074601235
9789391730789
9789362839091
9789354468186
9789360824464
9789384024970
9789393605269
9781444104233
9789390129928
9789385986154
9781408309773
9780237541866
9780237541910
9780237541934
9780615162980
9780689866340
9789356121843
9789356121867
9789390904556
9789356121836
9781852525699
9781841675589
9781603600453
9789353165079
9781562013455
9781562013462
9781855765801
9788125049166
9781562012120
9781562011987
9781562011468
9781852526085
9781562012250
9781562012373
9781562012915
9781888472547
9788122479072
9780955104527
9781904921127
9781604504361
9789390915293
9789390915149
9789349144057
9780852268551
9789707181533
9788190502504
9789390460632
9789354463402
9789389180619
9788194931362
9788184044492
9788184043655
9788189979874
9789386189578
9789386561695
9780738210926
9788190892315
9788193674352
9788193975497
9788195028221
9789381605462
9788186653159
9788187445203
9788177567601
9788178841717
9788181438904
9788181438911
9788184191363
9788184191394
9789354564208
9789354560842
9789351443841
9789351445883
9789351867876
9789352723386
9789351450177
9789351867661
9789350830963
9789350870556
9788896999127
9788128012044
9788129106186
9788130000206
9789360239534
9789371007306
9788119165148
9788120412644
9788189582272
9788189901868
9788190044110
9788174467256
9788175241503
9789380190068
9789381090879
9789381422724
9788187445166
9788183250115
9789381632284
9789381632307
9788131015230
9788119112685
9789382459095
9789381632666
9788188719013
9788190977128
9788170003038
9788170200055
9788170242581
9789380190020
9788175243736
9789392234071
9789385981166
9789388599047
9788175242029
9788176251662
9788176298995
9788188719105
9788176463829
9781259058813
9788173872020
9788176481656
9788177394429
9788174462329
9788174530899
9788174531902
9789381709047
9789358579307
9789352723751
9789353220143
9789353221577
9789354194627
9788181970107
9789385966415
9788172293031
9788172234768
9788170947615
9788170641162
9788176110754
9788175941892
9788174880093
9788174784063
9788170582762
9788131251331
9788189239473
9788131404881
9788170248675
9788170392026
9788173153549
9788176296519
9788189547172
9788184240689
9788185396491
9788185680224
9788187359036
9788187359142
9788187359241
9788177640960
9788177648232
9788177649734
9788131401439
9788131404416
9788176256407
9788176258920
9788170436577
9788170436645
9788185952437
9788172730277
9788179340110
9788178815145
9788189012700
9788188730919
9788187118008
9788176464093
9789376313778
9789380540795
9788131602386
9788178790305
9788178813615
9789385075834
9789385529191
9789385616495
9789382810339
9789382689041
9789382622307
9789381484241
9789381069554
9789381001011
9789380285511
9789389173253
9788170335382
9788170300335
9788196058173
9788187815976
9788189012793
9788188837403
9788176259224
9788189268404
9788189239060
9789385785566
9798126129279
9798184193311
9798189012112
9789389555875
9789389663419
9789390974887
9789391297275
9789385785559
9789386585493
9789388426909
9789388983457
9788182930162
9788183617871
9788184041552
9788176111249
9788176111928
9789325965010
9789348472038
9789348701138
9789350717721
9788190203708
9788170545804
9788170743224
9788171110841
9781932705522
9788121918206
9788126100644
9788131403235
9788131419373
9788131420485
9780143032045
9788170182658
9788170186595
9780822566724
9781108684286
9788120722576
9788120724266
9780143028857
9780531155899
9780822529736
9788131965115
9788121919029
9788121932622
9788126105052
9788126106387
9780143030584
9780195799828
9780198067917
9788189582456
9788189979133
9788131405253
9788121916578
9788186762400
9788186762417
9788189239435
9788126145584
9781905863785
9788119112463
9788126122448
9788126128556
9788126134199
9780761518846
9789391234270
9789382618058
9789375445036
9788194782735
9789351778004
9789351872344
9789352592821
9789352719518
9789353451097
9789384898540
9789386250933
9789389648164
9789374621806
9789377303952
9789378183119
9789378322969
9789363190986
9789378328039
9789381431016
9788196108441
9789384898212
9789376863266
9780091917296
9789350132661
9789350098431
9789374622391
9789355380265
9781409145783
9781409153269
9789375443957
9788198910479
9781444011210
9788177222982
9780749913762
9781847491527
9781409375890
9781444008609
9781409162001
9781409162049
9788181285713
9788181583697
9781510104037
9781847492241
9781783126347
9788126503087
9780708863206
9780708864968
9780715652084
9780746098400
9788177228847
9788126508433
9788126542697
9788131534076
9788176351768
9788177226485
9780141181011
9780670097586
9780958181709
9781612195537
9781526304308
9781527014923
9788126505043
9788126559176
9788119355426
9788126500543
9788126510665
9781526303424
9781801301145
9781841498447
9781760524531
9781788707695
9788176565288
9780143447283
9788169001724
9780241257371
9789349965409
9789350042212
9789387788060
9781409129974
9789369115181
9780070635791
9789380601724
9789386668608
9789350290316
9789387477797
9789358447743
9789358692495
9781409102878
9789358693423
9780062313058
9781409128700
9780670085231
9780708863138
9788181285386
9780349143903
9788177227772
9789373048086
9789373047911
9789373042893
9789370029323
9789350098394
9789358445749
9789358444650
9789358426489
9789356187412
9780670083374
9780593188859
9788177224795
9788177225693
9789350096888
9788896323069
9789363331181
9789354564949
9789355322609
9789332513747
9788899060862
9789309242700
9788177223477
9789373073910
9789373359076
9789325986299
9788177223439
9789348048455
9788196011871
9788177224184
9789378323591
9789356933064
9789356933101
9789371056793
9789356933095
9789371055109
9789371051200
9788180610059
9789395022262
9789358260878
9788185384733
9789353690014
9788125049180
9789375619918
9781569571125
9789390715152
9781897829738
9780074631607
9780199482870
9788122006964
9788122421194
9788189477035
9788189526139
9788189884703
9788189923167
9788189923211
9788184520033
9789373897776
9789373945514
9788190780384
9789327199154
9789334033847
9789348111999
9788187339403
9788187818397
9788187981121
9789391155940
9789386322432
9789386824820
9789387192041
9789387192386
9789387702370
9789388426633
9789390713110
9789354564062
9781780222400
9780670058532
9788131310441
9788131310502
9788131311202
9781863513647
9781904419938
9788120333154
9789354425912
9780199487646
9780230636835
9780340858196
9780521055987
9789387192669
9781741845099
9781743219737
9788178084312
9789377395933
9789348995087
9789350136928
9789350382783
9789351342656
9789351343424
9789353161415
9788176130134
9788181981035
9788182473478
9788182901650
9788182903463
9788183165204
9788177024029
9788178080307
9788185971049
9788187248460
9788178795867
9788178882253
9788178882949
9788188730186
9788188837120
9788180521317
9788180480140
9788180480454
9788174450593
9788174461094
9788174462510
9788185361765
9788185753324
9788185809236
9789396465402
9789810089337
9789814640817
9788173412349
9788173911583
9788178883946
9788178885155
9788180381133
9789812749321
9789388918183
9789388922920
9789389656176
9789389934236
9789392641541
9789393850607
9789394739116
9780195676082
9780521170345
9780521735834
9780670049486
9780670057634
9780070147270
9780070148840
9788187359333
9789380559445
9789385444425
9789385507021
9789386116802
9789386223272
9780195653052
9780195670332
9780195671056
9789350125410
9789350282380
9789350355091
9789351343462
9789354972287
9789380096315
9789380228730
9789380228747
9788183241304
9788183440172
9788173913204
9788173913372
9788173914119
9788190722384
9788192251714
9789331320124
9788131218747
9788170944355
9788170999287
9788172243562
9788172401276
9788173140945
9788131502761
9788131600221
9788131309407
9788170206910
9788170335023
9788170336037
9788170630968
9788170890324
9788125020257
9788129103086
9788121943154
9788176299749
9780070603233
9780070677234
9788173412066
9788126529865
9788126903078
9781863512886
9788187818021
9788187818038
9788187818373
9788189326326
9789388913225
9788126511051
9788170892571
9788120205093
9780070594906
9780749681289
9780752851143
9780755320493
9780857233745
9780195699289
9780198066941
9780199230679
9788129106568
9788122412772
9788122420272
9788123900575
9789387766679
9788187248477
9788187336068
9780070264168
9788126118847
9781841613208
9781846531279
9781846531552
9781859261019
9788128010545
9788129102959
9788129105226
9788131601594
9788173915499
9788173916472
9788170891093
9788170891796
9788124114650
9788124202142
9788124205464
9788171568178
9788185589497
9788185733517
9788185733722
9788185989051
9788187125556
9788181285331
9788181980472
9788131311080
9788173917097
9788174369376
9788174451613
9788174451781
9788174465337
9788174731319
9788175240254
9788123908038
9788171568185
9788171568468
9788171797073
9788172246334
9788173195006
9788173198144
9788173411403
9780230328693
9780708805756
9780721688947
9788188837496
9788188861033
9788189102630
9788189102647
9788131310083
9788173913716
9788178671062
9788178791692
9788178793368
9788178880815
9788178882765
9788175412286
9788175942073
9788170337041
9788171565245
9788129115638
9788176466837
9788176498654
9788176567534
9788176580380
9788176760973
9788131304693
9788131307168
9788126510818
9788131312216
9788131505205
9788131600702
9788131714683
9788170280804
9788181980540
9788185019895
9788185250403
9788129116307
9788129119896
9788130909585
9788131206706
9788131300596
9780761996309
9789380601434
9789380601663
9789381302460
9789381302668
9789387460171
9789387572768
9788190183031
9781107014121
9781259001888
9781403928511
9788122427448
9788124114711
9788124202449
9788124205495
9780749445140
9788177541366
9788177541403
9788178191157
9788178297415
9780521759397
9780670081882
9780761996781
9780803992436
9781405136341
9781405153836
9781405169448
9781444002317
9789390912247
9789810757816
9789810757847
9789812744517
9789384310950
9789385114991
9789382246930
9789382299240
9789385444043
9789386882004
9789812744555
9789812746566
9789380559414
9789381335154
9789381390214
9789381849224
9789382579151
9789382740629
9789388701990
9789384238070
9789383280056
9789354565861
9789355578792
9789358442243
9789372125580
9789373893006
9789386268402
9789379577702
9788190228282
9788190461610
9788190656139
9788189326883
9788190461603
9788190678858
9789381770030
9789382120070
9789359662657
9789359716756
9781444108767
9780955441554
9788197020674
9789358707885
9781405089678
9789381430620
9789356667822
9780785121565
9780785124955
9789395470216
9789393642424
9789384826161
9789386896063
9789381587515
9789383303151
9789372650518
9789369145065
9789378040344
9789375739760
9789392330254
9789389329926
9789388893343
9789389294309
9789361801198
9789361400032
9788199475137
9789364110075
9788199498174
9789347690457
9789348580337
9789366117447
9789380456911
9789380456959
9789357365970
9789358930344
9789358931181
9789359870816
9789378322617
9789380205113
9789814333504
9789356210332
9789349789791
9789348580504
9788119814923
9788169355339
9789394644113
9789394946194
9788171170067
9788189966454
9788199189898
9789813165328
9788172545130
9788171946983
9788170128557
9789388983556
9781316643235
9788175140349
9788173192388
9788189901165
9789312148303
9789350943984
9788188719440
9789350126011
9789363195585
9789369629725
9789373351155
9789377394523
9789380298047
9789381908143
9789392641923
9789355319074
9788183572439
9789386179203
9788186234211
9788194344490
9789350364161
9789350949931
9789327257243
9788178710150
9788121906166
9789352164059
9788131800836
9788175140530
9780071074032
9780199482320
9788181377333
9789356402348
9781603600415
9781403436498
9789360628475
9789363071889
9789348580139
9789393715418
9789812436856
9788185502076
9780746092088
9788131404676
9789376861958
9788193333709
9789385462207
9781897563236
9788496592056
9781846857805
9781846857317
9781847780164
9781403407078
9789353160227
9788194194415
9788194796152
9788197232411
9788199424166
9788173819858
9780070411814
9781403928528
9789377397463
9789326193511
9788199424173
9789375611288
9789354427022
9780071333733
9788199424180
9789312144923
9788131708354
9780743992091
9780679727385
9780143001676
9781449307578
9780942979244
9780817938628
9780817955021
9780743992060
9781416960577
9780942444056
9780763556792
9780763556600
9780399231551
9780375875373
9780140950168
9781585732142
9781841677729
9780451218872
9780740722981
9781743142400
9781618652751
9781618652775
9781618652805
9789681658472
9788173178757
9781590270806
9781600760655
9781618650641
9780746061091
9780131155237
9780448454238
9780061715600
9780435086510
9781874522935
9780769239194
9780981793092
9780375873799
9780373522361
9780373521043
9780373519736
9781442491977
9781604505931
9781421531212
9781782351573
9781604501223
9781420925722
9781536689457
9781536690125
9780981793085
9780822568551
9780794508562
9789681658311
9789681658342
9780800795948
9780981793078
9780373516032
9780373518241
9780373518623
9780373519248
9780373519286
9788182835030
9789389664645
9780340210154
9789371861359
9789363559271
9781133014478
9788175940673
9788176298254
9788177646092
9789393459480
9789395483230
9798887498102
9789368026655
9789363336544
9789363337343
9789350367735
9781573061520
9789367502754
9789368022152
9788189915124
9789357366557
9789388563956
9789360829018
9789362016195
9789347944703
9789348995582
9789348995896
9788185137285
9789350945803
9789365546606
9789351447733
9789352038701
9788195240562
9788196286507
9788196418762
9788184502091
9789358179408
9780875160566
9781575289779
9781613017968
9788896325636
9788131760482
9789388563963
9789388750424
9789363335523
9788184500714
9788184500028
9780857365057
9780793583232
9788184502367
9788131755969
9788189818609
9788184501803
9788176299671
9788184656435
9788184502374
9789382527558
9788184502305
9789319103459
9789333214803
9789351445326
9788172294250
9788172743451
9788176296601
9781259058554
9788178123295
9788194105688
9788194246770
9788194920700
9788119237098
9788119428397
9788126340057
9780199491643
9789386424518
9788184502312
9788184502329
9789334182934
9788184502350
9781429123259
9788181802156
9788179306468
9788171771615
9780893143190
9780893285470
9788184094749
9781938477232
9789354563195
9789354802935
9789355004970
9788198239426
9780230632981
9788131799802
9781107618077
9788171563609
9789389466027
9780763778552
9780835933773
9789389048803
9789389174342
9789363338920
9789392641244
9781604860429
9788171771363
9788174784384
9789369113729
9789370207370
9789356216860
9780071078115
9789389048797
9781855381292
9788198736536
9789376864072
9789389195606
9789355532282
9789356739802
9788169407441
9788119368792
9789388563277
9789387208247
9789381750599
9788127269128
9788196579906
9789812402066
9789389454772
9780070153288
9788199089181
9789363888838
9789359166346
9789380422152
9789374061855
9780852690055
9789393326614
9781402788383
9780739843840
9780764807985
9780739024553
9781580542203
9780673758361
9789347098567
9789393326553
9789353692094
9781569221235
9780552122580
9781932777888
9780762420667
9780972040228
9788178902029
9789347047138
9788131407288
9788171949519
9788168846395
9788170461906
9788187359265
9789391065249
9788189012496
9788187815860
9788131762271
9780345462756
9788131514962
9788131519059
9788131237779
9789372122640
9789353627898
9780199467297
9788131415498
9788131412619
9788131404614
9788131403358
9789391155193
9788131203163
9788131221310
9789812436931
9788174824127
9788176493956
9788175941939
9788175940475
9789348179883
9788131605738
9788172730109
9788172240271
9788183250382
9788183600347
9788180612442
9788131415429
9780070597877
9788131411551
9788131420607
9788131420256
9780195658552
9780070502482
9788178664774
9788173191527
9788184048834
9780074620847
9788183579438
9788182040489
9788180611810
9788181913869
9788131505762
9788131503300
9788183602389
9780195693171
9788172730567
9780143099772
9788185234298
9788187336051
9788178813431
9788131600078
9788187359067
9781009178853
9789384668938
9789351103974
9789812550668
9788183712026
9789380151601
9789373943565
9789347047107
9789386433183
9789388855570
9789377396084
9788189301439
9788192955223
9788178813462
9788189012830
9788184764734
9789353503307
9789353501730
9789351109297
9789387153486
9789385980923
9789385785535
9789380408545
9789386006738
9789313194309
9789385114847
9789810869977
9788127219741
9788131237786
9788131405000
9788187336075
9788191014273
9788192990156
9788131407745
9789352025954
9789384668013
9788131418383
9788131419205
9788131419694
9788131420805
9781410903556
9788123923932
9788170001683
9788170333531
9788170338390
9788131406014
9788131406434
9788184484878
9788172252359
9788172730345
9788178664880
9788184121650
9780070436237
9780070583528
9780070590434
9780984702923
9781259062674
9781444103779
9781843323594
9780070600843
9780070667617
9788120903852
9788125059738
9789392282072
9789367090046
9789374620939
9789392539060
9788194644842
9789356513426
9789394683273
9788197424496
9789387242104
9789376866816
9789376864355
9788188739318
9789364134897
9789352113354
9788198265760
9789386424396
9789355850522
9789355382603
9789390715893
9789392023798
9789394417113
9781426845918
9788176373227
9789385616068
9789385529290
9789358130294
9789385875014
9789351472162
9789385616488
9789358869255
9789352038817
9789352032907
9789389368758
9780199475995
9782808197861
9780463300442
9789350719367
9789348995100
9789349625068
9789334393620
9788119208944
9789351445616
9789351444428
9789350940945
9789350719466
9789349660823
9789350238424
9789351447221
9789351445975
9789350361108
9789350367728
9789350717479
9788177395044
9789349168169
9788174464590
9788190236874
9788190236805
9789389368055
9789388863520
9789388094962
9789387827158
9789351448372
9789366310657
9789386179999
9789386601643
9789371073462
9789386482228
9789389573398
9788177395037
9789385504341
9789390060887
9788175981621
9788172112295
9789391940119
9789391913854
9789391465490
9789391308421
9789390765690
9789395355537
9789392204814
9789391942878
9789351471998
9789351449690
9789351449683
9789351449669
9789356749429
9789356059061
9789334328448
9789334234060
9798885695930
9798893221312
9789392494055
9789386601674
9789362017352
9789385244858
9789355438683
9789355931719
9789392665653
9789394515260
9789363471207
9789363198678
9789362831330
9789363198364
9789359112282
9789351449508
9789384267520
9789383746408
9789382127680
9789381224076
9788189920821
9788179080146
9789363551589
9789363473461
9788131914427
9788131519493
9788120832961
9788119546350
9788178557571
9788178556147
9789384908027
9789384337773
9789390531066
9781649190246
9781732025639
9789351849155
9789353110659
9789362520128
9789358932041
9789362520784
9789395973175
9789394264038
9789354776144
9789358429626
9789360825676
9789332540941
9789366279770
9789370636392
9789373048239
9789364314770
9789373047577
9788196908348
9789366270203
9789386345820
9789355570635
9788186569160
9788193001080
9780385735155
9789360740344
9780723249986
9780071391818
9781403489289
9781603600613
9788120330146
9788190203937
9788178123639
9788131201176
9789378169984
9788185814469
9789385965968
9780199228614
9789352606993
9781108581356
9780333926932
9788131514801
9788131407936
9788193917329
9789382291961
9789378166341
9789350136843
9788123914336
9788179308448
9789354097621
9788131421079
9789380456928
9780190132682
9789387077539
9789367090138
9789380456782
9789378320415
9789378320224
9789358934915
9788198903174
9789348235077
9788131928929
9788192425412
9789352205882
9788169244213
9789355850362
9780304298631
9788131500019
9788194370697
9789389800043
9788131505465
9788131421505
9788131421512
9780198069829
9789376866298
9789388186643
9788187339281
9788125048701
9788123417196
9788188641048
9781639049387
9788185790527
9789358422382
9788172545710
9789350388952
9788131804841
9780199464081
9780199451609
9789350385562
9789377395049
9789393134585
9789388642682
9788131509272
9789332585997
9789325964761
9789350364123
9789350134511
9789355857293
9789355867575
9798889350606
9798889230175
9789352530496
9789351447573
9789350364406
9789350364413
9789350940860
9788182835580
9798887831251
9789380803395
9789389403633
9789390129638
9789392204258
9789351443117
9789395286794
9798887723600
9789386756459
9789385814174
9789385500480
9789381089422
9789311124278
9789380269313
9798888336434
9788194163817
9788184026009
9788178840505
9788178129693
9788178086835
9781649832771
9789311123639
9788196852931
9788185599571
9781604240436
9788178291765
9780602243159
9789373041551
9789373042879
9789373043722
9789373048918
9789374672952
9789364813945
9789358931570
9789377395315
9789380456935
9789387162532
9780721447872
9780352335074
9780352334947
9780352333711
9780071070966
9789814020671
9780721448312
9789373044781
9780753822791
9780750244541
9780199463138
9781410900708
9780198069799
9781403489296
9781405465472
9781588103802
9788168795242
9788188237722
9788188646937
9789356739161
9789394266063
9780373180028
9781403441492
9789355578341
9780763558154
9781603600941
9781603600897
9789391126858
9780230704350
9780230015753
9781259025990
9781108921800
9789352723379
9780195690743
9789362731586
9789363199699
9789378168994
9789384292607
9789395362429
9789387763678
9780736884815
9780099410669
9788176755665
9789370751613
9780756514112
9780841602571
9781599201887
9781599201931
9781843229087
9781843227533
9781599202082
9781599201818
9788174826824
9788193944691
9788131411728
9788181378286
9781406215106
9781409139324
9780008310202
9781860498695
9780062417718
9781840139761
9780575085060
9780521675949
9780375764080
9780356245102
9780143066873
9780230331181
9780199481750
9780199474264
9780198095040
9780198095033
9781842559949
9780198091639
9780198091615
9780195475760
9780143414858
9780143067290
9780143067221
9780143063766
9780074633816
9780074632284
9780070660212
9780198095026
9780755388189
9780755339631
9780755315864
9780753829042
9780316196871
9780753826669
9780752883083
9780751540710
9780751540390
9780751540369
9780751539035
9781638062134
9788128614781
9788131511541
9788131511053
9788131423653
9788131423608
9788131420881
9788131420324
9788131420232
9788121941792
9788131412763
9788131408612
9788131408216
9780749940249
9781782210542
9781780223247
9781780221335
9781742118130
9780753828007
9781649833129
9781607100775
9781472344854
9781444701029
9781409139348
9780195635607
9780575085299
9788128614620
9781888472820
9788128614798
9788128616358
9788131403273
9788131404836
9781409139331
9780749933913
9781409135142
9780198091622
9780749929718
9780575090422
9780195638509
9788131414118
9788178815527
9788178711478
9788178665191
9788123928616
9788122006537
9788131406328
9788131405321
9788131405246
9788177647259
9788177642988
9788177640595
9788173871894
9788173663673
9788176297653
9789352624751
9788173099625
9788173136757
9788185330211
9788185330402
9788173872013
9788173913280
9788173913761
9788176297042
9788173916205
9788174784988
9780395574331
9788187359357
9788174938039
9788174938237
9788176251259
9788176254557
9788173914072
9788131415214
9788131415221
9788131721919
9788170002550
9788170200598
9788131408759
9788131407332
9788131414347
9788131411834
9788131412886
9788126903092
9788126903382
9780070621060
9780070636040
9780070656734
9780070670983
9780074631072
9788131414569
9788187248729
9788176564595
9788131416051
9788131416518
9788131416723
9788131416990
9788131420928
9788131419298
9780143099765
9788178665184
9788131420058
9788131420096
9788131420133
9788131420157
9788131420843
9788131418956
9788174887337
9788178295312
9788178294346
9788178291291
9789386245144
9789386146021
9789385068027
9788189582265
9788189301552
9789381630211
9789381221440
9789380937861
9789380570280
9789380570235
9789355731180
9788172331856
9789387511057
9789388437868
9789388788953
9789352530465
9788186599228
9788186618134
9788186651087
9789352036172
9788184311730
9788188661053
9788188719044
9788189901684
9788190071819
9788190328203
9788190604598
9789332901261
9788184120356
9788185024943
9788185031453
9788185179780
9788180960031
9788181290359
9788185604268
9788185604411
9788174931801
9788170236009
9788170299523
9788170742555
9788131419472
9788131419663
9788187445326
9788187502760
9788188134434
9788185971605
9789392135781
9788178882185
9788180960000
9788180960024
9789382081050
9789382705949
9788182051843
9788184889727
9788183240307
9788183242547
9788183243421
9788183250399
9789390912704
9789392135071
9788184430042
9788184469592
9788182052543
9788176294843
9788176291293
9788189012472
9789324194053
9788199157521
9788198248510
9788197224690
9788195113125
9788194966180
9788194374862
9788186771952
9788193675854
9788193307618
9789392235337
9788192766515
9788191077377
9788190987202
9788189886998
9788183332101
9788189000226
9788170999850
9788170999195
9788170998112
9788170997726
9788170339717
9788170334583
9788131419564
9788170281665
9788193223703
9789359233512
9789358893410
9789357014496
9789356121874
9789354569678
9789354567315
9789354563836
9789339205065
9789354561597
9789352532155
9789352038190
9789351766889
9789351652144
9788176352437
9789351105275
9789325964921
9789350715666
9788177641820
9788177569193
9788177567564
9788177544077
9788177001846
9788176710312
9788173712456
9788176569620
9788176568883
9788176565417
9788176356275
9789351439196
9781259003462
9788126115570
9788126106653
9788125910145
9788125908753
9788125907930
9788125904526
9788170999294
9788170999133
9788121924399
9788121402316
9788120722583
9788120408029
9788170239611
9781873746882
9788131511480
9788131423011
9780863113376
9780521727464
9788128614590
9788171582273
9788170999812
9788170999720
9780143067214
9780074638507
9780070531406
9780070263505
9788176563239
9788120329119
9788170207115
9788170182139
9788169683456
9788131770528
9788131756348
9788178815473
9788183242769
9788183165150
9788182910935
9788182749023
9788182093942
9788182052529
9788181830258
9781741848427
9788180522673
9788180430657
9788180300417
9788179940419
9788179480175
9788178990170
9788178817576
9788176253697
9788178664729
9788128614613
9780074620694
9788131403723
9788131403341
9788131400715
9788176635899
9788171321278
9788131755006
9788171001279
9781409135128
9780764145094
9789391925994
9789394559493
9789394182981
9789394075474
9789385401237
9789391775612
9789391282820
9789391155902
9789350970294
9789389555707
9789389174502
9789388426404
9789381055786
9789380212067
9789380081380
9789376864010
9789373896786
9789373896281
9789354563218
9789370789609
9789370469716
9789370463073
9789370025844
9789390915996
9789392374913
9788178665160
9788126720125
9788126117703
9788122403176
9788122006315
9781742118109
9788121914925
9788120334724
9788120333116
9781953650115
9781950654406
9781950194063
9788171321315
9788171004140
9788176250405
9788176114677
9788175980860
9788175151383
9788174451385
9788173919077
9788173918728
9788170333975
9788173669453
9788173665790
9788172155018
9788171981434
9788171567195
9781905654178
9789386179197
9789386173201
9789385444814
9789385444098
9789371183161
9789385104923
9789385075162
9789384961985
9789384961220
9789384934064
9789384410216
9789384310127
9789363331501
9789368046448
9788188719358
9788188082612
9788187496519
9788187445081
9788187359272
9788186803806
9788181290304
9788185931357
9788185930015
9788184191370
9788183795715
9788183601702
9788183600415
9788183332286
9789381144206
9789363559608
9789363338975
9789395129244
9789393781079
9789812435224
9789812403759
9789812321374
9789698665371
9789395481595
9789387747548
9789393077356
9789350640708
9789350358184
9789386416612
9789350094747
9789348995704
9789348262301
9788194374831
9789334373028
9789334117790
9789332901179
9789327278132
9789327270884
9789327267068
9789327234855
9789381849200
9789387484337
9789387257269
9789350352304
9788126507757
9781444108804
9788896322116
9788181370723
9788172081515
9789369260126
9788126507818
9788177221480
9788177229936
9788181282422
9789351192589
9780340990056
9788126505524
9789363190818
9789356189645
9788126507153
9789353502133
9789394829565
9780786855322
9789358930894
9789371866071
9789358937275
9789360820459
9789394646667
9789870407836
9789814606714
9789814357562
9789386424389
9789388386531
9789358406580
9780198835721
9789390041145
9788174824110
9788125052142
9788174766519
9789377305444
9789358406603
9789377395032
9788125048671
9788179307328
9788184833973
9780333933398
9788189928612
9788188237463
9789358400380
9780199494057
9789814418010
9788178002620
9788187359630
9789351438694
9780190121488
9789352031214
9788131605950
9788188734122
9780190127961
9789390531974
9788176755504
9788176753364
9789373583624
9789362014337
9789372445244
9789393699565
9788466613392
9788176755344
9781844892990
9789382428886
9780199487639
9789350249437
9788170947172
9789348145079
9789363553064
9781569714294
9789356129351
9788130929538
9788174468963
9788188118731
9788188466870
9788188479177
9788189859237
9788192170329
9788192801797
9788173667473
9798905407574
9798896739593
9798905405105
9798904793371
9798898799397
9798889098447
9798900235349
9798902074410
9798900549477
9789388563192
9789388754729
9789388984737
9789389048896
9789388563710
9788176297639
9788131504925
9788131758359
9788126562350
9788120841246
9788120353299
9788121943000
9788123432403
9788126562343
9788131900048
9788170085812
9788170949015
9788172111984
9788172162283
9788119032648
9788120347915
9798892331685
9798891336070
9798890671158
9798889863250
9798889595427
9798889231639
9789389691818
9789389555806
9789389471984
9789386714275
9789390366231
9789390875825
9789391598440
9789391598969
9789391925857
9789392013577
9789385919497
9789385529320
9789385529054
9789385401220
9789385140211
9789384826178
9789393726216
9789394075641
9798888699959
9789351447740
9789356182462
9789356182868
9789365541052
9789369614226
9789372198355
9789380298252
9789385966439
9789385966774
9789332521551
9789348078629
9789350367698
9789350717981
9789350941188
9789350942369
9789386585905
9788193879108
9789351101888
9789351101895
9789351105831
9789351440222
9789351440413
9789351442080
9789388426268
9789388563185
9789394689909
9789395380881
9789395451154
9789937332835
9798895193372
9798903923588
9789380336213
9789382127734
9789386761194
9789387672536
9789387672765
9789388030861
9789388182300
9789388266703
9789353502751
9789353168636
9789353167677
9789351472049
9789351448846
9789351448501
9789351038986
9789350942376
9798887838106
9798886417036
9789351442561
9789351442912
9788174532336
9788177000023
9788174530745
9788174531667
9789354775680
9789356182288
9789386179111
9789386309075
9789386309310
9789386339508
9788177224870
9788178556956
9789351446972
9788131515075
9788182964334
9788183555982
9788183558563
9788183559553
9788183768948
9788184046335
9789311128894
9789311126326
9789311125558
9789311124285
9789311122632
9788194271529
9788178557724
9788178556963
9789386585486
9789386561961
9788184975574
9788187972617
9781259064043
9781405145602
9788193559222
9780199455195
9789351446781
9789351445760
9789351444787
9789351444473
9789351443889
9789351443254
9789325965041
9789313164470
9781685862565
9781637140505
9789352831449
9780199467273
9780199468713
9788176299725
9788185319827
9789312147399
9781418915216
9781418915186
9781418913694
9781418909284
9781418909437
9781418918927
9789394346109
9789394550254
9789374621950
9789386209023
9789334043648
9788131423004
9788183796439
9789362074911
9788131421819
9788131423509
9789383627028
9789349965560
9780689837555
9780071128667
9780786837663
9780893283414
9781429107136
9780893285463
9781429108133
9781429117685
9781009443548
9781429104838
9780373517466
9780893289249
9789380829715
9780373897957
9780395520284
9781906031053
9781856753173
9788172738846
9788175156210
9781906031039
9789357367363
9789380829722
9789350871249
9789349865440
9788193246283
9781645973300
9789357559843
9780893289188
9781429122382
9781429123655
9788189966515
9789387626386
9789783956421
9789391569983
9789394644250
9789376863457
9789370028944
9789372650501
9789360827922
9789364172806
9789373350738
9789357556279
9789360823498
9789360824426
9788177397796
9789352011322
9788168793545
9789349905160
9789347027727
9789347027246
9789350133200
9780199597055
9788197223396
9788196198824
9788181807540
9788169464055
9788169464017
9788169286312
9789334400687
9788169068062
9781259026539
9789324197191
9789352602223
9789377304621
9789831364895
9789363959538
9789364111522
9780070655485
9789378801341
9789378164354
9789373072159
9789371365963
9789392641909
9789392641749
9789391374969
9789379856265
9789373171623
9788199295506
9789352906987
9789355865410
9789364116053
9789366110172
9789366274829
9789368906223
9789369525454
9789369526109
9789361592775
9789373072272
9789373075105
9789373170367
9789373171241
9789373171470
9789377303839
9789377303495
9789377300593
9789377300586
9789377300395
9789375164012
9789361130700
9789363195783
9789363123854
9789363954069
9789363360952
9789363884618
9789334239201
9789363122178
9789373171968
9780199642328
9780070704855
9789374734896
9780752107622
9781108855693
9781399435925
9788126500901
9788168637870
9789377304744
9789394494473
9789395941150
9789357319386
9789357313094
9789357675758
9789358527063
9789359548951
9789361130083
9789393509208
9780061197642
9788198971081
9780981224442
9789360823344
9789392196768
9789388809177
9789368905943
9789393509109
9788122479973
9789385071928
9781848364226
9781907311376
9781906572426
9789377135492
9781848981676
9781590122167
9781589510104
9781410908957
9789357269575
9789871156672
9789707181588
9781403490919
9780756514501
9780061205774
9781591163640
9781596351172
9781595320698
9789353697242
9789381865743
9789871129492
9789381443798
9781603600927
9789365541502
9789362079916
9781846853807
9781403488749
9781590121689
9780061197970
9789879338476
9789376468447
9788169813754
9789386896742
9789382428756
9789379574121
9789390770472
9789380456898
9789392145421
9789387788299
9788125910435
9788167100184
9789386604552
9789352270347
9789393509604
9788122479447
9789352270378
9789359773674
9789352058457
9788119665334
9789393885326
9780736899376
9780736861885
9781562014179
9781562013943
9780751539578
9781847324177
9780806984995
9788177394375
9780199460250
9788179305614
9788182966079
9788183250108
9781684669462
9789350942864
9789350944981
9788178125015
9781649512772
9789386179487
9789386585462
9789385401732
9789350366653
9789350367681
9789388707015
9781562014568
9789391064518
9789351439165
9789353308636
9789352033096
9788183326506
9788183572453
9789369738564
9789354774171
9789381283936
9789348111098
9789350361382
9789348555755
9789350366103
9789580485957
9789870004134
9789385054082
9781554701773
9781562014216
9781562013912
9781562012311
9789358915242
9789354774331
9780769236308
9781904153238
9780199460267
9789580464846
9780199461103
9780756514143
9798889862772
9798889752936
9798889594246
9798891863118
9780756514150
9789311121512
9789392212864
9789392641855
9789391389994
9789388267373
9789387763647
9789392494802
9781599202020
9781573672832
9781591163619
9781592090020
9789325964891
9789392880964
9789313194149
9789350121559
9789389798357
9781592601370
9788126514762
9788126517824
9788132204046
9788177226942
9788177226188
9789360546984
9789366835730
9788126500321
9788195715763
9789373043357
9788126520138
9788177225624
9789347971334
9788126517985
9788126505913
9788126506156
9788199306646
9780333932032
9788167010926
9781842345405
9789370782068
9789352645619
9789349499287
9780435057794
9780435057770
9780763526108
9780435057855
9780435057817
9781869596576
9780763526207
9780435057671
9780435057732
9789355851772
9780070142749
9780850841312
9780070153837
9780070221154
9788121918091
9780070677340
9788175349865
9781259028861
9788184290103
9788131408087
9789381390009
9788131408230
9789381390542
9789381997994
9789382332107
9789384294373
9780071074926
9781906497538
9788119232536
9780070435797
9788120328266
9788131407356
9780199475520
9788120318953
9788131406793
9788131420430
9788131420355
9788131420270
9789353500498
9789352866366
9788174464545
9788131407127
9788171945566
9781107644793
9781107632172
9788173190742
9781107626799
9788131505618
9788131419151
9780850841336
9788131419052
9789351430308
9788131421802
9788131424629
9788131411810
9788131408773
9781430245308
9788120320062
9788131405444
9789350236635
9789375449201
9789387925977
9780199463817
9780074632017
9788131403112
9789814715164
9788131408629
9788131419977
9788175346710
9788178294438
9788131405482
9788131405604
9789388983501
9780070603394
9788184489699
9780340982235
9780007446223
9788171795017
9788171947669
9788171994991
9780070683549
9788131762608
9788178817972
9788131415191
9788131407295
9780070621008
9788171005925
9788171323395
9788171339730
9788131408315
9788131408346
9780195656183
9780198065456
9780199481286
9788131407257
9780761997672
9788181914170
9788131406519
9788180180965
9788178817897
9780074631775
9780071074797
9780070635630
9780070601109
9788131413937
9788131419953
9780070599208
9788120327009
9789332568624
9788192869247
9788131604236
9788170002543
9788131401484
9788178817477
9788178815008
9788178814452
9788178811444
9788123926728
9788191064278
9788190938570
9788187445234
9788187317241
9789814147224
9788131411773
9788131414583
9788131412404
9788131525814
9788131531846
9788131531853
9788131403556
9788131401170
9788131400609
9788131420966
9789354776038
9788131400906
9788131401330
9780199463824
9788131405178
9788131419809
9788131419878
9788131414408
9789354566554
9788132203605
9788185164083
9788170002857
9788170281368
9788131403150
9788131403167
9788131403327
9789351070283
9789378164156
9788169001274
9788131408285
9788131411704
9789352535729
9789352728558
9789354565663
9788198082718
9788131415504
9788179305461
9788131424131
9788131505663
9788131404065
9789386646767
9789386631749
9789385999093
9789385125959
9789389208573
9789814606721
9789814606738
9788131419823
9789388386524
9788131407516
9789373358413
9788131415825
9788131416471
9788131417010
9788131418833
9788131419618
9788131419243
9788131419175
9788131407998
9788131414439
9788131404669
9788125909101
9788131404409
9788131403945
9789350515082
9789350642610
9789350716526
9788184027280
9788125910862
9788131405277
9788123926759
9788189923242
9788189530556
9788188646425
9788188132843
9789388913058
9789352029167
9789347117084
9788183601696
9788198999757
9788194491071
9789327247879
9789355424808
9789352036240
9789351769231
9789380358994
9789352033232
9780230322738
9788131234327
9789363335134
9789373356297
9789381244814
9789394060241
9788183571180
9789355867872
9788180380235
9789326193658
9789383053193
9788182836891
9789363330320
9788183186421
9789355577405
9789384852061
9780582245136
9780721448121
9789374261118
9788167010865
9789354464058
9789351610465
9780143001454
9789356125346
9789356127593
9789368525264
9789812613066
9789382410034
9781904886952
9781844897438
9780199464012
9781907311369
9780195690736
9789831365625
9780749468019
9788178557465
9788179757727
9788181374943
9788181983312
9788183552196
9788183556538
9789352535477
9780237539122
9788122413564
9788128004360
9788131909355
9788170641179
9788171093854
9788172865986
9789351447641
9789351448990
9781840590760
9781840590784
9789351999805
9789352534869
9780803993891
9781444102680
9781841652788
9780007307630
9780070672789
9788183556699
9787009700223
9788121907019
9788174827333
9788176137997
9781645460114
9781646782123
9789350231142
9789348199119
9781444000146
9781405245494
9780993456503
9780762422746
9780521700528
9780330336673
9789351444435
9789351444367
9781905503797
9781902463759
9781848568648
9781846108440
9789352032501
9789352038824
9789351445081
9788183556996
9789351446576
9789351445111
9789351446927
9789351447511
9789881740069
9789351445302
9789350360033
9789350362815
9789351443469
9789350716618
9789351449249
9789351449133
9789351449263
9789351766773
9788184020823
9789386908643
9789351444046
9789351443940
9789325980280
9788184028096
9789311128320
9788194465294
9798887839301
9789382068808
9789332521612
9798895197202
9798899619175
9798895197219
9789386820136
9789387840102
9789392641572
9789393862037
9789394841611
9789395764902
9789783956391
9789362736666
9789362739414
9789381714980
9798895196885
9789385616518
9789385616525
9789386189219
9789386306999
9789389820201
9789355030351
9789360345976
9788168688155
9798217191642
9781108434225
9789373581989
9788126578900
9788194985105
9789332535930
9789354358814
9789359147758
9789369524617
9789369895410
9789373043845
9789378379963
9789390610921
9789390640713
9789392140204
9780789318688
9780199459254
9789352729982
9780330444309
9780099451891
9788122204476
9789376862283
9780190053451
9788185054650
9788131420652
9788131420102
9788131415337
9789393459893
9789393459923
9789394550766
9789395108294
9789387572409
9788171949298
9789347984891
9789385140693
9788131411865
9788131412329
9788169729222
9788131414682
9788123912929
9789356749184
9789350387221
9789348078636
9789352534708
9788171990641
9789393459794
9789392374777
9788131408636
9788123925981
9788123925974
9788123441825
9780071321297
9788123912875
9780822221265
9780822220657
9789831364840
9780070587540
9789392641114
9780070599765
9781439184141
9789369075386
9788172082550
9788127258627
9789389806083
9788190169615
9789393456182
9789389661057
9789364551625
9789393456311
9789395973243
9788195058143
9788186730164
9788190169622
9789327256048
9788190169646
9780771096808
9781107642829
9788125942528
9789384004033
9789312143834
9788198052377
9789327251777
9789327217407
9789393456298
9789368402251
9789384004019
9788174344878
9789384004057
9789388658836
9789389663594
9789391900243
9789373045467
9788175150584
9788131415818
9789389728965
9788131407806
9788131408797
9788131405628
9781583761625
9788131405871
9781845760557
9780307348081
9788131406908
9788131424483
9788177696882
9789376862795
9788131408193
9788131416921
9789370022607
9789370026940
9780199459247
9789370029460
9789388330541
9789352602377
9789352601646
9789388323093
9789350126028
9789327240016
9789311125350
9789351763086
9789350718315
9789387320253
9788183890564
9781108401777
9788178121727
9788120417656
9788131302101
9780007269594
9780070655461
9789381227671
9789385401213
9781648693328
9781648690501
9781648505119
9781648504822
9788195844760
9789352038763
9781848795389
9781846968877
9789386179852
9780486463841
9789351766902
9798886842791
9789362078094
9789370630215
9789388632195
9789384294120
9789388632362
9789389173314
9789388240451
9798905401619
9789389173246
9780070659049
9798905100130
9780199587872
9798895199954
9798902960317
9789392131011
9789352530632
9789388323109
9781600107351
9781558381575
9788173704130
9789332902763
9788173704079
9780141328775
9781108661805
9788131789964
9781618138446
9789333212755
9780199491582
9788173704062
9788173704154
9798905401930
9789349905337
9789389520996
9789356065734
9788197181399
9789383989300
9788197181306
9788196093037
9788123905679
9789383989348
9789367197707
9788119774395
9789357554954
9789383668380
9789355579706
9789350594346
9780821761779
9780821759509
9780554016924
9780199479467
9781647600433
9789352656240
9789394724716
9789362732675
9789391003432
9788897775072
9789350588482
9789395358552
9789391659134
9789393077448
9788173703973
9789325792890
9789349789098
9789391003821
9789376860623
9789359103709
9789350588512
9789359100074
9788180611742
9789362079749
9789362078162
9789359308555
9789358939163
9789387308480
9789373042145
9789358701661
9788198372116
9788182966369
9788123922720
9780199488773
9788176294331
9788176291262
9788175342316
9789326196673
9780199482948
9788131408841
9788127267865
9788131420645
9788131420027
9788131418352
9788131414514
9788121925570
9788172293017
9788172159474
9788178815244
9788126102136
9788170336907
9788131416310
9788170203919
9788187359210
9788177332421
9788176850964
9789312148341
9788173914577
9788131401125
9788173911606
9788131407837
9788131407165
9788172761998
9788172540241
9788172201517
9788170249979
9788178770734
9788173914270
9788131404775
9788131419786
9788131417140
9788131416983
9788131401729
9788170200529
9788170170655
9788178815176
9788131423127
9788131422298
9788178814810
9788131401101
9788131400470
9788122410440
9788170950295
9780199468744
9788131424087
9788178814889
9788178813264
9788170462002
9788121924177
9788120711075
9788119452552
9788131403594
9788131401590
9788131405079
9788128833397
9780198095019
9788131424827
9788178813721
9788131420911
9788131420638
9788131420515
9788131405147
9788128833502
9788178812120
9788178812090
9788178812076
9788178812038
9788171945245
9788180180293
9788131415603
9788170402800
9789386592750
9789383754670
9789383044610
9789381221129
9789380134413
9788190401432
9788185316499
9788185218922
9789387949362
9788185475455
9788183600637
9788180960093
9788179100226
9788178817941
9788178814933
9788175240599
9788183710305
9788178812397
9789291159895
9788171413348
9788131414187
9788131414156
9788131414033
9781108401746
9788185712819
9788185701110
9788185771021
9788190429788
9789350833780
9798905101236
9789380096391
9788178813622
9788174881915
9788186653142
9789381055359
9788185116532
9789373350875
9788186623213
9788185902265
9788131420997
9788170720799
9788170545521
9788170544241
9788170437130
9789380545424
9788178811727
9788131415771
9788187775416
9788187391005
9788190181501
9788189611712
9788189573799
9788189301668
9788199843264
9788193875568
9788188652518
9788192055824
9788190809573
9788190809566
9788190809559
9788190809542
9788190809535
9788188719426
9788183710831
9788183454216
9788183453899
9788183329729
9788181378095
9788186651193
9788178812984
9788187818649
9789387484580
9789387484283
9789387484207
9789387303980
9789386561862
9798888837580
9789384598594
9788188082629
9789387532618
9788193106709
9788173712760
9789354569036
9789354563690
9789351650713
9789386179838
9789350834473
9789383811007
9788184025903
9789382810735
9788178811178
9788177393439
9788179651339
9788178817408
9788178815794
9788184671636
9788173914171
9789382810810
9788171003884
9788131421338
9788188641758
9788171582372
9788190647762
9789382348443
9789382339502
9788122005943
9789381095942
9789392140075
9789392379079
9798902698951
9788171414383
9788131415436
9788178791210
9798904319731
9789388450881
9788121933599
9788121911115
9788171001576
9788131412251
9788131408865
9789380036489
9789351439158
9789351243069
9788171004621
9788189582364
9788189012236
9788188837335
9788183713726
9788188322169
9788171563340
9788131415122
9788171008681
9788185771410
9789350230411
9789311124209
9789382339458
9788199120075
9788178811888
9781637459508
9781108401760
9789351445746
9780198095057
9780198095002
9788123431512
9788122442755
9788122006322
9788122005226
9788186398340
9788186318669
9780817610180
9788187815884
9788186851463
9788186706152
9788186653227
9788190809528
9788186398357
9788131412978
9788170410331
9789350361368
9788170245919
9788177213003
9788175981140
9788174889782
9788174881847
9788131423318
9789350833582
9789350367674
9788170245933
9788131423660
9788131423646
9788128830556
9788131423301
9788131421963
9788131420812
9788171243709
9788170821342
9788185880570
9788170545033
9788131414194
9788198152589
9788196459635
9788195423019
9788195164714
9788194346531
9788194274261
9788170640677
9788185753720
9788185234496
9788185220499
9788188693337
9788184301786
9788128004797
9789391065386
9789389857238
9788131424551
9789389187892
9789388913362
9789382689270
9789388450355
9788190423885
9788131412572
9788131412381
9788131426180
9789389579857
9788183330459
9781523085064
9788177222340
9788193274217
9788195145904
9788897443810
9789347839023
9788177229325
9788179925928
9781789092837
9780008116668
9780008122805
9780008310219
9780062298089
9780143332503
9781741827798
9788126043019
9788126047710
9788126502172
9788126502868
9781789092813
9781789092820
9780349408767
9781789291919
9788126508488
9788126508754
9788126527519
9788126541348
9781938755026
9781938755033
9781107683655
9780751568615
9781444763508
9781472145529
9781472219701
9781473698420
9780857502629
9780918963048
9781404105669
9781529301779
9781543349795
9781569571774
9781569571972
9781409156437
9781409159728
9780007450664
9780143454489
9780143457008
9780199488766
9780230330740
9780007352555
9780007525027
9780575090019
9780575090026
9780575095649
9780575098381
9780074622407
9780099538387
9788126506927
9789357769730
9789390679065
9789391968205
9789395767019
9789812531865
9789375444657
9789375446767
9780670097609
9780143429104
9780751584592
9780786854783
9780811840248
9780852263082
9780349405308
9780349405407
9788177220360
9780349410968
9781404112117
9781405252966
9781405347426
9781409120629
9780670082582
9780670093182
9781444729320
9788131729526
9788183578936
9788184951752
9788184952049
9788184954470
9788176357678
9788176590020
9789350040058
9789350041871
9788177224498
9788178530772
9789350046050
9789383263035
9788189059972
9781623173180
9781444753561
9781741859133
9781782438960
9781784752033
9781785787713
9781474605267
9781523085033
9789356295582
9781523087211
9781805280095
9781838776039
9781856753166
9781857886719
9781586421342
9781594774096
9781953650122
9789350041154
9789378323027
9789380200644
9789380868684
9789381045268
9789355184481
9789356187825
9789386228215
9788126576036
9781953650139
9788170297901
9788170298816
9788170949213
9788174822918
9788126503377
9788126505890
9788126507948
9788177223019
9788177225471
9788177228298
9788177228779
9788126544165
9788126556977
9788181289209
9788126514687
9788126518890
9788126519804
9781405932059
9788125055792
9788126505845
9788126505906
9789387280533
9789389648751
9789350041123
9788181902573
9789350290699
9789351038993
9789351069553
9789351770213
9788184955644
9788184995497
9788190944120
9789360706296
9789371233859
9789374623169
9789375006565
9789347971419
9789349168282
9789375449270
9789377131470
9789382299790
9789382947042
9789386918253
9789814403467
9789994992133
9781847493316
9789383263042
9789386206497
9789386500205
9780143415862
9780143420330
9781259025655
9780070531079
9780143332596
9788177221053
9788177222388
9789352028672
9789352020072
9788173704659
9789355961709
9789355961808
9789355961723
9789355967114
9789354335525
9789355961785
9780199488759
9780769214030
9789812140746
9789355850942
9789390955855
9789812431288
9789350653524
9788184495171
9788131254981
9788119232598
9780070670587
9789325790797
9789386016645
9788186599358
9788189988630
9788189915285
9788189915544
9789384310776
9789382740322
9789382127871
9789353226091
9788174453297
9788177080179
9788173917325
9788173913341
9780070080843
9780007307432
9788173411809
9788173191473
9788131316207
9789384170080
9789381945223
9788188837502
9789385880179
9789385868504
9789385556036
9789376468584
9789334267990
9789383454846
9789383446087
9789389242713
9789379575555
9788199120259
9788199080614
9788189066390
9789380937540
9789380143118
9789386056825
9789385904769
9788190620567
9788190575027
9788190482561
9789144039831
9789359597805
9789359205120
9789358988222
9789358867480
9789350940068
9788186332108
9789356166950
9788180612688
9788185167145
9788183553124
9788183506281
9789380228044
9788178000558
9789354564017
9789354561580
9788176930062
9788182901575
9788181980793
9788181980571
9788181980267
9788175083295
9788181474759
9788180613395
9788183241335
9789380228495
9789380228433
9789380228297
9789380228150
9789380228068
9789390450442
9788189000066
9789351848882
9788188661510
9781897829493
9781897829189
9789354561184
9788187336518
9788178295466
9788189000028
9788190420228
9789356055193
9789366659985
9789364109574
9789364023221
9789363885110
9789354566318
9788189000073
9789812744487
9788187649663
9789379573711
9789378162299
9789376862023
9789358165722
9789373355450
9789370782563
9780070606258
9788177699005
9781403909527
9781403924032
9789348995407
9780099511342
9780074638958
9780074634721
9788190378307
9788174460639
9789334153989
9789333212588
9789350141786
9789349586109
9789349584518
9789349136038
9788171945801
9789351439257
9789350940532
9789334299786
9789350911846
9789350684429
9789350350270
9789355001719
9789385152566
9789386550606
9788187972983
9789379574473
9789812744470
9789348399571
9789348262615
9789352036424
9789369617036
9789383369270
9789383280155
9789382302087
9789381979310
9789363336049
9780199469017
9788187966159
9789394417373
9789363194847
9789381868157
9789381005866
9788173911934
9798189473166
9789391399351
9789357603911
9789812744463
9789812653123
9788129109033
9789354567735
9789354567513
9788123927084
9789394176836
9789393232786
9789393096531
9789388594394
9789388397636
9789387444355
9789381570173
9789348555168
9789354568473
9788195756001
9788194074724
9788193819333
9789348153883
9789347984303
9789347047985
9789339220075
9780199467556
9788130906058
9788130900889
9788190794121
9788173192920
9788172610647
9788171794560
9788171671021
9788173411908
9789380228716
9789380228693
9788190794169
9789381868195
9788188837311
9788188000500
9788129711007
9788129114570
9788129113887
9788129112798
9781854106858
9780070655447
9780070619890
9780070594036
9788183160155
9788129106155
9788128025266
9788126118403
9789327239485
9788170367628
9788131762745
9788131502556
9788181476470
9788123921914
9788185733395
9788185599489
9788189833374
9788189326944
9788189320126
9788189239008
9788170369912
9780670049981
9780521743792
9780521188456
9781445428406
9781403924094
9780755386901
9780755349500
9788131211069
9780143028970
9788174363596
9788173916816
9788129115652
9788178672410
9788178530017
9788178291420
9780070499287
9788171567522
9788171563548
9788170761044
9788175940932
9788175741188
9788175544024
9788175251069
9788180381683
9789392144882
9789391596071
9789385444937
9789390989027
9789390585564
9789390227365
9789814418195
9789386212108
9789386206534
9780070635173
9788129111937
9780670058051
9780198084914
9780195695038
9780195685275
9788172233921
9788187162032
9788129111159
9788198518941
9789359985183
9789395518406
9788124117859
9789352020980
9789380559315
9788182903166
9788182902305
9788182901957
9788187853039
9788187321408
9788187134473
9788186898987
9780195698459
9780755331819
9780753712566
9780751529043
9789392230196
9788120328891
9788120316966
9781943614103
9780199468720
9789395117753
9789395108997
9789394704930
9789387192355
9789814125048
9789360625092
9789392445330
9788120340497
9788186852859
9788186190982
9788184290141
9788184120783
9788183243513
9788183241618
9788174463289
9788129108128
9788126903993
9788125907855
9780199475629
9788171569113
9788170892168
9788170337782
9788170336570
9780074622605
9780749940942
9780719524806
9780706989595
9780706972207
9780070447509
9781848777026
9788129110893
9788170893714
9789351506041
9789351431732
9789350949436
9789333211703
9780071070959
9788190794190
9788130901732
9780195652017
9788190287661
9788189582487
9788189557027
9788178241067
9788189239022
9788189000202
9788181981905
9788181980274
9788120415560
9781907219573
9780670049257
9780521718080
9780521016773
9780070591189
9780199470594
9788189239046
9788178880945
9789380228631
9780190938253
9781108691451
9780803992207
9780670049325
9781840674279
9788175741607
9788174763952
9788170998457
9780070474086
9780070444980
9788180381157
9788179925621
9788179100240
9788131800331
9788131602799
9788187248644
9789380228501
9788178000541
9788176630672
9788175940291
9788175940253
9788181582447
9780070403147
9780007309559
9780340933343
9780340887844
9780316858229
9780199470600
9780140270501
9788171678839
9788171675340
9788171569144
9788171339808
9788178881515
9788170998914
9788125042686
9788170943938
9781838520410
9788126118137
9788125048657
9788125027423
9788125026334
9780755340507
9788121923583
9788120341418
9788170999270
9780781721646
9789353694524
9789373944791
9789376861941
9789356064713
9780408014823
9781841611105
9780950249513
9780754400301
9780394480312
9780135329450
9780002189576
9780727814272
9780712695688
9789357477628
9789356128859
9789362189882
9789362074270
9789369142651
9780756750916
9781850582281
9781852272197
9780854327492
9780861831623
9780435120610
9780906774618
9780863391767
9788196066208
9788897242192
9789351611950
9780470206553
9789354775819
9780851192390
9780435210038
9780746095249
9789356126572
9780004724676
9780552540759
9780907164210
9780589014674
9780273019329
9781566860901
9780764531040
9780905031385
9780099452843
9780199141500
9780333720035
9780439871938
9780721463834
9780744594362
9788195834976
9781405034913
9780333762899
9780333762882
9780333687246
9780333720028
9780752264943
9780333659724
9780007120543
9798903196050
9789385616389
9789385980336
9789390851171
9789390875443
9788177640410
9788183333504
9798900236193
9798892330695
9798905401725
9798905405259
9780078813498
9780199461639
9780531187180
9798885308250
9798887171838
9798902317340
9798887044552
9798887046631
9798905108143
9788185250311
9798887172606
9798887042848
9789392657771
9798889091967
9798889751007
9798887172163
9789386820655
9789386601667
9798905100314
9798905100529
9789371862752
9789388788939
9789387444645
9789387660649
9789389208580
9789389173529
9798902070238
9789351765660
9789352029198
9789386309938
9789356187597
9789358930320
9789351448877
9789351449324
9789311128856
9789325964938
9798887173221
9798887171739
9798887171715
9798890025951
9798887042640
9798887042589
9788131718292
9788131408063
9781405080774
9789350133569
9789387000759
9788185599564
9789389308563
9788183559928
9788190309608
9788125012610
9798904794996
9798904315504
9798903628360
9798887170008
9798887173771
9798905603808
9798887172620
9789350940990
9788190775915
9789351443926
9788184930498
9788189923235
9798886676044
9798887042572
9789387919969
9789388323086
9789388330534
9789351446385
9789351447139
9789351447429
9798887044224
9798887044422
9789391567026
9788182964723
9788183250122
9789325978461
9789327265156
9789350271940
9788174532503
9788175140493
9781639749539
9781642490176
9781647334994
9788177644364
9788178554501
9788178555744
9789382841760
9789384598396
9789351449492
9780071733915
9788173669088
9788170641117
9788173669811
9789356182110
9789352033195
9789356185463
9789351443971
9789351444138
9789351445562
9798887042886
9798887042916
9798887044149
9788181377234
9788181378774
9788131732311
9788170167884
9789386189066
9798885462877
9798886069532
9798886296730
9788183333528
9788170640899
9788183320627
9788131412800
9789352039203
9789356180307
9789325975484
9788123417554
9789381156339
9789380240978
9789371869102
9781259064029
9780945747338
9781636062679
9788119268436
9788121929837
9788198356796
9788192320663
9789311122434
9788177394856
9788131416495
9780199491537
9780198091769
9788121935562
9788183572460
9788183578677
9788176290067
9789311123585
9788177640083
9788182964358
9789311123578
9789387208223
9789362076298
9789355541598
9789332502055
9789381045251
9780321398406
9788131405864
9788131421536
9788131415962
9781846961991
9788131407264
9789354469596
9780806996721
9780199458103
9780937064795
9781416914990
9789707184541
9789709726992
9780769239408
9780806996707
9788131420799
9788131415696
9788131420409
9788131420188
9788131416327
9788131415689
9788131414507
9788131408919
9788131408568
9788131408353
9788131408322
9788131407073
9788131406298
9789378320163
9789378320316
9780071735605
9789392594854
9789387153578
9780843189223
9781442431409
9780521796071
9780375854453
9780785153962
9780843189216
9780768226331
9780769656182
9780768224610
9780768224672
9789387208995
9781604502824
9788169729376
9780375873904
9780486788128
9789350293577
9781137464675
9789360942618
9789369142538
9789361315152
9789350992685
9781259027192
9789359233185
9789394550827
9789389749755
9789386243157
9789348995223
9788179309315
9780230745605
9789391543853
9780230638426
9789348912442
9789350389423
9789370461918
9789385075124
9789378168833
9780199699230
9789393459503
9780199491001
9780199482955
9789392144660
9788131303030
9788173814426
9780070670778
9788189027049
9788173702631
9788173814341
9788121906500
9789334328677
9789348396969
9788297860644
9780195667981
9783278585790
9788173703102
9788173704116
9788173703966
9780804858236
9788188719037
9780199478477
9788184311778
9788177585261
9788184121285
9789387000742
9789387763555
9781499267211
9789393766007
9789363331518
9789357477369
9789363330566
9789390460182
9798891710542
9780739064399
9780764155796
9781853903748
9781429107228
9780910142182
9781575605906
9781607278368
9789389744606
9789387483187
9788181806826
9788182110199
9789392330575
9789392958076
9789393853851
9788119000685
9788168519589
9788126340408
9788187250401
9788193919217
9780739080597
9788185860473
9780769252230
9789351672852
9789309952487
9780757900310
9789358930177
9789358325829
9789363385108
9789389552133
9788168740846
9789352075959
9781550416350
9789812613462
9789394644502
9789381066348
9789377305369
9789377304751
9789391544881
9789392330407
9789390770694
9789389454499
9789381587799
9789374241097
9789381066355
9789383624072
9789360824501
9788175156203
9789363385726
9789386309822
9780769260037
9789386896940
9788195947829
9788199268746
9789359545998
9789385720864
9789385500503
9788172737702
9789373171487
9788195022731
9789373171975
9789370200975
9788184409154
9780199461110
9788184503067
9788897242345
9788176297851
9788176297707
9788189912499
9788184841350
9789373047591
9798890265210
9789385401190
9798889758341
9789389339123
9798888693698
9798887722818
9798895192153
9798890661593
9798888691458
9789311127798
9788184500967
9788199137301
9789388788984
9798905400339
9789389872859
9798123908860
9788178121734
9788198605580
9788197443602
9789350366066
9789387308077
9789385868559
9788183711234
9788183990752
9788184026542
9788168637825
9788168637832
9788168837997
9788184502503
9788184502879
9788174826770
9788176295505
9788176295963
9780070620322
9780198091752
9788181372222
9788181372239
9798885462259
9798886674255
9798886677430
9789371863728
9788168848139
9788174825582
9789387444409
9789388563987
9789388788946
9789354335730
9789355533609
9789356214378
9789390718146
9789348749970
9788190655361
9788185873244
9780199461080
9789350942345
9788184500981
9788184501759
9789350515020
9789349905412
9789351443933
9789351447887
9789351447894
9788193824788
9788194882985
9788195947867
9789361103346
9789361103629
9789363331884
9789363479159
9789368531050
9789387997677
9789383572038
9789386385017
9789810747381
9789332575691
9789580494065
9788171565214
9788170742227
9781642495140
9788131503461
9788126435043
9781648690297
9780761932857
9780571222179
9780747242284
9780755341207
9780836843736
9788899619084
9788177223729
9789373041391
9789351870982
9789309247583
9788126504350
9789381045244
9788126530922
9788126505951
9788126531103
9781416998327
9781416906971
9781573671804
9780198090700
9789355850423
9789354551710
9789350473184
9789350472897
9788198518934
9789708280037
9781416968047
9788119917365
9788195808441
9781590121610
9780812063066
9780689859724
9780440244257
9780199476763
9780190134211
9780071733878
9780071735483
9789377510527
9780071735582
9788131754108
9780071733861
9780071733892
9780071733885
9789388605144
9789393699053
9780071735612
9780071074810
9780516262161
9780198098928
9788183287272
9789349905825
9786074370034
9781576440063
9788178812267
9789812436832
9788131423400
9789395565417
9789357265072
9789357266680
9789358445336
9789348070111
9789348137234
9789393134639
9789349189379
9789350710227
9789392295065
9789391948993
9788178813011
9788178882741
9788131424940
9780751536744
9780751534351
9789327240757
9788170336594
9788170408352
9788171566303
9789386635662
9780862886608
9788170335207
9788170335801
9788194984627
9789380097381
9788131788509
9780070444997
9780070668058
9788173813726
9789390906970
9789391596095
9788131421697
9789380571843
9788131422199
9789812740953
9789812744449
9789810725600
9789327253931
9789334018295
9789347047916
9788131504352
9780070229518
9780070648135
9789350947135
9789352034819
9789352037292
9788181984487
9788182093744
9788170461814
9788184780543
9788185067940
9788131423257
9788131423738
9788131424414
9788187336709
9788187477921
9780070153233
9788189530730
9788189780616
9781259027109
9781259027130
9788182992061
9788198774002
9788896325148
9788131420669
9788131420737
9788176494823
9788178810881
9788178812182
9788180380617
9788180611889
9788182910607
9789368025573
9789370020252
9789376864720
9780199491629
9780521189224
9788184120127
9788186299357
9788131422113
9788189530204
9788174450333
9788131421291
9788131401668
9788131406427
9788131416044
9789810725624
9788131414460
9788131401088
9788131401026
9788131208946
9781259027055
9780863110849
9788123909516
9788179927489
9788178880044
9788178817217
9788178293189
9788187359111
9788176464024
9788174931788
9788183600866
9788131415078
9788131421956
9788131422038
9780198091592
9788131416761
9788131418871
9788131420591
9788131417034
9788131417416
9788176130295
9780706989526
9788178812199
9788178880020
9788181912695
9788131416143
9788174764881
9788175342705
9789387145658
9789386506702
9789810725648
9789810725655
9789386433114
9789386433381
9789391636975
9789391807924
9788124113097
9788131411803
9788131414651
9788131415467
9780199491612
9780199499670
9781648928628
9781840329674
9780143063179
9780074635667
9780749933944
9780198091608
9780199491605
9788131424698
9788131424995
9788131518441
9788131534069
9788131421215
9788172543853
9788173716294
9789391895617
9789386433688
9788131420973
9781403931993
9788194465225
9788170335146
9788131726150
9788131709894
9780074632468
9780070681842
9780070669192
9781575210186
9780550101754
9781405836111
9780230636262
9780751528572
9780316725194
9788195380756
9789385444463
9789385155062
9789355231246
9789356735859
9788186099278
9788185989563
9788131221853
9788131401040
9788188222186
9789386374738
9788131411735
9789387484023
9789387484153
9789387572515
9789352728541
9789352990023
9788198518965
9788131408902
9788190257107
9788189923396
9788178811390
9789385075070
9789355230980
9789382908197
9789368023463
9789361852053
9788187248088
9788131401569
9789358447149
9789358445428
9788176251594
9789380089065
9789390081967
9788190493901
9789387925687
9789358578447
9788178811369
9789393555687
9788178661063
9789380712819
9789388373357
9789388395519
9789381420546
9789388386517
9789393498748
9788178669861
9789812744494
9789812747761
9789358445152
9789348274427
9788169891295
9789376862139
9789334374407
9788126040216
9789376023363
9780195687590
9780071735629
9789373352329
9789360700027
9789374620120
9789373356457
9789376021444
9789366650975
9780199476756
9780812936285
9788170772279
9781564020314
9788181311368
9788196258856
9789384761035
9789386908872
9789389700961
9788195541980
9789393766069
9789391726263
9789358930214
9788181378996
9789386585387
9798885461818
9789386633552
9789386882288
9789390128259
9788181374325
9789388632218
9780198090694
9780199469000
9780330504270
9780198086383
9788175154414
9788185268842
9780199450992
9788123906201
9798888833193
9789831365366
9789389579529
9788178127088
9788183250139
9780070672826
9780070681019
9788173702624
9789350124581
9789350620649
9788125041252
9789387763548
9781403433305
9789311128474
9788121929851
9789388983211
9780199461622
9789347117688
9788199793989
9789389546002
9789353626990
9789388983242
9788131902400
9788199843240
9789357261685
9789388750936
9789351382973
9798894757025
9798894984575
9789385980558
9798890021847
9789350389874
9788183556002
9789388750790
9789313193821
9789369586080
9789311123615
9798904517175
9789388750752
9789370029859
9789357606301
9781848981836
9789351871729
9788126051885
9780199475759
9788125063667
9788125044352
9789391726720
9780071735513
9781595910257
9789388734097
9781595910240
9780199476749
9780198088585
9781595910325
9780070699397
9789349905498
9788125927990
9788187134718
9789387153332
9789386771919
9788189923488
9789353628819
9789383646982
9781259006241
9788125919094
9788167211880
9789380269405
9788183486002
9788175156135
9788183890571
9789390906598
9789352830985
9789355865335
9789378162992
9789391126841
9789327233995
9789395941662
9788173812231
9788175441859
9789387153998
9789988840891
9780199480258
9780199464005
9781108676489
9788131733295
9780199463992
9789347984686
9789393459749
9788178817651
9780060510237
9788131412749
9789352170999
9789376862900
9788120345157
9788122406115
9789350637524
9789382705185
9789358444902
9789382459958
9789356121898
9789358695069
9789387994461
9789387840072
9789389286717
9789388437370
9789389707274
9789389707311
9789385303463
9789353698294
9789812140142
9789363557420
9789383746637
9789383866069
9798904796969
9798898541613
9798905602115
9789395773270
9789351442073
9789351441984
9798885694476
9788167910400
9789391155469
9788131809204
9789381638668
9789384175429
9789386179845
9789386243522
9789385556869
9789385616501
9789386416124
9789358387766
9798885916196
9798887728599
9789350718483
9798888690734
9798888050699
9789390659043
9789390645893
9789351446408
9789351447245
9789390041152
9788195464333
9788195076222
9780199470549
9780070706958
9788184691245
9789325987548
9789325964860
9789395677820
9789394929791
9789394607408
9789394200104
9789393542694
9789392494161
9789391145682
9788171568192
9789391446260
9788171320646
9780745175669
9781636060736
9781645462194
9788120821354
9788123429304
9781859859728
9788196973063
9789311124537
9788178555638
9788178555645
9789352511266
9789352534210
9789392135897
9789311122175
9789311124216
9789353697709
9788177644968
9788177002263
9788178126678
9788170086642
9788172545260
9788172748401
9788197390395
9788227893698
9788183559294
9788183577823
9788184021134
9788184027693
9788184027938
9788175151871
9789371117449
9789373942100
9798890262325
9788183559041
9781637452363
9789360749811
9788120345676
9789363194977
9789359102801
9789363331150
9788178555256
9788178840192
9788184924565
9788189966850
9789360827465
9788178555836
9788178557335
9788188327102
9788183990516
9780021206001
9788183711289
9788183335492
9788183333771
9788121905350
9789392135767
9789389286359
9789393232113
9789391547929
9788196388003
9788196364410
9788195725434
9780199474158
9789332538917
9788125048220
9788176372879
9788129700223
9788131805541
9788177001457
9789384310400
9788176567015
9788176569101
9788176569828
9788170127734
9788183332859
9788173809484
9788174829580
9788176355384
9788173669347
9789384175658
9788183557573
9788183334525
9788182966055
9788179308646
9788183330718
9798894758107
9789351448341
9789390760473
9789351447535
9789382740100
9789351444503
9789351444831
9789381849149
9789382705024
9789390760923
9798891864917
9789386416537
9789382443360
9789351446149
9789350637586
9798885559881
9789386860910
9789386620033
9789382740278
9789351447986
9789351449348
9789351738817
9789351761075
9789352033164
9789352038800
9789327272383
9789350362952
9789332575103
9788175544338
9788131401293
9782355743566
9781902934242
9781107639553
9789388800976
9780425134689
9789355936271
9789363888050
9789356266209
9789373045023
9789347098499
9788188453894
9788195326785
9788197024825
9788197060120
9789386290182
9789387208216
9789381587812
9789334238938
9789354551512
9789381970157
9780367264475
9789359119519
9780199459230
9789353625580
9789387153080
9789387153592
9788898542710
9788171338719
9788188511730
9788171337026
9789017015016
9788169777438
9789352534449
9788169729345
9780070604476
9789831365618
9788188511907
9788171338498
9789389749687
9780199463954
9789354972881
9789313192275
9788188734153
9781316643228
9780199461844
9788131515501
9781845660550
9789356529250
9789349905139
9789326193450
9789386741608
9789392215278
9789393462909
9788194528838
9789363330412
9789363330450
9788194492450
9788129111142
9780198090953
9789384223731
9789381587089
9789378162527
9789363330504
9788198903150
9789369894154
9789326193436
9789392239977
9789371119306
9788171563920
9788172763008
9788176566865
9789385315503
9788183823630
9781588108616
9789386769572
9782120812701
9788131503324
9780198072607
9781107668232
9789377300326
9788170793342
9789377301644
9781403475527
9781403433275
9788131424339
9788170207702
9788131715994
9788173410024
9789395117937
9789812142184
9788170172925
9789391088064
9789391913472
9789391469214
9788170020974
9788173413452
9788131421048
9789384646950
9789384456214
9789388002943
9789391913717
9798904310158
9789352621767
9789386860392
9789386820037
9789386179791
9789390450848
9789812435064
9789395117524
9789388323888
9789388269285
9789392753053
9789355865564
9789375446828
9789311124292
9788899290832
9789375437536
9789352510573
9789351921325
9789351748083
9789364404853
9789380743844
9789347117800
9789347047503
9789380089768
9789358529883
9789358381412
9789388134484
9789392581205
9789383506323
9789383278107
9798890027399
9789390825721
9789390811717
9789390521395
9789812530851
9789385980527
9789385529092
9789395107341
9788170334729
9789392581342
9789383067442
9789385075643
9789812552150
9789812542434
9789384238094
9789387840089
9789353572891
9789352878000
9789386871893
9789382986119
9789382609162
9789382299929
9789386179098
9789389648874
9789362077998
9789359108971
9789388384704
9798128002280
9788125908630
9788122503364
9788122006353
9788122005912
9788131408179
9788120720794
9780198082378
9780198074618
9780074638200
9780074632925
9780198061946
9780074635711
9780071072762
9780070447776
9789358448870
9780008128081
9780000315960
9780198084938
9780198074588
9780143029861
9780070703582
9780000155917
9781407584362
9780198061168
9780143414162
9780143064060
9780340963289
9780749952884
9780749936945
9780062313003
9788173918704
9788187283225
9788187134756
9789350351734
9789339213138
9788186803332
9788185936697
9788193218013
9788190426923
9788190133104
9788189917302
9788174935366
9789380444581
9788187818625
9788125909446
9788174450258
9788174450012
9788176485838
9789350354667
9789350352489
9788175440036
9788175345362
9789332575158
9788131306642
9789810995737
9789387511521
9789385976902
9789381822470
9788174451989
9788120409026
9788187731221
9788175101999
9788170997306
9788170445333
9780143066095
9788174935007
9788170334316
9788170220862
9781907219627
9780749444044
9788173915222
9788173810732
9780199482191
9780199478934
9788173017759
9780070634367
9780195659092
9780143414735
9788120327054
9788175240698
9788175240209
9788175240025
9788179290132
9788174964335
9788174935755
9788178811925
9788178667515
9788170999911
9788131309605
9788131308226
9788170404002
9788171569809
9788177647563
9788177646580
9788177642261
9788125931515
9788176254748
9788176253369
9788183243520
9788182747463
9788180611834
9788180480232
9788179306772
9788185731186
9788178882192
9788178814773
9788171548545
9788185163215
9788127240332
9788126907878
9788126900442
9788170185499
9788184080544
9788183320818
9788170020752
9788131718964
9788185880921
9788190133159
9788185604787
9788185495477
9788189013301
9788188837069
9788131306987
9788126706365
9788119032853
9781404112100
9781405054034
9781405228893
9788120334700
9780340812945
9789372125184
9788120412712
9781842556078
9788167270078
9788168799615
9788170020776
9788173714559
9788177001365
9788177560473
9780340921913
9788170282242
9788131423189
9788126713745
9788119624935
9788120329522
9788120331273
9780241247921
9780575080645
9788131701539
9788129507389
9788120730656
9781857236286
9781857998009
9781895383683
9788123000527
9780575080614
9788131511114
9788126717767
9788126725502
9788127214012
9788131511084
9781408302071
9781444903690
9788131717868
9788174451194
9788176254649
9788176351669
9788176506397
9788179927793
9788184028560
9788184043426
9788181370686
9788177641615
9788129704580
9788170288954
9788131423820
9788131424605
9788131501191
9781407554792
9788175040021
9788175940482
9788131423516
9788131765586
9788129705266
9788131015254
9788131207970
9788170081937
9781953650016
9784915831751
9788170288206
9788172866150
9788184841459
9788185107950
9788185116471
9789350355695
9789386173096
9789386555243
9789388594042
9788170174981
9789810193966
9788186803585
9788186852538
9789814147859
9788184240351
9781445417028
9780753824115
9780761997870
9789810158507
9788185398587
9789812552143
9780070677364
9788121929004
9780198069669
9780199461837
9780199468683
9788187380757
9788125907756
9780230330795
9780749443153
9781107653245
9789351369547
9789355322562
9789358442885
9788187445227
9788125900832
9780521683227
9780575077591
9780785382775
9781259027079
9780575080102
9781107400184
9781259003783
9780785347545
9780198091998
9780199468997
9780199485871
9780199562008
9788121928878
9788122431780
9788122439441
9788131307632
9780575080669
9781906497491
9788123441894
9788125907978
9786054092307
9781403909954
9780575080980
9780749445317
9780446345156
9780749909604
9788120334854
9788120342347
9781626568617
9780753816790
9780749934569
9780751544619
9780340981306
9780749451592
9788189582111
9788184993837
9789350945094
9789350945100
9789351033585
9789358695649
9789380117690
9788174762986
9789363473829
9789351443957
9789349168114
9789349965300
9789350294192
9788184924176
9789375444350
9789375445111
9789380154657
9789350836255
9789313164197
9788189611378
9788185212685
9788185605036
9788185749242
9788192627137
9788178294476
9788180381232
9788197155642
9788188661442
9788184501711
9788184766431
9788184834246
9788189320072
9788178290652
9788180300578
9789375449331
9789377300210
9789380016702
9789385080852
9789388395939
9789389000757
9789386054890
9789354336058
9789364408868
9780198065425
9789373948140
9788892225541
9789387484573
9789387763531
9789384038052
9789375448044
9789381350034
9789350945087
9789334360998
9789347047046
9789347047183
9789351063889
9788187374152
9788188429899
9789327210880
9789348740380
9788197862991
9788199169760
9788199412026
9789350387535
9788184950458
9788184953107
9789350945070
9789351069614
9788170998754
9788174968197
9788127258580
9788127267339
9788176130585
9788173029738
9788183614139
9789350834688
9788183640527
9788185813714
9788192674315
9788195315772
9788188641567
9788184500110
9788181372543
9788181375032
9788183614221
9788174767509
9788174884848
9788127248727
9788181378019
9788182091306
9788178790589
9788176130592
9788170336235
9788173662966
9788173663796
9788176563727
9788131405123
9788131421031
9788177581607
9788174465054
9788170336020
9788173281006
9788171796885
9788171797370
9788183558730
9788178810874
9788189988807
9788190817929
9788192129723
9788181377975
9789351066224
9789351066507
9789348137616
9788197862922
9788188685011
9788189220693
9788189301934
9788178087825
9789347047350
9788171568772
9788189511043
9788189511159
9788184954616
9788183602280
9788178817774
9788178901190
9788181378002
9788183713108
9788173871214
9788174341037
9788184192551
9788181371508
9788177642681
9788177699814
9788178086033
9788179651964
9780670088102
9780670082476
9789373048574
9789389750188
9781408500019
9788177222548
9788895884165
9789348544124
9788180564932
9788194944423
9788181284075
9788892224551
9789373942209
9789360544980
9789375006589
9789376860944
9789377139872
9789362073723
9789360681142
9789362074645
9788126575091
9789390066070
9788126577712
9788126578856
9789378324482
9789385529429
9789388277419
9789388757393
9789373359977
9789376868278
9789392546792
9789376861262
9789376867288
9788177222890
9788174090256
9788169235044
9781408500224
9788181285492
9788177223026
9788180564963
9789356187467
9788126578955
9788177226829
9789362076113
9789370021464
9781509816057
9781740511384
9789370022973
9788132201021
9788131901021
9789359489568
9788126569250
9788126504800
9789350041833
9788180564970
9788168604605
9788180564949
9788180564956
9788167290298
9788126503131
9780263828177
9781596950054
9788196236038
9788198723093
9789386376053
9780263800722
9789380122885
9789357478083
9789372907964
9780210222058
9789391388157
9789385022876
9781862092204
9788199128101
9789356217300
9789351672029
9780198090946
9788184249972
9789812749680
9789384226268
9789644380914
9780230639010
9789352719501
9789383646975
9781316643211
9789387153325
9789812557131
9788174827470
9789812740199
9789352534005
9789382877790
9789359717463
9780521744874
9780198061939
9788178124292
9788896323083
9789351445814
9789352723201
9788119114122
9789351248200
9788190133128
9781403909473
9789812749673
9780195672558
9788190127837
9788193270202
9788125063650
9788179915264
9780198841692
9780195684100
9780199596430
9780521744881
9780230328242
9780199481880
9788125908852
9781108402156
9780521744843
9780199467631
9780195671759
9780071735599
9780071735551
9780071733946
9780071735353
9780071735520
9780071733908
9780071735568
9780071733922
9780071735544
9788168780200
9780198082514
9789370020894
9780071733236
9780071735575
9780071735537
9789363337954
9789351673347
9789388478779
9789379230072
9789349905092
9788181311351
9789360828219
9789364310338
9789364314374
9788172868956
9789364314527
9789351671800
9789380712390
9780071733939
9780070153257
9788177292220
9781637817193
9781843324393
9788175156302
9781844540327
9789383547975
9789383335480
9789392569197
9789392379383
9789384826086
9788183326957
9788183326940
9788183323536
9788119132782
9788183572934
9780199461615
9789390869213
9789391076818
9789378491825
9788172861988
9788187502357
9789358708516
9789352513864
9788182967465
9788182963573
9788170640554
9789350944523
9789350946220
9789378491283
9789364020534
9789348521170
9789350944264
9789357267939
9789357263962
9789354771071
9788187629092
9789378491450
9788199043961
9789357423434
9789389018776
9789332588097
9780198066170
9788119625987
9789348457929
9789359115818
9788183795777
9788131718957
9788184691160
9789348070418
9789388528245
9789387918832
9789814147705
9789814147743
9789378491221
9789355866677
9789356930544
9789392641428
9789383335466
9789383335473
9798889752080
9789380271408
9798901125090
9789385888366
9789369269303
9789370462588
9789378491177
9789378491214
9789391153632
9789378491795
9789311124896
9789311124308
9798887837253
9789352870820
9798887830773
9789352870837
9789388395588
9789348995629
9780199467792
9780486276915
9788119792412
9789358445343
9781408508640
9789812549983
9780198090670
9781589257412
9780913277164
9789356734609
9789348013286
9789348037190
9789374246283
9789831364888
9781575090597
9789384223304
9789709726503
9780470905760
9788170582472
9781888472530
9789709726442
9781848102545
9789384469924
9781841932071
9789355019868
9789363703124
9780757307324
9788125063674
9780099417170
9780195684162
9780099417163
9789355573711
9788120325043
9780812543254
9781107649316
9788125914358
9788131514788
9789352722938
9789360547073
9789360626952
9788125063643
9789810721619
9788181421036
9788131700754
9789350132333
9788186332641
9789352035533
9789362075611
9788188553006
9788187721703
9788177091502
9788169729178
9789347984266
9789810721626
9780199459858
9780070435650
9780199459841
9780198091745
9780199460564
9789810879389
9789810721633
9789810747374
9780199481866
9781259001222
9789348995117
9789348995827
9789386925442
9789392641671
9789378164200
9789363196698
9780070601604
9780333916162
9780439718288
9780439722261
9780375842191
9781589256910
9781563127823
9781929945696
9789377514440
9789380514628
9789393699411
9780198093091
9780198475569
9780198090717
9789354801709
9780198081890
9780198090663
9788174530691
9781685635985
9781685093914
9788181375629
9788183689397
9788183572927
9788183572910
9788183556873
9788177642001
9789311124926
9788181371898
9789311123592
9788182964624
9788182964655
9788177002249
9788183326919
9788183550154
9789351033684
9788178126968
9788178556611
9788181370679
9788181371577
9788173713798
9788181372826
9788181373045
9789350947258
9788182680401
9788174450296
9788174530684
9789350289778
9789351443742
9789351443964
9789351444794
9789351445128
9788193445952
9789350947357
9789351030041
9788194712657
9789351033714
9789351194699
9789351213208
9788195737239
9788184302677
9789349168879
9789350042205
9788186299180
9789350712757
9789350719091
9789350719848
9789350943762
9789354771156
9788193846247
9788193975930
9789355865328
9788177228250
9789311123196
9789351416135
9798903922154
9798904312268
9781638506911
9781638068280
9781636339276
9781107647312
9789354972874
9780330506335
9780199481859
9788172160630
9780761995678
9788173668432
9788171009848
9788181373052
9788183330565
9788185902166
9798888695319
9798889350200
9798889518303
9789392641282
9781645468486
9788120752337
9788120779761
9788120840836
9788121917117
9781009792868
9780761997016
9788177648089
9788177228540
9781637458624
9788187725268
9788187928324
9788188641161
9789311126944
9789386625649
9789386649188
9798890670892
9798894984674
9798895194577
9788170189367
9789332539969
9798903191338
9798905408090
9798905602634
9798888055038
9798888330463
9798888499320
9798888691052
9780199455348
9798889758884
9798905107320
9798887832944
9798885918541
9798886066494
9798886068337
9781639748457
9798886296594
9789370927896
9789376860937
9789391549978
9798886413489
9798886842500
9798886844016
9798887332321
9789387894280
9789395245388
9789831365502
9789388676755
9789937263801
9798885308816
9798885309042
9798885690324
9780199472604
9789391126834
9789391437572
9789386714473
9789391913496
9789392379086
9789392379109
9789392624872
9798905408052
9789388107303
9789388107310
9798905603631
9789389173406
9789389173451
9789389310078
9789390157013
9789386561008
9788192089911
9788183166058
9788170948278
9788174530776
9788174532169
9788174532473
9788176290197
9781684942541
9788172335106
9788173138157
9788125040095
9788173669132
9788173669149
9788173704086
9788173704093
9789390767816
9788170640974
9788170820611
9785134136481
9788170976257
9788171008728
9788172110864
9788172131265
9788121926300
9788121938846
9788122448702
9788183553391
9788125953012
9788126559763
9788126563241
9788128003714
9788170640820
9788184303445
9788184777611
9789352534692
9789380397481
9789380707600
9789380761527
9789380896397
9789351445630
9789355315816
9789355317315
9789351447061
9789355867506
9789355966513
9789356185500
9789358543384
9789384668068
9789352510542
9789352511235
9789351441694
9789353168629
9789353611293
9789353692124
9789354338830
9789385980497
9789351446033
9789351447047
9789386379290
9789351447726
9789351448921
9789351449164
9789352032938
9789351440260
9789351440277
9789351440925
9789385616822
9789386835222
9789386850799
9789387660748
9789387672420
9789381162309
9789386105707
9789386309051
9789382110873
9789386379771
9789386500335
9789386500489
9789386516510
9789352038084
9789385244209
9789385616365
9789378166327
9789385875281
9789385914874
9789385929670
9789385966422
9789394200524
9789381162897
9789381514009
9789831365564
9789382127079
9789382993346
9789384061388
9789384310202
9789364315777
9789358444551
9789377139964
9789347971945
9789393781536
9788126507313
9789389798661
9788126509607
9788177226478
9788126505128
9788126507252
9781847384164
9789390229529
9780199450800
9788193919224
9789390377213
9781848794627
9780198387152
9789381729281
9782958347444
9789384765637
9789357558334
9789355541116
9788131731734
9789351739630
9789351200642
9781846461071
9788198577535
9788195693092
9788195676002
9788195582570
9788188752140
9788188751020
9788187213628
9788183156103
9788176603157
9788170589730
9788125061328
9789332516892
9781844221356
9781844225392
9780198076025
9781405091527
9789394644120
9789354468032
9788195393107
9788187348610
9789373359311
9789387441408
9789361809514
9789387503373
9789387077294
9789375739722
9780143478874
9788194215882
9788125035909
9780198081883
9788190599597
9788190332347
9788189635169
9788168638631
9788168638600
9788169522014
9788131724019
9789388893923
9789378040139
9788168637894
9788168598621
9789363952263
9789373070087
9781416953876
9789373171838
9789353452018
9789380848280
9789382111061
9788169819213
9789377301514
9789373175867
9789373171951
9788196447960
9789373171685
9789373170985
9788194920052
9789371551137
9789371437448
9789366659169
9789363952386
9788182527225
9789357492720
9789353456030
9788195173044
9789377303006
9788168848153
9789353029180
9789352923618
9788198372154
9788197891878
9788195676088
9780195664850
9788183577427
9788177698206
9788182810549
9788183852128
9788184952216
9788183858175
9788184042269
9788186099247
9788180300585
9788184313765
9788179917527
9788179776599
9788184081855
9788175341593
9789347047718
9789347047534
9789332541559
9789332514669
9788189443030
9789327250923
9788120328082
9788187694120
9789327221862
9788172867416
9789313193838
9789311125336
9789376863938
9788199120211
9788184083347
9788184082036
9788190856553
9788189530235
9788189530006
9788183711821
9789327215625
9788182055711
9788181912343
9788181281272
9789350942192
9788180300240
9788172866570
9788178710471
9788178531052
9788178330891
9788178222479
9788192709901
9780198063452
9789327236293
9789327227307
9789352831906
9789352667833
9789351472810
9789350948125
9788898262304
9789350641941
9788193811320
9788169729109
9780755315307
9780143030980
9780070261013
9789812749741
9789814107433
9789386668172
9789387153363
9789386016256
9780070589285
9788128816987
9788184317060
9788131202654
9788131208731
9788131219317
9788131713143
9788189443047
9788131769553
9788174766229
9788174464682
9788173816529
9788173811364
9788130704388
9788173136412
9788120324336
9788125012207
9788172732219
9788172055592
9788171946488
9788170088516
9788120342118
9788169729093
9789350350942
9788128020537
9788187248248
9788187477471
9788183486613
9788183571111
9780144001507
9789812552136
9789814147378
9789354493478
9789380408095
9788183481793
9788184121773
9789707126077
9780330523233
9780340946923
9780446613088
9780670058389
9780521121866
9788123432564
9788122423792
9788121925488
9780230328020
9780007360864
9780198093374
9780071074506
9780198093350
9781933338194
9781932777512
9781846840951
9780143100102
9788173714702
9780099506621
9780099504030
9780198093367
9789812552105
9789812552112
9789812552129
9788178790428
9788178790442
9781563127892
9780982020067
9789378490996
9789378491726
9788186299708
9788170127710
9788174935205
9788175346055
9788176117395
9789364400282
9789350357286
9789353225766
9788178790459
9788182811195
9788170993445
9788184312980
9788184766165
9788185421360
9789383454549
9789385039003
9789385114526
9788186599501
9789327222999
9788175940260
9788176117371
9788178665542
9780070700697
9780785123088
9780199485864
9788121510639
9788131900291
9789382332497
9788120336339
9780070703735
9789332537958
9789339213008
9780195798968
9780198089865
9780199485611
9780330470346
9780070595132
9789810619640
9781403924049
9789381608654
9788124204955
9788131404942
9788131417454
9788131502396
9780070612112
9788171797530
9788172252014
9788173913778
9788174464835
9788131516584
9788131758779
9780091897321
9780195632149
9780789153333
9789355962300
9789355964038
9789355966179
9789355966346
9789350230800
9789350518649
9789359981642
9789363336285
9789363470064
9780070667723
9789364400299
9789353623289
9788175348967
9789364409988
9789350352618
9789371051927
9789371052528
9789371054690
9789371058780
9789357268455
9789359486550
9789373890227
9789363335752
9789378165733
9789378166815
9789378169731
9789378490958
9789364404471
9789364409025
9788120340541
9789355962270
9789355427892
9789393224354
9798170284559
9789355231208
9788189443023
9789371051682
9789380097442
9789380408224
9789381390559
9789381390566
9789372121315
9789373353692
9789383646968
9789384447182
9789386233219
9789327257083
9789387763562
9789378490989
9788187853244
9789390389278
9789378492594
9789812550200
9789812550644
9789812551801
9789814035392
9789382070023
9789382792697
9789384197551
9789389656480
9789389749694
9788175981225
9789386824899
9788183323901
9780740719172
9780753462027
9788177398199
9788177398175
9781416939863
9789357366861
9789361215957
9789580498421
9780340329443
9789386376022
9789394095915
9789376869831
9780439843683
9788122448870
9780333909089
9789363470149
9781560109709
9789810613655
9789391064433
9788172734718
9788178815336
9788167100078
9788131998946
9789379570178
9789380456942
9789388332293
9789358164886
9788176499347
9789358167665
9789352075966
9788181915290
9788169796576
9788131999332
9789352072118
9788193559741
9788449320293
9789351671367
9789390459711
9789389824155
9788169488402
9788169742603
9789388859073
9780757981081
9780198090915
9788131728420
9789359572949
9789357865876
9788120909397
9781732043305
9781646781256
9781403909251
9780761993865
9788175881327
9788172543051
9788121917650
9788184021080
9788184983203
9788186019139
9780199480241
9789347704451
9789385873454
9789384564827
9789384089252
9789382641520
9789369616442
9789375439653
9789380864662
9788183326872
9789387672932
9788174469656
9789381283967
9788181370082
9789391554385
9788183326834
9781108432139
9788176299916
9789386456496
9789395404297
9788178126982
9788183326889
9789387333147
9789384583002
9788189547080
9780198089889
9780199457700
9789356212930
9789356180901
9788189747473
9788189359492
9788183507974
9780199457762
9788172749743
9780070660304
9788189915698
9780521616621
9789334071580
9789325993952
9788171007899
9789392379178
9789325986664
9789355480651
9788173196836
9781403929426
9798890672810
9798890028327
9798889235361
9788182963566
9788198111197
9789350948743
9789350790823
9789350065174
9788190982818
9788194881148
9788190461412
9788183326896
9788183795050
9788896737224
9789311123202
9789325973350
9789351247494
9788172545697
9788189800208
9789384285364
9789389889673
9789393134394
9789393063328
9789388151290
9789394591257
9789351381495
9788181374806
9788181374813
9788181374912
9788181374905
9789395263719
9789395117494
9798887726441
9789387276321
9789386202062
9789355334275
9788181374929
9789352723218
9789352038749
9789351766988
9789351441649
9789391940805
9781648507632
9789382527596
9789382527251
9789382527213
9789359573144
9789361102684
9798885216449
9798885214407
9798890678980
9789386433305
9789812740151
9789381659151
9798887333328
9798885219730
9798899840715
9789392641633
9788183893909
9789389798807
9789373948232
9789354802980
9788177581409
9788183897211
9788124112878
9788183602235
9789395543026
9789386376282
9789380422183
9789391064419
9788196737092
9780198081586
9780198081593
9780198081623
9788119665143
9788176602921
9780198080084
9780198081579
9780198081609
9789393766199
9789393480835
9789393480743
9789357362399
9780198081876
9789350126110
9789351410577
9789352728039
9789353163846
9789378165061
9788186332320
9789831365854
9789354710520
9789381390481
9789371796101
9789371799744
9780199455324
9780230226173
9788170820932
9780198066163
9780190130725
9780333936801
9788131405895
9789352021086
9789348230799
9789347984433
9789357824583
9789363193710
9789357269735
9789356217256
9789394613614
9780333937945
9780230321878
9788121927154
9788131718933
9788131407875
9780199468980
9780199455157
9789348995742
9789384837327
9780198086369
9780006281313
9780006754954
9789351670803
9789373354972
9789375770220
9789380803463
9789388550918
9789386290380
9789814437547
9789366659527
9788131760512
9788190986489
9788182669079
9788187339588
9789359034416
9788169162753
9789359034515
9788181910868
9788195487363
9789355579775
9780373745821
9789373359922
9789355838872
9789388013390
9789394027138
9789390785353
9789390707225
9789364551861
9789376861019
9788193811177
9780195665208
9789390616381
9780070589520
9780199474745
9780195665154
9788131216811
9780375754593
9780071329026
9780070589599
9789366655895
9789361977725
9789356054707
9789356059917
9789356180833
9789358381320
9789358865646
9789359303642
9789382741787
9789381530672
9789380262543
9789384463403
9789388676182
9789388563932
9789380386805
9789392474422
9789390869138
9789390572458
9789389774092
9798889757184
9789395518796
9789395300704
9798887832388
9798889517962
9789389048773
9789388750769
9789391126780
9789389718355
9789355364906
9789355315281
9789392593437
9789351445364
9788188739950
9788190598842
9788174531940
9789385616426
9789385616471
9789385929090
9789385980329
9789386189240
9789386189288
9789386309020
9789368184027
9789392803857
9789393679475
9789394752429
9789350947197
9789351441397
9789351443728
9789351444466
9789311123554
9789325984301
9789325987500
9789327248340
9789332588073
9789334320343
9789349183209
9789350123782
9789386309037
9789386309068
9789386379122
9789386668073
9789387918177
9789387918184
9789354469268
9789353623234
9789352834860
9789352830893
9789352623266
9789352054114
9781639970247
9781637141915
9781636067742
9781543344912
9780739865453
9780739825754
9780739825266
9780739825259
9788173712180
9788173669286
9788131514559
9788125953067
9789378490941
9789373944913
9789371055444
9780395778289
9789351445890
9780739825228
9789352021826
9789350620694
9789350718353
9789351446095
9789351447146
9789351449416
9789351449515
9789351449546
9788187339328
9780199461073
9788125950868
9788122507973
9788121916899
9788120770386
9788178554235
9788178121178
9788177394825
9788177229257
9788177220797
9788176603201
9788175968066
9788187863472
9788183713030
9788183329088
9788181376688
9788181374721
9788178555799
9789350941430
9789350719138
9789350944080
9780070597624
9780198093084
9780739825440
9789313191094
9780199457755
9788193919231
9780739825457
9789351848905
9789394265486
9780199467433
9789371324311
9780198099680
9780195665192
9788125059608
9789386070081
9789380231297
9788131728413
9780199450794
9789380896342
9788181803139
9781108688116
9789351675358
9789351676379
9780744304312
9789353692315
9789325980198
9788172867768
9789357476980
9789386824219
9789389755190
9789391070182
9789394900172
9789350594858
9789394792555
9789386824882
9789392591914
9788123417189
9780199476404
9780198089872
9789384837310
9789357552325
9789366498508
9789375675907
9789392549540
9780199455164
9788197138133
9789353629496
9780739843901
9780739843796
9780739843888
9780739843895
9789363322417
9780744304015
9780195668223
9780198099697
9788184300802
9788186706589
9788186299845
9788186237021
9780199479740
9788187100072
9788186773710
9788178810195
9788178810188
9788178810010
9788178271163
9789352830886
9788177642599
9788177370256
9788178810645
9788177640557
9788177331707
9788177291155
9788176492522
9788178810287
9788168923331
9788168272163
9788131944493
9788131509616
9788173156557
9788173156540
9788178814780
9788178814568
9788185880587
9788187100539
9788185475615
9788170246459
9788170170815
9788172935917
9788172540623
9788172380014
9788176485418
9788176463263
9788178814223
9788184832884
9788185517230
9788171640355
9788174784209
9788173813597
9788183452540
9788183452342
9788183326827
9788182882188
9788126704125
9788122006094
9788176252515
9788175252721
9788178811383
9788173099199
9788171414253
9788171180721
9788173910555
9788173664960
9788173170706
9788172960032
9788172545574
9788122005318
9788122005301
9788131302736
9788173153358
9788126132997
9788178811246
9788178810997
9788178810966
9788178810904
9788121928359
9788120705944
9788131600887
9788131407554
9788131307342
9788131305843
9788172244385
9788131303184
9788178810362
9788178810348
9788171004584
9788170863151
9788170559542
9788170445005
9788170416449
9788170333401
9788178810829
9788172543785
9788131303641
9780439994767
9788183166645
9788180940439
9788178815312
9788185194561
9788185182971
9788185182667
9788187228448
9780460313483
9788189917371
9788128830242
9788178810461
9788131403365
9788131303627
9788131302842
9788129508942
9788170703822
9788170546061
9788170460299
9788170444947
9788170333340
9788189755348
9780198079941
9780198082323
9780198082330
9780198082347
9780198082354
9780198082361
9780198082989
9780198083023
9780198085553
9780198094968
9788183711784
9788121923842
9788188661404
9788121924191
9788188060382
9788187775348
9788187445197
9789325982666
9788190881777
9788190143677
9788185027623
9789386394569
9780199475834
9788178810539
9788178810515
9788188661343
9788188267880
9789385125904
9789381221471
9789380945736
9789380527062
9789380408422
9788172543747
9788170288701
9788172154004
9788171823550
9788171793440
9788178815022
9788178814995
9788128833670
9788176463409
9788128829802
9788128811685
9788126152902
9788172542689
9788170247227
9788170245322
9788177645675
9788185251035
9788185218786
9788176569002
9788176489041
9788171561735
9788171381050
9788170950479
9788178810607
9788181423238
9788180960086
9789350718506
9789350270226
9788178815251
9788178815190
9788185116167
9788185031880
9788171563173
9789814107426
9788178810621
9780006903673
9789366960241
9789364172691
9789361861918
9789356738348
9789355483874
9789381293232
9789381283141
9789380618487
9789380545851
9789380540405
9788175940949
9789380422107
9789380292588
9789383763696
9789383335459
9789382901334
9789382778196
9789382741060
9789381981191
9789381975305
9780201325652
9789380540221
9789327288278
9788896325032
9788895884851
9788415622116
9788199210080
9789350948965
9789350945780
9789350726785
9789350686171
9789350500132
9789375440871
9789350174142
9788181370662
9788184027198
9788184025248
9789354551932
9789352891979
9789381632253
9789386594617
9789386592217
9789379740090
9789375448716
9789350366639
9789392542138
9789349905566
9789355264848
9789354553837
9788121924719
9789812359636
9788187100720
9788183578363
9788187737063
9788182091658
9788194227236
9788125930754
9788125023012
9788125011651
9788124500514
9788120725720
9788119421657
9781913553708
9781636330914
9781592236787
9781563331497
9781108678414
9788122006216
9788192807225
9789386209276
9789385676963
9789387840041
9789387840027
9789387763593
9789387747319
9789387672437
9789387532540
9789387532366
9789392867910
9789390579259
9789390006991
9789389820386
9789389637199
9789389637168
9789389637120
9789389637069
9789389637007
9798885690379
9780975847831
9789393134103
9789387303966
9788180402326
9788180311611
9788179770221
9788179652411
9788179651513
9788179650752
9788179480618
9788179460696
9788182812970
9788182811041
9789334094749
9788181984814
9788181740106
9788181740021
9788181375957
9788178810652
9788175245983
9788175240216
9788183711098
9788183684910
9789352592777
9788182091801
9788176126076
9788176110747
9780987513618
9788175700581
9788175240421
9788175240414
9788176488600
9781932705775
9781590590751
9788178190396
9788178810676
9788190688642
9788190456302
9788189919702
9788189532017
9788179331767
9788178900407
9788178837390
9788178814858
9788178814629
9788178812342
9788178811024
9788178110264
9788188082186
9788187988434
9788174885005
9788178810546
9788178810294
9788192718675
9788191077711
9789390886401
9789385556029
9789385507984
9789352341139
9789384302290
9788197481529
9788196971328
9788196430047
9788196174156
9788195979882
9788195522859
9788195036820
9788194983378
9789349704534
9789349183056
9789384598488
9789351848875
9789351260639
9788184488494
9788184305401
9788184191127
9788184121162
9788184042528
9788184042238
9788184040463
9788184027495
9788188132669
9788186618066
9788186089217
9788185799575
9788185602844
9788185431581
9788185378824
9788185234229
9788189430207
9788189000004
9788188826292
9788188429844
9788186982266
9780071074001
9780099533788
9780143029151
9780143064084
9780195668216
9781542030328
9781408350799
9781722506650
9781609947675
9781403922496
9781569570708
9781569572153
9781626561311
9780007361618
9780070589667
9780230638051
9780230634893
9780230632943
9788184749410
9788184950069
9788184951295
9780746075708
9781542032063
9781542037051
9788183579988
9788184748499
9780747544777
9780753731376
9788174825506
9788177221336
9788126500055
9781523095353
9781472215260
9781447223085
9780670081837
9780552558235
9781840112474
9781780554945
9781780554938
9780733621079
9780708864791
9780670097593
9788131532430
9788126514335
9788184955620
9788184953343
9789373354323
9789373353722
9789370025998
9788897778172
9789364311137
9788174820198
9788174821423
9788174822482
9789348995353
9789349168503
9789357557733
9789357550765
9781848545489
9781846530517
9789356664005
9789354897818
9788183578523
9788180563973
9788179926345
9781849418355
9788172248093
9788184952346
9788184952421
9788184952698
9781842557259
9781845876869
9788131718339
9788131732502
9788170602156
9788131789360
9788190751322
9788184996517
9788184956788
9788177226461
9788177224382
9788177223262
9789386206213
9789388757072
9789814274746
9789814294508
9788131716984
9788131787779
9789380834450
9789380848808
9789380942971
9789381639276
9789382951636
9789999975797
9789385936098
9789386233196
9789377132958
9789377135386
9789377305505
9789378322174
9789378719189
9789391234690
9789385888359
9780143415923
9780143429586
9780199475087
9780333932704
9789814344708
9788184001822
9789352712618
9780143103844
9789381398548
9789381431122
9789386206206
9781845876937
9781893115354
9780070700840
9780143064510
9780143065678
9780007399642
9789349965508
9789350098776
9789350361566
9789380422268
9789380480411
9789380708799
9788199419254
9788895884127
9788896328972
9788897443803
9788184956153
9789351192008
9789351293880
9789353380601
9789387456815
9789388605380
9788184956078
9788184956139
9789389664058
9789390247004
9789812553317
9789391350598
9789347971303
9789334039658
9789332514966
9789390782000
9780143100638
9780333934364
9780465055739
9789813005990
9788126502134
9788126506798
9788170215844
9788172237417
9780143066361
9780143066859
9789356932074
9789356932043
9789365572773
9789358409277
9789365573053
9789378491672
9789356932494
9789365578188
9789371053150
9789371052061
9789354952326
9789355962324
9789355965295
9789378491153
9789378491160
9789378491207
9789378491245
9789378491252
9788172345068
9788184881899
9789371054898
9789371055802
9780764158872
9789356931480
9789356931831
9789356931855
9780333936429
9780395287538
9789358408515
9789356932395
9789378490910
9789378491009
9789356934085
9789371058858
9789358408980
9789371057196
9789371058438
9789371056106
9789358405606
9789355969132
9789356930063
9789356930230
9789356930261
9789356930537
9780198080077
9781403929662
9788198111180
9789348544704
9789352621446
9789352621637
9789352625819
9789358401622
9789358404500
9788173178870
9780195671100
9781259064074
9788176566872
9788176560924
9788186822050
9789347971792
9788175965317
9781902915081
9788126121458
9788129114556
9788129112026
9788124116753
9788129110633
9788129110008
9788129108876
9788123925172
9788129103130
9788129102980
9788129102393
9788121922999
9788128001109
9788126149629
9788126143993
9788173814488
9788172867409
9788172867058
9788172252977
9788172236373
9788124116005
9788124112625
9788129116529
9788120318786
9780755343133
9788120317420
9788120317185
9781849153133
9780670891702
9781420104516
9781408311707
9781403928696
9780356256788
9781259027277
9781107642157
9780791079751
9788130906041
9788130906928
9788170087557
9788131788578
9788129110824
9780721606767
9780706977646
9780706972368
9789386689856
9789386550859
9789386104274
9789385998096
9789393459763
9798128818836
9789814133999
9788124107430
9788170421740
9788182472457
9788184120509
9788184120097
9788178124575
9788131215791
9788171675425
9788170949732
9788170948827
9788170421887
9788174826909
9788174766151
9788174362360
9788122408881
9788131515198
9788131507681
9788131313183
9788131312988
9788172234256
9788172233662
9788171828173
9788178790909
9788178790640
9788178695594
9788178297583
9780074638217
9780706990560
9781846841590
9788122506747
9788122417630
9788120318991
9781403922526
9788120326071
9788120325227
9788184992878
9788184891614
9788184747973
9788184747454
9788184304367
9788182744813
9788187671329
9788187498766
9788184080810
9788184080742
9788183888318
9788183820639
9788183578790
9788186775851
9788186706848
9788185044903
9788183161879
9788182902862
9788182900950
9788187671473
9780195648188
9780195476224
9780144000029
9780143028420
9789350124208
9788188661022
9788188575183
9788188460045
9788187981701
9788190455909
9788189988791
9788189884062
9780143031284
9788187288374
9788187134299
9788187131441
9788186852897
9788188904334
9788195267095
9788188746002
9789355232687
9789354866685
9789353226152
9789352830862
9789352787708
9789369116973
9788187421252
9789373943244
9789372127577
9789812328182
9789810105792
9789394550650
9789394550292
9789393683595
9788188818006
9789368682158
9789364403313
9789351653325
9789351445821
9780064442893
9789351043775
9780009108945
9780140278606
9780140240351
9780074632475
9780575077492
9780521617727
9780521169547
9780070683440
9780199481842
9789381791059
9780070533028
9780070080850
9789351374770
9789383646944
9789382821038
9789387171930
9789812742209
9789812550125
9789386824202
9789392204395
9789391465193
9789385282812
9788120323902
9788126121021
9788125042693
9788193162262
9788120318427
9789387153561
9789386883278
9780198069775
9780195699968
9780195685909
9780755371044
9780755356140
9780755344529
9780074632086
9788120324879
9780762429752
9788120320925
9788125025085
9789350642245
9789380942964
9789358449907
9789356501997
9789350092422
9789348995612
9789348995421
9789348555069
9789348137906
9789390547524
9789390490578
9789389004755
9789384498009
9789814107037
9780071332323
9780071074292
9780070994850
9789380408507
9789385888137
9789385492662
9789380156101
9789380069531
9789380032689
9789380032511
9789391407933
9789385140600
9789387702325
9780199481873
9788120325609
9788120324367
9788175962262
9788175346796
9788120324091
9788120320611
9788131403075
9788131400982
9788175240919
9788174765826
9788174464316
9788131308325
9788183242752
9788183240659
9788172249632
9788171566945
9788131302811
9788129704207
9780199476381
9780199459896
9780195687644
9780195675320
9788177000511
9788176760713
9788173142208
9788129108197
9788129104700
9788127241209
9788127202309
9788184121001
9788184120721
9788188818075
9788188818068
9788187495239
9788187374299
9788187367024
9788187339212
9780199546299
9788181890382
9788122416534
9788121407496
9788120719170
9788120346369
9781897829134
9781843317265
9781403928603
9780794604615
9788124100127
9788123928500
9788123915159
9788131306628
9788182744950
9789380213149
9789364400404
9789363640917
9789362838421
9789362833884
9789362830838
9789380921488
9789380856094
9789348137401
9789382705727
9789361567254
9789348137791
9788176635264
9788192290355
9789350261880
9780007309542
9788188661589
9780070648258
9789385919381
9789352039968
9789352034444
9789331317278
9789331317117
9789327251555
9789327248111
9789327225907
9788190455954
9788176620307
9780333938072
9780297853619
9780230638433
9788199136021
9788199120228
9788197870880
9789381771822
9789347047558
9788189884024
9788189547066
9788189430016
9789380408071
9788189276157
9789814126861
9789352602209
9789380032061
9789378169885
9789382332237
9789382209430
9789372125030
9789372121452
9789372121360
9789370781511
9789370025608
9789350175316
9788189320133
9788190761307
9788190658287
9788190461672
9788190455961
9788189934545
9789380361413
9788187336976
9788187248880
9788192514017
9788187248552
9788186190456
9788185989433
9788129108883
9788185044569
9788184780192
9788184080841
9788184080728
9788183244572
9788178840093
9788176212878
9788175964082
9788175741492
9788174868121
9788182471771
9788181911735
9788181890450
9788185984407
9780761996088
9780761996064
9788129104755
9788192713205
9788131305522
9788131301944
9788129101570
9788131201534
9788130910604
9788184082913
9788181473219
9788180611940
9789381335147
9788179928288
9788179926376
9788183572675
9788183484145
9788183307079
9789814147842
9789380108384
9789352602810
9789386635952
9789386635631
9789385114892
9789381770016
9789381335314
9788179928363
9788180522741
9788178711539
9788178710044
9788176489485
9788176487474
9789381320136
9789380834641
9789350350812
9789333214933
9788170351498
9788170083726
9788170080442
9788177543346
9788131415368
9788131405468
9788189102425
9788189066697
9788131316351
9788131308820
9788131307618
9788131307151
9789351418177
9789350355022
9788123905297
9788122425901
9788129129703
9788170032601
9788126916276
9788125907848
9780070435070
9780070263734
9788179926055
9788179681039
9788178880006
9788176465830
9788131304181
9788120324350
9788120324282
9788125907213
9788180611582
9788124109304
9780143104131
9780141000244
9788131703687
9788176492904
9788176488181
9788176484596
9788171676897
9788178240916
9788178129549
9788183242813
9788170998167
9788170998082
9788124114124
9789389356632
9789355028471
9789361804069
9789355026477
9788186177518
9780199488728
9789391075040
9788125041016
9788120915541
9788192205359
9789383103768
9780199461806
9780195666366
9789355024534
9788193659922
9788131761106
9788125035879
9789334046205
9788181377005
9789357733618
9788181370587
9788125044666
9780195665161
9781876973520
9780908437054
9781118503294
9780718817862
9780908437030
9780071077378
9780786668021
9788181374486
9788181372970
9788181372963
9781316642924
9781639979271
9781649192912
9788122416091
9788123911793
9780521636100
9780521636094
9780521628150
9780521627986
9789350362921
9789349183124
9789349168039
9788896732342
9789352832378
9789352624126
9789352621316
9789681653149
9789831364871
9788125006466
9789325971431
9788183324601
9788183326810
9788184926033
9788185017846
9788188057047
9788188849192
9788189912857
9788170543251
9788176290289
9788176290487
9788177290059
9788178556161
9789350943380
9789350945032
9789351444718
9788181379849
9798904790134
9798893223521
9798890672964
9789387532342
9789389308730
9789385926181
9780230632967
9780199457687
9788184676426
9788183571920
9789354971921
9789355232809
9788172865023
9788131419182
9780195686951
9788176290395
9798889599449
9798889230687
9798889235859
9798889595502
9798888838662
9789789381777
9789392542183
9789831364338
9789390041886
9789812435453
9789350834619
9789356930117
9789356930827
9789356931022
9789351444725
9789351762850
9789352032662
9789352512706
9789352561889
9789384875657
9789386179944
9789386456267
9789355231680
9789355233080
9789355865526
9789355969590
9789356022096
9789387532977
9789387660663
9789388632249
9789359103914
9789378161490
9789380262734
9789381771730
9789384447670
9798885699280
9798886065398
9798887837291
9789386820433
9789386896636
9789387151949
9789387320888
9788125059332
9788123436968
9788123430331
9780721456584
9780521628143
9780198066156
9789349865334
9781682160435
9789390278725
9789390782079
9780195680171
9789831362631
9788179652527
9788183601924
9788194782728
9789350594209
9788179650035
9788122909890
9789354809798
9789357553544
9789361809101
9788173139222
9789381480427
9789390095629
9789390557110
9788125044178
9788125916123
9788192465739
9789354805196
9789353695354
9789366654096
9788182835177
9789358771046
9789377519179
9780061014970
9781416913085
9788173175572
9789352713684
9789376863655
9789352727964
9788194617099
9788177080353
9789364028455
9789365570526
9788173813511
9788129705839
9789366654775
9789348078698
9789838996396
9789348995360
9789350942680
9788188251049
9789350064436
9780074623190
9789360945992
9789365576702
9788125009436
9780199468973
9780198093077
9788177641844
9789365814736
9789355961174
9789352621484
9789352025831
9781005735029
9780070402881
9780330518093
9789348078308
9788174826275
9789831366455
9789831365335
9789350997222
9781107689541
9789358403558
9788130911922
9780373235032
9789394550674
9788178122908
9788183504812
9788198545831
9789369535644
9789388395441
9789390770571
9789395087445
9789395223997
9789366666747
9780074621363
9780070503021
9780230531536
9780198092858
9780195691856
9780074633090
9780074624142
9789395117401
9789361861406
9788125059592
9788125044437
9788119208517
9789363313507
9789392593048
9789831367193
9789357008020
9789380735948
9789386824615
9789387153349
9789391121570
9789325971134
9789394136311
9788131504093
9789394640382
9789394898080
9789371052764
9789377516604
9780373236909
9780199465064
9788196983895
9788196368944
9788196092672
9788119665174
9780199465033
9788199277489
9780198081616
9789348070777
9789348418081
9789357366885
9789389767278
9789393227713
9789395562508
9780794503499
9788169332521
9780198086376
9788125056577
9789350371107
9789389904222
9789355610089
9788896105955
9780679777953
9789392694226
9789351670742
9789349965614
9788186809242
9788169332545
9781408101285
9789354953477
9789352741359
9798904510909
9798904510213
9798903928972
9789350945049
9789350943113
9789350942611
9789350718940
9789377511517
9798902075646
9789354423680
9789352742240
9798893223460
9798893225884
9789350897256
9789325974289
9788896322376
9788194052494
9789350717936
9789350717622
9798889591900
9789350717547
9788174530172
9788173669101
9788192244389
9788131901175
9788131900550
9781107640825
9781636692319
9781637141687
9781638067290
9780199483303
9789370785861
9788191022902
9798890673961
9788170088400
9798905104190
9798904790141
9788174829498
9789386810021
9789386689825
9798904515836
9789386379764
9789386179913
9789389346008
9789389173062
9789393349965
9789993387510
9798886414899
9798905401862
9798905404689
9798905405327
9789355217615
9789354955327
9789352511440
9789352020935
9789351445135
9789351419501
9789351215547
9789351104339
9789350946664
9789355880444
9789994693702
9789373948317
9789373890258
9789370786615
9798887170466
9798887045368
9789354954535
9789352530076
9788184027518
9788190390408
9789382741213
9789380619682
9789380587905
9789380536118
9798885463805
9789380240152
9789378491382
9788186351048
9789385983115
9789385965241
9789385875076
9789385244742
9789385140006
9789389048834
9789389048599
9789388925747
9798885694230
9798885466158
9789380298528
9788176290050
9788128022517
9788131807538
9788131809549
9788178555850
9788179774199
9798889519553
9788181379764
9788182962248
9788174531131
9788174532176
9788174532268
9788183329194
9788183453363
9789350362976
9788183984287
9788184026511
9788176296946
9788178124513
9788178440163
9781643244631
9781643244655
9781643244662
9781643244679
9781643244686
9788182966260
9788183324595
9788183327725
9789383290376
9788183559287
9798890665621
9788187863465
9788188121694
9788188479429
9788189466633
9788190107914
9789388104036
9789388563031
9789384030780
9788184354423
9788184620634
9788185170800
9788185212722
9788185731971
9788175242852
9788187077381
9788187863458
9788175241732
9789387672543
9789356931572
9789378491337
9788184043280
9788181374707
9789350366318
9798887721163
9798887491004
9798887490809
9798887335247
9798887178219
9789350717530
9798888336519
9798888337110
9788126033621
9780199491315
9780199492077
9780230015166
9780330469258
9781639570041
9781643241395
9788120760301
9788120785359
9788121919357
9788121929288
9788121930543
9789355968661
9781648690334
9788125942399
9788126046669
9788126560905
9788126561971
9788126563647
9781639042517
9788121932318
9788123400501
9788123430409
9781685865870
9781846841583
9788119109272
9781647330224
9781648502453
9788175156364
9789352728596
9788170330950
9788188039869
9788190103930
9780199481224
9789351405078
9789392379222
9789392542107
9789386620002
9788176294430
9788187229230
9788187502753
9789387672819
9798888330272
9798886068344
9798886411904
9789388689564
9789388594059
9789384447069
9781649518927
9781684878727
9781685230678
9781685546236
9781685638429
9781403928672
9798888699911
9798904515072
9798887834993
9789387763500
9789381431573
9788175155817
9780198082484
9789386832092
9789388302814
9789385827945
9789385827853
9788126508709
9789390782253
9788172345549
9789391067908
9788184000771
9789351871736
9789384544386
9780333924594
9788169711906
9788125041009
9789394644069
9789382577188
9798886849721
9789382578758
9789357470315
9789372903706
9789387856684
9788182963559
9788122480191
9789071676208
9780198069768
9789348988140
9780199474868
9788187233589
9788187694250
9788182092181
9788182810273
9788183182416
9788189547134
9788189934699
9788184083545
9788184488067
9788184950557
9789355960504
9789352622924
9789355962164
9788185240640
9788185905204
9788181912879
9788181913203
9788181913425
9788174967565
9788174968128
9788175040205
9780198066620
9780198085522
9788178790152
9789352532544
9788179913161
9789355969217
9788179913178
9789355963772
9788131803547
9788170286554
9788189934781
9788189945138
9788189129057
9788188479597
9788188479207
9789327257557
9789327252477
9789327219517
9789352031528
9789352024841
9789372126266
9789372123357
9789352626045
9789350494240
9789348544643
9789348137845
9789354954078
9789354953750
9789333211147
9789327271614
9788193865330
9788184951240
9788184951974
9788184954968
9789312147542
9789326193641
9788186332849
9789327271447
9789372123098
9780070189201
9788184048452
9780070605961
9789353225773
9789359989600
9789370786073
9789380408033
9789380408736
9789380618548
9788121613743
9788123430362
9788185044552
9788185182438
9788185599595
9788172730222
9788131793541
9780352340092
9780978079512
9781259025709
9780198066354
9780198066392
9780198066408
9788120333109
9788120745988
9780198091714
9780198091721
9780198093329
9788180617911
9788181281449
9788181432827
9780199490011
9788173715150
9788171568611
9788172861377
9788173196492
9788181434616
9788181912312
9788174933102
9788174938664
9788174965578
9788131513323
9788131724057
9789355964724
9788175348004
9788178240930
9788170298977
9788170332329
9788120325135
9788195164790
9788196950514
9788198866462
9788173358791
9788173710988
9780143063032
9780143066835
9780195667943
9788185683263
9788187100096
9788187398271
9788187567318
9780333932698
9780863113703
9788120324299
9788170841722
9789350944240
9789350620007
9788131764961
9789812553270
9789810626563
9788170406587
9789385629471
9789383420070
9789355865151
9789381082539
9788171946938
9788171562701
9788171560004
9780198093336
9788124202982
9788184955538
9788184484250
9789383182480
9788120340992
9780230634022
9780199492060
9780070486355
9780070472983
9789350582794
9789350234587
9789394883406
9788122406597
9788168524620
9788131764992
9788180460319
9788177649031
9788176630214
9788175340053
9788171548521
9788127243586
9780199479788
9780074622322
9780070706453
9780195687606
9780195646283
9780143067948
9780143033325
9780143029410
9789389656893
9788184121889
9789395556293
9789395085670
9789393795045
9780074633182
9788131227138
9780198093343
9789327246179
9780199540853
9789388994521
9780199457724
9788131734117
9788120324381
9788120310889
9788130911717
9788128504419
9788126121588
9788126121434
9788120325159
9780198094951
9780070603684
9780070598454
9780070589452
9780007246427
9788125904083
9788125025245
9788124205044
9788126118946
9789362073556
9789359986104
9789358894462
9789371001793
9789370928848
9789358403923
9789356937277
9789356935945
9788120722934
9789365579932
9789365576160
9789372126921
9789372126730
9789364405669
9789363317734
9789363313057
9789372121988
9789369530946
9789351878360
9789351417057
9789350515570
9789355856319
9789354955341
9788184082838
9788183713269
9789354953446
9789385104862
9789352737390
9789356931299
9789355969903
9789355969460
9789364409407
9789364405706
9789386550798
9789386345592
9789354332005
9789392641534
9789392593406
9789390800957
9789388594387
9789388528825
9789814192415
9789810616755
9789810613082
9789372120554
9789358408188
9789358403930
9789380408019
9789380240350
9789380032054
9789378160486
9789375440673
9789388779142
9789384038236
9789371054706
9789347047794
9789347047770
9789370788480
9789370786592
9789370783607
9789372128963
9789372127980
9789393459367
9788183712187
9789327232561
9788189027018
9788174935250
9788174762368
9788171002719
9789381068557
9789381015285
9789393757258
9789372127621
9780143025238
9780744567977
9789352315475
9780198088547
9788131718971
9789812617699
9780001067073
9788173155840
9788194403135
9788195676040
9788175259522
9788184081411
9789389454949
9789389904901
9789389932300
9788995543801
9789352341573
9789349905191
9789381030639
9789389806304
9789392330605
9788120836808
9788196447953
9788172738303
9780198081524
9788119580569
9788119948796
9789377305642
9789357552158
9780199457694
9789377138875
9789364111348
9789363381766
9780199457731
9789334421088
9789394499515
9789381335291
9788168731615
9789355863126
9788168638617
9788168638624
9780198065739
9789363556560
9788188811939
9789356735576
9780199465057
9780199465026
9789395757331
9789395757423
9789366652634
9788168604100
9788168637856
9788187445173
9798889598503
9798889752653
9798894759074
9798890663153
9798903624256
9798905104886
9788190236829
9788184780963
9788176290173
9789814035767
9788176290128
9788170298250
9789354971853
9788176290166
9788184313918
9798889590644
9781416918813
9781637148174
9781638062844
9781685230272
9788121943383
9788123443799
9780195683868
9780198066613
9780199475612
9780199475872
9780199475889
9788181378828
9788181379023
9788181379030
9788182966253
9788182966567
9788183322812
9788183324588
9788183330091
9788178557588
9788179720219
9788181371539
9789812140524
9798885464413
9798885698627
9798885699822
9798886068245
9798887332550
9798887495910
9798889096924
9780764158858
9781403926791
9788177393682
9788177099454
9788176569880
9788175960497
9788174828880
9788181375384
9788181374622
9788181372055
9788181372048
9788181371935
9788177393910
9788178554396
9788170821199
9788172333492
9788178556154
9788170087922
9789350362907
9789350364451
9789350364550
9788192130224
9788192856353
9788194734055
9788172744625
9788172763589
9788173702464
9788174467225
9788174826329
9789325981300
9789327270198
9789349208094
9789349746763
9789349813007
9788187105886
9788187477228
9788189766504
9788183555357
9788183557641
9788183557672
9788183578424
9788183713276
9788183793322
9788183896962
9788184026528
9789354568367
9789355310484
9789355866073
9789355964595
9789356185401
9789356731332
9789356930513
9789357432122
9789351874300
9789352022663
9789352026289
9788194979685
9788198208064
9789311121727
9789311123905
9789325981041
9788184028454
9788184496772
9788184497007
9788184833904
9788186877760
9789351445357
9789351445340
9789351445197
9789351444756
9789351443360
9789352530571
9789352512690
9789352511471
9789352033218
9789352030637
9789351446903
9789351447856
9789350366301
9789350620717
9789351449584
9789350364567
9789391576233
9789393086235
9789393349972
9789386561336
9789387567306
9789387763630
9789350717110
9789350941317
9789350945025
9789350945711
9789350947371
9789388563475
9789388676816
9789388973861
9789390031665
9789391075972
9789386179623
9789385989094
9789384826093
9789382705888
9789382705635
9789388563468
9789388563444
9789388537667
9789388323161
9789387880726
9789386309105
9789386416476
9789361808111
9789363192584
9789386561329
9789358404753
9788170239574
9788126011315
9780230630130
9789382740919
9788177646245
9789382676461
9789381113264
9789380269511
9789365574357
9789365572919
9780199450770
9780199450961
9789387000711
9789810990473
9788183334662
9788183895231
9788126511303
9789875503373
9789347971099
9789380044408
9789383606399
9781405057370
9789325984332
9788175156005
9788173705113
9788131964828
9780333935057
9780333933909
9780762416486
9781607477778
9780794505905
9788125044345
9780198081852
9781408508626
9789386824868
9788131999318
9788193293416
9781429101684
9781408508619
9789390362011
9789387369252
9789377514037
9788131924327
9789390191635
9780198068839
9780199481798
9780199487721
9780333932407
9780852268858
9788122419313
9780198062646
9780198066149
9789350947098
9788187228530
9789352032945
9780333937976
9780071074865
9780071328814
9789354954788
9789352995165
9789352621040
9789352021079
9789350582732
9789356934764
9780070599314
9780070153226
9789352728893
9789390906734
9780199457717
9788188849178
9788188222490
9788185897806
9788184121919
9788184027655
9788183324175
9788178120676
9788171794997
9788131761540
9788131760741
9788131722800
9788125030416
9788123911106
9789348552181
9789350140246
9789350468586
9780198408420
9788189909154
9788190691932
9788193653364
9789334349764
9789393211170
9789390849116
9789388707374
9789383646937
9788181282507
9788173196874
9789360660109
9789357475549
9789369534265
9789373943404
9789381348840
9789381158296
9789363192645
9789365574388
9789367003725
9789361867521
9788129201461
9781403925084
9789394047310
9789389294064
9789351677352
9780199475605
9789388604352
9789357555654
9780195683844
9780001063228
9780199467389
9780199467396
9788171795659
9781552544020
9789391485702
9789388800662
9781894946445
9788125044338
9780906149553
9788168562035
9788184775075
9789381489345
9789390596553
9789357474542
9789394095823
9780070840331
9780748711079
9780632012206
9780700202096
9781906309015
9782913140028
9780140214710
9780950735900
9780746305225
9780861760008
9780861762842
9780904488906
9780909911942
9780950156002
9780951889206
9781850703433
9781852765019
9781870167055
9781870555630
9781872712505
9780713900965
9781873712467
9789028834040
9780855205300
9780856603761
9780201000283
9780174384328
9780219516745
9780213760366
9780716661931
9780715630983
9780713117622
9780710085047
9780045500055
9780002318457
9781879399204
9780861148424
9780904644548
9780861785643
9780862070014
9780862093228
9780750008136
9780752528441
9780754010395
9780902921719
9780862204785
9780863130717
9780892782567
9780900727689
9780289796863
9780330310352
9780333306956
9780335005192
9780563162223
9780904700183
9780951019313
9780855242305
9780855339432
9780859390958
9780861011179
9781854108951
9780670901814
9780706367201
9780708821404
9780460008310
9780491006026
9780552085885
9780552760485
9780722116814
9780722180020
9780747211297
9780749420536
9780575004221
9780575022287
9780584310528
9780600202486
9780099505419
9780140770346
9780174382393
9780199110360
9780241106150
9780241897324
9780261100015
9780289796856
9780061064340
9780091080907
9780566028502
9780566074776
9780571088782
9780356121161
9780370311111
9780396086987
9780602263225
9780233000305
9780340793787
9780340541210
9780340518243
9780340118252
9780094788206
9780091161415
9780702001741
9780854391110
9780713134001
9780706903140
9780575051119
9780582310193
9781844223619
9780233990927
9780233975863
9781850916079
9781852384241
9780852426296
9780851402277
9780854211180
9780412485404
9780433323600
9780852630761
9780434070824
9780435231682
9780951336328
9780443011900
9780953265701
9780954608507
9781845384579
9780233990446
9789624215632
9789378322426
9781854582393
9781854793379
9781857796131
9780749277864
9780749277918
9780749299798
9780749405700
9780794508586
9780855140236
9780584111033
9780631150190
9780356210209
9781870607063
9781871962147
9781882633234
9781901509267
9781902616063
9780571063055
9780253200747
9780330236690
9780333152461
9780333416846
9780340267493
9780340679463
9780340850473
9780408004961
9780435109752
9780450016226
9780566025891
9780571044559
9780521751414
9780521753821
9780521753838
9789385868702
9789831362716
9780199481835
9789355969606
9789355969897
9789356936379
9789358408133
9789352021352
9789352022632
9789352026333
9789352532537
9789352621262
9789352621453
9789352621873
9789352624782
9789350130445
9789350363232
9789350681879
9789350719336
9789350942628
9789350993651
9789350996973
9789351673132
9788194046400
9788897242949
9789311124438
9788183327541
9788183713320
9788187694281
9788189074111
9788189780692
9788189782689
9788192807294
9788193156056
9788170087830
9788171320875
9788181375711
9788183324380
9788183324571
9788183326964
9788183326971
9788183326988
9781638323747
9781685544676
9788123400495
9788123443898
9788123918181
9788126315390
9788129701022
9788168770843
9780521753999
9780521754101
9780521754262
9780521751131
9780521751179
9780007430963
9780070671034
9780074631393
9780141300115
9780198094944
9780198099406
9780199477036
9780199477067
9780199485475
9789392379949
9789392935503
9789937032865
9798885216517
9789385750588
9789386189684
9789386442994
9789386500793
9789387380134
9789387672949
9789387763623
9789387840034
9789382081791
9789382081807
9789382322511
9789382688716
9789383186495
9789385140709
9789385401046
9789385676932
9789361100024
9789362734051
9789362863157
9781636338231
9781636693774
9781637142172
9781637450635
9781638061618
9789352730193
9789354560538
9789354953019
9789354955105
9798886679700
9798887170145
9798887172422
9789311124445
9789311124452
9789311125015
9789311126616
9789333209311
9789388182911
9789388182966
9789388182973
9789388468596
9789362864925
9789362866677
9789365574104
9789371051873
9789381771778
9780521754255
9780521754194
9780521754118
9798887174006
9798888331071
9798888690789
9788174310125
9788183323642
9788183711838
9788199788060
9789313193784
9789350355749
9788123919744
9788125056485
9780199480470
9780199460533
9780070611023
9781403910295
9780836455267
9780761992745
9780521754279
9788171873661
9788173713835
9780521754095
9788123413198
9789351872931
9780195681260
9788493485658
9789362070500
9789390782017
9789390782024
9789386575210
9780373183333
9780199465019
9780199465040
9780333938270
9789389904420
9789389904369
9780001063181
9781533071088
9781906178499
9788169225076
9789380422220
9789380896151
9789357550468
9789351640776
9789387477902
9789389786989
9789389802337
9781874342106
9789376861620
9788198611055
9789386918284
9780199474851
9788120617568
9788193919248
9789355366757
9789352622726
9788169826099
9788167212696
9788176330442
9789352022809
9788181501127
9789334206722
9780195686340
9789355961778
9789354465505
9789354337222
9789391407162
9789391968380
9789391121495
9789389830972
9789348256959
9789392641190
9789364265492
9789392542121
9789352027651
9789391122263
9788169826075
9789392641886
9789359989655
9789356936256
9789356037694
9789392641640
9789350978320
9789352022786
9788131514290
9789366663012
9780198063766
9788123402673
9789380514550
9789386791191
9788171338221
9788171337507
9781543342673
9788125008880
9788130925325
9789373941745
9789378168673
9789381390580
9789380514277
9789350134894
9789359628998
9789356938069
9788169826082
9789388151627
9780199455720
9788179929490
9789352207855
9789386348371
9789354270253
9781900974295
9780198062431
9789386575234
9788170172949
9781906051143
9780198072669
9780195690545
9789382108566
9789372908954
9781904351993
9788175811102
9788181377036
9789386811486
9789389921489
9788119670246
9788193304938
9789357556088
9789393570611
9789357559010
9789391374310
9788119580088
9789355206725
9789355206824
9789355206862
9789357025201
9789355206800
9789393806123
9789381066508
9789353380694
9788129131133
9780199477050
9789374627440
9788194786887
9789387740419
9789385506253
9789357026420
9789357025287
9789370038288
9789361804366
9789355202369
9789361567964
9789361569418
9788194001812
9780199467372
9789357024075
9788123418148
9788123413334
9781895383713
9781864761382
9788122425710
9780761994206
9788170331834
9788170283744
9788170222804
9788123435008
9788128504303
9788131303917
9788120324312
9788131300589
9788131010983
9788131005309
9788130915593
9788123433363
9788126416066
9788130024332
9781861872975
9788173357985
9788172236489
9788172235666
9788172159801
9788170863410
9788126714650
9788170185536
9788131306376
9788131305812
9788120325142
9788124106891
9788119624126
9781943730490
9781899924936
9788128806551
9788130915036
9788130911854
9788131703717
9788178790466
9781850328544
9781850322573
9788131501481
9788131306499
9781899924042
9781722503437
9781789290905
9781841611921
9781842556283
9780143100881
9781846530968
9781444931877
9781474810098
9781849152617
9781850322153
9780141006017
9780141007502
9788170332459
9788170943426
9781637145920
9781646500222
9780143033479
9780143063711
9780143064886
9780143099789
9780199467600
9780143330356
9781846530975
9781846531286
9788121619660
9788121923460
9788122411966
9781861975331
9781409309451
9788124109335
9788120325173
9788120721562
9788125043003
9788125044321
9780702026744
9780723267300
9788173662836
9788126121847
9788122900002
9788123013084
9781402775123
9781387830206
9781407559575
9781408852385
9781846530579
9781409369738
9788124115305
9788124117934
9788128835063
9788128837500
9788129100146
9788129104274
9780143028253
9781636065359
9781259028212
9781406225297
9788171422425
9788171547098
9788184951721
9788184951790
9788179252239
9788179501832
9788171670703
9788171675821
9788171797226
9788171820238
9788174933553
9788121930444
9788181581907
9788181890665
9788183600255
9788183601207
9788183710824
9788183711586
9788131512166
9788173669798
9788171568161
9788171582297
9788174462183
9788174465450
9788171829705
9788176485166
9788176485203
9788176488372
9788177240221
9788181290984
9788177543322
9788184190052
9788184300222
9788186211328
9788186722060
9788186804636
9788186816165
9788181903051
9788178840321
9788176465007
9788176465250
9788179927878
9788180140808
9788180613449
9788181290014
9788171822652
9788181463548
9788177561760
9788177646221
9788181891310
9788171561568
9788170332725
9788131705353
9788131733691
9788170415626
9788170416890
9788170434870
9788170586333
9788127268060
9788170843139
9788168598546
9788168865242
9788170949756
9788174467652
9788125044659
9788125046653
9788183712958
9788171568147
9788170334453
9788170411208
9788127240820
9788127241865
9788127256944
9788127257705
9788131301364
9788128023088
9788171002221
9788174763648
9788131804148
9788175100985
9788171946112
9788172152789
9788175224704
9788175414426
9788131507520
9788131507605
9788186962022
9788176255158
9788173713279
9788126106684
9788131764169
9788131765807
9788131766477
9788131803189
9788170662136
9788131804537
9788175150218
9788175157033
9788177697896
9788178000053
9788178087696
9788178556086
9788174310255
9788173155123
9788173411861
9788173711947
9788131304297
9788174465177
9788174465375
9788174730701
9788174762467
9788174932945
9788131309889
9788178792644
9788125901167
9788131300190
9788131302705
9788131302798
9788131303276
9788131303832
9788170992288
9788170999546
9789380559018
9788178791760
9788171949359
9788172732349
9788180611285
9788179928783
9780007282678
9780007293230
9780007299638
9780007309337
9780195690293
9788131306260
9788131421543
9788131507568
9788175344891
9788173150296
9788131306451
9788131307144
9788173155093
9788131309520
9788131309766
9788131310649
9780007321681
9788131305140
9788174462794
9788173714115
9788173714290
9788175240285
9788131309902
9788127203535
9788173152573
9788131307526
9788189102517
9789312140581
9789358894561
9789380027999
9789380097466
9789380117591
9789380262789
9788189562052
9788189917364
9788190099868
9788183160605
9788181910226
9788184090734
9788184317107
9788184468915
9789350335994
9789351874294
9789352726707
9788185066653
9788185116228
9788185234335
9788187380443
9788187433453
9788187981787
9788184080537
9788182810945
9788176489287
9788170408772
9788170969624
9788171565153
9788171567249
9788171567867
9788178790961
9788171794164
9788171930371
9788173014581
9788173014598
9788190688994
9788170291640
9788171788101
9788188267576
9788188322015
9788188342020
9789381969311
9788188661381
9788188661572
9788188661664
9788187365365
9788190148207
9788190662222
9788173120855
9780007326327
9780070402157
9780070482876
9780070597082
9780070606036
9780070618268
9780007282234
9780007282517
9780140288735
9780140297331
9788122414325
9788120327146
9780007463312
9780007490554
9780141007762
9780070260986
9780070402140
9780074604649
9780074620656
9780143029298
9780143033547
9780143065395
9780195643916
9780070600034
9780143028260
9780198079903
9780143028833
9780143029649
9780199457298
9780199462568
9780199462575
9780199462582
9780007226382
9780330476881
9780143332992
9780143448303
9780486287867
9781569571613
9788129505880
9780785326748
9780198099383
9780198099390
9780000151919
9780070610910
9780007280551
9780340917398
9780412486708
9781543342932
9781569570340
9781569571392
9780670839940
9788170124207
9788170172697
9788170217589
9788170221678
9781108712378
9781108712385
9788170243816
9788170249351
9788170283263
9788131310465
9780198081845
9780199460342
9780070992856
9788125909422
9780593622131
9780670058488
9780670860821
9788170189411
9781108453301
9781108678483
9781108724463
9781407501475
9781552100271
9780195662672
9780761995388
9788120329966
9780071067232
9780140278453
9780194514040
9780195474039
9780195652994
9780195679700
9781612196503
9788120324954
9788120325562
9788120325586
9788122900019
9788124106457
9788170086802
9788184020762
9788126714186
9781609947705
9781612196534
9781850322849
9788120724846
9788120732513
9788170222316
9788170242499
9780199461059
9780462001371
9788131727461
9788124107072
9789384028886
9789384052447
9789386228475
9789386383648
9789386550262
9789386620552
9789351449744
9789365578447
9789355230850
9789355924766
9789370785427
9788187649984
9789371185455
9789371189705
9789352025176
9789372124224
9789358407402
9789361108839
9789380032467
9789380071039
9789351449188
9789351449195
9789812438744
9789380408187
9789371054041
9789812400703
9789354951992
9789382585039
9789380480091
9789380545578
9789382810483
9789382821113
9789383359479
9789383646920
9789356933118
9789383952885
9789381395011
9789358403978
9789384248710
9789384301132
9789354338571
9789354801570
9789385868573
9789382622215
9789382749240
9789355963437
9789355964762
9789355965271
9789356763432
9789372120592
9789381639344
9789353679385
9789347764264
9789348137708
9789386918185
9789354952166
9789352621163
9789352621255
9789350091937
9789350140307
9789350170502
9789350295212
9789365579208
9789350363096
9789352759798
9789352830855
9789362864772
9789364407281
9789364408936
9789365575897
9788194966418
9789350943922
9789349210943
9789350040478
9789351067962
9789351429739
9789366270524
9789351652731
9789351873174
9789351879121
9789352022182
9789352734207
9789352026869
9789374760444
9789377301668
9789381867341
9789381867525
9789382420125
9789353381400
9789348555717
9789352592814
9789351449829
9789351449928
9789352624607
9789352624829
9789352645121
9789352728145
9789350295243
9789352742387
9789352027255
9789352027453
9789382428336
9788182911222
9788183072731
9788188156016
9788184654400
9788184764048
9788185017754
9788185683249
9788185788593
9788185826882
9788185830988
9788185880549
9789673170210
9788185830896
9789390811175
9789393459978
9789390436101
9789390522187
9789393224309
9789393349576
9789393349736
9789393349989
9798887042183
9789394168503
9789385039034
9788185829968
9789380712277
9789812140128
9789812653093
9789814133425
9789814147835
9789814147934
9789831363102
9798183072778
9788186852934
9788178790978
9788195326983
9788188573264
9788182811294
9789384905125
9789387766594
9789388818681
9789380408057
9789380444352
9789380712956
9789381639269
9789381822593
9789381841464
9788188266234
9788185316215
9788185316345
9788187162155
9789387484306
9789387531017
9789387672376
9789387672987
9789381348154
9789388050654
9789386179616
9789386189486
9789389121995
9789389820058
9789380183008
9789380285245
9789812551894
9789387320772
9789387484030
9789380698137
9789380817002
9789381068977
9789381245088
9789383700424
9789381382530
9789388428767
9789388587907
9789395085014
9789395101462
9789391166434
9789392379000
9789392641466
9789814629966
9798171825010
9798176130140
9798179480006
9789386107459
9798889098874
9789394878617
9789395047234
9789384447380
9789384826642
9789386035509
9789814147675
9789386035516
9789386035547
9789386035677
9789386035714
9789387747524
9789386107473
9798889515661
9798890670137
9789380403090
9789387320765
9789386035493
9789814133913
9788175940369
9788176634649
9788176634656
9788176128575
9788176254021
9788176295383
9788186190234
9788176486583
9788176487214
9789327251845
9788176487689
9789351103134
9788176489102
9788175441996
9788176489492
9788176489690
9788187139966
9788185984728
9788177210361
9788177210446
9788178089218
9788176486194
9788184955521
9788184981957
9788176488624
9788188330171
9788189066963
9788189129033
9789350943861
9788189511012
9788188661503
9788188661794
9788188820795
9788188826315
9788190317504
9788190388726
9788175940963
9788175442009
9788190861380
9788188974061
9788189020217
9788189020750
9788186190586
9788186299692
9788176487351
9788176487573
9788186618097
9788186793909
9788186804216
9788185316505
9788176030564
9788184823981
9788185381404
9788185381992
9788184833577
9788184951462
9788176211116
9788183713436
9788184951875
9788184954074
9788184020830
9788184026160
9788182810556
9788184045963
9788177395105
9788184121902
9788183454889
9788183571609
9788184300581
9788184313130
9788175969117
9788176210508
9788185246550
9788185273051
9788183797955
9788184027839
9788182900097
9788185316550
9788185360522
9788183070973
9788181981134
9788182092501
9788182095021
9788184684285
9788184771794
9788186190104
9788186190227
9788184825602
9788184778106
9788182745230
9788182810129
9788186469729
9788186618080
9788182965324
9788182967335
9788184954746
9788184955088
9788184450002
9788184651553
9788184083088
9788183241595
9788182743090
9788189511005
9789327261981
9788196593414
9788196676117
9789327278521
9789327279320
9789327286649
9789327294194
9788189906498
9789332519268
9789311128467
9788188330089
9789347047756
9789347047947
9788189196011
9788189276041
9789365576559
9789349208100
9789327267181
9789327277746
9788189511173
9788189611941
9788189632106
9788189632113
9789324193667
9789351131144
9789351428008
9788896322840
9789351441618
9789350680377
9789350716199
9789351445999
9789351448020
9788194729686
9788194869184
9789382554349
9789351449751
9789352513390
9789350978252
9788197399787
9788199104860
9788854407961
9788896322239
9789332516687
9789311124421
9789351443162
9789351445661
9789352132126
9789352242238
9789352511464
9789350943977
9788192649535
9788187981244
9788188082070
9788188082087
9788188129188
9788188251018
9788188266005
9788193978566
9788194227229
9789325968905
9789325976122
9789325977846
9788193784518
9788188569731
9788188661046
9788187671589
9788187981015
9788188429639
9788188479832
9788188849253
9788188965366
9788190439350
9788190647755
9788188266685
9788188322435
9789327195576
9788189934521
9789332521247
9789347047497
9789350834152
9789350834480
9789350902011
9789350904725
9788187344353
9788190917353
9788189511036
9788189511166
9788192868035
9788192428857
9788193230015
9788193304426
9788188132256
9788193784549
9788189975456
9788190264815
9788194227274
9788194289067
9788187233558
9788187321255
9789352590476
9788196469184
9788192997520
9789359480978
9789370028708
9788180565946
9788197784927
9789388563246
9789812140203
9789391460808
9789390782154
9788126511792
9789377133238
9788174091291
9788177220193
9789380594484
9789382563037
9788177223125
9781603460774
9789387285255
9789371972284
9789359474885
9789352010868
9789357425407
9780333938560
9781844226252
9781403922267
9789362074058
9780195664836
9780002740876
9780198099758
9781596091504
9780333935026
9780751309768
9789350370827
9789388240536
9788185778952
9789361563393
9780199469857
9780198091042
9789386591135
9788176672191
9789357555319
9789352031733
9788181804907
9780721423746
9780521708951
9781107664999
9780721479415
9789814418409
9789380231303
9780333922118
9789380690797
9789352831937
9788175440128
9789385827273
9789350949832
9789352027231
9789352623242
9789814357111
9788187981138
9789814418430
9780199467365
9789814357074
9788197181375
9789814357081
9789352734320
9781403909466
9788197026898
9780521684293
9789382986133
9789382038399
9789382038351
9789381396315
9789381390658
9788176760782
9788176760676
9788173400001
9789812743794
9789812740663
9788186734360
9788176494724
9789814418386
9789392330490
9781259003776
9789385827136
9780143469667
9789385888373
9789355969934
9789354338281
9789814347952
9789365573749
9789356936539
9789354336959
9789391062316
9789348995025
9789348995926
9789381390603
9789365576566
9789373071695
9780143469674
9780195665130
9789380097176
9781855765528
9781408508534
9788177099157
9788172735043
9788170164128
9780230637023
9780195689617
9788129201355
9780195668209
9788180460029
9788170128830
9788178690346
9780061128349
9788184313017
9789348415721
9788185300504
9781403923615
9789378165498
9789394613782
9789394613218
9788131999295
9780070146334
9780199457403
9780199457038
9788125928584
9788120344075
9788119554898
9788125907268
9780199457410
9789814357104
9781863433655
9788119554133
9789351621959
9789369576661
9789385476563
9788193141212
9788186307632
9788198037664
9780373896462
9780198099734
9788184095814
9780373896431
9788131718940
9780373358526
9780373357666
9780198090786
9780198062448
9780375828171
9780375839344
9781847385567
9780874878172
9781576835029
9789358860665
9789364374675
9789391371036
9789383646203
9789390720958
9789380262642
9788189547103
9788186851821
9788185880655
9788179922736
9789388925044
9780199464906
9789388605120
9789394644014
9789361801556
9789359983882
9789384447953
9789394644670
9789395085779
9789831363126
9789814192170
9789390378357
9789389750997
9789327288230
9789386820860
9789386713025
9788177303384
9788170237969
9788131302712
9798889517924
9788131302071
9789387672611
9789384447373
9789359470207
9798176130133
9798887042138
9798888051092
9798889753803
9798889862741
9789388050609
9789388438667
9789390582587
9788181379450
9788182200265
9788188849208
9788178555003
9781637818428
9781638324447
9781638508083
9788188849277
9788192961156
9788194250647
9788178554389
9788176563130
9788180565175
9788181371911
9788182961098
9788182963931
9788177691603
9788178291888
9789327237146
9789327242348
9789351449560
9789352020201
9789352023172
9788183323215
9788181374837
9788181375704
9788176296816
9781259001994
9788174965677
9789352032778
9789352026180
9788177394641
9788177398465
9781403931214
9788177000061
9788187838111
9788896322055
9789388994736
9788188429264
9789389323849
9798889865568
9788177392425
9788177392869
9798892336758
9798891860964
9798888694763
9798888159453
9781637140710
9788194345664
9788182965034
9798889096252
9788183320375
9788183320382
9781684875139
9789810613075
9789812146007
9789881510846
9789395941785
9789388514231
9788171106141
9788170640912
9781259001987
9780521144384
9780333936832
9788172292324
9788123432205
9788172545215
9781646784325
9788170640837
9788120416901
9788123441061
9788128504235
9788128504358
9788128504396
9788131763421
9788122507065
9788170086765
9788174823410
9788174828385
9788194727910
9788184021066
9788184028461
9788197300059
9788197823596
9788198482402
9788198545824
9788121919784
9788121927086
9788121929929
9788121932233
9788122314502
9789380842509
9789381481561
9789381514276
9789381970546
9788183891790
9788181376664
9788181377180
9788184154184
9788184303858
9788185614311
9788185790909
9788186196250
9789356210905
9789351446507
9789351447658
9788178556949
9788178664873
9788183320399
9788121933513
9788172542597
9788183332897
9788183795951
9789352038046
9789350130872
9789350364543
9789354562020
9789354954085
9788199013261
9788186270585
9789356931589
9789357364645
9789380027883
9789385873836
9789351428770
9789355969927
9789355969835
9789355963604
9789386173652
9789392223242
9789391893910
9788196237479
9789350948811
9789350979839
9789392374906
9789392439148
9789394201224
9789350120958
9788195979844
9789380027555
9789327258134
9789327287639
9788173715785
9781107695696
9788123423722
9780199470334
9780333932414
9780199481729
9780070660328
9780198091028
9789351415688
9789351416180
9789351416241
9789385676918
9789379790286
9780521704137
9780199464937
9780070667747
9781107643772
9788184984910
9789357375184
9788183329187
9789358675801
9789384447601
9789384447960
9789384478674
9789334295238
9789348875952
9789382956723
9789361808210
9789362078889
9798887041292
9798886418859
9789368681939
9789385529153
9789384857158
9789361804359
9789352733583
9789353964771
9789362868626
9789363339200
9789363550926
9789365575026
9789368681403
9798187522040
9789390972241
9789391893552
9783154842191
9788168693784
9789380422121
9789380422046
9780670082742
9789381068366
9788172164348
9789380422237
9789351870968
9788190898775
9788190898782
9788184749458
9789368848134
9789370463837
9789373357669
9788190898737
9789352727896
9789360129255
9789395355841
9789394879348
9789373948577
9789361974922
9789386622051
9789387880702
9789390582488
9789395556026
9789352904907
9780198070566
9789353381097
9789382784142
9780670084890
9780199450909
9789354565489
9789395268981
9789387162709
9780448438993
9789369896875
9780195643701
9780195659856
9788173705069
9780195681291
9780198062622
9789363956254
9780198091011
9788179873137
9780198090779
9789352026012
9789352020850
9788125054092
9789352624492
9789352623235
9789352605262
9789387880719
9789381923955
9789378169700
9788130925356
9788131503751
9788130932637
9789388545006
9789810613020
9789388240529
9789352026005
9789352023677
9789324199324
9789352736911
9789388050883
9788175152816
9789388177436
9789365578331
9789367501023
9789350590973
9789350835715
9789351424772
9789354805004
9789365574760
9788183571166
9788130919157
9780070699359
9788187103004
9788125054108
9780070620438
9780199469840
9789351428114
9789351428121
9780195665222
9788184954326
9788184245073
9780195693133
9788183795760
9789351651796
9788897770367
9789388701310
9788173815447
9788170942788
9788130924922
9788125907251
9789390436699
9789390352951
9789812742216
9788184318586
9788175441989
9788183322904
9788125004240
9780071074490
9780198395768
9780199467358
9781107671454
9789812740700
9789391916220
9789387979567
9780866021036
9788190898751
9789380422169
9789349988187
9789350162316
9789350946763
9788183502788
9788180548574
9780198091004
9788131718926
9789387369153
9780195664829
9780198063681
9788187414810
9780198067023
9789354970337
9780199480531
9798171512323
9789386877833
9789359597614
9788128026447
9780199478781
9789311124919
9789311123141
9788197167942
9788197123399
9789360834364
9789360949457
9789360949891
9789361104374
9789393477620
9789393262592
9789392880575
9789361107122
9789393757203
9789395255509
9789831363935
9789392536847
9789387320741
9789387320789
9789387484894
9789357744539
9789357747660
9789390811281
9788125020974
9788128504297
9789352026449
9789354952159
9789355481917
9788195382842
9788171561759
9788131804360
9789385676871
9789386278975
9788177202687
9788177099959
9789354912245
9789354396434
9789354338052
9789354337567
9789354337147
9788121928243
9788121904568
9788119452606
9781840463774
9781648284458
9788195353217
9788194239611
9781108696678
9788184933796
9789381481295
9789380733005
9789368685111
9789366653624
9789365813838
9789365570809
9789358312317
9789363313279
9789363314542
9789363319400
9789370028616
9789370462168
9789370920484
9789376884544
9789355946898
9789369547401
9789357698528
9789357694322
9789357743297
9789357741767
9789357744218
9789357748926
9789390989638
9789391326197
9789391547219
9789391576110
9789391968786
9789358738216
9789358738902
9789357610254
9789395255578
9789395481519
9789351416265
9789351428275
9789351447450
9789351449041
9789351641117
9789357442473
9789357559744
9789383186761
9789358314595
9789358316759
9789358730999
9789358316810
9789363312951
9789363313064
9789392445194
9789392474736
9789350942895
9789390460045
9789389627602
9789348740571
9789348078926
9789334367744
9789334002379
9789325980068
9789311129174
9789352021574
9789352021444
9789363312630
9789363312043
9789363311503
9789366665467
9789363310438
9789368681533
9788180940156
9789352534494
9788182093393
9789383286973
9780199450879
9780932377494
9780070144842
9788186469132
9788188222124
9788189359522
9788189411336
9788189923013
9788195356492
9789831365052
9789363311145
9798885692892
9798895569023
9798904515898
9798897777228
9788184312645
9788185799537
9789350996874
9789352512324
9788183324359
9788183327350
9789311124933
9789311128870
9789359069777
9788171705757
9788174821089
9788183324342
9788174828996
9788175225626
9789361804854
9788177001105
9788178840352
9789355968647
9789356054851
9789361805325
9789356612495
9789357216890
9788183600316
9789357219341
9788184765236
9789350366608
9789350940051
9789361808562
9788131731291
9788181805836
9788177225501
9789385529740
9789393456236
9789393456069
9789390782161
9788126505142
9789372902334
9789361803994
9789381638651
9788194597155
9789347971495
9789394683907
9789394683181
9780330473019
9780842383394
9780195690538
9788194918622
9788119237340
9780199471485
9789357553315
9789357550826
9789391090357
9780333930540
9780099404040
9789386575203
9780099404149
9789352727957
9789391044237
9780099411062
9780141029078
9788193425657
9789351676645
9788182966550
9780195664812
9788188283156
9781403992055
9781405270175
9788189107581
9788189430702
9788173810800
9780863117282
9780706998856
9788120324909
9788171567263
9788171562947
9788120324015
9781857333602
9788121613910
9788121610049
9788120332614
9788120325265
9781482413595
9788170288619
9788170239420
9780435999599
9780230638877
9788121901727
9788179921708
9788128020506
9788128019036
9788179254165
9788179253519
9780070483323
9780199483938
9788124110393
9788123913209
9780143442004
9780074634820
9780070648562
9780070636675
9780070605077
9780070581180
9780230634244
9788120331631
9788170421405
9788190687836
9788174090089
9780007279074
9788170218098
9788170121442
9788168923379
9788193978580
9788168642140
9780706988246
9788177697698
9788172869397
9780575075948
9780000114112
9788184766622
9788170589259
9788192309422
9789364404044
9789327287677
9789327264647
9789356931053
9789356930643
9788173280979
9788173027352
9788172960247
9788171004928
9788120327696
9788120327153
9788122003451
9788121904582
9788179923030
9789350978269
9788184488487
9789350880241
9789350833827
9788126913152
9788170293736
9781482450811
9788126442812
9788125011330
9788168633247
9788167210876
9788181891730
9788181891372
9788131311240
9788131206539
9788170298267
9788126913053
9788170332695
9788170330776
9788170239444
9788188237951
9788188156726
9788184312713
9789351520993
9789350134917
9789386698254
9788176931304
9789385556197
9789386634535
9789386307897
9789386116864
9788184486735
9789389652949
9789389286793
9798190095401
9789814347921
9789814347914
9789385888281
9789380703329
9789380143477
9789353679194
9789353678678
9788179773703
9788179305638
9780143103370
9780074631959
9780070648586
9780070447349
9788170406655
9788174462664
9788187100218
9788186851944
9788186775035
9788186651421
9788183573900
9789812145055
9789390551002
9789327269659
9788194289081
9788174761835
9780230634619
9780199470815
9788122420371
9788121910330
9780199460458
9780199457748
9788121908498
9788120324930
9788131245866
9788128019012
9788175348417
9788125909606
9780863113260
9788125905356
9788123429502
9788183334846
9780070087750
9788184120325
9781482460131
9780195679687
9788170332916
9788127258269
9788174934475
9788174932679
9788170088578
9789387284456
9788173714016
9788172867706
9788183334815
9788183074315
9788121702003
9788120831766
9780297853596
9788131772065
9788131765241
9788131800379
9788120316515
9781848315129
9780761993766
9780753825600
9780706977721
9780521708944
9780521152129
9788120806085
9788188267255
9788188039067
9788187248316
9789384248680
9789382993865
9789381348383
9789380016139
9788186599174
9788186299463
9789327289329
9789327287707
9781408508565
9789384238056
9789327249804
9789327245776
9789382609643
9789382609094
9789382394372
9789382033189
9789351525745
9789351423997
9789348995841
9789347764059
9789385114212
9789380712031
9788184955675
9788184950212
9789358408997
9789358403176
9788184121681
9788184027846
9789356930568
9789355964151
9789354955433
9789354953880
9788189796044
9788194227205
9788186332337
9788185989594
9789373351230
9789372126587
9788179922408
9788179912140
9788185952826
9788185860992
9788192929408
9788190986410
9788194227212
9788181160416
9788171793587
9788171563890
9789387265929
9789810107598
9788172732387
9788172453954
9788172252946
9788171857388
9788171561162
9788171339532
9789352605743
9780007492138
9789390436774
9789381319161
9789386416018
9789390515721
9789390450732
9789390436941
9789390436866
9789814347907
9788185860527
9789810616977
9788178093741
9789352440108
9789385114250
9789385114236
9789381068052
9789380872018
9789380868752
9789388395434
9789388067348
9789381348055
9798179922483
9789831364789
9788181913388
9789812325228
9789387284487
9789387284463
9788185475929
9788184950236
9789814308410
9789814308243
9789814308229
9789814308212
9780195659702
9780074519288
9780070994133
9789814308199
9788183990004
9788183600583
9788183333696
9788183074421
9788187651017
9788187325116
9789351410720
9789351200703
9788185749198
9788185273136
9788130925349
9789364409094
9788190493925
9788190299664
9788127240592
9788127203757
9788188849147
9788188643400
9788187972129
9788187949121
9788172865115
9788172252038
9788131804063
9788129202246
9788193978573
9788175981102
9788174823724
9781782436973
9781782435938
9788179292396
9788179291870
9789810616960
9781407536460
9788178125909
9788178093635
9789383646913
9788178080123
9788125002154
9788124202128
9788120324534
9788120324152
9788181890436
9788179928400
9789351040569
9789385114229
9789352621729
9789352621200
9789384175016
9788178093352
9789350637050
9789350492826
9789350492819
9788182810952
9788181913333
9788176564847
9788176500975
9789351130291
9789351104605
9789352023806
9789352021598
9788131311400
9789354337406
9789352992669
9789352831944
9789352734313
9789352734252
9789372125764
9789372124675
9789352621132
9789352605965
9789370789302
9789365576108
9789354338274
9788193411063
9788192856360
9789372126419
9789381975220
9789381849422
9789381376010
9789372121551
9789371055543
9789327225396
9789325967281
9788854408630
9789350711088
9789350242889
9789350090855
9789380044361
9789380026237
9789347047725
9789347047176
9788174822659
9788174344946
9789350947111
9789350947074
9788173717918
9788173713415
9788198497840
9789389601664
9788892337572
9788131973868
9789355545787
9788892338845
9780199473960
9789373016283
9789377137229
9788131923382
9788131720417
9780756615062
9781426811272
9789357550857
9789353431891
9788173176449
9789372521801
9789360542054
9789501113402
9788173173707
9780448437231
9789359676739
9789362057877
9788168793552
9788184120899
9789350164457
9789372181852
9789387369276
9788169332514
9789387531895
9780836225587
9780879833329
9789358232578
9780199478897
9788183602211
9788183329798
9780199477029
9788174826510
9781636062549
9780997557756
9788176935975
9788176935951
9788123431505
9788122436266
9788184500943
9788184301731
9788183892391
9789351440161
9788175244160
9788187863205
9789350949993
9789350948958
9788183327510
9788183327497
9789311124940
9788188446988
9798887171760
9798887171647
9798888058510
9798888058213
9798888155660
9788130403205
9798887497204
9798887496368
9788131804940
9788131806067
9788175545175
9798887173443
9798887172460
9788177393552
9789311125114
9788181373564
9788181373380
9789311123745
9788195238453
9788170640660
9788175543942
9789311124902
9788194503408
9789325990142
9789325992276
9789350943731
9789350943786
9789350945339
9781639048830
9781639048571
9781636699158
9788170640981
9781636333113
9781636068756
9781649510396
9781648922534
9788178557502
9789348230355
9788178062815
9789350132319
9789348230737
9781636333472
9788170640929
9788170709770
9788170709787
9788182967830
9788182965829
9788125034704
9788124604274
9781648922008
9781648694653
9788194317876
9781647839482
9781647600860
9781647334710
9788183559652
9788183559195
9788170709794
9788179681121
9788180141423
9788194168799
9788194187752
9781648286261
9798886842272
9788184766509
9798902074595
9798901360156
9798886069136
9798886067972
9788175154551
9789332556744
9788185398617
9788122306651
9788130907772
9788120767027
9788120417441
9798905403576
9798904796167
9798900236186
9798898794637
9798894756257
9798894462004
9798888050910
9798887838687
9788121931151
9798887173566
9789386820563
9789386555571
9789384302184
9789384091033
9798887044323
9798887044293
9789382648635
9789382394198
9798887042718
9798886843347
9789381316023
9789381156230
9798887042374
9798887042077
9798885914260
9798885912105
9798887042039
9798887041735
9798890670762
9798890660718
9798887042626
9788121927802
9788120798618
9780863118449
9780333936863
9788177669992
9788177393569
9798888152867
9798888152515
9798885553575
9798885466967
9798887493770
9789388537285
9798890026934
9798889865995
9789387984608
9789387984561
9798889231455
9798889097174
9789387672697
9789387672390
9798889091332
9789388563635
9798887178752
9798887174082
9788173193996
9781639049271
9788176493222
9788176297820
9780195666656
9780195670790
9780071333481
9780440234524
9781685386399
9788122310764
9788121938662
9788183795470
9788131999929
9788131939079
9788183553254
9788183329149
9788119624232
9788119386987
9781945825255
9788122417289
9789395150507
9798889234135
9798886412239
9798886291582
9798889093114
9798889092254
9789381156087
9789380644578
9789389693355
9789389048056
9798887042046
9789380005317
9789352022571
9789352021727
9789395941761
9789395268608
9789351651413
9789351472117
9789394651692
9789391576059
9789351448013
9789351448006
9789380108643
9789384646837
9789384498016
9789351446064
9789351445654
9789352743285
9789352741533
9789386189165
9789386035653
9789352530038
9789352513505
9789352440078
9789383746996
9789385887291
9789385676901
9789385152535
9789384753481
9789380619972
9789380408040
9789384447618
9789384447359
9798885465595
9789812435019
9789384028114
9789355880451
9798895441923
9798905407475
9798898261825
9798896327707
9788127203566
9798887042053
9788121920179
9788120407749
9780199485765
9780199479559
9780199464883
9789390041756
9781639578139
9788172451172
9788170351467
9789392379116
9789384447694
9788185116433
9788183990905
9788183795517
9788176291804
9780199464869
9798889753056
9788177393545
9789389693522
9789386835628
9789386835468
9789388983235
9789388631464
9798887045184
9798887044439
9789388537278
9789388537186
9798887042855
9798887178332
9798895563007
9789387320666
9789386850614
9788175154506
9798887171623
9798887045290
9798887041698
9798887040592
9798886674705
9798886673821
9798886290882
9798886290387
9798887178158
9788181377685
9788181376893
9789351038160
9789351030546
9788181373373
9788181373359
9788181373342
9788180900143
9788180141881
9788180141492
9788182964792
9789351447399
9789350363072
9789350238141
9789325978522
9789350364529
9789350364437
9789350364420
9788192868097
9788190977005
9788189091026
9788188476251
9789327295306
9788182964662
9788126561179
9788125043010
9788174821805
9788173704178
9788184979725
9788184620108
9788186308462
9788186053171
9788185731599
9788185297170
9788194030096
9788181379085
9788190249003
9788189766306
9789350947470
9789350947456
9789350947449
9789350945926
9788185182537
9788184979961
9788182963528
9788181379443
9788181379436
9788193594988
9789350717448
9789350633915
9789350364536
9789351445173
9789351444336
9789351443803
9789351441489
9789385914836
9789351447375
9789351447085
9789352027958
9789327270235
9789386500441
9789386379023
9789351766797
9789351651482
9789385914843
9798887042817
9789387860353
9789387860025
9798887042480
9798887042473
9789351447603
9789352027774
9788186413326
9788186361030
9789325987579
9789325984318
9789381458181
9789391029029
9789390224883
9789355360229
9789354339585
9789352743292
9789365810073
9789385401022
9789351444770
9789350943724
9789350895924
9789361804052
9789361803543
9789357755078
9789395101233
9789381620670
9789351450337
9789351449539
9789385676864
9789362862464
9789388397070
9780199460359
9788183576499
9789386328458
9789351677758
9789350893579
9789388277723
9789349703407
9789388149976
9789377410988
9789386323613
9789387308718
9789358260601
9789355543585
9789392878503
9788192295152
9789351674351
9789391841997
9789377410964
9788177893649
9789390557127
9789392618758
9789377410957
9789355793355
9781429101806
9789357554367
9789352832293
9789349006898
9781429115636
9781429108089
9788194126904
9789377301491
9789394644342
9788189541903
9788184773620
9788168731608
9789387880429
9789387758667
9789379848895
9789348104403
9788168731622
9788168793507
9789373013862
9789387880542
9789354464393
9789360548230
9788181802712
9789373171883
9780195677706
9789387880436
9789390607273
9789390213467
9780195609127
9780143445333
9780198090755
9788198482457
9780198090861
9789394987814
9789389798029
9789391239879
9780061733390
9789359487601
9789359487939
9780843123050
9780373684434
9789371052191
9788187251866
9789351755630
9798123909539
9788189403140
9788170332978
9789369614417
9789380743660
9789354338212
9789354338700
9789362734624
9780199457397
9788189866877
9780195692150
9789326198691
9789325969063
9789380051673
9789352621187
9789352621590
9788131791196
9788170086574
9788174829870
9788173704727
9789388104227
9788173704734
9789378169557
9789365571226
9789381638637
9788123442525
9789354952890
9789326198660
9789350642047
9789350381298
9788122413212
9780199457533
9780198091707
9780195688276
9780070612549
9789352530885
9789352023431
9789351428282
9789350977736
9788123429557
9789386575227
9788196463472
9788186332856
9789354337970
9788131763605
9789352623501
9789350374139
9788123442877
9788130919560
9788130919133
9789838998154
9788188237081
9780199481828
9788121924689
9788170330547
9789386008749
9788466212496
9789353624101
9780671579678
9780198063209
9789350366646
9780195670776
9789386390899
9781416901303
9788199534346
9780195698053
9780689846540
9789382038375
9780689878527
9780195696486
9789334451313
9788194525516
9780195677690
9789357029049
9789373353050
9789357028608
9789357027748
9788129135261
9780198090748
9789356739901
9789357026666
9789365235869
9789357027984
9788194743347
9789387944701
9780190131661
9789370036420
9789355544117
9788187549666
9789352832309
9780195667158
9780195678864
9780198067245
9789377511715
9789395260879
9798888695470
9789387015784
9789352038152
9789370021549
9789354337871
9789365575835
9789381430699
9789698646479
9788170944737
9788169225380
9789362078001
9789362076793
9789350945919
9788181372727
9788170947431
9788170946533
9789362071224
9798901362297
9789387853164
9789390352586
9789386345486
9789839154191
9789990329889
9798888055373
9789350893500
9789350944325
9788178128290
9789350946152
9788173713644
9788174763662
9788121909396
9788121911894
9788122436464
9788125006855
9789390352418
9788129200808
9789352532452
9789352534470
9789390436200
9789350834244
9789385676857
9789384915803
9780199485758
9780199596416
9780198094937
9789350366509
9788129812292
9788131709955
9788180546433
9788183327480
9789350362242
9789350271957
9788183327312
9788177394467
9788175080072
9788177000405
9789361808890
9788181377074
9788182960299
9789350366493
9789362078667
9788189411237
9788188458950
9789390436194
9788190692991
9788183795692
9788183579834
9789362834638
9789363193253
9789311123721
9789362860651
9789362860101
9781403931184
9781637149089
9789350131572
9789350366486
9789332516571
9789327213775
9788183324441
9788182961951
9789390659142
9789391041380
9789392379093
9789311121604
9789392935558
9789354954740
9788183324458
9798902960669
9789351416333
9789354955457
9788194869160
9788195660421
9788178557489
9781637452981
9789311121352
9789362861146
9789325980044
9788119412778
9788184028027
9788184770520
9788186877753
9789390436019
9789313166153
9788172112639
9789357555135
9789357266567
9788183579643
9788183559188
9788173704703
9789392379185
9789352831005
9789352626878
9789352624553
9789352603916
9789351870814
9789352038169
9789351445869
9789351424420
9789359624648
9789361803345
9788131771938
9788127203511
9788126023301
9788123916811
9788123904665
9788121917124
9780195694536
9788170083108
9788183333122
9780199479726
9788126022755
9788185421438
9788185683119
9780074636299
9780199460427
9788183332385
9789388022446
9789387484290
9789353675684
9780195692297
9780198066132
9788173280450
9788177644890
9788185731643
9789386179777
9789370784796
9789373940335
9789370788107
9789381595992
9789385888380
9789386179654
9789375442202
9789389480795
9789389418279
9789388642231
9789351415459
9789350947487
9789311121697
9789386209825
9789389951004
9780070606142
9780143414711
9780071077521
9789380262796
9789380262680
9789352831159
9788184929775
9798889757764
9789363116405
9789378162428
9789380480749
9781513695587
9789353496142
9789353497507
9789385827952
9789386328441
9781513695525
9788896325131
9789385827648
9789385827754
9789353494513
9789353492762
9789351952237
9789391067694
9789390782109
9780198063193
9780143460145
9780199460434
9789380480916
9788171798780
9780906149010
9780198069737
9789387045316
9789390490707
9788198052391
9789351200147
9789388478458
9789350580646
9780195694765
9780195664805
9780425155240
9789355793348
9789357550758
9789382108931
9788172343514
9789386313362
9789392549885
9788123922690
9780195691818
9789325980099
9789370781962
9780198063186
9780141439488
9780070616042
9788130919584
9781841611464
9781545703120
9781403928597
9780721449463
9780721427102
9780199461042
9788196093150
9789390116188
9789351424277
9789352026098
9788170089513
9789380502465
9780195677683
9789362076960
9780198090731
9789352831142
9789352028610
9789386853134
9789334301915
9789362070722
9788174091802
9789390638567
9789391913946
9789355770165
9789357364768
9789385217166
9788173713019
9788131763162
9788182966574
9789385217180
9788119661848
9789382956341
9781429125857
9780195696479
9789356730311
9788183327138
9780195665215
9780198069744
9780198093787
9780195670769
9780199481279
9789393767387
9789373593418
9780198081975
9788125027850
9788182966444
9788125048305
9789362070913
9789366400389
9788899843489
9788189221577
9788189129019
9788189000684
9788184833881
9788184748925
9788177393224
9788177210828
9788190284103
9788170703303
9788186852620
9788186651650
9788170703310
9788170750079
9788181371850
9788181372291
9788170662761
9788173714078
9788173914751
9788181840226
9788178553078
9788178553894
9788177022995
9788179503690
9788179771068
9788170703327
9788176486705
9788176485050
9788176463423
9788170706786
9788170545026
9788170563617
9788186413272
9788186270752
9788175155985
9780174300397
9788187380658
9788187380665
9788183688314
9788183795067
9788186982952
9788183324434
9788182960886
9788183683524
9788171981090
9788185990712
9788185733883
9788185712789
9788185053370
9788184450859
9788184303223
9788187380535
9788187169284
9788187125822
9788183682848
9788177393392
9788177393385
9788182960282
9788181913401
9788188082650
9788187887010
9788187649342
9788187603009
9788194345695
9789382459972
9788184302301
9788184027662
9788184027525
9788184020939
9788188322190
9788186562673
9788186773116
9789380827162
9789382381419
9789382428015
9788194137917
9780143028437
9780140288193
9780140282139
9780140279184
9780140249941
9780071074841
9780199459483
9780199459476
9780199453214
9780199462520
9780199462513
9788171560776
9788171427963
9788188789221
9788171422418
9781684871032
9781680306774
9788123433103
9788123411361
9788121404914
9788120831049
9788126129928
9788126124534
9788181371003
9788181370570
9788180521980
9788180460883
9788171426508
9788120736368
9788131245880
9788131245873
9788131020821
9788131020760
9780198093794
9788173712371
9788131300510
9788131245897
9798902317128
9798894462349
9798890665485
9788131302804
9788123443867
9780140278446
9780140270211
9780198095798
9780198063728
9781685387808
9781685541033
9781761346866
9780143030300
9780143103233
9788131023747
9788131023730
9788131023242
9788131021101
9788123905020
9788131302170
9788177568448
9788177566338
9788175154544
9788174320568
9788170821519
9788170750161
9788172296520
9788172291419
9788172154776
9788172153526
9788176253437
9788175810778
9788171566969
9788172939823
9788173704673
9788173704635
9788173151781
9788173094385
9788171088997
9788170822387
9788172544805
9788172543167
9788130920122
9788129500854
9788128832024
9788128024023
9788172150815
9788171561995
9788172734626
9788131006252
9788131001370
9788131306390
9788131306123
9788131304501
9788131302323
9788126711291
9788126708048
9788131300930
9788131300770
9788170285571
9788170272441
9788177697032
9788170147121
9788131020678
9788131018019
9788131804254
9788131306475
9780545034678
9780199485741
9780199484713
9780199481156
9788131301425
9788131301371
9788175310650
9788175156401
9788177697667
9788170189596
9789352530533
9789352022922
9789351133070
9789350945520
9789350684016
9789350484425
9789391812522
9789390486007
9789375442578
9789373890289
9798889514657
9798887722061
9798887175003
9798184193816
9788120737914
9789352666249
9789380712406
9789380545417
9789380408651
9789380283555
9789380051628
9789380044095
9789350366585
9789380032405
9788126317660
9788126010653
9788131305485
9788131305003
9788131304273
9789350172223
9788171567232
9789370785977
9789363339521
9789362834171
9789361808302
9789380044057
9789382174561
9789355231574
9789352830190
9789373890142
9789371185837
9789386209832
9789385982163
9788172542894
9789387320642
9789384788445
9789348555618
9789327244328
9789327225792
9788897443315
9788897242215
9789361801631
9789358578348
9789389893496
9789388537100
9798176932324
9798131800392
9789836803160
9789395635783
9789387567184
9788172542108
9780199483341
9788173665271
9788173153914
9788125910855
9788125910800
9788124312261
9788122007091
9789394829381
9781684873289
9788131907740
9788131306284
9788131306086
9781637813515
9780982020012
9788131304143
9788122002713
9788122000283
9788121929691
9780199462537
9788120775183
9781983128479
9788126009893
9788125908944
9788124109267
9788123917931
9788169277860
9780199453245
9789393876126
9780199462551
9798904311520
9788122005233
9788122005462
9788122003420
9789384089818
9789383700387
9789383186013
9789383051472
9789382877097
9789382428022
9788129502582
9788127214487
9789386500168
9789386433718
9789388277495
9789388050821
9780199483358
9789387812352
9789381348178
9789384197148
9789387320598
9789386729804
9789392593161
9789392419799
9789392379239
9789391968076
9789382348184
9789386555298
9789393757210
9789392593963
9788120729407
9780768905106
9789387840065
9788187414070
9788185930060
9788185880532
9788185830155
9788185828589
9788178900315
9788177290189
9788187321170
9788187100997
9788186852736
9788186852408
9788187540205
9788187528234
9788186232385
9788172331245
9788190896535
9788189487409
9788189301200
9788188134847
9788170331902
9788170247586
9788173153600
9788173150289
9788173018763
9788172732363
9788170221593
9788170086680
9789350684191
9789350237090
9788186026083
9788193787915
9788192692814
9788192408804
9788192215341
9788188039142
9788188039036
9788190651370
9788190295383
9788195549283
9788195366637
9788195366620
9788194359722
9788188890675
9788188849215
9788187415435
9788193865354
9788183615631
9788183615181
9788183612401
9788183327473
9788190995306
9788190804035
9788177210002
9788176489928
9788185316260
9788185167107
9788185163581
9788185116334
9788175811133
9788175244443
9788193994801
9788131600269
9788131307281
9788131307045
9788131306918
9788196950576
9789350366561
9788185421292
9788185316376
9788170243410
9788170235958
9788170229988
9788170222484
9788184670295
9788184040487
9788174966148
9788170000129
9788171563180
9788171003006
9788170551324
9788170543541
9788131306352
9788185475783
9789382174349
9789381979303
9789381920534
9789381920176
9789381348444
9789381348215
9798179480570
9789381162743
9788170080916
9788174765017
9788174463388
9788173871788
9788170541158
9788170443025
9789388922166
9789385140815
9788176488013
9788176487276
9788176340328
9788176296809
9789380712901
9789380408088
9788175244429
9788183712736
9788183683531
9788182910669
9788181431141
9788179751565
9788173871504
9790143099665
9789350366547
9789350364765
9789350364512
9789350364505
9789350176634
9789350172711
9789385676840
9789385039096
9788184040036
9788175224995
9781741859263
9788172450694
9788172735982
9788177228663
9789350492352
9789383067039
9788184000856
9789350492109
9788174826367
9788174829986
9788176603324
9788193654033
9781741859249
9788899616465
9789347971297
9789348995124
9788179928431
9788181902443
9788182521827
9789350291474
9788177225402
9789351362302
9789355993151
9789377303327
9788189906405
9788189934637
9788191073003
9781742021393
9781843327615
9781848120976
9789348995452
9789348995810
9789350135723
9788126502585
9788172239138
9788177226201
9788177227956
9788177228076
9781741119596
9781741119657
9781741503715
9788128614729
9780007527731
9788128614743
9788128616259
9788128616303
9781848371286
9788119064380
9788122487053
9788131723371
9788184951486
9788172865252
9788174820129
9788174823465
9788128614675
9788128614682
9788128614699
9788177222395
9788892224803
9780070660533
9780143067375
9780143100386
9788128616327
9788131503775
9788131722459
9780143418160
9781406266443
9788184955385
9788184955750
9788184998054
9780007282531
9781402779596
9780857071781
9780143331131
9780143332930
9781402779619
9781405052900
9780143335887
9781406212549
9781408307991
9788126506484
9788128614736
9781405054294
9781409302261
9781609947095
9780333947357
9780753419403
9780753419496
9781741859218
9788131723357
9788131723388
9781405357982
9781405930109
9781403924919
9781403926708
9781259005060
9780723294313
9789390679379
9789378166167
9781403922335
9788131723333
9788131723487
9780143415251
9788131900581
9788131723524
9788128614637
9788128614460
9788126544073
9780143427353
9781402774782
9780007352685
9789382299592
9789377514945
9788131723326
9789831362723
9788126512195
9789385254062
9789389012804
9789388701952
9789381639306
9789389173871
9789831364390
9789386791351
9788131723418
9788131723425
9780333935453
9780330453417
9780230750548
9789384898922
9789378167799
9789380848839
9789831363898
9788131723401
9788131723456
9788131723463
9789392536915
9789654941648
9789390515585
9789390436989
9789356937710
9789390436026
9788178669601
9789365579062
9789352621026
9789353675646
9789351420071
9789355961136
9789354955020
9789350519813
9789352028238
9789390436163
9789390436552
9789350513064
9789363556539
9789353679248
9789353675752
9780333926598
9789352625963
9780333934586
9780333935378
9781403922533
9788467516364
9788171376278
9780198063919
9780198063902
9788173178016
9789390582440
9789386900708
9789383758487
9789814399586
9789814399593
9789355793324
9780198063926
9788131014691
9788172864484
9788131312704
9788129114518
9788129114495
9788129112835
9781403909923
9781107628953
9780812916942
9780785816485
9780782129045
9788131512814
9780670894321
9780670888405
9780670081844
9788170202622
9788170085874
9788129115584
9788170083504
9788131802847
9788131770993
9788131723395
9788170998808
9788120318854
9788128825750
9788128809378
9789383202942
9789388395977
9789386634115
9789385556081
9788128635779
9788128612657
9788129108623
9788129103437
9788129105189
9788129104038
9788129104021
9788129103932
9788129103857
9788120323599
9788130919775
9788130918266
9788130915500
9788129119148
9788129106407
9788172253189
9788174766595
9788174766496
9788174765048
9788174731678
9788174730077
9788173812637
9788173710964
9788173710223
9788176357616
9788175966505
9788175960589
9788175156524
9788170403746
9788175152939
9788175150409
9788174969811
9788131312100
9788131311622
9788131310267
9788131309582
9788131309551
9788131309285
9788131300947
9788130919836
9788180618147
9788180616402
9788180611711
9788175156326
9788170299110
9788170289296
9788170288718
9788170288107
9788170284475
9788170234036
9788171858705
9788171679959
9788171679621
9788171679614
9788171678549
9788171675203
9788171671908
9788172453473
9788127255855
9788127219222
9788126712861
9788125932550
9788125932536
9788125042129
9788124202036
9788124117026
9788173704666
9788173191121
9788173142642
9788173142635
9788173101472
9788172866556
9788171671786
9788185989150
9788130907741
9788174467034
9788174763228
9788123905921
9780521152136
9788125901884
9788189474317
9788188458592
9788188237302
9788131309216
9788171567843
9781569571217
9788131310724
9788131310120
9788131309261
9788131309247
9781403929167
9781403928115
9780007309757
9788120400313
9788120326880
9788120325289
9788172232726
9788171859078
9788171793389
9788131310861
9780070585270
9780070584372
9780070584143
9780070402652
9780670049547
9780521898805
9788173101540
9788172454203
9788172252489
9780007277858
9780007272310
9780007272280
9780195642636
9788186830550
9789350177808
9789350123942
9788188129942
9788187818748
9788187782513
9780333917619
9788176357401
9788175967106
9788131309131
9780861318018
9788187248224
9788186852521
9788186830659
9780195630268
9789814147590
9789380517629
9789380514260
9789380444253
9788120784833
9788120327177
9788120325616
9788120325272
9780195694734
9780195647945
9780195475128
9780143101758
9780143029816
9788171673711
9788120325241
9788120317130
9788120315044
9788120313705
9788120312494
9788124101346
9788123906133
9788123902623
9788123432724
9781863433648
9781861877253
9788178990569
9781403929457
9788120325258
9780141008103
9780074518656
9780074517161
9780070699403
9780333933381
9780199490615
9780199465200
9780198744917
9789390128273
9789389188264
9788177647778
9788177641509
9788177270181
9789836803061
9788176559706
9788185330174
9788185135748
9788184312911
9788120327139
9788120326873
9788129103352
9788129103345
9788129103239
9788129101686
9788120325180
9788120323919
9788176490801
9788176710299
9788188575558
9789380403151
9789380298634
9789372121186
9789364407762
9789382394310
9789381791073
9789381576298
9789393689252
9789381283103
9789381115312
9789380834146
9788178990125
9788188811991
9788188811489
9788188661763
9789810164508
9789382665168
9788121615785
9788124204009
9788124202098
9788175964365
9788175963368
9788175411845
9788129109347
9788129106278
9789380739113
9788192496634
9788192023908
9788191035537
9788190710459
9788190710428
9788190575072
9788190801805
9789327261042
9789327256314
9789327254389
9789327254310
9788189988067
9788189988012
9789380658421
9788190801829
9789380408163
9789348137968
9789348137630
9789348137593
9789327287844
9789381376003
9789352604630
9789352035588
9789350948729
9789350681008
9789380710396
9789380710082
9788189757748
9789351526193
9789350593073
9788184000696
9788183332200
9788181282958
9788178990279
9788178840178
9789387499089
9789384170134
9789381752043
9788131305348
9788131301746
9788131301111
9780143027973
9788170127451
9788131311264
9788190710404
9788190125772
9788178294681
9780333965146
9780195694710
9780195679991
9780195663501
9780195653175
9788131307113
9788131306871
9788123909356
9788171565535
9780141007755
9788129102454
9788129102263
9788124202081
9788123926001
9788129103215
9780070671928
9780007473328
9780230525054
9780198061915
9788129114723
9788129111050
9788129109743
9789380027173
9780143031802
9780143028185
9788129101327
9788127227180
9788125913733
9788125911708
9788129103253
9780971716711
9780521012607
9788178294674
9788178134826
9789380408002
9789380154459
9780143099949
9788187981480
9788187981459
9788187981220
9788187981039
9788187649861
9788187138969
9788187075554
9788187057444
9788188234356
9788187981725
9788178124698
9788178080543
9788177663273
9788193237656
9788176561792
9788176494205
9788176490115
9788176490061
9788184191073
9788184121841
9788184091038
9788184082487
9788184081442
9788184000702
9788185860817
9788185860596
9788185567020
9788177643558
9788131308981
9788178883335
9788178240282
9788178190778
9788183220088
9788182966611
9788182837232
9788182742840
9788182090637
9788181501103
9788181472939
9788181320070
9788183823340
9788171872381
9788183578868
9788183511612
9788183415453
9788183335249
9788183333894
9788183330008
9788172252076
9788172241155
9788172234393
9788172233679
9788172233372
9788172232696
9788172232269
9788183795968
9798128819956
9789350352250
9789350260289
9789349373532
9789362862327
9789357824873
9789357824835
9789352668601
9788190841160
9788190805827
9788186299333
9788186190531
9788186190449
9788185461311
9789327251265
9789327245912
9789327243505
9789327212884
9788190280600
9788188479825
9788188405008
9788188339181
9788188297016
9789393757135
9789393689276
9789393689269
9788189131050
9788186112526
9788184953039
9788184775594
9788184766677
9788184430196
9788186939437
9788186898017
9788186804759
9788186299517
9789382562467
9789382560630
9789382503569
9798179925958
9789393689245
9798129102453
9789389195873
9789388594103
9798128809377
9798128805232
9789812655516
9789348995537
9789709726497
9789709726459
9789709726398
9789394739215
9798185185100
9798129106826
9798129103504
9789393459961
9780671550776
9789348995674
9789348995131
9789352203413
9780198099710
9780689859533
9780195676976
9780486794839
9780198063667
9789380942094
9780198099703
9789348995056
9780789903815
9780198081968
9788173177705
9788194042129
9788184773538
9788174142337
9789386519535
9788170584674
9789385436277
9780198099727
9789383815272
9788197016837
9789380257082
9789380480190
9789392330124
9789392330100
9788125601326
9789365903218
9789365900279
9789363550445
9788168676190
9789391943738
9789394644915
9788170237266
9788122442984
9789391841423
9789362078223
9789359489131
9789394644526
9798885694308
9788183570688
9789395268226
9789383811038
9789392837722
9789391277918
9789357824798
9789380712161
9798887173917
9798886842487
9798902960126
9789388809870
9789386179715
9789351443384
9788182961937
9788131804643
9788131805701
9788170709763
9788172112615
9788173710865
9788175981249
9788177392340
9788178123318
9788178556291
9788178990897
9788181377166
9788182960985
9788188849536
9789360590093
9789360591069
9789360591212
9788193992050
9788189485917
9788189511081
9788186877616
9789384091859
9789384248666
9788184243840
9788184020083
9789350836781
9788185240985
9788186177464
9789382648291
9789381004111
9789385935237
9789384852559
9789385244681
9789351416258
9788184671360
9789352030897
9789385676833
9789352513369
9788186906088
9789355945525
9789352513383
9789352513376
9789350946121
9789383440344
9789380712048
9789370028319
9789385244728
9798885553582
9789380644646
9789384028640
9788125004899
9788123445663
9788123431604
9789352031016
9788122433890
9788170943389
9789350718704
9789350518373
9789350517048
9788131802571
9788120759312
9788120758414
9788120412750
9781648993053
9781648991738
9781648925610
9781646783168
9781642492408
9781638737766
9781637142349
9781589253629
9781545711668
9788121602587
9788188230334
9788131763209
9788128010972
9789077256190
9788194334866
9788121936101
9788190172677
9789347764004
9789311126869
9789388537322
9789388537094
9789387330344
9789386835444
9789387253513
9789388104319
9788185316482
9788188429356
9788182965652
9788182965287
9781638501237
9788177643008
9798904314958
9780198094913
9788121611367
9798903627912
9788121909259
9788121931847
9788178557120
9788177391619
9788127203269
9781646784714
9781846841453
9788187782520
9788188125043
9789388701174
9789352743209
9789351422655
9780199478026
9788182965270
9789351441199
9788131506684
9789389446883
9789389420319
9798888490259
9798887333335
9798887333229
9789360596262
9780195686432
9780074633489
9788125032496
9789360595548
9789360597498
9798899294617
9789360596064
9789360595401
9789360592226
9789389750638
9788170224747
9788170083559
9788189004637
9788172252298
9789360595227
9789360594619
9789360593292
9789385879005
9789385935190
9789384028671
9789352023578
9788123417417
9789357557368
9789357824828
9789351762454
9789351766780
9789351868705
9788183327374
9789352023226
9788122440294
9789325978409
9789325987456
9789327236354
9788125031703
9789348948038
9789350123171
9789350237069
9789351449003
9789385935251
9789386179432
9789386179548
9789352023219
9788121940436
9788122204223
9789311121611
9789350946794
9789350947418
9789350974643
9789350979860
9789351214410
9789351404552
9789389893724
9789350235218
9789384028794
9788123423012
9780199460410
9780199484706
9788122407280
9788186469088
9781429124812
9780893287597
9781429191180
9781429191166
9788186469125
9789355741820
9780893287535
9780893285623
9780893289065
9781429106016
9781429119221
9781429115308
9780198083146
9781429101394
9781429115223
9781429104319
9780195638172
9780893285579
9781429103855
9781429102971
9781429101714
9780893284718
9781429113939
9781429106924
9780893287436
9788186004609
9789348995384
9789348995773
9781429107709
9780763778569
9789348995766
9788170589402
9789388074797
9788196289294
9789371203036
9788182522039
9789382578925
9788131730201
9789362071187
9788194116882
9789393088338
9780195685541
9789377133818
9789354800528
9780198063162
9780195679731
9789356067356
9789387925946
9789377138943
9780195698022
9788169235037
9788120915091
9788170088523
9780230328761
9780199455546
9788174762511
9789838998697
9789384447946
9789352605736
9789352534234
9789312141298
9788187433156
9788185749495
9788175154803
9788188458301
9788125902539
9788122413328
9789385217296
9780070699434
9788122401455
9780070473744
9789385155277
9789385155284
9788199253650
9789325982123
9789327222715
9788180450358
9789388395144
9789812555533
9788131719008
9788130924762
9788131767108
9788186211366
9788185421162
9788184952100
9788181890283
9788184248555
9788199253629
9788195992461
9788186224922
9788194229582
9788193016985
9788193016978
9789385217364
9788190172691
9789378160707
9789385217302
9788179932186
9788179932155
9789385155253
9788199050969
9789368405061
9780333932483
9781107658943
9789356738102
9788123903606
9780195665123
9788194229568
9788180450228
9781403909909
9788188849239
9788123430508
9788123901411
9781107698567
9781107659605
9788185018362
9780070663008
9789385217371
9788125041184
9789385217340
9789385217357
9788175441705
9788170086604
9788126049738
9788131763193
9789385217395
9788131802267
9789389693331
9789389918625
9788173813924
9788173812187
9789385217388
9789812553096
9789831362969
9789385217333
9789362866431
9789385155260
9789349905443
9789350580660
9789350412114
9788185475240
9788183483155
9788180613586
9788180541827
9788173815508
9788173177644
9780195638165
9781567183511
9780198063896
9780198063889
9780195694697
9798886847628
9789355355430
9780199468676
9780198081944
9789378164767
9781630419493
9781429117616
9781429118705
9789386500090
9789386711014
9789387253445
9789389962208
9788195772520
9789380097053
9789381577523
9788187629047
9788188888016
9788190474894
9789327246568
9788175412736
9788175412903
9788175963344
9789385676888
9789327228007
9788188360031
9788183572880
9788183576338
9788184020779
9789350835883
9789393796066
9789394212008
9788197248238
9789350979082
9788184673890
9788184827071
9789812141743
9798885550062
9798885556736
9789381113653
9789381348345
9789381404027
9789382322535
9789382705116
9789361804786
9789350944110
9789387320727
9789387672369
9788184026313
9788184314458
9788182960701
9788182962071
9788182966048
9788185421414
9788183332064
9788183334792
9788183415446
9789387320710
9789355664532
9789357034197
9789387840287
9789389649130
9789389693324
9789384638139
9788185116303
9789351424536
9788187380719
9788187972907
9788188040100
9789352028627
9789350364741
9789350364758
9789350680926
9788176290302
9788176291705
9788176294232
9789362868992
9789370315310
9789380097640
9788183332057
9788183571906
9788182960305
9788174822895
9788175258181
9788193913185
9788123408859
9788123420189
9788123779645
9788173358227
9788190082716
9788190774642
9788192267081
9788193189375
9788175981041
9788184043631
9788184121896
9788184154115
9788176296960
9788176330053
9788171853700
9788173012501
9788174091543
9788188661121
9788189415006
9788177869460
9780195695267
9780198082118
9780198082125
9788178554341
9788178554624
9789350945612
9789350973318
9789380743073
9789350979099
9789351200116
9789351416357
9789386179630
9789351649236
9789352021277
9789352027262
9789387320703
9788123011707
9788122903409
9788122504668
9788122422528
9788121941525
9788176567039
9788176566155
9788176564038
9788181377760
9788181371775
9788178556857
9788124110379
9789393692320
9789387840294
9788124112762
9788124113189
9789390120314
9789391093068
9789391093327
9789393692030
9789383137350
9789394521629
9789387840300
9789389627633
9788899841782
9789311121628
9789311124568
9789311128863
9798885213721
9789334376555
9789350362884
9789389750478
9788124113219
9788120716735
9788121936354
9788121940429
9788131515945
9788131533321
9788170129356
9788170709657
9788125011866
9788125915485
9788126310401
9788170234388
9788170541349
9788170588320
9788170601180
9780070146877
9780198099376
9780199469222
9780199484690
9780230322578
9788176562737
9788170709664
9789395941679
9789812141682
9789383186693
9789383758005
9789384486358
9788124113196
9788181377791
9788181984784
9788182091016
9788170640851
9781429103831
9781429102063
9781316603895
9780893289409
9788177642759
9788177393217
9788176569767
9788176567183
9788171426515
9788171194148
9788170296638
9788170237174
9780893285234
9780893286897
9781429107341
9788170295846
9788123906645
9788181280619
9788176638777
9780333936627
9781648697463
9781648928529
9781647330170
9781636690568
9789351872795
9798902960133
9798889514206
9798902695219
9788170163992
9788170164623
9788125911814
9798888498019
9798886064209
9798888498385
9798902965398
9798887040509
9798887835211
9788176562096
9789381957677
9789383052318
9789387333307
9789387484511
9789814237635
9788185229386
9780687645718
9788170172239
9788178125572
9788178126302
9788178551869
9788120400986
9788170295273
9788170541301
9788174886811
9788176563901
9788176566285
9788123782126
9788123420110
9788123405155
9788122508161
9788122411720
9788122000276
9780074622179
9780070435834
9788175412651
9788190898799
9788180560880
9789380422138
9789380422091
9789377137113
9789347971037
9780893286934
9788121616812
9788175154469
9788899619145
9788184098280
9788190898768
9789380422213
9789380422343
9789390782338
9789831362044
9788123912844
9780198094500
9788131763216
9780198072836
9780195657548
9780198090823
9789382578987
9788192872575
9788129104557
9780195698008
9780198063865
9789369576579
9798128808332
9789389323641
9789389082395
9789812548511
9789812552365
9789831362976
9789380152677
9789380152288
9789381438381
9789381390641
9789380848884
9789380834191
9788123714127
9788123429984
9788123405223
9788122904109
9788121911450
9788121902625
9789380097299
9788120743526
9788120727212
9788120325197
9788120323889
9788123912448
9788127224400
9788126913114
9788126912971
9789380152271
9789380108629
9789387949096
9789378166532
9788120907300
9788126706570
9788126426768
9788125907787
9788178092706
9788183451321
9788182523494
9788182523456
9788181910448
9788180610257
9788180560033
9788180314353
9798128818935
9788180140372
9788179925461
9788179923108
9788178664231
9788178093567
9788178093109
9788178092935
9788175541665
9788175381049
9788174830593
9788174762849
9788175736993
9789387903388
9789380152684
9789387484238
9789386634108
9789386381736
9789386313133
9789385982019
9789385827228
9789385534089
9789384469382
9788131802465
9788126719174
9788131508572
9788173713316
9788173713224
9788125907367
9788125006619
9788123926766
9788130924755
9788129711830
9788129706386
9788129201720
9788129200853
9789831364437
9788131761717
9781861875990
9781842399057
9781564762542
9780857511195
9783990000045
9781905130665
9781861875969
9789380152721
9781861875198
9781846344299
9780143429791
9780070699410
9780070080508
9780007473304
9788171547081
9788171197705
9788171191963
9788171003334
9780143335559
9780074639542
9788183220637
9789831364413
9781846341588
9789380152318
9789353431808
9788126451777
9788125943235
9788188867752
9788188458509
9788188267644
9789381002551
9789380868905
9789380834009
9789380601595
9788173011818
9788178089690
9788177644388
9788170331469
9788170087205
9788127207427
9788126909186
9788174762436
9788174762405
9788174463111
9788173710315
9781861877550
9789380408675
9780143335535
9780143104032
9780070612464
9780070583672
9780857511188
9780706996241
9780670912360
9780333936412
9788185273167
9780070091504
9789382993766
9780000123220
9780195670004
9780195629804
9780144001392
9788174464606
9788185316338
9789391093648
9789390515684
9789390515233
9789389693317
9789380408637
9780000212818
9789382428343
9781861876553
9789381348017
9788185185149
9788185182476
9788184450828
9788184082296
9788183483100
9780230532052
9780199469253
9780199462544
9788122312751
9789393692979
9789393689153
9789392593321
9789810775735
9789810195274
9789810195267
9789654941426
9780195673975
9788120321885
9788120319400
9788120317284
9789395268394
9789350590751
9789350460368
9789350359808
9788190172684
9788189934057
9788189253813
9788189200534
9789327243536
9789327230437
9789327229172
9788196950521
9788176060820
9789373890067
9789363311480
9789362071354
9788190223768
9789383562978
9789383225828
9789383225804
9788187380962
9788187075196
9788185880785
9781861875341
9789333204033
9789377515676
9789355960566
9789353679811
9789353496456
9789353490355
9789352830824
9789352830817
9789352782703
9789352641635
9789352622900
9789352616268
9789352020249
9789350640135
9789351778875
9789351428640
9789351411024
9789351037040
9789350947463
9789350945568
9789350682838
9789350641118
9789350640616
9789350640579
9789350640494
9788190801621
9789351867135
9788179773239
9788122406153
9788122403787
9788122400717
9789351525752
9789382428251
9788121924184
9788121922470
9788121921626
9788120727199
9788120727182
9789327238891
9788120325630
9788120324923
9781846340925
9788123429205
9780333931424
9780230328860
9780199485727
9780199481811
9780198097471
9780198067108
9788121610155
9788120727205
9788120719309
9788190461139
9788189919917
9788188266999
9788188237135
9788188140855
9788187837022
9788187575177
9780000120816
9788125903680
9788124202630
9788123760148
9788180610547
9788176637909
9788176485685
9788175544246
9788175242432
9780195662580
9780195652451
9788125919346
9788125912040
9788173011825
9780670837878
9788173011801
9788171568659
9788123430348
9788184992045
9788184885729
9788183500951
9788171948826
9788171945924
9788171798872
9788171794614
9788171794492
9788171790234
9788171567935
9788180180316
9789357263603
9788171423484
9788170461487
9788170287049
9788170164029
9788183711173
9788183600682
9789327247572
9789348194268
9789347653926
9789347047442
9789347047121
9789333214087
9788171567324
9788174461735
9781843317159
9788175966048
9788173356902
9788173353826
9788172291846
9788172247140
9788172247119
9788172247102
9788175643017
9788175545090
9788185586519
9788187248293
9788187169666
9788187057994
9788187057970
9788186852866
9788186852569
9788186838259
9788171567591
9788186184639
9788186141380
9788185860947
9788185860442
9788184883718
9789350091555
9788184777048
9788184682281
9788184681864
9788184190533
9788184121469
9788184083590
9788184082494
9789327268461
9788184081763
9788184081046
9789327289336
9788183820943
9788183711531
9789350246207
9789350140352
9788196934866
9788194869153
9788191007695
9789383110919
9789382562474
9789381828991
9789381639184
9789381639139
9788184021035
9789327269703
9788178090092
9789327264999
9789327261790
9789327259124
9789327254662
9789327253771
9789327253382
9789327248371
9788187890027
9788178092423
9788178092409
9788184081824
9788178091846
9788178090870
9788178090535
9788178090139
9788186822753
9788178090030
9788178082592
9788178001036
9788177240153
9788176590280
9788188452118
9788187949053
9788178092355
9789372904000
9789380842479
9789361806018
9789383700363
9789382038078
9788131730195
9789372900033
9788125031086
9789355793287
9789352100194
9789386811288
9789388277730
9789389356960
9789392941801
9788199425484
9789377136321
9789362073228
9788131728888
9789387477384
9789362070104
9789370781498
9780195679724
9780198060697
9780195694659
9788178127132
9780198067085
9788121919869
9788183559218
9788184045390
9788178126203
9788123926094
9788123926117
9781646619153
9788183990776
9788125002833
9788130920115
9788178557076
9788122438277
9788122314083
9781636691190
9781636339740
9788121936125
9788121920278
9788121619738
9788121613484
9789325981164
9789311121598
9788125013396
9788125000693
9788183325295
9788189261566
9788188511143
9788185137735
9788184777789
9788184302219
9788122313321
9788121939508
9788183552356
9788192226989
9788183325271
9788175735941
9788175544512
9788190210522
9780199454785
9781646784400
9781646782963
9781646782727
9781646782468
9781646500277
9781639741564
9781639579983
9781639572786
9781639572762
9788125042860
9780834178359
9780834177314
9789352033980
9789352031702
9798889235255
9798889099321
9798889093046
9798888830437
9798889594147
9798889592778
9780001063426
9788185614472
9788131807682
9788131806227
9788185448244
9788184465839
9788126316076
9788126002597
9788125048084
9798890025968
9781637142882
9780199454792
9788123926056
9788121930000
9798903927661
9798903925896
9788177393088
9789351448273
9798902962052
9798902071532
9798887330716
9798887175904
9781636691206
9781648501487
9781648501234
9781639049080
9781639049073
9780198070559
9781947697447
9781850159315
9781702359504
9781685630379
9781685236083
9781647604790
9781647338756
9788123722078
9781639409327
9781639407477
9781639405015
9781639209682
9781639209408
9788121501064
9788120781160
9798886419689
9798886414752
9789350946145
9789350945421
9789350835890
9781639409419
9781648282348
9781648059520
9781648055751
9781648054396
9781648050367
9788170709435
9788170117506
9781639204045
9781639203925
9781639201761
9781639200894
9781639200634
9781648502064
9781648500329
9781648289057
9781639048823
9781639048588
9781639048236
9781639048229
9781648698606
9781648698439
9780198099369
9781639206124
9780198070504
9781648507533
9781648505645
9781639049233
9781648921414
9781648920776
9781648698774
9788174531049
9788172540487
9781649515834
9781649511928
9788170081647
9788131964750
9788131964729
9788131960974
9788131949160
9798886069235
9781648925184
9781648924774
9781636333663
9781636068732
9781636067605
9781636061283
9781636061030
9781472389688
9788128020056
9788127252496
9788123926049
9788123926032
9788123922089
9788131809037
9781639570959
9781639570096
9780007452736
9798885692946
9798885217484
9798885211673
9798885034968
9798885469340
9789352512843
9789352240128
9781685231880
9781685099312
9781648922633
9781684870356
9781649836472
9781649519023
9789311121581
9789311121574
9781649511553
9781649197153
9781648991370
9781648990571
9781648928611
9781648925795
9781685235352
9781685232108
9781684876280
9789386516831
9798885463676
9798885307994
9789386035370
9789386035356
9789354956379
9789354805073
9789354338625
9789385877407
9789325990289
9789325987463
9789351416166
9781637812181
9781637811801
9781637457771
9781637457405
9781637148136
9781648695322
9781648695209
9798888499184
9798888495162
9789384266066
9789383828838
9789382821069
9780070144835
9789327241754
9789351104025
9798886672466
9798886671759
9798885467520
9798885467032
9798888494257
9798888491959
9798888331958
9798885463751
9798886068498
9789351449140
9798885306263
9798885302876
9798887830889
9798887728582
9798887727035
9789810775698
9798885469227
9798885467933
9789389173352
9789389173345
9789351764632
9789351472537
9798885918114
9781639209354
9781638867067
9786541250104
9781648694677
9781637818459
9798885910040
9781648286605
9781647338404
9781647337926
9781647331283
9781646788859
9798888330623
9788121503907
9781647837402
9781647834319
9781647833190
9781647833183
9781647832810
9781647831103
9781647608941
9781647605445
9780198099352
9780198091691
9780198084228
9788121610056
9781638062998
9781638061786
9781639044566
9781638867784
9798888154090
9798888057001
9798887838120
9798887836522
9789390770809
9789389225761
9780198070573
9788170088417
9781638737797
9781638733416
9781638326779
9781638320388
9781638064695
9781638064534
9789384501112
9789381920688
9789381095676
9789380155074
9788172540067
9788170172895
9781638860242
9798886844542
9798892775298
9798891333499
9798890260451
9798886677218
9798887494777
9798887494722
9798905407697
9798903928217
9788182964563
9788182963665
9789327299533
9798887044842
9798887044750
9798889510185
9798902962519
9798889864592
9798889750109
9789351441052
9789351440420
9798905604423
9789350946206
9789350946190
9789388973878
9788182960527
9798890023780
9798888499429
9789351419754
9780198084211
9788180566912
9788180140556
9788178563046
9788178562971
9798888830147
9798890028303
9788177391572
9798887044330
9789351447412
9789351444589
9789351441069
9798887332628
9788174721792
9788181377173
9798887494616
9798887492698
9798900230269
9798899619052
9798899614682
9798887174990
9788176290357
9798886296440
9798886290684
9789382174912
9789386202307
9789386035387
9789380644721
9789380298108
9798885551601
9798885469470
9798885469418
9789352530007
9789388973199
9789385750465
9798901368817
9798900548227
9798885467018
9798885465656
9798885464697
9798898260279
9789381319796
9789381033425
9798893220346
9798893220094
9789349905122
9789385750472
9789387320468
9789350631928
9798896101673
9798896101390
9789350246320
9789350176429
9789385935107
9789385902451
9789385888120
9789326355353
9789350978658
9789350975930
9798886413267
9798889237730
9789350512890
9789350367018
9798888699508
9798888697269
9798886843071
9798886842111
9798886678154
9798887726137
9798889350224
9789385750458
9789385497759
9798889239789
9789351272069
9789351871040
9788126500895
9781861683397
9788180040023
9788126513123
9780195672749
9788177223446
9788181983787
9788173703348
9789814399579
9789388605724
9789381576526
9789380397597
9789367194386
9789361803185
9789357422123
9788196173036
9789350594070
9780195670738
9789361566035
9788131728871
9788173178801
9788129121042
9789361562631
9788129135308
9789350365236
9789357027953
9780195686425
9789382578680
9789387369023
9788125904076
9780230633537
9789387702738
9788125017165
9788122911183
9788173711787
9780070620834
9780195671803
9788188511167
9788188458820
9788173711428
9788174824639
9781844286737
9781882854332
9788123425146
9788125038399
9789380097183
9788187248002
9788187248347
9788187125808
9788184469530
9788176569514
9788183482448
9788175441590
9789327287141
9780966524581
9788192960906
9788892330726
9780834195059
9788173711190
9788184230789
9788185198637
9788131714584
9788178089515
9788177640564
9788176568487
9789380848877
9789380743837
9788183854122
9788182522046
9788178121994
9789386882905
9789350465332
9789362836731
9789350992890
9789350945698
9789384535148
9788186299234
9788130926704
9788131217689
9788148579015
9788170282662
9788170282358
9788172252571
9788170288497
9788174820945
9788173811890
9780199671762
9780198072898
9780230328747
9780195682649
9780195681710
9780195682526
9780195682496
9780199486762
9780195681789
9780307247056
9780230708143
9788131730744
9780307247117
9780834176225
9780834174641
9780333902547
9788187328506
9788192374796
9780861310975
9780230531529
9781107635999
9788189923068
9789351651017
9789351410270
9789393570543
9789388809269
9780195694642
9788122443028
9788119587353
9780195694628
9780195694635
9780140815672
9788194765226
9789394102231
9789359241210
9789358318975
9788174823564
9788193974803
9781730140358
9785551315995
9789394644779
9789394644793
9788131502914
9788131504314
9780198093770
9789356732407
9780721456591
9789377511142
9789349905962
9789389755008
9789384201821
9789384201807
9789390886715
9789384201852
9789395355643
9789373045351
9788123737515
9781107661790
9788125031048
9788125031055
9788131728864
9788169617567
9780002120081
9780713521870
9788125013372
9789362078896
9789814133852
9789814133814
9789380712567
9789383717064
9789384197063
9789380051604
9789385471896
9789385965197
9789812140241
9788175413825
9789332542006
9788179254370
9788182960855
9789385104169
9788170998211
9788170212782
9780198081463
9788173175763
9788173704697
9788173916625
9788174090850
9788174344663
9788127201555
9788178840222
9781890867072
9788175440173
9788175960756
9789327264685
9789327279535
9789327287622
9788185731070
9788186361023
9788186361108
9789350136768
9789350240564
9789350246177
9789350364710
9789350364727
9789350364734
9789350460382
9789327251005
9789350460412
9789350513057
9789350947821
9789351440109
9789351441380
9789351444145
9789351444596
9781107634251
9788178555980
9785111106483
9788120722613
9788121906340
9788121926096
9788121939522
9788170217701
9780521137867
9789351871446
9789352033997
9788172543877
9780195667295
9788181378408
9780143103219
9780195660562
9780198063841
9781107690776
9781846841422
9788173029790
9788170944850
9788170947448
9788170947783
9788170948001
9788170948414
9788179480397
9788179660027
9788180522499
9788181374165
9788183327633
9788181378361
9788121939539
9780786819102
9788121939546
9789387516380
9788172933890
9788173012594
9788170969952
9788173916847
9788174090553
9789390041572
9788175412125
9789393099037
9789395523974
9789832584995
9798176130171
9788131734476
9788181378422
9788181980120
9788121939553
9788121939690
9788121943369
9788122206159
9788122439625
9788170822554
9788127204471
9788127236182
9788127242350
9788127245467
9788127260019
9788130405681
9788130920108
9789327246643
9788131805091
9788170350309
9788170702702
9788170702719
9788170702726
9788170709411
9788170709428
9788174464583
9788194818052
9788199844728
9789311121833
9789311121864
9789311121925
9789311126647
9789327241907
9789350460399
9789352513550
9788175967113
9788176110273
9788176350723
9788176635271
9789327247107
9789327247114
9788171085804
9788171086214
9788178557281
9788178562599
9788178562759
9788178840048
9788175155640
9788175411111
9788184152234
9788184763775
9788185316444
9788185421568
9788185683027
9789327265101
9789350127872
9780521137812
9780198066125
9780198093763
9780198099338
9780198099345
9780333923245
9788172860721
9788171087754
9788171945078
9789352621125
9789353431730
9789353431792
9789377510053
9789380712314
9789381348666
9789384028428
9789384703233
9789385471681
9789385529139
9789386025333
9789386179708
9789386433862
9789386555311
9789387073050
9789381319673
9788188646821
9788188739615
9788188893232
9788190080132
9788193992005
9788183327466
9788183327626
9780198089902
9789327258165
9789327258851
9789352034000
9789352101382
9789352512829
9788177390216
9788177390223
9788177698060
9788182961203
9788182962538
9788182964556
9788182965744
9788183325257
9789351445289
9789351445678
9789351447702
9788183454759
9788183572897
9788183577892
9788183710602
9788184153064
9789352512836
9789352512850
9788125907633
9789390782314
9788177220414
9781920798543
9789347971020
9789390782260
9780195696271
9789351030874
9789814629782
9789390077465
9789380480541
9789352754038
9789382322948
9780007104956
9788125013365
9788126421305
9780340773932
9789388428613
9789386320049
9789382607403
9789361231193
9789359480169
9788128811586
9788172317782
9781107464476
9780198091103
9788184617733
9780199599851
9781107633971
9780199452880
9788171680832
9788196170202
9788190623421
9788189197391
9788182091603
9781855015272
9781316603567
9780956017024
9780333938485
9780333933916
9780198092766
9788189976736
9789381390245
9789381390887
9789390811410
9780199452897
9789390921713
9789392001444
9789395268233
9789389750287
9789356054066
9780198067078
9789362869203
9789325993013
9788185185651
9788172223922
9781403924964
9789378166945
9789381754146
9787758855366
9789351651321
9789355353801
9789352021116
9789351651390
9780198067580
9789325980006
9788174823687
9780195697285
9780195697773
9780195697797
9789348065148
9780198092698
9788182967076
9788183512060
9780195686456
9788129702432
9788131755501
9788196092917
9789373942841
9789386519313
9789378162367
9780547148120
9780547140582
9780195638189
9788131719053
9788131711767
9788179936924
9780199478033
9780195686371
9780198060543
9780195617894
9780195617900
9788171872862
9788172153519
9788172159658
9788172233594
9788176560474
9788176562393
9788175973626
9788171560608
9788171704538
9788171826988
9789351524328
9788171794270
9788171789146
9788171677603
9788174932433
9788175157576
9788175224001
9788172866396
9788171822362
9788171822683
9788173100543
9788173100581
9788173136047
9788173155420
9789389857269
9788172233778
9788171428205
9788171428465
9788172290849
9788172291822
9788172294700
9788172450823
9788172452889
9788171794294
9788171191796
9788171193301
9788173192913
9788179292068
9788172253059
9788170351016
9788170415671
9788170585145
9788170662051
9788170770688
9788131309964
9788130902296
9788174939012
9788170089575
9788170129813
9788170173670
9788170236207
9788170242727
9788187422068
9788185475042
9788131303085
9788131306314
9788168923386
9789810193164
9789814237420
9789831365441
9788175963375
9788170295914
9789381348338
9789381822562
9789381822630
9789382348528
9788173412011
9789387484658
9788170863328
9788172238223
9788171421831
9788171423569
9788171423828
9788171424658
9788171425136
9788171427123
9789382428060
9780143415190
9780141005799
9780140252156
9788179292129
9780198098829
9788177563474
9788176485159
9788177865783
9788178002231
9788131306772
9788178128979
9788178665870
9788178841533
9789380712437
9788176565622
9788177390193
9788177390209
9788177391718
9788177542431
9788178127071
9788183611046
9788183600491
9788183600422
9788183558204
9788183520324
9788182960244
9788181460196
9788183417563
9788181336842
9780143335672
9788179926901
9788179662359
9788179330548
9788179330395
9788183682855
9788183612654
9780143033516
9780074516478
9780074603130
9788181330406
9788173710704
9788173917974
9788175980518
9788176210874
9788176211079
9788176212175
9788176253574
9788175243057
9788172931773
9788177561739
9788175346314
9788175411616
9788175542082
9788175543133
9788175735927
9788179253113
9788176563994
9788177698664
9788174361844
9788172934897
9789351130260
9789351525776
9789380051307
9789380346526
9789380405308
9789380582139
9789380582238
9788131307571
9789350580004
9788175736672
9789350681459
9789350682609
9788176295390
9788175244078
9788175244115
9788176486354
9788176486798
9788176550741
9788176557023
9788176559287
9789350632154
9788126708475
9780521741057
9788188140978
9788188261482
9788188457250
9788188511150
9788188511198
9788188826209
9780806979038
9788120724860
9780863118425
9788181374158
9781403929556
9781407520520
9781416901228
9781638504689
9788123903330
9788129103987
9788120727267
9780572032685
9780602307615
9780670912346
9788122002379
9781107632332
9788120309890
9780852264942
9780852264959
9788120316850
9788120325302
9788120703315
9788120703322
9788120708969
9788128803321
9788170290254
9788126713332
9789350462058
9781841612607
9781845316785
9781846342592
9781848175235
9788190662741
9788186852828
9788194979623
9789325797017
9789350001479
9789350257562
9789350261897
9781741119619
9788188118335
9788176562782
9788176563598
9788177644999
9788178562988
9780070599918
9788178710174
9788125917267
9788125056706
9788125915393
9788121614849
9780771576676
9788127220112
9788129101129
9788129102034
9788129107190
9788129113948
9788125905295
9788125905417
9788125907954
9788125911784
9788125912132
9788125912217
9788126314232
9788183600002
9788179292754
9788185137636
9788185185156
9788185240183
9788185273259
9788185316109
9788185316437
9788181913999
9788176561808
9788182745100
9788176561105
9788183331357
9788183332682
9788183334105
9788183335119
9788178791791
9788190729475
9788179660089
9788179770535
9788179860564
9788180460449
9780462008349
9788181910967
9788183223010
9788131013342
9788129102805
9788128804526
9788128805356
9788129112088
9788129112613
9788129113368
9788129114778
9788129202406
9788128820328
9788127225445
9788121912723
9788128837067
9788128837975
9788128839597
9788128839962
9788129102706
9788170288459
9788131303054
9788131706473
9788128809514
9788128811982
9788128816963
9788127260354
9788131309087
9788131309643
9788186851340
9789810193157
9788186852835
9788187156116
9788187185024
9788187218166
9788187380696
9788187380740
9788185316536
9788131013120
9788185479323
9788185860305
9788185989075
9788186398449
9788186804476
9788186851210
9788130406305
9788128823022
9788128833977
9788130922058
9788131005323
9788131005354
9789380848761
9788131016794
9788131213124
9788129104090
9788124017630
9788124203767
9788125006909
9788125028963
9788125908364
9788121934664
9788120310254
9788120316263
9788128817786
9788122420753
9788122427592
9788123400860
9788123432977
9788120723399
9781648697210
9781648697319
9788120764859
9788120813861
9788120827486
9788121615686
9788122414516
9788128820250
9788127224547
9788125915577
9788125915959
9788127262440
9788127262464
9788128006975
9788128007118
9788128012426
9788126704989
9788123905747
9788126700653
9788126713608
9788126715787
9788126725380
9788126901685
9788126912940
9788125912170
9788122005042
9788122201154
9788126137510
9788126410309
9788126420100
9788126450381
9788123905945
9789380415079
9789380582009
9789380582061
9789380582153
9789385929489
9789386381507
9789386555861
9789361866975
9789362861528
9789362861856
9789364049337
9788183072441
9789350462072
9789350463192
9789350464717
9789387320680
9789387484146
9789387484160
9789387656406
9789388973687
9789381867860
9789381867884
9789350290675
9789369571536
9789381867952
9789381868812
9789381868829
9789381868874
9789381868881
9789380049120
9789380097237
9789380097282
9798128818683
9798171820107
9798171820695
9789380155012
9798179480747
9789389286922
9789389825930
9789359481920
9789380710044
9789380710280
9789380743929
9789381033418
9789381095089
9789387320444
9789387320529
9789387320543
9798175980609
9789381836323
9789381867440
9789381867518
9789354562631
9789354868696
9788194966074
9789327228694
9789327238570
9789327246391
9789327252439
9789327252651
9789351063315
9789351445494
9789351658443
9788889756263
9788892771086
9788897770398
9789325793620
9789325795112
9789350835968
9789350836026
9789350942093
9788195393763
9788196950552
9789351436287
9789351068907
9789351069645
9789351131151
9789351132752
9789381113769
9789381115268
9789381336212
9789350495209
9789350680490
9789350834602
9789350835685
9789381382462
9789380582221
9789380582429
9789380582573
9789350299128
9789350461235
9789350461280
9789350461679
9789350461754
9788199797932
9788888159638
9788888833781
9789381351130
9789350835739
9781730126871
9788120333338
9789990381269
9789389893519
9798128808325
9798128809445
9798128809452
9798128809476
9798128810014
9798128810076
9789392935336
9798128807991
9789394559622
9789394644472
9789812140333
9789812438812
9788170243168
9788170247357
9788131305676
9788170293781
9788170296409
9788170299127
9788170299653
9789393588609
9788124204443
9788125020134
9781107606388
9780143330158
9780706987461
9788178669519
9788181470225
9780195669398
9780333937129
9780340836132
9780435223021
9781591210016
9788120724839
9788170290230
9780521185196
9788122004410
9788122405460
9788123401829
9788124204405
9788170412922
9780706988215
9788131706497
9781402746307
9781403924858
9788120700734
9789382348115
9789389928327
9789389928662
9789389928723
9789391650544
9789392275142
9798184193854
9798184193977
9789381867938
9789386555878
9789386730084
9788170404361
9789387192447
9789387308565
9798128818508
9798128818515
9798128818676
9789382428381
9789383506132
9789384761752
9789385389344
9789385750717
9798128818492
9789392802225
9789386835000
9788131310243
9788131002872
9788131802519
9788131803981
9788170000013
9788170172598
9788170188902
9788131302934
9788175964952
9788131305973
9788131306970
9789382058892
9788131308400
9788131308707
9788131309865
9788129704733
9788174462473
9788131002933
9788131005330
9788131301135
9788131301241
9788131302156
9788131302880
9789381868928
9788131308011
9788187649762
9788187853145
9788188049653
9788188129607
9788188132393
9788184770575
9788184152272
9788184152302
9788184152661
9788184402698
9788184501773
9788197538506
9788184650372
9788184652581
9788175963009
9788171679669
9788176251754
9788176465335
9788176471855
9788176484855
9788176487023
9788176489515
9788173711183
9788184573213
9788184083064
9788184151800
9788186321485
9788186321768
9788186332528
9788183684927
9788183688338
9788183795463
9788184001013
9788184020793
9780448466286
9788184674446
9780448478807
9780448494791
9780448494951
9780199452590
9788184774092
9788184300543
9780199459391
9780199462087
9780431080307
9780431093673
9780434912490
9788184671018
9780448478159
9780074634332
9788183221863
9788183271233
9788183327459
9788183332255
9788181464446
9788181466037
9788181467454
9788181890290
9788182093454
9788182880757
9788170442332
9780448461342
9780486825113
9780199458042
9780199459278
9780448461281
9780143101208
9780143330936
9780144000746
9780144000821
9780195686364
9780198064015
9780198082095
9780448461304
9788174462800
9788174764201
9788174932877
9788174933362
9788174962829
9788175223363
9788171670116
9788185017815
9788171858057
9788172110970
9788173018022
9788182962521
9788173413360
9788173669781
9788170414704
9788182051997
9788170460015
9788170460398
9788170586579
9788171424313
9788171563517
9788171563906
9788182910522
9788179292747
9788173154454
9789327278248
9789327278408
9788189998448
9788188261260
9788190064705
9788190104050
9788190365161
9788190628549
9788190638395
9788190645119
9788189140250
9788184082951
9788189268206
9788189430023
9788189906788
9788189911140
9780007272112
9780007272716
9780071132152
9780000150714
9788185137926
9788185240305
9788185273358
9788189231019
9788199287358
9788199310704
9780007277902
9780070085657
9780070473003
9780070604155
9780070617544
9789350260753
9789327254174
9780000116802
9780000136619
9789327265835
9789350170854
9789352530892
9789352534531
9789352777884
9789352968893
9789353492274
9789350172353
9789327212556
9789327220209
9789327225808
9789327258868
9789327258882
9789348137197
9788184981148
9788184981438
9788184996739
9788184022100
9788184022438
9788184026573
9788192480954
9788192893730
9788192960951
9788193604717
9788194436157
9788188370764
9788188161638
9788183683821
9788184152807
9788184153255
9788184160598
9788184193664
9788184195040
9788187528517
9788187572367
9788187649601
9788184026955
9788184028997
9788188140206
9788188385225
9788188385232
9788188385560
9788188661473
9788194659914
9788194754305
9788184776928
9788186413357
9788186651339
9788186895474
9788187057420
9788184933819
9788190662734
9788192029894
9788192428895
9788186062203
9788186141274
9788186177389
9788186196861
9788186321478
9788190651875
9788188826049
9788190000338
9788184829365
9788187288237
9788194944416
9788189491000
9780198092544
9788177220445
9788186469958
9789382518433
9788186469224
9788126513154
9788126513574
9789831362051
9789393738141
9788192032276
9788180568350
9789385254185
9789347971242
9789378165085
9789378169472
9789376869657
9789371203432
9780199464708
9780195697476
9789379480002
9789355557834
9780486269979
9780486413648
9780195689907
9780198067375
9788122506938
9788120205437
9788131756638
9788174825254
9788174823533
9788174764485
9788174764331
9788174461940
9788171673087
9788171561889
9788171337064
9788170947059
9788170945352
9780199478019
9780195689990
9780195689945
9780195689938
9780069347001
9780199459988
9789332537002
9788177096965
9788183510325
9788185185392
9788190186216
9788123907512
9788170944836
9780198067467
9780198092537
9780199459957
9780195681963
9780195681994
9780195682014
9788189582852
9788189534004
9788187075875
9789394185982
9788175963573
9788171338726
9788186838099
9788186838921
9789325979994
9788186838983
9789343459072
9789348995063
9789350944899
9789350839959
9788184767438
9788185502359
9788175963634
9788180563348
9788127268992
9788125903666
9788128616426
9788123430126
9789357824781
9789380154503
9780706990973
9788121605144
9788121902830
9788121925037
9788123430928
9789381754047
9789384447908
9789384583729
9788128616587
9788130906690
9788130906751
9788130916484
9788130920092
9789392593017
9780486403151
9780486409870
9789380154916
9789380816142
9789381115985
9789381390740
9789381438282
9789385888335
9789386791856
9789388050258
9789388973731
9789390555536
9789355869326
9788170283393
9788170945291
9788171851133
9788172233310
9788174461667
9788175343252
9788190675796
9780199452576
9780706983395
9781107546608
9781107676299
9780195667448
9788170085591
9789387477490
9788186351253
9788195145980
9789354807831
9788183510370
9789353690595
9780070992832
9780143427049
9780199471072
9780195660555
9780195684735
9780143067177
9789352102815
9788177648928
9788173703362
9788131711750
9780195696288
9780198092520
9788129135278
9788195997558
9789352561711
9780198089988
9788131902295
9788131941089
9788178695082
9788178694436
9788125059196
9788125055594
9788131803912
9788182962903
9788128815553
9788128504266
9788125063353
9788125017233
9788130922041
9788130010373
9788189093273
9788129111968
9788181804044
9788178842141
9788127249373
9780333935200
9788126314348
9788126420926
9788127226879
9788189091019
9788128021046
9788177393361
9788177394115
9789311121826
9788171870929
9788172451769
9788172454166
9788187111290
9788189004125
9789327275124
9789327279238
9788177097511
9788177390100
9788177390186
9788177391701
9788126138272
9780199462100
9788178792880
9788178792828
9788178792255
9788178792248
9788125932529
9788125950981
9788193723272
9788172454708
9788178694375
9788178557878
9788178124940
9788178124773
9788181805607
9788181805256
9788194818021
9788172540791
9788170709404
9788170945994
9780000127310
9780070620254
9780198064299
9780198066538
9780198089797
9788178791289
9789351413882
9789351441823
9789390041671
9798171980146
9789351448808
9789351768678
9789387484016
9798184193892
9789380914749
9789381156131
9789350835265
9789350835272
9789381638989
9789382127499
9789383635757
9789384028220
9789385935497
9789351444800
9789351448471
9789380644660
9789380644691
9789386036827
9788170084969
9788170142225
9788170148746
9788170231066
9788170287681
9788170702030
9789387303188
9788128020360
9789327238815
9789327240269
9789327250671
9789386041043
9789386179586
9789386689085
9788170709398
9789350947425
9789351100331
9789387989153
9789388624961
9789327242638
9789327244496
9789386035448
9789386202437
9788185019031
9788189129071
9788121997744
9788122503548
9788122507140
9780198089780
9789386845726
9789380994604
9789350719879
9788123423685
9788121919593
9789327237412
9789327238563
9789362863614
9789362864024
9789380545707
9789389728217
9788131960806
9788131960813
9789384301644
9788175414778
9789380582580
9788175812451
9789350511527
9789350580998
9789327253986
9789327255898
9789327259964
9789327228564
9780753505007
9781844286973
9788121934978
9789327261165
9789327234268
9789327235098
9788173026522
9789382688099
9788124109137
9789380619514
9789352244393
9789327246407
9789381586143
9789380914183
9789386433893
9789350880975
9789350945186
9789352030989
9789352033935
9789352512720
9789352534524
9789352621019
9789381438299
9789381638231
9788121922166
9789350172414
9788123413631
9788172932145
9788183793520
9788175347618
9780861314768
9788121612487
9788177587173
9788178791364
9788178792330
9788178792866
9788175441484
9788175963559
9788184150155
9788175414297
9789327258684
9788126425099
9789327251814
9789380856247
9789327224177
9789327227963
9788184153163
9789352622375
9789352743124
9789382174684
9789382648819
9789380582542
9789361100055
9788182966000
9788183455541
9788183482363
9788184021233
9788125004332
9789350367087
9788198171542
9789311121765
9788184315455
9788184770124
9788184770674
9788185799599
9788182965072
9788182965089
9788170421269
9788176061636
9788189966324
9788190026116
9788190866408
9788193402832
9789350249505
9786541250074
9788178791340
9780198089803
9780198098751
9780198098812
9780199462070
9788120761711
9788120774179
9788121904902
9788121932653
9788123907956
9788125012467
9788121939171
9789347764400
9789350126349
9789327250787
9789350171974
9788177392777
9788177392906
9788184152975
9788182965645
9789350718421
9788182962989
9788182964303
9788182964778
9789327263763
9789327268843
9789357421331
9788182965997
9788184091724
9788184152784
9789350136966
9789380480022
9788184773606
9780198092162
9789353492700
9789353495572
9788184779851
9788183571319
9780143474678
9780143444770
9789381431641
9780877798323
9788130925172
9789355359117
9780195686449
9788125029687
9780706996647
9789394644892
9788170365723
9789359485355
9788172343774
9780198098997
9780195679755
9788122443042
9780333933640
9789354749353
9780195662894
9788172251987
9780755461820
9780756506520
9788174821843
9780070966406
9780521731980
9788173192685
9798131800408
9789833894048
9789814133081
9789814133074
9788170403609
9788122911695
9788121923118
9780817656959
9789390837366
9788181468154
9788181468185
9788186112663
9788184766103
9789394185302
9788181468437
9789833894017
9788184676266
9789833894000
9789833894116
9788175966666
9789833894024
9789380155036
9788188733644
9788187125440
9789381975800
9789382348290
9789388973281
9788181468000
9789392593505
9789350839980
9789394739123
9788181463517
9789350839997
9789381045367
9788183482158
9788181468130
9788181467492
9788181460929
9788183189927
9780198094593
9781107631649
9789381846629
9788123417912
9788122911206
9781899884193
9789350466179
9789350466148
9781740202800
9781107635821
9789350460535
9780941524674
9780736804219
9780706973754
9780198093275
9780198078500
9788184080414
9780198061076
9780198075295
9788188148530
9788185749112
9788186332627
9788188440078
9788176499323
9788186852040
9789350460597
9789350460566
9789350361276
9780074638187
9788189757540
9788173811814
9788172246440
9788130911557
9788175442184
9780333934777
9788181466839
9788181466884
9788181467348
9788181467485
9781841358338
9781841358345
9788181463531
9788175960312
9788175966789
9788123430478
9788123439693
9780198075301
9780070704893
9780074630013
9788126017973
9788126453252
9788125908616
9780070677685
9788123761367
9788125900009
9788130916477
9788170999072
9788125933786
9788123442617
9788173175015
9788190274715
9780195640274
9780195660531
9789327197419
9789382276074
9780333938577
9789353610029
9789372651003
9789361802546
9780195688856
9788189261320
9789390472284
9780330426688
9788178085036
9788185052014
9789389208283
9789811789076
9780330437165
9788131711743
9788184881417
9781629519067
9789327261356
9789311126517
9789311121840
9789392192142
9789389778939
9798126024376
9789388642286
9789393304940
9789388632614
9788121916769
9789389418361
9789387192911
9788188342013
9788191027150
9789384463496
9789381348598
9788131012642
9788171081523
9788187718376
9788121914666
9788124318348
9780521185417
9780144001552
9789350246337
9789327242454
9789311126524
9789351551584
9789351445487
9789350839911
9789350839942
9789351442578
9789350125359
9788181464040
9788178841090
9789352031689
9788178551838
9789388632591
9789388323321
9789350893920
9789387903036
9789350893913
9789387840331
9788182961296
9788181803726
9788182961265
9788182960626
9789385929410
9788182960657
9788181464019
9788181379344
9788182961920
9789388632607
9788182961463
9789387840324
9788182960633
9788182961272
9788189261894
9788182961289
9788189906085
9788195851683
9781403931207
9788183203180
9788120204546
9789327295474
9780002090506
9781107635524
9788131803141
9788131802762
9788170215950
9788170287827
9788174821416
9788170172574
9788131805916
9788131934876
9788121934244
9788121934480
9788121940917
9788184978339
9788123907840
9788174824097
9788125047322
9788186224007
9788126319329
9788189012519
9788129508959
9789311121789
9789352831722
9788128011122
9789354550560
9788120205420
9788126049592
9788193766743
9788128022623
9788175342446
9788183323635
9788183600934
9788186177648
9788121931090
9789382993742
9789385401299
9789385929380
9788123762531
9789386209191
9789387499621
9788126138289
9788126138333
9788176554084
9788177392029
9788177394078
9788131701928
9789362869883
9789363195295
9788170640370
9788174828590
9788175811072
9788177584004
9788183555012
9788183990080
9788184081992
9788184517729
9788184766202
9788185604428
9788185971872
9780137052851
9780137053339
9780137074525
9788184027013
9788184031089
9788177226874
9788180568831
9788173622984
9788177224962
9788178691152
9788180560231
9780198066521
9789361569357
9788181471864
9780195653991
9780198065838
9780333925669
9780195662887
9780195697629
9789332514263
9780582188532
9780333925683
9788124202739
9788170200239
9780230634336
9780195611601
9780143101871
9780007446216
9788174461919
9788174461476
9788131804193
9788170084686
9788170163671
9788130904627
9788129110640
9788174363633
9788128836763
9788128835315
9788128824982
9789812556837
9788128020353
9788127249397
9788177691153
9788131804223
9781846841309
9788131907245
9781846841040
9781846840975
9781844511709
9781841612829
9781841612782
9788173191220
9788173155437
9788170820239
9788121607131
9788120727526
9788124104804
9788119936922
9781905204052
9788174460042
9788174390424
9781846841286
9788174362094
9788173813504
9788173711398
9788173702129
9788173192579
9788170421276
9781846841323
9788120718616
9788171561230
9788171427062
9788171339662
9788183520249
9788183520133
9788180619922
9788172453091
9788172249809
9788172245894
9788172237530
9788172230258
9788184090901
9788184082203
9788171825417
9789812556820
9788183883832
9788183821469
9788183712095
9788183681278
9788127247447
9788127209490
9788173154355
9788174766625
9788174760746
9788174461995
9788131308851
9788131301883
9788131300817
9788128020308
9788184020915
9788177565454
9788174821546
9788130916439
9788130916422
9788130916415
9788130916408
9788130906416
9788178692777
9788178692555
9788128838484
9788178380223
9788178223858
9788178091884
9788178091730
9788171797578
9781409305705
9781409102922
9788126474844
9788124205846
9788124205013
9788124204986
9788122402025
9788131310304
9788179635711
9788178830377
9788172159016
9788172154387
9788178667942
9788171821211
9788178060903
9780230637450
9780198068419
9780198061069
9781107629912
9781107605305
9781107508675
9780958152747
9780706997880
9780340944561
9780237510817
9780007957453
9780007778652
9788128824920
9788170089438
9780007288571
9788131763520
9788131403778
9788131308202
9788131307069
9788131306574
9788130917245
9788170669791
9788170663751
9788170661924
9788170404170
9788170283478
9788170170914
9780195655735
9780340857991
9780237512408
9788123901121
9788123429823
9788123009742
9788121924603
9788121901345
9781406252859
9780333902875
9780143028956
9788126465866
9788126707782
9788125914129
9788124323977
9788124204740
9788124204733
9788124110683
9788124109090
9780007778645
9780007446131
9788124201725
9780007286966
9780007286614
9780000138217
9788121612425
9788126463688
9780007446162
9788183600293
9788174761699
9788188267637
9788174461483
9788172247751
9788172159689
9788171000937
9788170966494
9788170945345
9780521746465
9780521185486
9788130920290
9788175641037
9788174905642
9788174905635
9788174905598
9788174905581
9788122402100
9788174761668
9788122402018
9788120312302
9781846841293
9780958152730
9780760315095
9780706972351
9788176258456
9788130920283
9788126710379
9780140245677
9780140240573
9780074519592
9788187134688
9788186651377
9788189757106
9788176931809
9789812556813
9788185897189
9788185749518
9789327212631
9788185386836
9788184001778
9788183482912
9788183322966
9788183220293
9788183160568
9788181471161
9788181471147
9788180616037
9788179291948
9788185989303
9789351380009
9789327232653
9788185618852
9789327252767
9789327251807
9789327251166
9789327249545
9789385874086
9789350292310
9789350260616
9789349313866
9789349208087
9789349208070
9789327263121
9788186852576
9789351650997
9789350331613
9789351061113
9789351060703
9789351030744
9789362868145
9789353228163
9789352831715
9789352722532
9789351654865
9789351651741
9789351651680
9789378167782
9789373896830
9788186851678
9789380480060
9789351061120
9788189430221
9788189320058
9788189235161
9788189093549
9788188837250
9789381836378
9789380914237
9788188385423
9789380789002
9789380710105
9789327254891
9789380582559
9789380582399
9788184152586
9788184152579
9788189815066
9789327228199
9789327225891
9788196469139
9789382428350
9789381969502
9789332421714
9789327275407
9789380914008
9789380703022
9788187253396
9788187134954
9788189911119
9788189906962
9789351524045
9789351524038
9789385140228
9789381791301
9789380914268
9789380710167
9789380710020
9789380582368
9789369579136
9789380051901
9789812556806
9789810193171
9789387484498
9788131310564
9789385658556
9780144000739
9789814147781
9789812556882
9789812556851
9789812556844
9788178840611
9789351651420
9789380582283
9789369576098
9789369572915
9789353223762
9789327244489
9789327244427
9789380155081
9789384038588
9789382578062
9789382518266
9789386545565
9789386278968
9789833371334
9788187321187
9789393304933
9789392135316
9789391093297
9789388492454
9789387484825
9798184194448
9798184193809
9798128818409
9798128810403
9789394185951
9788189582883
9788188086276
9788188039234
9789812357786
9788184776966
9788170942191
9788170942023
9788177565089
9788180563232
9788180522079
9788180310850
9788185790282
9788185618920
9788183203319
9788182744578
9788185618609
9789380582092
9788181466112
9788181466068
9788181465412
9788181464781
9788189906078
9788189866808
9788186803639
9788183484350
9788183481434
9788183412124
9788183204453
9788183204422
9788192960999
9788181471130
9788128010910
9788128010866
9788184152104
9788184151732
9788176503679
9788176211734
9788184021073
9788175442108
9788175348677
9788175345492
9788174939135
9788174905628
9788184823882
9788184748550
9788184152517
9788177564778
9788177562552
9788177562231
9788177090765
9788176590075
9788185618845
9788185618760
9788175968028
9788185185422
9788185072739
9788184998276
9788184749120
9788184743678
9788184403176
9789350880333
9789350836194
9788184194289
9789350832318
9789350495407
9789350495377
9789350495360
9789350484555
9788181464774
9788181464545
9788192861975
9788186635421
9788186321898
9788185989174
9789350903896
9789350880401
9788188429189
9788188385430
9789350835982
9788188339112
9788188330010
9788188234332
9788187853701
9788187326335
9788184748154
9788181471185
9788190710480
9788190604567
9788190181907
9788189923112
9788189906832
9788174829856
9788174828699
9788183520003
9788184152449
9788184152418
9788184152357
9788194740322
9788184745870
9788184246667
9788184244441
9788190950336
9788184153439
9788184152920
9788184152715
9788184152647
9788184152593
9789350480847
9789350480458
9789327239072
9788184747713
9788184745917
9788194398004
9780713522174
9788131729991
9789386046741
9780137068715
9789369575510
9780195681932
9780198066491
9788131712092
9789369575091
9789369573455
9788176559683
9789369579648
9789369576647
9789351035275
9780195681925
9780198072850
9780198062141
9780195635201
9780195635195
9789381920473
9789380072746
9789350416846
9789327263206
9788195703500
9789383051809
9788170290186
9789384447496
9788171305506
9788170299158
9788170297628
9788189261177
9789387918597
9789387918603
9789350178355
9789388973359
9788194274117
9788195703548
9788199692787
9789327222920
9789386179685
9789386189172
9789327239720
9789386433596
9789386711489
9789387462755
9788170292722
9788183334136
9788183160025
9788184311235
9789386433435
9788183795449
9788183579872
9788182962323
9789387303096
9788186062067
9789362860972
9789381638422
9788184765885
9789380517766
9789380172484
9789380072326
9789384920838
9789369576128
9788170089476
9788170089384
9780199451791
9788181337931
9788176635363
9788173094415
9788173017223
9788184468571
9788172862428
9788172540500
9788171948031
9788189066543
9788189004095
9788187321330
9788185604916
9788185116419
9788172930875
9788181332714
9788181331533
9788180690457
9789350178300
9788182961371
9788126137657
9788126136483
9789385140617
9788125055259
9788125042969
9788125027638
9788171082810
9789348409645
9789334270693
9789327276220
9789327255133
9788125911081
9788131012246
9780230321892
9780198068396
9780195689068
9789389573541
9789389420265
9789556651768
9789456322454
9789390450114
9781647338282
9781603461689
9781107638334
9789393304889
9789393304865
9789393304834
9789392607523
9789390886647
9788121935012
9788131007785
9789394185760
9789394185456
9789393976185
9788131000083
9789833664641
9789833481736
9789350178324
9789327239447
9789385914300
9789385914294
9789385401275
9789385377662
9789388564397
9788185753980
9788185336305
9789387840461
9789350178317
9789327233285
9788131006856
9788131006795
9788131006771
9788131005378
9788125022886
9788181334411
9788128025334
9788175736771
9788130907048
9788127268213
9788131023235
9788131021828
9788131021064
9788131019955
9788131019795
9788131009581
9788122306590
9789350178362
9788121936576
9788128024719
9788170085454
9788131005927
9788128024757
9788128024733
9788183332996
9780241367919
9789351441816
9788122307474
9788131806128
9788181334596
9788123901954
9788123430447
9788122903850
9788122504545
9780195673593
9788121943031
9788121940214
9788171087891
9788171086771
9788171083794
9780462008813
9780333935613
9780333907306
9789350178379
9780521741101
9788187155713
9788186822180
9788186822128
9789351212874
9789350947869
9789350943830
9789350366363
9789350366356
9789384447991
9788187477433
9788187155973
9788170143147
9788131963722
9788131807804
9788127212414
9788175351868
9788174820662
9788122308228
9788173702211
9788173702204
9788173191565
9788172543945
9788123907741
9788172543273
9788181334473
9788180062018
9789393692580
9788174787750
9788181332943
9788172542856
9788172542436
9788172540746
9788172333379
9788172316341
9788172291006
9780195638417
9788188449309
9788172245511
9788172141547
9788171700714
9788171673223
9788175736757
9789352960941
9788172543396
9789393304841
9788189020651
9788182961913
9781107692718
9788179872796
9788179501221
9788179480953
9788178840369
9788184021202
9788183553865
9788183334358
9780195684902
9788123407418
9788122307412
9788122307054
9788121600590
9789355353160
9788185182315
9788185018706
9788184767414
9788183327572
9789384082727
9789383758432
9789383746767
9789381690253
9789381690222
9789381638323
9789381503836
9789381437827
9788119034499
9788177698459
9788177391947
9788177099225
9788176710015
9788176567916
9788176566728
9788176560818
9788120411166
9788120408913
9788178554983
9788189634049
9788189485269
9788189411343
9788189261139
9788128008443
9788127214074
9788126440283
9788125910824
9789352037957
9788175962880
9788175821446
9788194001645
9788123431208
9788190931298
9788190651387
9788190620932
9788186099469
9788192893426
9788175966192
9789352034048
9789352034031
9789351651253
9788170586845
9788170288862
9788170165668
9780195629972
9788182960084
9788170589631
9788181464200
9789363192485
9788125909156
9788124312957
9788124200803
9788181463623
9788181463593
9788181339881
9788181337863
9788182011458
9780195660548
9789352726011
9788183579957
9788173830372
9780195660524
9780195686418
9788129135377
9788129119179
9789387265776
9788178088822
9780195641363
9780195687545
9780195684407
9788125911586
9789393304780
9789350462614
9789351416234
9788181467713
9788181467638
9788181466327
9788181466266
9788181463968
9788178840130
9788172244972
9788181467720
9789351651604
9789351656630
9789351656623
9780195667301
9780330449069
9780521746342
9789352030576
9789355851901
9789383670734
9788181467775
9788183415385
9788123420783
9788125022268
9788125025924
9788126053636
9788173813153
9788185790053
9789352722525
9780074624609
9780670876860
9780340700358
9780195694345
9780195655780
9780195616163
9788131710708
9788128025020
9788128009792
9788127210922
9788125022251
9788121926034
9788121901352
9788120821293
9789388395991
9789381095591
9788123007687
9788186895191
9788184240634
9788185989723
9788186332887
9789350462560
9788177445190
9788178122519
9788187522478
9789393304803
9789393304827
9788174390325
9788174390349
9788174390400
9788175966901
9788175967779
9788181463906
9780333933626
9788121927482
9788131712146
9789388798228
9780198072843
9780198067351
9780195641370
9780195641134
9780137053193
9789381520543
9788184091991
9788177095678
9780198093749
9780195662016
9789387989160
9789387840447
9789387840270
9789388697071
9789387484757
9789327227505
9789327222302
9789386274465
9789386035943
9789386035929
9789386035844
9789386035813
9789392192173
9789387840232
9789352034024
9789352035960
9789352035984
9789352293049
9789350235928
9789350553213
9789392593956
9788192265339
9788192720272
9788193332863
9789311121970
9789327214000
9789351444497
9789386035783
9788182963771
9788182965294
9788182965447
9788182965515
9789351444732
9788183559577
9788183575416
9788183891646
9788184025460
9788184043020
9788184973044
9788185185408
9789355186492
9788187718222
9788183556361
9788120727052
9788189866709
9788189902315
9788189902339
9788125007470
9788125021728
9788125027959
9788125040576
9781403928610
9788120336636
9788120705951
9789327232073
9788120765795
9788121615457
9789386791573
9789390490929
9788188641871
9788175973633
9788175976450
9788175976504
9788176142496
9788176496766
9789387484252
9788176554763
9788177391787
9788177393460
9788177393859
9788177394122
9788178121086
9788178554044
9788190662772
9788182964525
9789350718711
9789350723623
9789351213147
9789351414858
9789351441540
9788180566639
9788176497329
9788181379146
9788181379153
9788181379795
9788181803962
9788181830173
9788182960350
9788182961319
9789350718339
9789327232509
9789386035615
9789386035622
9789386035639
9789384447922
9789393304711
9789389308792
9789381095768
9789381908839
9780195636437
9780195668896
9780435999209
9788122004366
9788122406696
9788175813021
9788185944029
9789353222048
9788125900269
9788170421764
9788175440685
9788179660232
9788180562211
9788184674538
9788187328155
9788190461122
9788192958606
9789327223477
9788122415322
9789385721274
9788175300378
9788185897165
9788128827303
9788128833823
9788181370457
9788130916460
9788131756591
9788170087694
9788170217237
9788170239598
9788170281245
9788170641087
9788182961579
9788185679938
9788185860930
9788185944098
9789352742899
9788186332474
9788186332818
9788171305391
9788130913971
9788172249502
9788172452780
9788172865689
9788173026645
9788173175091
9788173701962
9788175154230
9788170641124
9788121938112
9788121938129
9788121938372
9788186099902
9780195600995
9788189902346
9788189919368
9788189998004
9788185679709
9789327293708
9789347764172
9789350133439
9789350135716
9789387308688
9789381162682
9789393304674
9788188385577
9789393692108
9789833371372
9788128826443
9789386035776
9789362867711
9789363199408
9789380349459
9789380536224
9789380619323
9789380710051
9789380856032
9789385401251
9789385401268
9788178554662
9788128018473
9788128022289
9788128023439
9788128815799
9789990396928
9780333936696
9780582089549
9780836411294
9781316610398
9788128013867
9788170700562
9788170700807
9788170700821
9788170702139
9788170702146
9788170709701
9788121925006
9788121934077
9788121934428
9788121941204
9788121937450
9788121937467
9788121938037
9788121938068
9781402718779
9788121934046
9788121938099
9788125007357
9788125007425
9789352340972
9788123011028
9789354569241
9789350718087
9788182961661
9788182963658
9788121934435
9788122305791
9788122309522
9788122310283
9788171305872
9788123408514
9788123422848
9788123429410
9788123439679
9788124313305
9788125004660
9788125007272
9788175156449
9788178555669
9788178555676
9788178990521
9780333909157
9788179872581
9788180560637
9788125059189
9788122314199
9788125906551
9788125911593
9788126313808
9788126440627
9788127213398
9788128003332
9788128009334
9788125007319
9788125903321
9780195615388
9780199461240
9788179680346
9788170588252
9788170589082
9788171240593
9780195665055
9780195681895
9780195681901
9788185513546
9788189491468
9789352100446
9789390472208
9788170581819
9788120795341
9780198068358
9789390472123
9789380392202
9789380392110
9789355792228
9789352102143
9789352102105
9789393853165
9788131020425
9780195675030
9788193045398
9780198067290
9780521169684
9788176062626
9780137068739
9788184096132
9780195696257
9780195640281
9789380727059
9780195675436
9780138022969
9780137039098
9780132543583
9780070472877
9780070586567
9780070586833
9780143468233
9780195656541
9780198062110
9780198092476
9789394185432
9789394185401
9789393304667
9789393304599
9789393304568
9789393304551
9788192275994
9780333933541
9788183270090
9788173702556
9788173702563
9788173702570
9788183270854
9788183270847
9788174823168
9780070472990
9788186332184
9788186332269
9788121923835
9788175441651
9788179874219
9788188114429
9780174246961
9780199451784
9788120401693
9788184460698
9788184766592
9788185316420
9788125027942
9788128504792
9789332515222
9788192149424
9789353491796
9788184765823
9780137072118
9780137072132
9789355850720
9780195641141
9780195641158
9780195683738
9780198084600
9780195676518
9788185141121
9781239112542
9780195697704
9780195694314
9789386209436
9789386209139
9781316611661
9788121937382
9788122304817
9788122312171
9788122419719
9788120824669
9788120824058
9788120713819
9781845577582
9781845577513
9781834523453
9781316619605
9788131927489
9788131927472
9788131803172
9788131802830
9788131800690
9788122410112
9788131009239
9780706999563
9788131006900
9788131005392
9788131004760
9788131003084
9788131000465
9788128838491
9788131937785
9788172247430
9788172157319
9788172156763
9788172154608
9788131015124
9789383606047
9780199484829
9780199462209
9780195680645
9789386855015
9789386209535
9789386209474
9789393304513
9789392593659
9789385914263
9789385914119
9789385880704
9789384245757
9788120826199
9789383606061
9789388973083
9798122308500
9789810106805
9789393304520
9789355552655
9789355552563
9789351659792
9789351652946
9789351651697
9789351131809
9789350834794
9788121929097
9789383606375
9788170171287
9788170170433
9788170170266
9788182911147
9788129505675
9788126004133
9788125908920
9788124322413
9788124313367
9788172154745
9788124303634
9788124107003
9788122312812
9788122002461
9788121920124
9788120723658
9781846840555
9781845577520
9781107628939
9788124303962
9789385471841
9789382648741
9789381437124
9789353339128
9789327244687
9788189912994
9788189268282
9788170167587
9788170164067
9788170222415
9788131306338
9788131301968
9788181910127
9788181461179
9788179661772
9789833894109
9788128024672
9788170530657
9788170244516
9788170081852
9789833894086
9789812322487
9789812322463
9789810101237
9789389778830
9788189220310
9788189059019
9788188511334
9788123436494
9780863112980
9789392192166
9788121937139
9789388937221
9789388603324
9789388050241
9788125010760
9788124323816
9788124320846
9788123010021
9788123429991
9788128826542
9788128821837
9788128821455
9780755468058
9780199484843
9788187380528
9788186896105
9788186361269
9788127228620
9780000009463
9789380415055
9789369578948
9789369578351
9788128837258
9788128836855
9788128826559
9788187380948
9780140246117
9780007104550
9780001448056
9789380834412
9788184655148
9788184493351
9788177568356
9788177567885
9788184192995
9788184192452
9788184040517
9788184023749
9788184021325
9788184021028
9788185897745
9788185361673
9788183684903
9788172154486
9788183683722
9788183683678
9788183682312
9788183681100
9788184195057
9789381033272
9788183610612
9788183575799
9788183571579
9788183270151
9788183201339
9789350682197
9788183688598
9788183683845
9788173356322
9788181339898
9788181335753
9788181331526
9788181330109
9788179661703
9788179661567
9788181890573
9788181466495
9788178551487
9788178551463
9788178124766
9788178120539
9788184672916
9788177569407
9788181370440
9789350002261
9788177565850
9788177563757
9788177563153
9788177563054
9788177562590
9788186013014
9788178690643
9788178554105
9788184832143
9788184762365
9788184682373
9788177698268
9788128838422
9788128812347
9788131007792
9788131007099
9789389778670
9789389645644
9788177565201
9788176487337
9788130901695
9788128504785
9788128022388
9788128022135
9788128020162
9788183687904
9788126451791
9788126310500
9788127209971
9788126411474
9788131300992
9788131008522
9788131007808
9788128608391
9788126101108
9788171619863
9788183686341
9789381033012
9789387484443
9788128013959
9789350496404
9789350496367
9789350496299
9789350496275
9789350263648
9789350176573
9788183680769
9788183680677
9789349691209
9789348132314
9789327232363
9789325793637
9789325793187
9788183687720
9789350498057
9789350496411
9788128020391
9788183685801
9780861250325
9789389195668
9788171640201
9788176486712
9788175642607
9788186013045
9788185419770
9788185316406
9788184483284
9788184450651
9788196071820
9788190365185
9788190000321
9788189086756
9788188661145
9789350173169
9781237526426
9788187138945
9788186423578
9788186413203
9788186332375
9788186184851
9789383137541
9788194476191
9788173660337
9789382348016
9789381841143
9789381343661
9789381055946
9789381033463
9789381033449
9788188147700
9788187662358
9788176126151
9788176124416
9788175980631
9788175352230
9788175223738
9788193865385
9788131006801
9788171829637
9788176486651
9788171793754
9788171674305
9788171548217
9788171429400
9788170822288
9788170821090
9788170709695
9788170705659
9789381033371
9789391554262
9788190994538
9789390738007
9789389226157
9789388973342
9789388973328
9788170702757
9789369576340
9789369575572
9789369574605
9789369572960
9789369572601
9789369571505
9789369571062
9789360230203
9788191033656
9789391554170
9781107632462
9781107619876
9788175156340
9788177561036
9788177394351
9788174733290
9788174670960
9788174530820
9788174460684
9788174091130
9788174090072
9788176552714
9788184193022
9789369577828
9788173028724
9788173015816
9788172521110
9788172294762
9788182011953
9788174867599
9788174780560
9788181466464
9788181464828
9788181461186
9788181460721
9788181460707
9788181377470
9788173291869
9789383053339
9789383009022
9788170662471
9788170284796
9788170284536
9788170283416
9788170704089
9788170704065
9788170702771
9788181370433
9788170170105
9788170164524
9788131965627
9781107634107
9788131940235
9788177562422
9788170664383
9788170664376
9788177392531
9788177391138
9788177391084
9788177240191
9788176936798
9788176810036
9788170173441
9788170172864
9781107680708
9781107664333
9788131944004
9781840724301
9781905940028
9788128618833
9788131910061
9788170294177
9788174825827
9788176495936
9788176497107
9788176563369
9780199456338
9780330516921
9780333935279
9780755470679
9780806973746
9781107683570
9781107690042
9781107699304
9781402713101
9780198382287
9788178691381
9788178990347
9788179914267
9788183332668
9788184775907
9788186830925
9789380268071
9789380408064
9780721480374
9780143417163
9780195634938
9780198089735
9780198089742
9780198089759
9780198089766
9789812146748
9789812438836
9780143416746
9780143416739
9781845574338
9781905940233
9781409303770
9781840724318
9788183331517
9788176495479
9788176495615
9788176495813
9780143331889
9788176564496
9788176564557
9788176567862
9788184743593
9788184746471
9788184820041
9788184821260
9788176760201
9788178690292
9788176497350
9780143331896
9780143335757
9780007272624
9780007296996
9780143068921
9780143331117
9780143331124
9780143331506
9788170294092
9780007297108
9780070534674
9780143068877
9788128630163
9788128630408
9788130916453
9788130925974
9788131900666
9781844222131
9780007271375
9789381029572
9788183331609
9788186299258
9788186004654
9789351776581
9788183333221
9788183511353
9788176495417
9788184121865
9788183850049
9789380410906
9788184742961
9788184824056
9788184822991
9789385923159
9789385989896
9789812438799
9788170296096
9788172862169
9788174828743
9788176495172
9788184822854
9789351776567
9788184825688
9788185018539
9789351776628
9789380114736
9788183578639
9788183576468
9789351776604
9789382168041
9788180565786
9788189491055
9788187718796
9781844229444
9789350851395
9788183332330
9788183332491
9788183332545
9789350839836
9789350294147
9788192006406
9788189975418
9788189975258
9788189491123
9788184742893
9788186332467
9789390797417
9780195676174
9789352023561
9788177580525
9788170404149
9788122310368
9780195675023
9780198408451
9780333936573
9780198093732
9780195696110
9789352020256
9780521598682
9780955025808
9780748754410
9788173177392
9788128504778
9788122300611
9789836802736
9788122300598
9788129000002
9780074637326
9780199463404
9798122308623
9788178062778
9789350130155
9789364480901
9780195641110
9780198098744
9780198098805
9780199462063
9780199462094
9780199463411
9780199463428
9788128015380
9780198060598
9788128011412
9788127253592
9788127249519
9788127233624
9788126442645
9788126433926
9788126463701
9780198093213
9780198066873
9780198064008
9780198060611
9788128812378
9788128812989
9780198062080
9780198063995
9788128806483
9788123743653
9788122503784
9788122438468
9788170288145
9788170288138
9788122309812
9788121604109
9788120733664
9788120709386
9788126450404
9788126442706
9781840230383
9788130926445
9788125023296
9788125017066
9788124802229
9788124205402
9788124202579
9788128813856
9788122416503
9788122404302
9788130926377
9788130926360
9788130926346
9788131307885
9780195610178
9780143335399
9781873668498
9781850769231
9788127226381
9788126714681
9781850767565
9781840920659
9780307247094
9781760342432
9781237528147
9788123903798
9780198062073
9780198060628
9788170234494
9788170126515
9788170103301
9788170088547
9788170031833
9788131907849
9788172244927
9788171829606
9788130926438
9788123906539
9781107629660
9788178120393
9788177866049
9788177647303
9788178126623
9788178122526
9788174360168
9788174360083
9788186224151
9788186190357
9788173817175
9788130926353
9788173174513
9788173158964
9788184675924
9788184193916
9788184192520
9788184152562
9788175961722
9788175242005
9788174761309
9788174452986
9789351652359
9788173817113
9789393304360
9788178792101
9788173154522
9789350463147
9789350463864
9789350464304
9789350484272
9788181460592
9788180566516
9788180560019
9789382473206
9788180311925
9788178799285
9788178793733
9788178792262
9788178792224
9789380582566
9788178792095
9788178266510
9788173817205
9788178794631
9788178794310
9788180440557
9788181469878
9788181469649
9788181469465
9780143028192
9780140289336
9780140236736
9780007251285
9780001005662
9780007277704
9780007251445
9789382473619
9780553506174
9780521005272
9780333934883
9780333934876
9780333934869
9781850769217
9781850767619
9780199457212
9780893893149
9780876927489
9780333920350
9780863110160
9788186141465
9788185733524
9788185018546
9788184683714
9788181468086
9788181468048
9788183686426
9788183554589
9788184151787
9788184082906
9788182749757
9788181469243
9788181469212
9788181468345
9788181467911
9788181467881
9788181467188
9788181467133
9788181467102
9788183793148
9788183485623
9788182755697
9788184081558
9781850768029
9781850767572
9781840921892
9781840921885
9781840920598
9781840920246
9781840920192
9781840920185
9781840920178
9781840920109
9781840920017
9788172863333
9781550356120
9780752590721
9780237522797
9780143335382
9780070070950
9788171679997
9788171679980
9788171678020
9788171677610
9788171676132
9788171673605
9788171673551
9781840920000
9788131302507
9788131302484
9788129109491
9788129109231
9788129107923
9788129105554
9788129102966
9788128818066
9788128007651
9788126700042
9788125907831
9788124200933
9788120720473
9788189102173
9788189066536
9788187380542
9788186264706
9788185353036
9788185027319
9788184765625
9788184152326
9788123001784
9788121924245
9788121608190
9788121606387
9788189102364
9788189102166
9788188817306
9788188817269
9788186830963
9788186734421
9788189102074
9788124105603
9798184193458
9798184192642
9798184192635
9798129107922
9798129107373
9788171673360
9798128819987
9798128819338
9798128818799
9798128818065
9798128817945
9798128817907
9798184193489
9798184193496
9798128817891
9798128817143
9798128810298
9798189182884
9798129107205
9788171673155
9789350381854
9788844012649
9788844007447
9788190781718
9788190746243
9788190585811
9788189934576
9788189934323
9788189798604
9788189605865
9788189066291
9788189102180
9788188251100
9788187925064
9788187572497
9788187522102
9788187164517
9788186895979
9788190210539
9788189934590
9788186693421
9788186332429
9788189102371
9788189102289
9788189020859
9788171674800
9789380582306
9788129106308
9788129105714
9788129104083
9788128825330
9788128824760
9788128824739
9788128823725
9788128822025
9788128821660
9788131307366
9788129108272
9788128817243
9788128815645
9788128815003
9788130926421
9788130926414
9788130926407
9788129104052
9788129102447
9789393304452
9789393304476
9798128808165
9788129110336
9788130926339
9788130926322
9788128820731
9788128817649
9788129111074
9788171826421
9788171824540
9788171823444
9788171784950
9788171677115
9788130926391
9788130926384
9788171676255
9788171672776
9788171672646
9788171672356
9788172867669
9788129112095
9788129111319
9788171827978
9788171670710
9788171198153
9788171190959
9788170942368
9788170862642
9788171672998
9788178790527
9788175964358
9788175736788
9788174763174
9788173156052
9788172454388
9788172453220
9788172453084
9788172237424
9788172237394
9788172237370
9788172236038
9789380868820
9788171822409
9789380582252
9788171671267
9788170944201
9788170943105
9788170862932
9788170247609
9788170231288
9788170087953
9788170087809
9788170086123
9788131308288
9788172233167
9789380710600
9798128809827
9789380710204
9789380710198
9789380710181
9789355231444
9789352291809
9788192226941
9788190922937
9789351652366
9789351867517
9789352722518
9788178793146
9789380154572
9789380386195
9789380582115
9789380582160
9788184080254
9788183686419
9788182747296
9788182744660
9788179913130
9788179772263
9788178890104
9788178793597
9789380032399
9788120777743
9788125026280
9788125026297
9788128504761
9788131711682
9780195662023
9788177588545
9789380358437
9780195675122
9780195661316
9788125023821
9788121607551
9788186551141
9788186742051
9788186742136
9788190545594
9788191033694
9788192480909
9789311121994
9789388563574
9788123430201
9788125909842
9788170210177
9788183323567
9788183558815
9788121609791
9788121903721
9788121914055
9789813005112
9789810102074
9789385471858
9788121605991
9788120718883
9788183681438
9789388632706
9789388632690
9789388563499
9789388428231
9789388701280
9789388973335
9789395283304
9789390744817
9788181375063
9788181375070
9788172541323
9788172762148
9788131809211
9788170164876
9788170218111
9788170218654
9788170593188
9788170640639
9788171192618
9788172540920
9788125910350
9788125912156
9788126112999
9789380536033
9789380536439
9788186332290
9788177393972
9788177393965
9789387840355
9788178550695
9789382088608
9789382088646
9788182965157
9788182963429
9789383717248
9789383137237
9789385914171
9788182961302
9788182965164
9788182962934
9788183270137
9789381771662
9789327232417
9789350248904
9789350718377
9789352034055
9789352034079
9789352722501
9788126423057
9788128620102
9788128620140
9788130916446
9788130925950
9788176840026
9788176936781
9788177390391
9788183793513
9788183270007
9788184970517
9788186332276
9788181990914
9788182011007
9789388563512
9789388563529
9789388563536
9789388563543
9789388563550
9789388563567
9788179504789
9788181373151
9788181373168
9788181375056
9788120323636
9788120752092
9788121902083
9788122307610
9788123900384
9780074516089
9780195675016
9788125008620
9788125008637
9788125010319
9789387840362
9789386561152
9789386561190
9789386561206
9789386561374
9789387303164
9789387303898
9788184766448
9789387840157
9789387840164
9789386379733
9789386379641
9789386433329
9789386433695
9789380536446
9789386379740
9789380708454
9789387840188
9789387840201
9789387840195
9789387840218
9789387840225
9789387840348
9788124116081
9788124303597
9788125013242
9788125013266
9788125051992
9788125052012
9788125054566
9788123903682
9788124113318
9788173025952
9788173026591
9788173591211
9788173591228
9788175351691
9788175969087
9780198094722
9780333932247
9781730152528
9788184510676
9788186651056
9788186867877
9788190706360
9788192404066
9789380072982
9789380325132
9789382826613
9788170218364
9788170294207
9788173017254
9788173024818
9788173591198
9788175840003
9788184024821
9788184461985
9788177392111
9788181377401
9788181804235
9788178550701
9788178550824
9788178550831
9788178551036
9788178552132
9788178552293
9788178669724
9788179480045
9789385914188
9789385914195
9789385914249
9788177392104
9788178690391
9788186004999
9788190060639
9788189491994
9788178692050
9788176760126
9788189491895
9788178692678
9788176760133
9788178690087
9788189491901
9788177223071
9788176760416
9788176760409
9788171859443
9780199481118
9788120405066
9788178690438
9788176760003
9788178691183
9788178691084
9788178690636
9788186004326
9788186004869
9788122306187
9788175965676
9780137059003
9780333935255
9788125919643
9789380295008
9789353493837
9788192126425
9788187659358
9780195675047
9781589257672
9780195675009
9780198061595
9780198061588
9780333923511
9781107631694
9788125017745
9788131712788
9789350491058
9788123403373
9788121921381
9780198093541
9789351651581
9788128016776
9789350461167
9788128013836
9788130925943
9789350461198
9780706994384
9780861311040
9788171085897
9781405227704
9781603460279
9788121921824
9788184993646
9788123437262
9788124100189
9788126907731
9788123430225
9789390490158
9780333904350
9780199463145
9789385140181
9789381119174
9788123429885
9788121905473
9788127220495
9788127224776
9788171858460
9788170080091
9789814070690
9788186775387
9788188965007
9789814070577
9789836801883
9788189012106
9788189998615
9788190457965
9789350461143
9788173193408
9788182746343
9788177090420
9788185392547
9789388050630
9789388973915
9789383995219
9789386394385
9798189012419
9788185018041
9788185461748
9788185860275
9788186308561
9788186332085
9788186332559
9788186896075
9789833664801
9788170286165
9788188261031
9788175963412
9788178121420
9788178121598
9788181468628
9788183683685
9788184673821
9788184683967
9780143100904
9780333923276
9781107612679
9780198092575
9788125919629
9788183794695
9780195680379
9788180067310
9788178552156
9788125021889
9780195689815
9780195680058
9788172869212
9789385913976
9780195675108
9788129118332
9780198092551
9780198081043
9780198081036
9780198081029
9788121619813
9788121929813
9788120736900
9788125055556
9788125055815
9788120721517
9788121616225
9788121612395
9788125060024
9788126018024
9788120777323
9788120777385
9788126709991
9788127267766
9788128009983
9788128012815
9788128020254
9788129106599
9788121615051
9788181379405
9789350718360
9789350592403
9789350483213
9789350131930
9789350127377
9788190367103
9788120788152
9788186332412
9789383051588
9789351267355
9788120719460
9781846651465
9780863117992
9789350718759
9789388952057
9788189998080
9788121616300
9788120777408
9788120777392
9788181379399
9788181377395
9788181375926
9788181375490
9788178550664
9788181379771
9788178120126
9788177568790
9788181334152
9788181331434
9788181331410
9788180566417
9788181461469
9788181461063
9788178120485
9788131913550
9788131909959
9788131909935
9788131809181
9788125049920
9788125045649
9788170086444
9789387333024
9788131001554
9788131001493
9788131001202
9788131001189
9788129505743
9788129106605
9788122203424
9788178550671
9788131001677
9788131001837
9788120777309
9788120770584
9788120765757
9788120757073
9788120752276
9788120736917
9780195684780
9788125017240
9788170641155
9788170641025
9788170602064
9788170570158
9788170148616
9788170088233
9780195684797
9788125033721
9788123419787
9788175969056
9788182960909
9788123430010
9788121932509
9788170790259
9788170705369
9788177394894
9788170668343
9788131010594
9788131009628
9788126709717
9788126423408
9789391262389
9789388050722
9788121618274
9788170669418
9788177394344
9788177393958
9788177392609
9788131009567
9788131002926
9788182960893
9788181536549
9788189253219
9788124018811
9788187863915
9788187812128
9788179200452
9788178553450
9788131003640
9788131003596
9788124312278
9788124308103
9788187863922
9788175730915
9788175736382
9788175820708
9788170941828
9788170965640
9788171194087
9788171672127
9788131011164
9788131011751
9788131014813
9788131022665
9788175964839
9788175965225
9788175966796
9788131002551
9788131964675
9789386209504
9788183270120
9788183554411
9788183681896
9788183683586
9789352033959
9789352511495
9788179661864
9789386620712
9789381842201
9789382689195
9789382826323
9789383053247
9789385914164
9789385914232
9789385929649
9788178551050
9788181374387
9788175440265
9788175540101
9788131009598
9788131011591
9788131733387
9788170187615
9788171085361
9788172453077
9788172540999
9788174828040
9780199476442
9788122302745
9788123011424
9788174886132
9788176120234
9788176810050
9788177392579
9788181334213
9788181334237
9788181334299
9788179680438
9788177561951
9788177565607
9788172294106
9788172313869
9788172540807
9788172932640
9788173154867
9788174824646
9788175974982
9788182961425
9788182961432
9789350718780
9788184151893
9788184490688
9788184973433
9788184973457
9788185018195
9788185420042
9788182961111
9789351267348
9789351652632
9789351767510
9789352033942
9789350718797
9788170667285
9789350941416
9789350387962
9789390874460
9789386209511
9789386209696
9789386209757
9789386274618
9789386433459
9789386433947
9789386620569
9789387303140
9789387303218
9789387303423
9789387303829
9789387351608
9789350941386
9788170668008
9788171828944
9788171829354
9788172153663
9788172245061
9788179505601
9788179551813
9788122300796
9788122306736
9788170661184
9788170661597
9788170661887
9788170661955
9788170663676
9788170664307
9788187659396
9788186877289
9788186877180
9788186332603
9789364042116
9789352722495
9788189443009
9788186895498
9789393304193
9788184766585
9788181911148
9788175965652
9788183072533
9788182962675
9789350944677
9788190318891
9798128400222
9788185173030
9789390228591
9781629638256
9788170212294
9789390027613
9781645192565
9781801128742
9783576226401
9781613833421
9781645192022
9781647470760
9781648267307
9781406253641
9781432864361
9783836536905
9783836568753
9781662718793
9781662722318
9781662722417
9781683963615
9781846342417
9781934267615
9781532143793
9781596068490
9781596069657
9789390170333
9789390228874
9789390230075
9781662717550
9781662717956
9789390295050
9789390295173
9781946260741
9781950366019
9788120413931
9781779502933
9781772756753
9781524103460
9780500976814
9780606400855
9781662714412
9781662714498
9780135193402
9781302921668
9781302922672
9783848008179
9783954761395
9783957300935
9784805315316
9789390209491
9789390209873
9780789213570
9781302924027
9781302925444
9781302927127
9781302927271
9789352923373
9789390027057
9789390262892
9789390262939
9781506717609
9788131701249
9788131720615
9789390228539
9781684155941
9781733422420
9781982135461
9783741918339
9781952894701
9781952985027
9789390262113
9789390262854
9781499433487
9781506708201
9781087906669
9789000033577
9780333917534
9788187164289
9788177586350
9788187148036
9788177580976
9780195675092
9780333921548
9780195639087
9780195658217
9780195639100
9788187659334
9788186351536
9788189955304
9789387308749
9780195649925
9780861252848
9781845572426
9780817656393
9788128802041
9788128016493
9788127200442
9788126707171
9780143335054
9780143335023
9781845574437
9788171829767
9788171828968
9788171828371
9781845572419
9781845570415
9781845387419
9788171817221
9788171817207
9788183223614
9788121916356
9788120730427
9780140173994
9780074603710
9788183333801
9780553493115
9788181911810
9783902038173
9788121920025
9788120315525
9780143027782
9780141317441
9780070403079
9788175351769
9788183270670
9788181466686
9788181466389
9788125919636
9788181463142
9788181460936
9789347764066
9788175351752
9788184190434
9788184155648
9788176559140
9788176558648
9788176555715
9788181465467
9780333904787
9788126011384
9788125902386
9788124200650
9788124200612
9780198094692
9780198094685
9788123432731
9788120716766
9780198094654
9780198060574
9780195675085
9780195662191
9780195624755
9780143416678
9788172239541
9788172239534
9788172239480
9788123409115
9788170001126
9788121617024
9788121907538
9788122000597
9788123005553
9788124201121
9788124202784
9788124203545
9788172453602
9788196015381
9788170531920
9788120718180
9788171823918
9788125908999
9788125911869
9781741215090
9788176563963
9788170299493
9788170127260
9788170086130
9788174786265
9788172453855
9788172453657
9788125924838
9788186895399
9788185828374
9788172453572
9788126006885
9788172239503
9788172210229
9788171641000
9788120719781
9788188322091
9788183689090
9788183681124
9788176550024
9788176489829
9788171828272
9788123905792
9788123743639
9789350482216
9788176554817
9788128811449
9788128806667
9788172453282
9788120730410
9788120719514
9788120717282
9788126706082
9781760342456
9788175642423
9788120323643
9780521747370
9798189182693
9798179924517
9798171823412
9798128818652
9788184510348
9789350723258
9789350681756
9789350495810
9789393304063
9789389308600
9788184510324
9788184450620
9788172451585
9798128818324
9788184997422
9788184676884
9788184670226
9789380130293
9788176850056
9789389308594
9789387484085
9788174090638
9789386433299
9789381343937
9789380743028
9789351360810
9798128809834
9789380361130
9789380361123
9789380361109
9789386791719
9789347764073
9788186852194
9789380361147
9788195992430
9788192056432
9789350260920
9788189998684
9788189909239
9788185107707
9788173141249
9789380058481
9788125006879
9788128814457
9788172453534
9789350723340
9788185378749
9788185328225
9788189359829
9788131306727
9788128820373
9788128818141
9788128817571
9788171821297
9788128814303
9788128813566
9788131307748
9789380361086
9788181460028
9788180565373
9788179875919
9788176567046
9788170283065
9788172157678
9789350495780
9788171817191
9788172239572
9789380361062
9788177561883
9788171421497
9788131307953
9780198094678
9780198094661
9780199484836
9780753711149
9788171872855
9788120718203
9788171813841
9788171790548
9788171087167
9788170601067
9788185392028
9789814107310
9789353095895
9780590111560
9788187380078
9788187155393
9788187111092
9788187061670
9788186987599
9788186877890
9789380361161
9789347764097
9788172453565
9788173710728
9788173667442
9788173591006
9788173172991
9788173155512
9788173141270
9788172453299
9788179502303
9788176554626
9788175962064
9788128811623
9788173710759
9788174828514
9788174823045
9788190688444
9788184230543
9788183482257
9788184190458
9788184153835
9788184152364
9788183883641
9788183882477
9788183794794
9788174670465
9788172453671
9788184192681
9789351773368
9789351773283
9789351361008
9798128817921
9788186332894
9788178624778
9788178134697
9788177693003
9788183414975
9788177565034
9788177564372
9788188759880
9788173136399
9788176567275
9789350136829
9789347764127
9789347764103
9788177580969
9788172760748
9788172542788
9788172453862
9788172453817
9788172453800
9788172453695
9789176840962
9788178890647
9789353225926
9788172453343
9789380361116
9788183689939
9788183689304
9788183610803
9788188759866
9789380058474
9789354865770
9788172453510
9780906149164
9781403928177
9780333936870
9788177586343
9788131730737
9788174730633
9780198093725
9780195683691
9780199451777
9780195697681
9780198081012
9788122306477
9780333911242
9788171702930
9788178106809
9788181373441
9788184095838
9780435996994
9788124321577
9788125047018
9788125035350
9788122202151
9788123429779
9788123431581
9788122201284
9788131011607
9788131011225
9788131009611
9788131003251
9788131001974
9788131809693
9788170211891
9788131803929
9788182961678
9788179252215
9788179252543
9788179772713
9788184823752
9788170215196
9788131961056
9788170081654
9788172452223
9788180561252
9788180561245
9788173011931
9788172362539
9788174784032
9788171081219
9788172252168
9780861312115
9780521742818
9788172452216
9788123433950
9788184672497
9788184670523
9788170219163
9788182961609
9788184827552
9788123902616
9788175353510
9788176630252
9788177392586
9788177392593
9788176936507
9788176936538
9788177394870
9788177394887
9788178120546
9788178236063
9788183682817
9788184080643
9788177393934
9788177394399
9788186987872
9788185790190
9789381162002
9788126317967
9788128020643
9788128618550
9788129111999
9788129506689
9788130904474
9788130904535
9788131000243
9788123903446
9788124110966
9788179775196
9788124305706
9788124307151
9788170219378
9788122201062
9788120789241
9788120748828
9788120748811
9788120748798
9788120748019
9788100000526
9780861256051
9780753416808
9780333903940
9780230327894
9780195683721
9788171823208
9788170701415
9788170580331
9788173016240
9788173016066
9788173016028
9788172540906
9788172452247
9788174881601
9788174781932
9788174783509
9788171082735
9788172290740
9788172452230
9788170701989
9788170702504
9788171086108
9788171670284
9788170640813
9789386209184
9780195647259
9780007794324
9780007794225
9780007794201
9780001068599
9780000103475
9789386209917
9789387840423
9789386433367
9789386433787
9789386433961
9789386555182
9789351416302
9789351445708
9789387840416
9789395283229
9789385914034
9789385914027
9789392451621
9789390738304
9789388973106
9789388701204
9798129105386
9789387303508
9789387840409
9789393725608
9789393725615
9788184979510
9788185336381
9788186332498
9788171701568
9788186895535
9788186987582
9788184671896
9788187057857
9788187659426
9788188440023
9788188867059
9788184683134
9788189403126
9788189852054
9788184850932
9788184979480
9789350361085
9789350947326
9789351212027
9788189220273
9789351212188
9789351212195
9788187131977
9788187131984
9789352033973
9789352511983
9789352511990
9789352512034
9789384301484
9789385556074
9788199287389
9789348948816
9788181330260
9788181330284
9788181330314
9789351212102
9788181370952
9788181377425
9788178264127
9788181377876
9788181461018
9788181461544
9788181465894
9788178550640
9788182960756
9788182960947
9788180561269
9788181330246
9788182962378
9788183554336
9788183554350
9788181804136
9788183681674
9788183795029
9788181379993
9788184080674
9788184821499
9788184822007
9788184822830
9788181460578
9789373890036
9788184823967
9788124314357
9788131000212
9788131001257
9788131771174
9788170172376
9788170419181
9788125005797
9781906947033
9781906947002
9788131900512
9789380114194
9789380114750
9789362149411
9788183579162
9780198081005
9788176760232
9788183579216
9780195675061
9780906149195
9780195624359
9780195680744
9788173171864
9780198066040
9780195675054
9788183890069
9788175350519
9788131712832
9780199459162
9789393830074
9788176564243
9788123432762
9788184670783
9788184672091
9788123009193
9788123707563
9788123714783
9788125934646
9788126415205
9788172543525
9788174672896
9788174787408
9788174820464
9788175567054
9788179920879
9788184672077
9788120707443
9788120712683
9788121921923
9788122002126
9788185086019
9788186822012
9788189020699
9789350944158
9780333925966
9780340776070
9780852265307
9781592400317
9788171193769
9788171709472
9780091841287
9788172453480
9788179922651
9788184082111
9788128021237
9788130926308
9788170160250
9788171080632
9788184672107
9788184672190
9788184676068
9788184676372
9780091841300
9780174218913
9780195667400
9788184491012
9788172011239
9781875288151
9788189107024
9780333923504
9780333923498
9780333923481
9788186112847
9788184460025
9788177270204
9789385888502
9788123007731
9788123431710
9788125026433
9788128014956
9788131311219
9788174670724
9788175961937
9788176930383
9788175961913
9789384915360
9788123901664
9780195680317
9788125017691
9788179876671
9780582235649
9780906149072
9780906149089
9780706994803
9780195636116
9788173793080
9788120733879
9788123779089
9789388632775
9789388632645
9789388632638
9780521185332
9780706997507
9788122308174
9780861311880
9780861314515
9781741215281
9781741215328
9780746033340
9788122308167
9788122303537
9788121914796
9789388973113
9788120733824
9788121904186
9789831918357
9788120739215
9781741215311
9789351445685
9788186895078
9788186895054
9788186351871
9798177694672
9798128809698
9788190691543
9789388632652
9788189445072
9788189182472
9788184025378
9788183852227
9788183852197
9788183794060
9788187460824
9788187164708
9788189796006
9788120739239
9789380130194
9789352743735
9789385914201
9789385914157
9789385914133
9789385914003
9789351442486
9789351861850
9789351135449
9789350947081
9789380834337
9789380483559
9789380483542
9789380483481
9788120739840
9788120779792
9789351380405
9788123704180
9788122421910
9788122421873
9788124202432
9781845394264
9781741215304
9788122306323
9788187131847
9788122300819
9788122300758
9788122203479
9788126427024
9788126709212
9788128630637
9788188049554
9788128814754
9788122301083
9788126424658
9788126421428
9788126419791
9788126419784
9788126418862
9788126418442
9788126417957
9788126320653
9788123754031
9788126300280
9788126300204
9788126300167
9788126008124
9788122203462
9788121939140
9788121920032
9788124200674
9788126300327
9788124201923
9780863113963
9780861312610
9788122420586
9788122420555
9788122306460
9780333923139
9780195672350
9788128812996
9780195632293
9780000125811
9788126427406
9788128022005
9788129101099
9788129106520
9780333914281
9788124201954
9780195653526
9781741215229
9780863117602
9788193059098
9789350491508
9788183688994
9788178124209
9788179771655
9788181332257
9788124201978
9788185316468
9788185828848
9788185944203
9788186773307
9788187460749
9788121900751
9798189182853
9798177694689
9788183687867
9788173141676
9788173141645
9788175738751
9788175738546
9788128810923
9788128809286
9788172542450
9788172542429
9788172294489
9788172293963
9788174781567
9788120781016
9788174761187
9788174508102
9788125032724
9788125030041
9788125005469
9788124316313
9788124315095
9788124306727
9788124305720
9788171821938
9788129105684
9788126418466
9788174780164
9788177562217
9788177560763
9788177392814
9788177390452
9788179913062
9788179680643
9788179639856
9788179253236
9788131000564
9788129507501
9788129106247
9788175820661
9788173141690
9788131800119
9788131303214
9788131012482
9788128808050
9788128805899
9788128805646
9788128803024
9788131009413
9788131009383
9788131001615
9788131001592
9788173141744
9788131901168
9788175440579
9788174785893
9788174761798
9788173020018
9788173011771
9788172542740
9788172542481
9788172541231
9788172361600
9788171920327
9788171672325
9788171670901
9788126017256
9788170820093
9788170793823
9788170790716
9788170297604
9788131003138
9788131000120
9780521185233
9789391262488
9789381645765
9789380892986
9789380232324
9789380072692
9788171611096
9788124202845
9788124202821
9788126427291
9788171821075
9788171820283
9788170294986
9788170171386
9788131999530
9788131963074
9788120730250
9788120719484
9788120718012
9788175440593
9788131012390
9788131010556
9788131010501
9788131010495
9788170668572
9788170662006
9788170640967
9788170640776
9788176045490
9788176043144
9788175440814
9788175440654
9782915730067
9788181333582
9788180562693
9788181460622
9788181379634
9788181379603
9788181379597
9789350126080
9789332431096
9788192374741
9788192117171
9789352512058
9789351861959
9788171817498
9788181377456
9788187981268
9788187662259
9788187659419
9788187659389
9789350595497
9789350486290
9789350261934
9789350127582
9788176122306
9788176120104
9788175962156
9788181377821
9789386433824
9789386433749
9789386209337
9789386209290
9789833378371
9789833378302
9788184154122
9788184152654
9789385140204
9789384301446
9789383606382
9789382818175
9788181334008
9789387303454
9789387303393
9789387303171
9788181379375
9788181379368
9788181377869
9789352617395
9788182962712
9788182962217
9788182961593
9788182960923
9788181335197
9789387330597
9788183682879
9788183681575
9788172150150
9788171828180
9788171826841
9788181377852
9788173141621
9788173141478
9788173016301
9788172543600
9788171817481
9788171082520
9788186190548
9788170791911
9788172293536
9788172291426
9788172157753
9788172154363
9788178890708
9788178625843
9788178625829
9788178624037
9788181377845
9788181377838
9788171819553
9788171081233
9788178127897
9788178122878
9788177562897
9788177562279
9788175640382
9788175640030
9788175440791
9788174784902
9788176634755
9788176566858
9788176560696
9788176231305
9788183683340
9788183453158
9788183330978
9788182962811
9788184684124
9788184192070
9788175738171
9788175640931
9788182011991
9788181803412
9788181463449
9788181460639
9788183689083
9788183614603
9780195667387
9780333924808
9780333935859
9788120305144
9788172342579
9788172342630
9788172342494
9780195640878
9780199451760
9780333925133
9788125903208
9788175351172
9788177585155
9780333920169
9780195667370
9788180110528
9788185311388
9780333938850
9789393830098
9780195691030
9788125915607
9780198068037
9780195606188
9780333931622
9788179913024
9788124200520
9788179912997
9788171084517
9788171083909
9788189796143
9788125040552
9788174781789
9788181460516
9788181464903
9788190901093
9788194492139
9788681954287
9788126418107
9789833536900
9788170081890
9789382038115
9788123909349
9788178121369
9788176635547
9789381511244
9780195612110
9788174786319
9788171306756
9788172245658
9788172540265
9788181465603
9788171085101
9788179870921
9788171093496
9788170170334
9788172450953
9788185897301
9788184243932
9788184464351
9788177090413
9788183794886
9789363196186
9788182757349
9788181465696
9788172542405
9788172865658
9788174781727
9789380483009
9788190901079
9780333938935
9788190901055
9788190901048
9780866111362
9780333913604
9780198075196
9780198065937
9780198065920
9788190901031
9780198065913
9780195691016
9780195648171
9788188733200
9789380849188
9789380483207
9789380483016
9781845578770
9780333923566
9780333923641
9788173170010
9780333923559
9788123721934
9780195694888
9780074601723
9780195656039
9788120723948
9788120723870
9788120900301
9780706976885
9781419504198
9780833527042
9780963844910
9780955294082
9780198068068
9780198068051
9780198068044
9780198082590
9788120788480
9780375842177
9780373338801
9788125000402
9788124323151
9781563896583
9788124309438
9788124309421
9788124303856
9788120725553
9788120724730
9788123910222
9788123903491
9788123903347
9780842384247
9788124312698
9788131002223
9788125016281
9788125015949
9781932915167
9781903096338
9788131000304
9788131000274
9788131000236
9788130405568
9788130405216
9788124201565
9788128802492
9788128802485
9788128801846
9788128400841
9788126412846
9788126008148
9789381095812
9788189235109
9788187765110
9788124203262
9788120726437
9788120726185
9788120726161
9788120725645
9780143026563
9780140240580
9788120724358
9788120724006
9788120723993
9788120723979
9788131003619
9788120723955
9788131001943
9788131001530
9788131001479
9788131000915
9780843126884
9788130405070
9788129104342
9788129103574
9788131003657
9788120723962
9789673242672
9781929133352
9788174788276
9788174786906
9788174785664
9788185988016
9788185679624
9788185674476
9788175738539
9789383990009
9789382562306
9789382562191
9789382562184
9789382562177
9789382562146
9789382562139
9789382562115
9789382562108
9788184191790
9788184191783
9789382562382
9781844036202
9781405176316
9780945353966
9780861311392
9780851705262
9780827348837
9780746066492
9780321554192
9780136066163
9789673312382
9789831912003
9789673312443
9789673312429
9798128809988
9789833378272
9788175738300
9788175643185
9788175561007
9788175542235
9789673312405
9788171676682
9789382562771
9781730166075
9781605980102
9781601460332
9781569756515
9788120723535
9788120723498
9788120723481
9780170120548
9788184152081
9780922811182
9780895249333
9780882847726
9781860425127
9781846773754
9781845570033
9781845570002
9780198075189
9780861254071
9780855985790
9780942110784
9789382562061
9789382562054
9789382562047
9789382562030
9789382018896
9789381212547
9789381033487
9789381033289
9789381033227
9789381033159
9789382562818
9789383990054
9789383990047
9788185173108
9789382562764
9789382562726
9789388632768
9789388050623
9789386012630
9789383670901
9789382562832
9789383990320
9788177391145
9788184820263
9788184191998
9788184191981
9788184191806
9789382562665
9789382562627
9789382562450
9788185674421
9788128814679
9788128814662
9788128814655
9788128814624
9789382246916
9788175542136
9788175090484
9788175090323
9788171827381
9788182962781
9788182960916
9788182960015
9788128823756
9788128821721
9788128821714
9788128814693
9788181336477
9788181336279
9788175542211
9789393267993
9788131009659
9788131006917
9788131004739
9789351650379
9788170174646
9788170117698
9788170087564
9788131761458
9788181336170
9788181336163
9788181336071
9788181336019
9788177560176
9788189182984
9788188385492
9788186332924
9788171672905
9788171080922
9788170661771
9788170586807
9788185674377
9788185629698
9788185107097
9788185028767
9788131014349
9788131011263
9788177390315
9788129101303
9788125902164
9788124304013
9788122003802
9788120724389
9788120723689
9788120722231
9788120722170
9788171677924
9788120722156
9788120722132
9788120719989
9781932021325
9788181336248
9788176128162
9788175821712
9781845570057
9788120722163
9789831912683
9788181336576
9788174822826
9788175738928
9788175738676
9788175738577
9780072885101
9788172014049
9788171678808
9788176496254
9788181336217
9788128814594
9788128814570
9788171828081
9788171828043
9788181335944
9788181335470
9788181333339
9788180691515
9789351773689
9789351650430
9789351650393
9788181336484
9788129506832
9788181336552
9788181336521
9788171676668
9788171670475
9788171220700
9788170791096
9788170790587
9788170217640
9788170215899
9788170187127
9788170161424
9788170160472
9788131010341
9788131002520
9780130305497
9788171679805
9788171679751
9788121938563
9788121923354
9788121609920
9788121609913
9788171677917
9788171677535
9788171676439
9788171676033
9788120722736
9788120722699
9788120721296
9789673240302
9788123010595
9788122309331
9788122202878
9788122201239
9783822890486
9783822851937
9788128811562
9788128808883
9788129102607
9788129102089
9788129101365
9788129100658
9788178623993
9788100001295
9788100001264
9784921205164
9783936636468
9783906127576
9788179331538
9788175739314
9788174786289
9788174784193
9788128803062
9788171677931
9789381448274
9780198082606
9788121608237
9788171679829
9788121608213
9788185027166
9788183682435
9788183680936
9788181336231
9780333922613
9780323036139
9780312342470
9780263204414
9788171675722
9788171675494
9788123434810
9788123429601
9788171822782
9788121608220
9788171827060
9788172540968
9788172453985
9788172159252
9788172153106
9788184822564
9788184822069
9788184822014
9788184821857
9788183453103
9789381033081
9789380005041
9789355481153
9788178559063
9788173011955
9788172865122
9788172541156
9789351650362
9789351650287
9789351650263
9789351650133
9788183612708
9788183530255
9788183453202
9788183453172
9788194266679
9788192977843
9788173664250
9788178124216
9788190457996
9789351650096
9789347764158
9789347764141
9789332424586
9788189235116
9789382562702
9789382562696
9789382562672
9788179872208
9788179504512
9788179330340
9788173012129
9788171825806
9788171825776
9788171824250
9788171823567
9788189723019
9788189605704
9788189605223
9788189605209
9788171679461
9788171678761
9788171678419
9788171678280
9788174390486
9788173024511
9788178694481
9788178120577
9788174142818
9788178121482
9788178120096
9788178121635
9788186877968
9788178120089
9788178120072
9788125013013
9788122202892
9788122202502
9788122203042
9789386810793
9788185897820
9789382400370
9788125013006
9788120760240
9788120774360
9788120760226
9780861251612
9788175974838
9788174143938
9788125011118
9788125010876
9788125002239
9788125014836
9788131915943
9788131927342
9788179680711
9788182962354
9788181374974
9788181374950
9788185119083
9788177390438
9788177392791
9788177394931
9788170088608
9788172294113
9788172294199
9788178550572
9788177390421
9788177394948
9788174143198
9789384168896
9789384883843
9788131908334
9788170087403
9788170089681
9788100000625
9788170085034
9788174142696
9788174143297
9788131802182
9788122308525
9788120735026
9789350121856
9788178694009
9788178694634
9788178695006
9788178694665
9788180563720
9789350121801
9788181375889
9789350121931
9789350121870
9788178694061
9788178694092
9788178694627
9788181375872
9789350121818
9788175050488
9788178553177
9788178624457
9788174144300
9788174143785
9788175970540
9788178121000
9788172294052
9789383441082
9788172293376
9788189291730
9788172293611
9788172293123
9788178235387
9788172291235
9788181376626
9788181376619
9788178236759
9788172293628
9788172292072
9789380049809
9789380592275
9788170212935
9788170089278
9788131900604
9788125002819
9788100003916
9788170640585
9788171207077
9788172290634
9788186877715
9788172291945
9788174143020
9788172290962
9788178121949
9788120781955
9788172291815
9788185843124
9789383751242
9788185843179
9788185843278
9788129882288
9788185301594
9788100001455
9789369941094
9789369942473