9789364119382
9789387944732
9789352208531
9789352208548
9788184954197
9788184954258
9789395073950
9798897447985
9798897447978
9788198609120
9798887332611
9789395437431
9788198922113
9789359571287
9789394200531
9798888698761
9788194829591
9780143465607
9788181466426
9798885460675
9788177860139
9789352209477
9788100001649
9788184954241
9788184953459
9780143469919
9788197393327
9780143469902
9789390183500
9789389931457
9788172290900
9788178245492
9789395661928
9788119792092
9789373162836
9789373160689
9788122123289
9788184954319
9788184954494
9798899063251
9788100001655
9788195838509
9788119750474
9788121240840
9788121240833
9788121242387
9788121242370
9789386463449
9781138203808
9788196011819
9789360806866
9788121265799
9788121265805
9788174142948
9789373162638
9789373165103
9788100001629
9789392274671
9789367806135
9789367801444
9789377304539
9789371332682
9789371332415
9788188452170
9789389717310
9798898545475
9780143477426
9789379852250
9788100002862
9781638064855
9789359579566
9798889861966
9788100001653
9780143443001
9788100001625
9798887178349
9789395741552
9789347999321
9781534818705
9798896104841
9789348098740
9788172238698
9798889754343
9788184955972
9788184956313
9789392126628
9788100003273
9798899294341
9788184959390
9789392374197
9789392126994
9788184702132
9789394061316
9789393050052
9781638502890
9798890024251
9788190662239
9788197241413
9789390958870
9789390031207
9789359066677
9789350005408
9788119090105
9789389931167
9789385492112
9788184956238
9789349358911
9788199214019
9789355432001
9788175993563
9798889752875
9789354406775
9789395386456
9789358561647
9789386867193
9789386867834
9789334389487
9781032234335
9789359576473
9788195703517
9788180695575
9789348561824
9789348138361
9781638508335
9798895444108
9788179500859
9789359442266
9789385814181
9788172764487
9788119541492
9788194953685
9788119436828
9788119628131
9789378801051
9789359425610
9789384920807
9789384920814
9788194932185
9789395686013
9780143473473
9781685631109
9788199376199
9788195138197
9789390958498
9789394758988
9789388423847
9788172337858
9789356951921
9789356951938
9798890026620
9789359421650
9788170001720
9789387944527
9788192889917
9788192889924
9789386345424
9788171857500
9789354912191
9789350360989
9789390811465
9789389719956
9788171859597
9780143473367
9789352204830
9789395279185
9780143463245
9789361274145
9789380070674
9789380070643
9789380070568
9789380070421
9789380070612
9789380069449
9788187108733
9788187108887
9789380069432
9789380069463
9788187108894
9788187108900
9788174142917
9788174142887
9788174142894
9788174142900
9788174142924
9788174142931
9788198939814
9780143479918
9789385485374
9789391636975
9788186103791
9788186103042
9788185141343
9788193081266
9788182882652
9788180850165
9789380076881
9789395689540
9788123765570
9789380076188
9789392126802
9789392126611
9788123746371
9789387297166
9788181373540
9789356181991
9789356182004
9789356182370
9789356181182
9789356181335
9789389173444
9789389173451
9789388563598
9789388563604
9789386500144
9789386500083
9789386500151
9789386500090
9788181370785
9788181376930
9788181374059
9789356182738
9789356185760
9788181379986
9789387532243
9789387532250
9789387532267
9789387532274
9789387532311
9789387532328
9789387532335
9789387532298
9789387532304
9789387532281
9788181374745
9788181374752
9788181374769
9788181374554
9788181374561
9788181374578
9788181374776
9788181374783
9788181373908
9788181373915
9788181373892
9789387984943
9789368823858
9789356180482
9789356180529
9789390875962
9789390875139
9789355880253
9789355880307
9789356187672
9789356187610
9789356187382
9789356184244
9789356184237
9789391495121
9789389048711
9789389048773
9789390875016
9789391495138
9789389048728
9789390875979
9789389048902
9789355880475
9789389798623
9789388905954
9788181375643
9788171850273
9788123731391
9788176212861
9780143470717
9798888694138
9798888694152
9788123703473
9789385985560
9789392820793
9781646787968
9789388423489
9789351653288
9789369582341
9788123717609
9789353240288
9789391129217
9789360804237
9788172160746
9789334289398
9789334046816
9788125016618
9788189441906
9788121506953
9787758854628
9789387893726
9780143465393
9788131611128
9789359990194
9788183150552
9798884576803
9788178061795
9788123769295
9789352207961
9789382443971
9789382443988
9788100002996
9788180900655
9788196631338
9781715344870
9789392099540
9789362055453
9788189301170
9788189301965
9788195061167
9789392753435
9789347354267
9788194312352
9789385223068
9789384091194
9789391446543
9788199447196
9781638323631
9788125061403
9788189471804
9789388526098
9789350480366
9788194392828
9788195254941
9788168536326
9789380188164
9789391948443
9788168844193
9789385223501
9788123755342
9789348643520
9788190892759
9788177868531
9788194925880
9798887176345
9798888696880
9789393986030
9788123751030
9788132113690
9788194040064
9789379381453
9788100000553
9788123722122
9789358565973
9789395098625
9789385254895
9788175249783
9789350132708
9789357552318
9780143063520
9788170219705
9788131935088
9788180564383
9789386554963
9780143065166
9789387604742
9789799268815
9788196289331
9780190127954
9788178122571
9789364441087
9788192933559
9789354880339
9789390389049
9789350944967
9789351447801
9789351445371
9789388182997
9789388182881
9789388426008
9789387604889
9789351447634
9789351444077
9788178121765
9789370185012
9789387918122
9789362137654
9789355436139
9788194981763
9789353520441
9789350460610
9798894159478
9789347590092
9789350468326
9789390744749
9788183222334
9788181462350
9789354887932
9789354804373
9789354880483
9789354881046
9789354880568
9789354880728
9789354880803
9789354880643
9789354880407
9789354880964
9788181465689
9789373595719
9789350124482
9788174143921
9788119394210
9788119394470
9780143418412
9789395101745
9789360821524
9789391061395
9789391061555
9789395101769
9789354889608
9789354888762
9789364446266
9789388426305
9789391061142
9789391061678
9789354884030
9789354887185
9789392837333
9789392837395
9789354887901
9789348203540
9789351445630
9789351442677
9789373592862
9789348203687
9789354889240
9789351443728
9789386309068
9789355648624
9789386309051
9789351443742
9789394168466
9789356811102
9788119421268
9788197780394
9788197481437
9789355436665
9789355437099
9788181466723
9788193975626
9789354885815
9789358118513
9789373595634
9789373596259
9789390315680
9788123757995
9789390085996
9780143419327
9789385724350
9789350125786
9789381842492
9788185787992
9788170551300
9789387330429
9789387671218
9789352200948
9789375730316
9789390095339
9789389592764
9789389592719
9789389468342
9789364810104
9789389592252
9789389592269
9789389592283
9788184028768
9788123762043
9789382629252
9788173863165
9788171859542
9788100003791
9788198409683
9789380076454
9788195648337
9780143465454
9789350338384
9788123795881
9788119436248
9789380076638
9789356952843
9798895885086
9798895885062
9798900540481
9798900540474
9798902078579
9798902078593
9798902310433
9798902310426
9789395643610
9789394265424
9781032973234
9788184028942
9798903300105
9789391639723
9788198220684
9788184951455
9798887170947
9780143463238
9798896100423
9789390102860
9788100000283
9789356954014
9789352290321
9788194932321
9789374063477
9789390373802
9789380076904
9789355484901
9789384649517
9789382629276
9780199464678
9788170119227
9788188554294
9788100003970
9789392590443
9788172338145
9789359425757
9781942426707
9788176500685
9788189989996
9789382175513
9788123720197
9788190025300
9788126704590
9789363889033
9788123764221
9789359420639
9788180313172
9788195254927
9789379384621
9789360863159
9789381506714
9789387297036
9780143478409
9788186103548
9798891862555
9789352714094
9789352714100
9789352714131
9789352714155
9789325971387
9789352714117
9789352714124
9789352714148
9789325971509
9789374267424
9789360867010
9788120775596
9789364070317
9788194965022
9788119133888
9788184541588
9788123743042
9789348157218
9789381843369
9789381350348
9789354889400
9789354887635
9789354888977
9789354887437
9789354885501
9789354885495
9789364448284
9789354889486
9789354888304
9788125061366
9789354778865
9789354880001
9789354880322
9789354883231
9789354880247
9789354883330
9789354883392
9789354883385
9789354880087
9789354883224
9789354883309
9788183559010
9789386629630
9789369585441
9789354888403
9789358893113
9789351445678
9789369582600
9789347572715
9789353228613
9789351440109
9788179755068
9788196631314
9789360867119
9788174533630
9788192571072
9788125054948
9789384444199
9789349905719
9789380076300
9788174533883
9789348658678
9788186775318
9789354979224
9789354979217
9789354979170
9789354979200
9789354979248
9789354979194
9789354979187
9789354979163
9789354979231
9780199469703
9780199469710
9780199469727
9789367259825
9780190137182
9789354979941
9789354979644
9789354979750
9789354979699
9780190137199
9789354979798
9789354979835
9789354979590
9789334010091
9789373170664
9788170212263
9789395593410
9789353490003
9789353521318
9780861312160
9788120823525
9789387383746
9789361270888
9788184826944
9789350336588
9789353528027
9789365474565
9788131910320
9780143446811
9789387383197
9788174508171
9788183222273
9788178062983
9789386850362
9789383260003
9789385152320
9780143068839
9789354767456
9789355434760
9788194794554
9789384883423
9789352530656
9789348521446
9789388754118
9789353043773
9789384168476
9788179501856
9789386850218
9789385152542
9789367254066
9789367252895
9789367256732
9789367250785
9789367254790
9789367255667
9789367257180
9789367257081
9780195655278
9780195656091
9780195656176
9780195657487
9780195657739
9780195661187
9780190133610
9780195657227
9789355434067
9780143418382
9788184973693
9789389982800
9789352669554
9789355325549
9788184778588
9789351263852
9788183226776
9789388241847
9788183225694
9789382409441
9788193831069
9789371975421
9788120831797
9788184979527
9789354688867
9788129146465
9788174143419
9788174144355
9788174143433
9788174143600
9788174143716
9788174143624
9788174143761
9788174143891
9788174143952
9788174144188
9788184005646
9780143063896
9789391855192
9789386850287
9789350653043
9789387578067
9789381555712
9788131770498
9780143429838
9789353181017
9788183227117
9798896109204
9788198179630
9788119889430
9788119894185
9788123908731
9789387894303
9789384883294
9789371979047
9788175051553
9789348521583
9789358919219
9789360176570
9788122304411
9788183223997
9788183222396
9788120349742
9789351865643
9789349330566
9788197977695
9789349330245
9788173862748
9788123755618
9789347923418
9780199469680
9788192948249
9788197372612
9788171856947
9789384091507
9788123706528
9788171242511
9788187418733
9789347450365
9789385721243
9789385721113
9788183151016
9788123754253
9788189235833
9788196410988
9789334146066
9788100000141
9788100000125
9788100001015
9788100001016
9788100000123
9788184767858
9789353877576
9788123726816
9789395416290
9789384883041
9788100003766
9788124612996
9789369943777
9789390287123
9789354861956
9789354862113
9789390900732
9789355215697
9789380829388
9780143477211
9781613017968
9789382281634
9788119019618
9789351506690
9788193763049
9788174454416
9789383221028
9788185891156
9788119196463
9788100002604
9788171108749
9798902960324
9789364488549
9789364484336
9789382109747
9788192123745
9789350890363
9781648926761
9781648926785
9781648926808
9781648926747
9789380565507
9780143467236
9788171102648
9789355030276
9789385005930
9788123754130
9788172334729
9788172334765
9788172334727
9788172334761
9788172333096
9789386652195
9789384406684
9789388434102
9789388684675
9789353878276
9789389412673
9788184412863
9788191024036
9788183152563
9789347265082
9789382821663
9788119989461
9789388810500
9788199291874
9789353766313
9788168699946
9788190473101
9788168699045
9788194844495
9789353493554
9787758855106
9788172334435
9788126330683
9788171640485
9781945688195
9788198176776
9788181760135
9789360868307
9789391154462
9789387840287
9789387840294
9789387840300
9788189485276
9788100003821
9789389573930
9789382629078
9798902310419
9788183152105
9788183150163
9798889598978
9789352838288
9789390963942
9789390605323
9789350125434
9789386385291
9788193788509
9789394100206
9788172700966
9788183150156
9788100003865
9788100001710
9789353490034
9788186103373
9789382742593
9789352202058
9789381814383
9788100003063
9788196032296
9789390287130
9789355217370
9789389184112
9788123758374
9788199170919
9788100002001
9788119496686
9789385721564
9789385390562
9789394649248
9789380565033
9789380565124
9789357432801
9789352100675
9789352100699
9789361134630
9789361136467
9788188230433
9789355213631
9788100003535
9788183152112
9789355030825
9789395257596
9789353180546
9788100000122
9788180902819
9788183150491
9788171102174
9788185718200
9788190532402
9789386059468
9788187418832
9798891865495
9788170772491
9788183152891
9789334362770
9788194095637
9789334278064
9789360868918
9788184952261
9788184956863
9788184952650
9788100002292
9788185141754
9788189235550
9788183153171
9788100000140
9788175970403
9788180901508
9789388508704
9788128807282
9789380049564
9789357267519
9789357268165
9789357261739
9789357260855
9788100002058
9789394758261
9788188757985
9788100003984
9788100003983
9788197005435
9789391446574
9788186103760
9788119488049
9789350487273
9788187720249
9789356957916
9789394649415
9788177868548
9781637817124
9788171826087
9789386555304
9788179509760
9788197310164
9789395248792
9788194672302
9788198036964
9789348584410
9788119496679
9789352838585
9789380885047
9780143447832
9789350853863
9789381843260
9789356952652
9789389857207
9789394871755
9788189629144
9789394265721
9789349159198
9789355036117
9789385721045
9789381574140
9789372453225
9780143450733
9789358060423
9789348658302
9788199279360
9788125041931
9789384168148
9788100003078
9788100003077
9789359577722
9789384406424
9789354914652
9788119478828
9789352201846
9780143476405
9789367191385
9788129302168
9788183451031
9789388107488
9788195743698
9788194794547
9788170521457
9789350489673
9788100000145
9788123701806
9788183151542
9788123740379
9788187772224
9789371182935
9788169891318
9789390713813
9788189750565
9789364447041
9788179309162
9789389990751
9788170119258
9788198955265
9788170115236
9788189235613
9788123756233
9788123756332
9788123758022
9788172334117
9789394061446
9788100003500
9789387889651
9788197989612
9780143465751
9788195321605
9789390958511
9788176762113
9789351865957
9788191081770
9788182814028
9788188791736
9789385958151
9789389719963
9788123769301
9789380397207
9788177213249
9788173201752
9789371002158
9788194928744
9788123751405
9788123767970
9788100003470
9788100003062
9780143459248
9789355212795
9788100003696
9789364482165
9789359425955
9788174142614
9788174142610
9788174142627
9788174143150
9788174143075
9789350338940
9788128802003
9780143477983
9788168514898
9788100003813
9789385593871
9788195352975
9788171852857
9788196404611
9789387893863
9788171856718
9788123766553
9789380644745
9789380644752
9789380644370
9789380644387
9789380644394
9789380644424
9789380644356
9789380644455
9788123779522
9788185141268
9788190844543
9788190844536
9788190844505
9788190844529
9788190844512
9789380076577
9789382673651
9788123781976
9788189471545
9788189471453
9788183154574
9788183151955
9788189471750
9789381555774
9789389053166
9788171107933
9788183150149
9781637818091
9788181431280
9788123743035
9788123781921
9789382901365
9780143478027
9780143477990
9788184540963
9789386300690
9789392129612
9789350005088
9789334241372
9788119257027
9789391446451
9789381843024
9788179755501
9781946556455
9789352714193
9788194376347
9788194376378
9789352714230
9789352714247
9788194376361
9788194376385
9789356741164
9789391617158
9798899841521
9789390081875
9789389662740
9789386824509
9789395654418
9789393329479
9789393329493
9789393329509
9789393329547
9789393329554
9789393329561
9789393329578
9789360332068
9789360334079
9789360336073
9789360331535
9789360336783
9789360333485
9789360335519
9789360331191
9789360334093
9789360336363
9789360332716
9789360332860
9789360338152
9789360334185
9789360332112
9789360338091
9789360330231
9789360335946
9789360337209
9789360332150
9789393329684
9789393329691
9789393329707
9789393329721
9789392299049
9789388386999
9788130922164
9789385919282
9789393329431
9789389662191
9788172701611
9788171852840
9788100003688
9789389846461
9788100003545
9789385593338
9789390101924
9780143415015
9789395416832
9789384883614
9789395483919
9788198723932
9789383333301
9789385509506
9788192512624
9789390060818
9789384406769
9789373179001
9789389004908
9789359200040
9789356821781
9780143466604
9789359784342
9788174681393
9780143477228
9789394649118
9789350764947
9789382998143
9788170117155
9788123753270
9788170801450
9798890663702
9789352595129
9788120821484
9788182963689
9788182963429
9788182963436
9788182963443
9788182963450
9788182963467
9789352168002
9789356128033
9789363338364
9788177399707
9789353492373
9788122507331
9788120821996
9788183227629
9788170119210
9789373176178
9789349362253
9789381067574
9789382629160
9788182814271
9788170552871
9789384406462
9788179306420
9788131797273
9788192549743
9788170286899
9789364487030
9789353493264
9789382629320
9788170555063
9788189982508
9789350004609
9789387024014
9788190911542
9788172335007
9788194381983
9788185122670
9789355431967
9789355437563
9789387383982
9788196847111
9789325973596
9780143417361
9789355437655
9789355432162
9789355434975
9789390834723
9788131900680
9780857451996
9781637818343
9788181467126
9788119875047
9789361560965
9788181462695
9788183223386
9788183222563
9789350460344
9788181469175
9788181462299
9789350468821
9789380676968
9788181467034
9789394878341
9789395741613
9788186775257
9789361566615
9789361565632
9789386667724
9788126598236
9780143446637
9789355434555
9798897775248
9789350466483
9789389647068
9789381626627
9788125036722
9781138868335
9789363794450
9780143425090
9788123746425
9788171857586
9789360865023
9789350484067
9789392598104
9789359573441
9788189059378
9789383145928
9788194589235
9789390645381
9789357759717
9789326352291
9789355628398
9789352203420
9788184541137
9788100003061
9788100003469
9780143466642
9788195864195
9788123795911
9798888694374
9788131962701
9789359572949
9788123796345
9780143477044
9780143477051
9798889512608
9780143464662
9798904312169
9798891331426
9788190242943
9789382993476
9781637141533
9798902961444
9798902961451
9788190605649
9789383203406
9780143479703
9788119555505
9789362054654
9789390166657
9788179929780
9788184951141
9781732025639
9789380494098
9788197481413
9798894985770
9788100003069
9789350460528
9788100002878
9780143477747
9788199010819
9798895884966
9798895884997
9788126563647
9788126575480
9789353461898
9789389643190
9789350485736
9789355435255
9780143464679
9788173152931
9780143481188
9798888694893
9798888694435
9789359579627
9788183150088
9789360861230
9788123770871
9788199087958
9789362148629
9789384028008
9798889597490
9781859730089
9780854964246
9789373597737
9789385929410
9789385929427
9789385929434
9789311122045
9789311122007
9789311121963
9789311121918
9789311121857
9789311121796
9789355105233
9789355381231
9789334156331
9789391924904
9789390391516
9789390391622
9788119090150
9789384092726
9788199713338
9789382618386
9789382618379
9780143460725
9788194902393
9780143103189
9788131906170
9780143481515
9789390085651
9789389143607
9780143100126
9781649197641
9798901362396
9789355430021
9789386224354
9788131949160
9788131900277
9788131964743
9788180566967
9788183227063
9788131909157
9788170583561
9789387860919
9788121801430
9789353529468
9789390085750
9788183226462
9788195629800
9789355436146
9789355433473
9788183222792
9788183227933
9789357203944
9789357208888
9789348290243
9788196094683
9788123781334
9788194734031
9789348290779
9798904512392
9789353495282
9788195306121
9789392820847
9789387297630
9788187077794
9798903193929
9789388508711
9789357751728
9788172702540
9788171102068
9788171102488
9788168562820
9789393232786
9788197248795
9788198132352
9789352885091
9788188757024
9789355990891
9789395481519
9789384406257
9788194471332
9788181296825
9789360866563
9788123772042
9789352965205
9789380076324
9789354912467
9789394915565
9798890678782
9789355437501
9788119478972
9788195815791
9788175247963
9789385721502
9788123708591
9789385721496
9789385721465
9789385721472
9789385721489
9788183823500
9788189235345
9789353916091
9788194234821
9789391832155
9788175254978
9789385721342
9789352357888
9780199565573
9788189235963
9789386092991
9789386092953
9789383158805
9789385721236
9789388159708
9789390461653
9788120731134
9788189235611
9788175248175
9789385721519
9788120841024
9788180902383
9789385721526
9788198681577
9788173861130
9789349499348
9788185797977
9789385721335
9788100000863
9788185787534
9789381464762
9788185787787
9788186336878
9788186336137
9789381620656
9789381620663
9788186336106
9789381620588
9788100000555
9789381464823
9789385721540
9788100001823
9788187418658
9789384753412
9788180900594
9789352101597
9788100000865
9789358563191
9788100000380
9788170521495
9788197635311
9789381448489
9788189485306
9789380114613
9788170521266
9788100000650
9788175973732
9789389717587
9788186103031
9788195007608
9789386618528
9789349227651
9789349227729
9788189221676
9789356170193
9789381620694
9789384061524
9788195150052
9788189498627
9788171242474
9788196631376
9789352357871
9789392375323
9789387464797
9789358569131
9789358560831
9788173157394
9788177865264
9789384052409
9789382951902
9789364116671
9788190592482
9798893630770
9789359573298
9789359578354
9789390900510
9789360861551
9788197069291
9789384168278
9789387297319
9789352618071
9789362975027
9788100003022
9789384168780
9788190966184
9780143478010
9789355216120
9789369106172
9798903301836
9788123725444
9789389143539
9789355430397
9789355430403
9789389203714
9789389143997
9789389143591
9789387383913
9789388241274
9789390924233
9789390924172
9788131911730
9788180564345
9788131942871
9788195041534
9789355434937
9789386850676
9789355438331
9789386906731
9789385724343
9788176936491
9788176936484
9789377370442
9788198585813
9789360868536
9789393232342
9789394505889
9789391636623
9789334372021
9789374262573
9789347323058
9789373175737
9789348865076
9788168560765
9789360868109
9780143458333
9789361808586
9788122142051
9788188808304
9789358259148
9789367502075
9789394649811
9781639405329
9788188757053
9789394649286
9789394649309
9789350009918
9789352295678
9789352296583
9789383359653
9788189600570
9798889518532
9788131805701
9789389356588
9798890026903
9788193859810
9798903929450
9798904310240
9781637452042
9798895885185
9789385504686
9789391750091
9789352341788
9798896731870
9788198305428
9788198731807
9788174143747
9789362104533
9798904315771
9788174143714
9788100003047
9789394649361
9788188646814
9788197664571
9788100003075
9789388526012
9788199800106
9789394649606
9798903198566
9789382956303
9789390485086
9789390485956
9788193246108
9788174144270
9789391446925
9788195198627
9781647836993
9789353627454
9789348835352
9798885919258
9788197140150
9788174142428
9788179309568
9788100003715
9798886413243
9781639740505
9798885218306
9789385005534
9788174142146
9788199800151
9798891330153
9788185771995
9798887334677
9789386554819
9789356803824
9788199167872
9789394136311
9789393285485
9788126318865
9789375274339
9788122307566
9789386810748
9789359785868
9789358778984
9789358779943
9788175247215
9789358771893
9788175243627
9789389341621
9789390973804
9789387774773
9788194572152
9788183300308
9789375431572
9788199757608
9788195038893
9788183305020
9788188790371
9789391011970
9788126051045
9789391973841
9789370972131
9789370976948
9788122306408
9788188775040
9788198318084
9789386630001
9788183305112
9789390186617
9789388151658
9789389403305
9789348396426
9788120338081
9789357759144
9789357759120
9789387774599
9789387774704
9788199046283
9788199046214
9788199046290
9788199046245
9788199046238
9789382998822
9788119689095
9789382998396
9789357222860
9789357222839
9788193391440
9788193391457
9788178541716
9789349908208
9789382658627
9788126320851
9789355743190
9788191076172
9788178442709
9788188790685
9788126045525
9789326352277
9789382657460
9789382657453
9789349908345
9789373163499
9789373167794
9789393285881
9789356630659
9789383962020
9789383962747
9789393580009
9788178540429
9788178541129
9789382658436
9789383963591
9789349983359
9788172111984
9789371339964
9789371335348
9788178541143
9789383725885
9788170949756
9789388028226
9788183304146
9789387671898
9789388028530
9789367500248
9788190461764
9789388028578
9788183305242
9788183300940
9789359786896
9789386835581
9789349908970
9789387671997
9788172112295
9789357224437
9788183305471
9788194398288
9789354439438
9788183305990
9788189983147
9789367507063
9789375434009
9789391297794
9789389341119
9789385621192
9789371646567
9789357758994
9788122307610
9788119014965
9789370974548
9789370978072
9789373167862
9789373160870
9789355484444
9788182882553
9788198673107
9789387774827
9788183305129
9789386630391
9788193843604
9789375278054
9789375278030
9788126005116
9789349908239
9789358770537
9789349908383
9788188775675
9788122305883
9789383725328
9788195269273
9788188775972
9788175245743
9788183303699
9788183301398
9788188775347
9788183301961
9788183300018
9788183303866
9788183301343
9788188775965
9789351732556
9788193402832
9788122315158
9788126309290
9789382658580
9788168838154
9789375279785
9788126330539
9788188790425
9789383725021
9789381247068
9788119020003
9788119019359
9789385496950
9789382998242
9788183303262
9788188775859
9789381247464
9789383962976
9788193330654
9789370026766
9788199148000
9789373162294
9789373167206
9788169742030
9788169742023
9788119014828
9789347163142
9789388019705
9788185133263
9788178541297
9788183302326
9789395543026
9789395374613
9789386835826
9789381843208
9780143465911
9789385902161
9788126330348
9788126031702
9788178440392
9788183304757
9788126311569
9789372257618
9789372252231
9788119014705
9788183302623
9789371560535
9789373164427
9789373162713
9789373598857
9789362075666
9788183300674
9788183300247
9788190394495
9789380801117
9789386810724
9789357750318
9788199148055
9789372252620
9789372254006
9788190718752
9788122305753
9788198707376
9789387774520
9789382998846
9788193330661
9789360703370
9788124609811
9789383725373
9789383725502
9789390973798
9788178540917
9788195499830
9789383669073
9789381301937
9788177024357
9788177025217
9788197405624
9788122313932
9788198699992
9788185242903
9788187425755
9788119445684
9788183304115
9788183301077
9789387671973
9788119014729
9789357228909
9789349983199
9789375279624
9789371644389
9788126318810
9788172016616
9789355183712
9789355183705
9789382658610
9789383980840
9789386810632
9788194515159
9788199148031
9788122309782
9788122306507
9789387774810
9789382658634
9789355189325
9789355189332
9789395380454
9789395380461
9788119020140
9788119020331
9788198344458
9788178542508
9789386835598
9788178541921
9788198344496
9788193402870
9788193402887
9788126020539
9789387774728
9789383634323
9789383634330
9789383725038
9788197570711
9789383962310
9788196234669
9788199099678
9789349669314
9788171850860
9788194717799
9788182882515
9788122315370
9789371007238
9789372257120
9789372258301
9789357759175
9789357759137
9788126320677
9789349908789
9788188790654
9788188790647
9789383980246
9789371691475
9789371690768
9789393285799
9789387774711
9788177793178
9788199175945
9789371640114
9789386810182
9789386810441
9788195091904
9788195091980
9789383962051
9789383962761
9788178442686
9789383962969
9789386810823
9789389341201
9788194030010
9789386835376
9789386810038
9789386835390
9789383962082
9789383962037
9788195091997
9788195091959
9788193330630
9789383962952
9788174458636
9789383962150
9789383962143
9788174458650
9788183306867
9789393580214
9789393580245
9788195091928
9788174458773
9788195091966
9788195091935
9788195091973
9789390973774
9789390973859
9788185119816
9789386835413
9789389341164
9788174458667
9789386835659
9788185119229
9789357884235
9788183302937
9789387671423
9788183304184
9788183305662
9789371645607
9789393580290
9788183301794
9788183301268
9789390179084
9789387671249
9789383725441
9788178440415
9788183769211
9789386835758
9789347162961
9788183306416
9789387671416
9788183303712
9788172110789
9788183300339
9788183300414
9788183300230
9788183301251
9789349908130
9788188790241
9788183304665
9788183304672
9788183304689
9789387671614
9789387671591
9789387671607
9788183304696
9789355018748
9788188775453
9789395380157
9789395380140
9789395380270
9789395380263
9788170949817
9788183764292
9789391818807
9789380550404
9788188790180
9789350576137
9788193402863
9788193402894
9789357751063
9789386630155
9788198699978
9788183301305
9788183302357
9788183305389
9788183300643
9788183301244
9788119343003
9788171695447
9788198691583
9788183767903
9789355184962
9789357222808
9788193340028
9788193340011
9788186339862
9788178542324
9788193080641
9789349908482
9788122309300
9788126330867
9788183300421
9789386835673
9789395380690
9789375436294
9789360456757
9788122318661
9789349908024
9788183303347
9789389082753
9788122313406
9788185119984
9789351171881
9788199533486
9789389341416
9789393580672
9789369547401
9789363470620
9788199279377
9789349908093
9789356638105
9788186339930
9789394829916
9789384541101
9788196667498
9788190893619
9789349908352
9788178543116
9788181821034
9788183305037
9789383725892
9789389195606
9789349983656
9788169488228
9788129312990
9789375271451
9788197570735
9788183301787
9788183305709
9788183304221
9788183301749
9788183301701
9788183300780
9788183304269
9788183301770
9788183301763
9788183300711
9788183300704
9789383980482
9788183301695
9788183300537
9788183301008
9788183304177
9788183305426
9788183305211
9788183305419
9788183305693
9788183304238
9788188775903
9789383980345
9788183300544
9788183301718
9788183304504
9788183300742
9788183304252
9788183301756
9788183300735
9789382658429
9789326352536
9789380550305
9789375001393
9788177794601
9788177795998
9789391034498
9789387919433
9789369621613
9789349780125
9788185133058
9789383725540
9789383725359
9789386810052
9789386810014
9789386810007
9789349908581
9789387671348
9789349908963
9789387671331
9788175243538
9788175245336
9788175243589
9789349262324
9789393285720
9788122304947
9788194938323
9788188775422
9788183303361
9788178442730
9789387774650
9789393285539
9788174458766
9788199190184
9788193330678
9789353242664
9789389778205
9789375595007
9789390973873
9789349983717
9788122315592
9788190394479
9788195321681
9788193630259
9789369549290
9788187425564
9789382658658
9788187425922
9789376862023
9789386810274
9788198740830
9789395380287
9789395380294
9789387671058
9788183300551
9788178440743
9789391282929
9789383962709
9788119019465
9788119019502
9789393580092
9789393580177
9788126309467
9788119019236
9788119019229
9789385485459
9788119019021
9788119019182
9789383980499
9789387671140
9789387671188
9789387671164
9788195021710
9789382666615
9789386835055
9789375007371
9788178541914
9788122314854
9789355183460
9788183305501
9788194572114
9789387671225
9789387671409
9788183302340
9789391116811
9789386810793
9789386810892
9789367076569
9788172111618
9789383962235
9789389341027
9788119019281
9789393285034
9789347163999
9788172110376
9789388019200
9788179882658
9788179880876
9789382830245
9788197297243
9788183304313
9788183303668
9788121214377
9789386835987
9788183301169
9789391011604
9789355438683
9789375106081
9789395380003
9789390128242
9788188790661
9789390911929
9789358773033
9788182882522
9788182882423
9788185133836
9788174458742
9788178542737
9788199175976
9788122306743
9788122313949
9789360700225
9788178542799
9789382658726
9788177794274
9789371644976
9789380801742
9788183304764
9788183304344
9789355185822
9789357827096
9789326352147
9789391034412
9788193407127
9788195254996
9788126318366
9789376860739
9789389341560
9788119014781
9788122307665
9789383980208
9789380801520
9789370467286
9789393580047
9789369202638
9789369207435
9788126312818
9788178543222
9789347163906
9788197286063
9789386931863
9789353246426
9789393580221
9789389341553
9789389341546
9789349184244
9788122315738
9789395255509
9788126320875
9789389341300
9789389341294
9788188791255
9788199190153
9789355184986
9789355184993
9789395380997
9789380550962
9788178543352
9789370464537
9789386835178
9789386835161
9789357759090
9789372250923
9789372257083
9788199100046
9788178542416
9789349908925
9788194587392
9788122312553
9788183302401
9789392444579
9788175241403
9788175246928
9789358774115
9789358771312
9789358771015
9789358776881
9789389341263
9789389341256
9788122309157
9789365473681
9788183302999
9789383866977
9788178441191
9789393285324
9789375439707
9789395380683
9789375439240
9789391297930
9788178541891
9788183304047
9788174458490
9788122312607
9788122303513
9788170495833
9789381530054
9788175249258
9789359785721
9789358771466
9789358775907
9788175244674
9789390973989
9788195110582
9789386810786
9788199365704
9788183300483
9788183301732
9788183303927
9788183300865
9788183301022
9788183304191
9788183302043
9788183302197
9788188775798
9789387671669
9789326354752
9789390973552
9789390973392
9788119689064
9789349908420
9788195036370
9789393285560
9789382658535
9789382658566
9789372250985
9789372253535
9789390911844
9788126312262
9789386835086
9788193121771
9788122304589
9788181820693
9788178440491
9788183305969
9788197060120
9789386835529
9789386835833
9789386835796
9789386810519
9789386810120
9788174458728
9789389341102
9789383725991
9789386835871
9789386835888
9788195380959
9788119019489
9789395380959
9788178442808
9789386810380
9789386810335
9788183306782
9789383725854
9788199148017
9788195110575
9789390973002
9788178441160
9788188790487
9789383725168
9789393285775
9788178442785
9788188790739
9788188790555
9789393580306
9789357594806
9788183303682
9788183302364
9789390932061
9788178442716
9788183303323
9789349908727
9789383980277
9789390932115
9789349908154
9789390932047
9788178442723
9788183306850
9788183301664
9788175242566
9789390932054
9789390932030
9788122309249
9789386810502
9789386810144
9788175244321
9789349908772
9789349983953
9788185133300
9789348597069
9788198707314
9788121265614
9788121265621
9788192004945
9789383980284
9788121260619
9788121260626
9788198707307
9789382998648
9789391297343
9789355182593
9789385621314
9788183305457
9788194398257
9789391297954
9788178542621
9788199046269
9788196295387
9788196295394
9788199100060
9788199100053
9789383725922
9788177794960
9789386835635
9788178540689
9788178541709
9789386810199
9789386810403
9788178541761
9789393285072
9788170495598
9788198673114
9788170495383
9788178541273
9788178540481
9789386810168
9789386810496
9789389341997
9789390973880
9789391034481
9789357750875
9789357750790
9789377704582
9789395380775
9788198683397
9789386835451
9789386835468
9788198699947
9789355181831
9788126053377
9789357224604
9789357223898
9789375439264
9789371072991
9789393285621
9788119689071
9788126351508
9789393580016
9789393580207
9789386835925
9788178543130
9788183304740
9789383962006
9788192331195
9788199148079
9798122300054
9788188791279
9789383725366
9789383725250
9789393285409
9789382658665
9789372255614
9789372250138
9789349784864
9788186103094
9789386835437
9789386835444
9789349908475
9788183306348
9789309415241
9789309416613
9788122304893
9788183305150
9789388438155
9789388151634
9789389403299
9788188775484
9788183302371
9788183302012
9788183303613
9789349908253
9789383963485
9788183302609
9789366312521
9788178540627
9788178541280
9788185133843
9788178542829
9788178542751
9788178541303
9788178540474
9789355482211
9789326353045
9789371974028
9788195321636
9788124613177
9789383962891
9789383962341
9789353241797
9789353241780
9789353241766
9789353241773
9789353241803
9789389341270
9789383725175
9789379840219
9788192043821
9788177796582
9788183304498
9788178443157
9789386810984
9789355189301
9789355189318
9789353249595
9788126316557
9789369202577
9789369209767
9788195203277
9789387671195
9789387671317
9788122315257
9789382998914
9789372258615
9789372256062
9788185119670
9788122304510
9789385621277
9789387919105
9789386630384
9789395223393
9789382998662
9789388848237
9789391034788
9789383962839
9789383962822
9789383962099
9788195499878
9789391297527
9788199190108
9789372253986
9789372258776
9789348420954
9788122315547
9788189131982
9789371695176
9789371691543
9788119019427
9788195380256
9788129311757
9788183300728
9789393285706
9788183300902
9788183300964
9788183304245
9788183305228
9788183301954
9788188790791
9788170813958
9789390973156
9788195257560
9789354061455
9788188790852
9789326351819
9789364331814
9789364332989
9789364333795
9789364331920
9789364337151
9789364335942
9789386835406
9789387774452
9789383980819
9788121220217
9788121220224
9788198683366
9788193407134
9788193391464
9789386810885
9788178442624
9788188790609
9788119019472
9788195380195
9789393580238
9789355183729
9789355184979
9788119014774
9789387812499
9788190802383
9789334077858
9788178541679
9788183302548
9789393580429
9789393580344
9788168898103
9788198683304
9789383980802
9789383980734
9788168838116
9789382657033
9789371640558
9788122311150
9788188790135
9788183302951
9788183305686
9788197031687
9788188790807
9789361906572
9788175243260
9788183301084
9788175242221
9788175244690
9788175245131
9788175242523
9788175246829
9789349908857
9789371643818
9788126049899
9789365470260
9788188790227
9788186339459
9788122315752
9789364338653
9789347302428
9788119019380
9788119019397
9789375439226
9789394100374
9789375009634
9789386810809
9788183306508
9789368031529
9789391034931
9788122310191
9789391034313
9789386810069
9788168898134
9788183303736
9789387671751
9788175246539
9788175242868
9788183303750
9789387671836
9788183303774
9789387671829
9788175242067
9788175240792
9788175247307
9788175244194
9788175246317
9789387671782
9788183303729
9789390911813
9789358770483
9789393393807
9789387671805
9788183303811
9789387671843
9788175246911
9788175245360
9788175246355
9788175242574
9789358770674
9789358771008
9788175245457
9788175246706
9789358773514
9789358770766
9788183303804
9788175243481
9788175245352
9789387671775
9789358779400
9789359789569
9788175243503
9788183303767
9789358770179
9788175244887
9789387671881
9788175243112
9789390461240
9789393393036
9788175244755
9789358776386
9789393393739
9788196319168
9788175245077
9789358770582
9788175244836
9788175247574
9788175245204
9789367505458
9789358777185
9789358770711
9788175244623
9788175243521
9788175242019
9788175243597
9788175246133
9788175247567
9788175247260
9788175244232
9788175245247
9788175244828
9788175245280
9788174458759
9788188775880
9788175242337
9789392445705
9789386810298
9788169111362
9788119014521
9789355188472
9789391297046
9788122313512
9789386835062
9789386630483
9788198356819
9788183305266
9789395380010
9788198707390
9789355189363
9789355189370
9788183300285
9788194572176
9789383964031
9789371691260
9789371697439
9789326354431
9789392375316
9788198707321
9789383725496
9789383725489
9788121265669
9788121265652
9789370464445
9788197281488
9788197281419
9788197281457
9788197281433
9788197281464
9788197281471
9788197281440
9789386810908
9788186339046
9789355189219
9789362015174
9788126025541
9789389341140
9788183303163
9788183302722
9788183303156
9788183303149
9788183303170
9788183303194
9788183303101
9788195110599
9789390973927
9788190973927
9788183303132
9788183303118
9788178543345
9788183303125
9789386630315
9788183302715
9780190121075
9788183303187
9788183300407
9788187728405
9788172111434
9789383725007
9788188775996
9788178442792
9789364296656
9789371975988
9789374472460
9789374475461
9789382658931
9789382658948
9789326355513
9789386810250
9789383962365
9788194907138
9788198969750
9788195254989
9789389341911
9789389341904
9789395380621
9789395380638
9788178443058
9788183767156
9788172113148
9788122311921
9788193080634
9789386779014
9788193080627
9789383963782
9789377705022
9789377706333
9789372258899
9789372252378
9789386630018
9789387774339
9788195267477
9789373163734
9789373169859
9789391034825
9789391034818
9788199219861
9788183305099
9789352808625
9788199190122
9788199148062
9789351710448
9788183306461
9789370462830
9789355182685
9788188790104
9788178440231
9789391034672
9789391034597
9789391034351
9789391034276
9789393580535
9789393580528
9789391034115
9789391034030
9788187733393
9789360706029
9788188790463
9789359660080
9789353246334
9789353246327
9788126318858
9789386810588
9789355185464
9789355185457
9789355182869
9788183306539
9789393285645
9788126317721
9789387671324
9789382998068
9788183301640
9788183301855
9788193630235
9789353241445
9788183301923
9789353241391
9789380550084
9788196222222
9788192186788
9789383725458
9789390973071
9789383725199
9788121265553
9788121265560
9788183302494
9788122313468
9788198344472
9788126316007
9788126319237
9788126316410
9789326319282
9789326354943
9789393285294
9789383725823
9789383725304
9789367802540
9789367802380
9789372254716
9789372250954
9788198946263
9789387774971
9788175243384
9788129300515
9789372256840
9789372257694
9789374249819
9789356101319
9788194543336
9789387671171
9789387671157
9789390973569
9788121260497
9788121260503
9788183300766
9789381247037
9789383980680
9788188775477
9789355189288
9788177795592
9788183306560
9789386446237
9788178299266
9788188775873
9788199621305
9788183304894
9789382998969
9788183301985
9788188775569
9789387671690
9788198727220
9789355185884
9788178542669
9789385621710
9788178541259
9788193735404
9789386835192
9788183301879
9789387671386
9788183305952
9788198744166
9789391034719
9788169488242
9789369203543
9789369200580
9788192003399
9789389341430
9789389341423
9789386779007
9789393285997
9788193080689
9781544160641
9788193080696
9789386779038
9789386779021
9789393285669
9789372250664
9789372258424
9789386630469
9789386630476
9789347163722
9788198585875
9788122304763
9789372250794
9789372253306
9789393285591
9789382658689
9789382658603
9789355183675
9789355183668
9788199955103
9788122315448
9788174458711
9789380292489
9788199279391
9789383725298
9788199148024
9789383725281
9789383963331
9789383963423
9789383963447
9789383963324
9789383963386
9789383963409
9789383963355
9789383963379
9789383963362
9789383963393
9789383963461
9789383963348
9789383963416
9789383963430
9789937122979
9789353241636
9789353241476
9788174144706
9789392375347
9789355546555
9789372252873
9789372256314
9789349983830
9788126351713
9788178440286
9789386810151
9789326350853
9788122304855
9788172113131
9789347162435
9789356630604
9788177796087
9788122300895
9788122309607
9789347163623
9789349908888
9789349908666
9788122309614
9789372457483
9789391011413
9789361757648
9788193630211
9788122311402
9788122311419
9788122311426
9788122311433
9788183301312
9789394061378
9788198551573
9788178443140
9788178443133
9789386835994
9788119014842
9788193391433
9789355182609
9788185242842
9789394898578
9789360705381
9789385593970
9789391034375
9788193330609
9789386810816
9788192003375
9788119014347
9788119014323
9788199053373
9788199053311
9788172112172
9788195965731
9789394266957
9789382658801
9789389341157
9788199365711
9788172110161
9788188775989
9789386835208
9789386835147
9789382658641
9788119019458
9788119019311
9789382998303
9789355185983
9789355185990
9788196102753
9788196102722
9789355183477
9789386835963
9788122312843
9789390973811
9789390973767
9788198699923
9789383962792
9789383962785
9789389341713
9789386810922
9788119014699
9788178440323
9789371338806
9789371335225
9789375435006
9788126315680
9788172113506
9789387671355
9788188775200
9788174458780
9788174458612
9789392023149
9789382998563
9789386810694
9788175244976
9788175242078
9788175245344
9788183301466
9788183302586
9788188775620
9788190461726
9789382658757
9788183301688
9789387774544
9789349908536
9788188790708
9789380550619
9788178541525
9789389341492
9789389341447
9788168628236
9789362808257
9789386835307
9789386835314
9789391034740
9789381843468
9789369200542
9789369207596
9789372257540
9789372252279
9788192004969
9789386630346
9789386630353
9788198318015
9788169488877
9788183302685
9789387671270
9788175242841
9789383980550
9789382998037
9789387774797
9788183306621
9789387774582
9788198356826
9789326354660
9789386835130
9788194133940
9789387774759
9789382998426
9789393285584
9788183302524
9788188790142
9788183302852
9788188790562
9789383725595
9789365818260
9789391034009
9789393580474
9789375272557
9788195240623
9788172112677
9788189724757
9789371913393
9788174142085
9788199175990
9789357223928
9789357228206
9789387441262
9788199048126
9789355546746
9789370977860
9789370977907
9788183301329
9788183304795
9789393285782
9789386835642
9788195768691
9788183303354
9788174252517
9788169489539
9789349908451
9789369205950
9789369209897
9788126301423
9788122313420
9789349908956
9789349908444
9789362639172
9789386810670
9789390659562
9789358771824
9788175243317
9789386835383
9789369208968
9789369201921
9788175242604
9789364332729
9788190461719
9788183301589
9789356638112
9789356638129
9789356638136
9788183767446
9789393285096
9788199100008
9789359572215
9788122309522
9789395380737
9789395380720
9788169488631
9789387774445
9789385621321
9789393285966
9789393285362
9789360705756
9789389341720
9789355184917
9789389341072
9788122309836
9788168898110
9789393285850
9789361753824
9789389341973
9789389341980
9789386835666
9788175243457
9789361908934
9789347163739
9789368080138
9788183302470
9789326350150
9788126315697
9789326354325
9788126319008
9788126320264
9788178541402
9788189131852
9788126311125
9789326351256
9789387919464
9789326350587
9788126312238
9789383634347
9789389341010
9789326351430
9789326350310
9788126320240
9788126320257
9789326350327
9789326350334
9789391512149
9789387774926
9789382998716
9788198673176
9788198691569
9789347940057
9789355186751
9789355183699
9788126311200
9788195777822
9789382998761
9789383962372
9789357747660
9788119014408
9788119670628
9789362809360
9789362808943
9788198699909
9788126310982
9788189091033
9789386779045
9789383964109
9788121260633
9788121260640
9789386835765
9788178542720
9789392510571
9789394521629
9789383980215
9788122314618
9789389195927
9788199190115
9789386835246
9789386835239
9789386835918
9789386835901
9788198293329
9788198007995
9788198007964
9788198007940
9788198007957
9788198007926
9788198293367
9788198007919
9788198293374
9788198007933
9788198007902
9788198293336
9788198293305
9788198293343
9788122311259
9789375271536
9789355186041
9789386810267
9789386810458
9788178441054
9788119014897
9789386835697
9789355456809
9789375431053
9789358475760
9789382915812
9788175243309
9789388151115
9789387671096
9788188790937
9789356223882
9789383962259
9789383962303
9789366310701
9788183303408
9789387774742
9789349908574
9788177796094
9789389341737
9789391034771
9789386835079
9788126021468
9788178542607
9788183302456
9788178542676
9789360067014
9788197262654
9789358771978
9789358775143
9788183303392
9789359664286
9788194398202
9788174458575
9789389341331
9789353241414
9789365530759
9788183767682
9788178440576
9788188790159
9789388454469
9789391034337
9789393580269
9788193857915
9789380550909
9789389341744
9788126033669
9789347163470
9788126304035
9789372251432
9789372251234
9789382666608
9788193655504
9789383980741
9789354695827
9788126316021
9789326354936
9788169491242
9789387774322
9788119727674
9788122304992
9788169489744
9789389341812
9789383669080
9789382998891
9788168838147
9789355184832
9789355184849
9788192004914
9789392375217
9788169225045
9789386810021
9789386835840
9789387774407
9789387774391
9789387774384
9788119014415
9788119014170
9789390791606
9789382658542
9789393285768
9789382658559
9789372256703
9789372252729
9788172111557
9789383962327
9789387643024
9789369208982
9789369200658
9789326352543
9788178440590
9788119014231
9788119014064
9788183306478
9789355183231
9789394603424
9789349908512
9789375432494
9789387919860
9788188790296
9789365818895
9789370465954
9789395710787
9789380801711
9788183300155
9788188775149
9789380873190
9788194350132
9788174458674
9789395482653
9788198318091
9789363475069
9788178541662
9789386771964
9788178441245
9789389341034
9789386835369
9788188790876
9789393285553
9788191027679
9788172110802
9789386835949
9789364333351
9788183302661
9789349983854
9789348420114
9789380292212
9788188790586
9789347525797
9789390973866
9789390973941
9789376502516
9789349983441
9789389012996
9789370972704
9789370974777
9788183765244
9788178440583
9788178540931
9789348420732
9789386835185
9788196102760
9789376501465
9788170072331
9789390973972
9788195110506
9788187728092
9789383725410
9789383725427
9788192568799
9789380873183
9789387774537
9789386810212
9789383962373
9789389341645
9789389341096
9788131613030
9789355184597
9789393285638
9789386630865
9789383962808
9789383962815
9788197577857
9789349908802
9788195179039
9789386835253
9789386835741
9789382658009
9788171109555
9789356639911
9789356639386
9788122304824
9789326354479
9789371691086
9789371698764
9788122315523
9788126351225
9788188790678
9788193418239
9789370972728
9789370975194
9789375104056
9788119019014
9788119019069
9788119019083
9789369208166
9789369204793
9789371333641
9789371338455
9788174458889
9789392890406
9788172112837
9788119019120
9788119019144
9789347208300
9788126319336
9788199148086
9788126340941
9788195432011
9788178542058
9788178440545
9788183305563
9788119014866
9789355186010
9789375001447
9788126305186
9789383962112
9788193340097
9788193340080
9788193080658
9788198699985
9788122313659
9789349983298
9788122311167
9789353241353
9788177792096
9788198344410
9788178543291
9788122308198
9788178440477
9789372257632
9789372255485
9789349908529
9788195179046
9788178441092
9789386810076
9788126350365
9789326319893
9788122312379
9789347162244
9788169742351
9789393285355
9789349908369
9789347163746
9789347163814
9788169488266
9788169488303
9788126317882
9789395483322
9788178440224
9788175243821
9789372254518
9789372253467
9789372257731
9789372259971
9788169464024
9789372250732
9789372255126
9788198906786
9788171696284
9789390556151
9788185119472
9789349983212
9789326355988
9788100002893
9788178541624
9789326320301
9788188790265
9788174458483
9789382666592
9789363112582
9789393285041
9788122308853
9789326355964
9789383962730
9789383962723
9788199148093
9788186339848
9789387671256
9788178542645
9788126340842
9789355184207
9788126318667
9789389467055
9788197186493
9789393285577
9789367504406
9789369206681
9789369200641
9788197286087
9789372257182
9789372252149
9789389341638
9789390973644
9789352341627
9788183301015
9788188775644
9788169488297
9788119014194
9788119014040
9789326351041
9789357825610
9789372251920
9789372252385
9789386835628
9788171694990
9789386810137
9789386810526
9788122502428
9789373163727
9789373169897
9788126317813
9789393580481
9789393580566
9789360706685
9789348458605
9788119670000
9789349908673
9789388550161
9788183302005
9789383962266
9788122315820
9788183305624
9789383962433
9788193770498
9788197577864
9789349908307
9789386810779
9788188790869
9789383960328
9788190394487
9788183301572
9789386835932
9789356296398
9788170072263
9789389341058
9788189983567
9788171109494
9788178541846
9789381247136
9789380943947
9788192076928
9789326351423
9788185133362
9789386630131
9788129302052
9788188775514
9789391333836
9789349908437
9788188775361
9789349908161
9788183302081
9788198007988
9789386835895
9789383962853
9789383962884
9788183305013
9788183302388
9788183300810
9789385621307
9789373596600
9789383963492
9788192004983
9788183304979
9789355651822
9788193330685
9788193330692
9789390973538
9788198919809
9789373166421
9789373162942
9789383962105
9789358776812
9789358774801
9789358777680
9788183302906
9788199190139
9789386810878
9788198707369
9789326351270
9789383725472
9789383725465
9788121263191
9788121263184
9788178542980
9788178541778
9789393285751
9788178543512
9788199175938
9788178543000
9788174458735
9789386835284
9789389341249
9788178440330
9789383980918
9788188790753
9789390594764
9788174458872
9789355183378
9789355183361
9788126351898
9788197248788
9789349908123
9789349983090
9789358770132
9788178541617
9788178540757
9789365617085
9789383963089
9788126330027
9789395380894
9789395380955
9788172111137
9788126319251
9788126319299
9788174458933
9788174458902
9788176810326
9789347162718
9789386630025
9788122313499
9788198318008
9788199955110
9788188791231
9789326320776
9788188775538
9788188790388
9788183301817
9788183301350
9789383725052
9789357750257
9789349908697
9788193630266
9788193470862
9788126306077
9788189131524
9788120821583
9789359666327
9788124612873
9788122314670
9789387774629
9788178541211
9788195179053
9788119689033
9788122308266
9788122309577
9789391034733
9789393580184
9789388019033
9788183300612
9788183300575
9789382658139
9788122314540
9788183300650
9788183300636
9788178541549
9788198673152
9789326355957
9788129301161
9789326350716
9788178542652
9789383725182
9789383725069
9789373149134
9789348420480
9789355183484
9789355183538
9789371645683
9788182882836
9789387774421
9788178541860
9789375489917
9789375483502
9788120812093
9788185133720
9788120823341
9788129302458
9789393580436
9788169489119
9788183304283
9788183304085
9789387671942
9788183305181
9788183304986
9788183305679
9788183303873
9788183305280
9788183305631
9788199190559
9789372252736
9789372250978
9789349908499
9788183304023
9789382657026
9788183303040
9789387671300
9788183302234
9789387671652
9789347163876
9788183304016
9788183304009
9788174458476
9788183303958
9788183300971
9788183303989
9788183303996
9788183304054
9789350571149
9788188790333
9788183301497
9788120827509
9789358776898
9788178442518
9788178442433
9789358773545
9788183303965
9788198532435
9789382998457
9788183301442
9788183305105
9788175242852
9788183304702
9788122315806
9789349983755
9789383980543
9788122315608
9788183301503
9788183301527
9789387671263
9789349908000
9788183306065
9789353240592
9788183301510
9788169488310
9788183300995
9788183301626
9788183301541
9788189983017
9788183300063
9788183305440
9788194572138
9788183301480
9789383963140
9788188790357
9788183301930
9788183301534
9789386630193
9789383980468
9788183305143
9788119665808
9789349908635
9789375102724
9788178541327
9788188790197
9788178543529
9789395380515
9789395380508
9788194984962
9788199955127
9789357759076
9788183301916
9789389341591
9789389341508
9789357227865
9789357225717
9788170492214
9789393285232
9788183305396
9789366650036
9788178540351
9788178541358
9788178543383
9789375276203
9788178443423
9789363630093
9788195965717
9789355189431
9788199100077
9788126018369
9788126309955
9788193121788
9789357751148
9783964926128
9788199175914
9788178440446
9789382658061
9788183301138
9788120824690
9788188790067
9789390932221
9788188775446
9788188790401
9789387671133
9788188775392
9788131612057
9789380550596
9789393580337
9789374932940
9789374936108
9789383962167
9788120834934
9789390973187
9789390973194
9788185242590
9788196222253
9789356630581
9789359715827
9788122307429
9788189131715
9789370976801
9789370977310
9789326354028
9789349578395
9788178440453
9788183303484
9789393285942
9788119057634
9788122310641
9789395162197
9788183302760
9788183302845
9788183302753
9788183302791
9788188790999
9788183767835
9789382658351
9788183767873
9789349908031
9788183302821
9788183302814
9789349908826
9789382658115
9788183302807
9788183302838
9788183302784
9788189983123
9788122305197
9789383962129
9789355184757
9788172112776
9789386630070
9789386630087
9789368536406
9789381843475
9789347162206
9788168545809
9788185119977
9789386835123
9789371692342
9789371699631
9788199100084
9789354914485
9789358772517
9788188790838
9789390973590
9788198683311
9789349908703
9789387671379
9788183301909
9788183301848
9789349908680
9789381246863
9788175245700
9788126311460
9788171107551
9789388022279
9788192004952
9789395380539
9789395380522
9788183305778
9788178542263
9788196972066
9788198707338
9788121263207
9788121263214
9788126023493
9789385621284
9788120821057
9788172111861
9789355181978
9789383980703
9789393285904
9789383980376
9788183305785
9788183300926
9788183302333
9789372254389
9789372254112
9788183300896
9788183303903
9788183301978
9788183303880
9789349983571
9788122318449
9788122311563
9789371649056
9789371695527
9789371698221
9789383964017
9788126305377
9788126305360
9788198919892
9789387919518
9789326355902
9789383725151
9789347163883
9789347163920
9789347163579
9789347163357
9788169489195
9788169491372
9788169489058
9788169491204
9788169489102
9789347163791
9789383963133
9788183300001
9789388724821
9789387671119
9788183301435
9789381247396
9788188775583
9789383964000
9789326355810
9788178542928
9789391297718
9789326355799
9788168838185
9788183306607
9788178442761
9788120826731
9788198691590
9788183306362
9788188790692
9789389341850
9789389341874
9788188790951
9789387774025
9788188791200
9789380801568
9788183306355
9789358779653
9789358778700
9789358775532
9789358774771
9789389341836
9789347163340
9789391494087
9788192004976
9788192004990
9788185133348
9788122314731
9789380171142
9788178541792
9788126340002
9789326353090
9789326353083
9789387485020
9789387774513
9789349908710
9788122507799
9789393285218
9789349908819
9788183303057
9789389341614
9789389341515
9788174458568
9788178541310
9789362807120
9789362803405
9788198691507
9788183301299
9789391973452
9788183305914
9788183305921
9788188775118
9788120823648
9789381843437
9788180483110
9789349908116
9789383369690
9789361867521
9789393285454
9788178541839
9789386630162
9788186339947
9789391297770
9789351711704
9788120829305
9788172110116
9789351711834
9789386835536
9789386835550
9789386835543
9788183305136
9788182882669
9788126032617
9789358777390
9789362071620
9788175242884
9788175246645
9788175242434
9788183303026
9788183305198
9789355189448
9788183305006
9788178542478
9788183304092
9789387671935
9788183305341
9788188775323
9788120348226
9789387671072
9788178440637
9788119014439
9788119014453
9789381530788
9789372258363
9789372253474
9781393785637
9789389341317
9789389341324
9789355180117
9789393606112
9789326352239
9788126029426
9788126029433
9788126029440
9788126029457
9788126029464
9788126029471
9789355183811
9789386630421
9789386630438
9789386630414
9789386630407
9789390973309
9788198699954
9789380292663
9789386630568
9789386630094
9789386630216
9789386630209
9788193080610
9789349908796
9788121260664
9788121260657
9788198919861
9788121265089
9788121265096
9789349908246
9788122314915
9789365060621
9789348530776
9788183305747
9788183306058
9788175242205
9788183302593
9788195075591
9788169488655
9788119380473
9788183303385
9789387919594
9788122304466
9788122308082
9788187251729
9789349908895
9788175245859
9788175246607
9788175243236
9789395380935
9789395380850
9789381039946
9788177791914
9788119908967
9789369540280
9788119019441
9789395380164
9789387774483
9789388019842
9788183304726
9789383962990
9789383962983
9788194084297
9788198344434
9789355189486
9789355189493
9789326351706
9789386835352
9789383962136
9788174252494
9789355184498
9789355184481
9788119019212
9788119019274
9789365477214
9789393580900
9789391034849
9788122315325
9788122315318
9788119670925
9789382998754
9789362801692
9789362803993
9789386835215
9789375102649
9789347163456
9788178441061
9789390288083
9788195965748
9789369207343
9789369204434
9788126311507
9788126311509
9789386835277
9789389341232
9789369201969
9789369207701
9789382998129
9788178443287
9788183304368
9789387774933
9789358476156
9789363302938
9789387297074
9788119014996
9789326355056
9789326354356
9789326354363
9789386835802
9788183302531
9789387774995
9789387774919
9789387774988
9788188775163
9789382658771
9788183301862
9789382658108
9789383980352
9788183301053
9788183306805
9788189206246
9789391034979
9788183303743
9789387671768
9788178541730
9789388028554
9788175243287
9788199190191
9789389341522
9789389341461
9789393580948
9789391034344
9789349908659
9789372252668
9789372257892
9789349983625
9789372255348
9789372254259
9789349983007
9789349983038
9789349983786
9789349983397
9789349983809
9789369586790
9789386835093
9789358772029
9789358772944
9789358773859
9789358770490
9788126005697
9789383725335
9788199365780
9789388468541
9788126050499
9788126050505
9788126050512
9788126050529
9788126050536
9788178442679
9789388019057
9789358770865
9789386810243
9789383962402
9789383962778
9788193340042
9788193340059
9789386810557
9789383962938
9789357227971
9789357224871
9789347162145
9789357226257
9788178542973
9788188790258
9789357750805
9789370974517
9789370976900
9789362019585
9788178441207
9788183300186
9788119014989
9788126316731
9788178542690
9788185133324
9789386810977
9789386835024
9788119014804
9789386630032
9788198318022
9788122301359
9789382998778
9789392445194
9788183300797
9788183300889
9788175243376
9789380550787
9789362806192
9789362808349
9789390900008
9788168898165
9789383725908
9789373147451
9789388933612
9788196788612
9788194587323
9789363923027
9788172013448
9789356599864
9788185119489
9788193895139
9789383980871
9788183303378
9788198673183
9789394266858
9788198683342
9788188790579
9789386630551
9788178540498
9788186339770
9788194587316
9788194587309
9789363118621
9789386810175
9789386810465
9788193630273
9788129302564
9788170811176
9788172211295
9789387919471
9788195699957
9788183301237
9788183304788
9788175242371
9788129301130
9789357600668
9789386630506
9789386630490
9789387919174
9789372255539
9789372250480
9789395380870
9789395380887
9789383962419
9789383962488
9789383963577
9788192004938
9789376618835
9789376611843
9789388019712
9788197452260
9788193798508
9788182882362
9788188790913
9788122315271
9788182881112
9788122310405
9788198453150
9788197330414
9789374937488
9789374939864
9789362806352
9789362806048
9789386810113
9788122314601
9788178541266
9788192331140
9789369208272
9789369202249
9789369657834
9788188790616
9788172112387
9788172112752
9789388019255
9789363920767
9788188790968
9788175242582
9789387671638
9789387671621
9788183304924
9788183304931
9788172110314
9789380801506
9788188775613
9788183306027
9789347163364
9789380801049
9788183304771
9789347163111
9789388028356
9789382658337
9789390544158
9789380801490
9788188790975
9789388454445
9789393580740
9788183304870
9789388454452
9788188791217
9789383963676
9788196041397
9789371334358
9789371336949
9789385496967
9789382657347
9789382657354
9788169489362
9789347162312
9789347163449
9788169489898
9789347162077
9789382657231
9789382657224
9789382658863
9789382658856
9789382657200
9789382657217
9789347163135
9789347162022
9788169489676
9788169489096
9789347162985
9789382657163
9789382657170
9789382657316
9789382657309
9788198919823
9789382657378
9789382657361
9789382657286
9789382657293
9789370973725
9789370977273
9788169489560
9789347162268
9789347162503
9789347163463
9789347163210
9789347163869
9789347162367
9789347162640
9788199281615
9788169489379
9788169489751
9789347162688
9789347162732
9789347163593
9789347163692
9788169489492
9789347163678
9789347163050
9789382657392
9789382657385
9788132110415
9789382658696
9789382657323
9789382657330
9788172110642
9788196234621
9788178441047
9788178441030
9788131609972
9789381247129
9788196234676
9788172110604
9788188775439
9788183304634
9789383980901
9788195091911
9789395380133
9789395380126
9788193080672
9788190690546
9788174458544
9788183300049
9788183303583
9789352803910
9788183303569
9789352804436
9789357224314
9789357225236
9788178441740
9789383980857
9788188775293
9788189983550
9788183303552
9789388019415
9789383725076
9788132110286
9788183306751
9788188791194
9789382998785
9789382658085
9789349908147
9788174458551
9788188775194
9788174458704
9788183306799
9788189983109
9788183305556
9788194398226
9788183303590
9789387671676
9788174458919
9789351506003
9788174458421
9788188775606
9788188775736
9789385302466
9789380550770
9788184350197
9789386630513
9788174458926
9788185133911
9789347163838
9789385302381
9788183305273
9789349983434
9788178540450
9789357224260
9789390679423
9789347163524
9789347163326
9788169489416
9789347163173
9788169489584
9788183300698
9788188775767
9789355962423
9788183302968
9788169867016
9788169867009
9788195091942
9788169488259
9789347162299
9789381843383
9788183306034
9788194398219
9788183304603
9789351711780
9789386835604
9788119019335
9789395380399
9789393580399
9789380388748
9789380388755
9788175242558
9788198293312
9788197297267
9788178543567
9789383980963
9788178542119
9789375488378
9789375489962
9789351711162
9789380565231
9788188790203
9789356630574
9789356638440
9789356634923
9789356639225
9789356636163
9789356639003
9789391978341
9789391978334
9789361867071
9789347162756
9788195768639
9788120336506
9788183301121
9789382658078
9789380801488
9788183302739
9788178542874
9788188790890
9788188790883
9788122308327
9789347162923
9788175242264
9788183302135
9788183302432
9788188775378
9789334020090
9789387671089
9789382998594
9788183303972
9789383963669
9788183301428
9789380873213
9788124612514
9788124612521
9789363921986
9788198344489
9788178541464
9789383963645
9788188775224
9789351506850
9788178443201
9789388454421
9788178442457
9788178442532
9788178442464
9788178442549
9788183301367
9788188775330
9789383980123
9788183305051
9789354438318
9788188775460
9788188790395
9788183301381
9789387671102
9788188775132
9789369586127
9789358981063
9789386473967
9788124611142
9788124611159
9789383962273
9788188775156
9788131614433
9789386835475
9789383725205
9789382658030
9788178441726
9788178541822
9789388454254
9788188775651
9789383963652
9789383963683
9788131613344
9789387671126
9789383963638
9788188775095
9788189983185
9788183305587
9788189983031
9788183300087
9789385302862
9789383725311
9789383725229
9789387485006
9789386630148
9789383963607
9788178441634
9788178441665
9789355181312
9789355180797
9788124612132
9788124612149
9789349908871
9788188790302
9788183303453
9788178443218
9788185119946
9788172110208
9788178540894
9788183306010
9789393285690
9789372253931
9789372258998
9788122313796
9789392556043
9788178541631
9788178541457
9788188790982
9789380801483
9789383725045
9789387671874
9789380550466
9788189983451
9789382658740
9788183303606
9789387774834
9788183303279
9788183303217
9789381247426
9788183302142
9788183302104
9788183302166
9788183303576
9789387671683
9788183302449
9789388019477
9788183305808
9788189983529
9788188775774
9788183302210
9789383980697
9788188775576
9788189983512
9788183301947
9789382658597
9789382658672
9789383980994
9789388019231
9788194659860
9788188775262
9788193391495
9788198683359
9789326352345
9788175243392
9788169111911
9789375431671
9788122318401
9789349908178
9789393285911
9788188790944
9789387774216
9788198691514
9788198699916
9789349908109
9788178542157
9788178542164
9788126351010
9788197067877
9788126320547
9788126311453
9788198969712
9788178543208
9788183303088
9788183306584
9789383980512
9789353241377
9788183303095
9788183301039
9788183304610
9788175242590
9788183301565
9788199148048
9789372258080
9789372250336
9789391034474
9789391034504
9789391297008
9789349908994
9788183301800
9788122315295
9788175244259
9789358777468
9789391153632
9789391297602
9789389341881
9789389341898
9788188790418
9789355185020
9788120317260
9788183306553
9788183304030
9788183306638
9789380550985
9788183302289
9788183300988
9788183305174
9789389403022
9789388151627
9789389403312
9789349908048
9788183301596
9789382658016
9788170816980
9789326350495
9788199190177
9789382658320
9788193340004
9789359470207
9789386630247
9789386630230
9789326350440
9789353246242
9789395380331
9789395380324
9788119689019
9789354913129
9789394061224
9788199175921
9789393802804
9788129312921
9789349908017
9789370976016
9789370972964
9788198683335
9788172110628
9788178441474
9788186844915
9789370971738
9789370973138
9789370977051
9789370978683
9789370976177
9789370974531
9788170072560
9788183300193
9788183301282
9788188790234
9788188775064
9789374479582
9789374470183
9788183304658
9789349908598
9788183300223
9789388019019
9789380801773
9789386630179
9789351710172
9788178541600
9788194340102
9789361861406
9788199442917
9788119019687
9789382658177
9789375104636
9789358738216
9788188790548
9789349908987
9789394112421
9789349784390
9788183302562
9788178541488
9789389341843
9789390973729
9788188791224
9788188791262
9789383725403
9789383725519
9789386630926
9788122313772
9789359788845
9789358770257
9788175243813
9789358778502
9789390911462
9789393285492
9789351670131
9788183304160
9789387671959
9788183304078
9789362078001
9788183301107
9788120338470
9788183304139
9789387671911
9789357751124
9789357751049
9788178540603
9788172112356
9788122308525
9789387919112
9789349509054
9788174250803
9788199120914
9789361865428
9789391663810
9788183306485
9788197570704
9789388022248
9789390659258
9788195110568
9789390973088
9798895417973
9789359575964
9788126340606
9788178542492
9788182882041
9789381120385
9789381120392
9788189091088
9788178542065
9788126306022
9788126306046
9788126308705
9788171697830
9789359664941
9789371647625
9789393285386
9788183302555
9789380550558
9789391034092
9788183303200
9788188790166
9788178440422
9788185133515
9789382658924
9789382658917
9798885752107
9788172014742
9789383725083
9788193391471
9789347163500
9789347163531
9789347162572
9789355182654
9789355182746
9788122314199
9788126305490
9788126305506
9789326352864
9788126308033
9788126308309
9789373160719
9789373164076
9788122314458
9789347162695
9788178542522
9788195685097
9788119499496
9789388019927
9788169489003
9789369208630
9789369209170
9788174143266
9788178541136
9789353241308
9789394266650
9788198919885
9789388454414
9789361861567
9788199070714
9789370020733
9788186339558
9788186339565
9789326350228
9789386835291
9788174458865
9789389341652
9789389341669
9788183302302
9788183302296
9789382998099
9788183304801
9789385496974
9788188775408
9788188790364
9788183302159
9788183303507
9789386810304
9789386810427
9789358772623
9788183302098
9789387485013
9788188775491
9788188775026
9788183302128
9788188790340
9789349908611
9788183305068
9788175242108
9789382658092
9788183302111
9788183302074
9789358473605
9789390973637
9788119689002
9789391034542
9789386835154
9788192043807
9789347162329
9788183303330
9789370463905
9789389341218
9788196039578
9788172111922
9788197702174
9789387671393
9788183301886
9788169302135
9789390900978
9788197988356
9788183306591
9788192076966
9789382998792
9788183305365
9788183306386
9788195179077
9788120340442
9789383725243
9788171696567
9788189983079
9788120340459
9788183301459
9788174458537
9789356630178
9788188775910
9788178442525
9788178442440
9789380550541
9789382658702
9789382658795
9788183301893
9789369625413
9788175246042
9789383725946
9789383980369
9788183303637
9789362075123
9788183304917
9789385302657
9789370970304
9789370979079
9789386630292
9788183305938
9788183303491
9788183303477
9788183303446
9789380873169
9788183303521
9788183303460
9789349509511
9788120351233
9789385027369
9789383963690
9789370971875
9789370975873
9789370973152
9789370973367
9789370973756
9789370977921
9789370979796
9789370976665
9789370971752
9789370974210
9789370971028
9789370971523
9789370976023
9789370976511
9789370970458
9789370976610
9789370970496
9789370970571
9789382657408
9789349908918
9788196490294
9788183301145
9788177791853
9789369204694
9789369204687
9789369208067
9789369205653
9789369203499
9789369200221
9789365540239
9788192004907
9789383980796
9789393867001
9789356279193
9789365476590
9789386810915
9788126316236
9789326351409
9788122318425
9788172113322
9788198707345
9789387671027
9789387671041
9788183303538
9789353242671
9788195110513
9789390973910
9789386630933
9789383660988
9788183766708
9788183300582
9788183300599
9788174458520
9788188790722
9788183306089
9789387671034
9789387671003
9789387671065
9788119689026
9788178543444
9789348292032
9789386835567
9788126053469
9789326355346
9788172113544
9788198318077
9788178543666
9788178441269
9789393285744
9788120821774
9798218896973
9788122308655
9789382657002
9788183300346
9788183300148
9788183306515
9789353242138
9789353242121
9788126320745
9788122310313
9789348420374
9789371694162
9789371693035
9788185133881
9789390791620
9788198344465
9788122313482
9789347163258
9788195714346
9788194893714
9788183304412
9788172112417
9789385485336
9789387919013
9789386810663
9789386810687
9789386835116
9789326330898
9788183304351
9789358770162
9788183305433
9788194398240
9789360451295
9789390973996
9789390973163
9788122310283
9789355182067
9788188790821
9789387671287
9788183306614
9788122305005
9788122315722
9788178540924
9788168838192
9789386630872
9789363869127
9789363865068
9788119445196
9788172113391
9789377704377
9789375273561
9789383725847
9789383725830
9788198673121
9789389341683
9789390973965
9789389341188
9789389341171
9789374930991
9789374935804
9789358113419
9789370978225
9789370978621
9789370974258
9789370970830
9789370973121
9789370974876
9789387774674
9788126311491
9789387774469
9788195267439
9789372257212
9789372252651
9788188790128
9789370975200
9789370976344
9789369200689
9789369204892
9789359471099
9788100001411
9789393580283
9788199190160
9789356296374
9788196490287
9789349908550
9789334345544
9788172610524
9788182881211
9789375277927
9788194733508
9788199365759
9789382658153
9788194733553
9789393285546
9789347302008
9789375434122
9789387774490
9788183302647
9788122303445
9788183300360
9788126028986
9788126000135
9788174252944
9789386630049
9789347163715
9789391297282
9788195815708
9788122315219
9788188790470
9789353496258
9789386630643
9789386630636
9789382658023
9788183300773
9788183300803
9788183303859
9788183300490
9789374246597
9788183306454
9788183305327
9788183303033
9789347163289
9788197885600
9788194329916
9789391034528
9789393580825
9789393580061
9789374470893
9789374471678
9789355183637
9789355183644
9788198842879
9788172112400
9789355183620
9789355183613
9789326350693
9788188569229
9789349983229
9789372251692
9789372255898
9788199365766
9789386810755
9789395380966
9788199763265
9789370977662
9789370976726
9789386810489
9789386810229
9788199100015
9788126310586
9789389341829
9789360392925
9789387919945
9788178443447
9788178443454
9789383980604
9789390973736
9789390973743
9788126340781
9788175245409
9789347163555
9789349908277
9789347162343
9788175246997
9789386835017
9789358770200
9789358778601
9788169742306
9789367508206
9789367508381
9789367505984
9789367503287
9789367501375
9788188775354
9789357750240
9789365814736
9788192043814
9789355182524
9789389341041
9789389341775
9789389341805
9789389341799
9789389341782
9789359783635
9788129300485
9789394100947
9788168791404
9788199955141
9789390911066
9788175244860
9788175244186
9788175245085
9788175243120
9788175247413
9788175244739
9788175244720
9789349908086
9788178543659
9788175240849
9789347162909
9789394003019
9788175244747
9788187471592
9789393285928
9788175241732
9789393393425
9788175249646
9788175245938
9788175245581
9788175244801
9789358770452
9788126308316
9789358775280
9788175244305
9788122306606
9789349908284
9788193080665
9788122312331
9789347162749
9789374477700
9789374473191
9788169491051
9789382998556
9788122306514
9789395380573
9788198707383
9788121265539
9788121265546
9788122304527
9789391034443
9789391034399
9789386810625
9788178542256
9788120823969
9789355183781
9789356630703
9789326355643
9789326355650
9789372251845
9789372251081
9789386630650
9789386630667
9788119689101
9788198318046
9788126024896
9788183304627
9788120825437
9789386810564
9788183305204
9788183301602
9788194350170
9788122304756
9788120826274
9789349669543
9788181293381
9788178440378
9788198344403
9788196102791
9788198474056
9788192076980
9788183304429
9789388454438
9788183305655
9789391297350
9788195615070
9788198453112
9789358577365
9789351738152
9789362078308
9789380873206
9788183300100
9788175242310
9789380873251
9789367132630
9789380873244
9789385302398
9788183306645
9788120317000
9789390932146
9789380873220
9788183302258
9788183303255
9789387671737
9788183301411
9788188775170
9788183306522
9789393580382
9789390973460
9789390973545
9788198293381
9788183306393
9788193080603
9789383964093
9788121260596
9788121260602
9789349983595
9788178442754
9789351310693
9788119488599
9789387297418
9789384406318
9789394649170
9789351711735
9788178542010
9789370970106
9789370978652
9789392375309
9789392375392
9789369203437
9789369209279
9788183302487
9789382998624
9788126311479
9789391034566
9789391034863
9789393580917
9789386630896
9789386630902
9789357223782
9789357228961
9788183304887
9788172112325
9788178540597
9788178542393
9788178542409
9789382658528
9788126340163
9789353240950
9789353240943
9788188790517
9788172110727
9789395380881
9789395380942
9788188790845
9788193330623
9788193330616
9789386835109
9789387774117
9788178541341
9789349983724
9789386835345
9789386810854
9789391034559
9789391034603
9789355185471
9788193857939
9788194654346
9788178541969
9789348420282
9789353240738
9788172112844
9789387774735
9788172113063
9789369202683
9789369200061
9789389341287
9789349983052
9789386810595
9789386810618
9788119689125
9788174458605
9789349908543
9788199265264
9788178442426
9788178442501
9789383962754
9788191076189
9789389341126
9789389341133
9788183302708
9782345678540
9789395380218
9789395380225
9788199736085
9789370979406
9789370971042
9789370978911
9789370974272
9788198318053
9788183304443
9789393580467
9789390973514
9789382998365
9788189471613
9788178540122
9788119345458
9789393285614
9788185242927
9788120825178
9789369201204
9789369202188
9789390474097
9788183302630
9789375100669
9789386835680
9789383962068
9789383962075
9789383725953
9789383725915
9788126004331
9788126314569
9789349908321
9789358704822
9788122305173
9789386630056
9788119670703
9788122310498
9788122305791
9788188775521
9788178540801
9789366655307
9789383725526
9789383725397
9789393285164
9788183302036
9789388983112
9788198007971
9789389341676
9789386810649
9789386810656
9789386835819
9789391282080
9788193391419
9789353249489
9789371979931
9788199190146
9789370925403
9788122314137
9788119670192
9789386630377
9789386630360
9788122314267
9788180483141
9788180483097
9788180483103
9788195699933
9788183302654
9788183302678
9788198847744
9788119014583
9788119014590
9789375279914
9788178442341
9789386835772
9788126318315
9789386630223
9788171615049
9789389341065
9788183302418
9789370971530
9789370977594
9788198356895
9789388848718
9789355185761
9789391034467
9789387919983
9789391034535
9788183301725
9788183301404
9788188790784
9789383980420
9788183300476
9789386630889
9789382658573
9788194587330
9789386446985
9788188791187
9788175241909
9788178543109
9788183306492
9788178541099
9789353497279
9788119019434
9789395380188
9789347163180
9789370022881
9788126309832
9788196490270
9788126043026
9788178541242
9788175242612
9789347162015
9788185133386
9789387774865
9789372250268
9789372251067
9789349908758
9788121265065
9788121265072
9788119875917
9789387774568
9789389341959
9789389341942
9788183304993
9789386810731
9789383962334
9789389341386
9789389341393
9789357742740
9789369623600
9788122310634
9788183301824
9789391818845
9789387671362
9789386835611
9788124611739
9788178541426
9788126307883
9788126301201
9788183303941
9788183300834
9788183301657
9788185133188
9788193418253
9788122304985
9789387671294
9789349908864
9789349908567
9788197418358
9788185119328
9788178440507
9788178541167
9789380292601
9788178541723
9788178542249
9788178541785
9788126032341
9788193770450
9788122304459
9788178542997
9788193857922
9788171696628
9789387774438
9789389341362
9789389341379
9789347162411
9788188775590
9789383962457
9789386810762
9788183303842
9788183302029
9788183302913
9788183304061
9789387671966
9798885752442
9788183303675
9788175244275
9788175246275
9789386059482
9788189091057
9788189091064
9789356630598
9788119019366
9788119019373
9789393901798
9788183303415
9789387572904
9788168898189
9789349908765
9789349983465
9788183304399
9788183300278
9788198683380
9789349908413
9788174458810
9789393285379
9788183304320
9788183303644
9789393285225
9788183302050
9788183304962
9789388724715
9788183303897
9788183300872
9788183300520
9788199955165
9788183302319
9788183304436
9788183304207
9789362077448
9789349983588
9788183300858
9788183304214
9788183301992
9789386630537
9788183306843
9789383980635
9788194350125
9788183304849
9788183300056
9788183305983
9788183305532
9788194398271
9788175244283
9788175242345
9788175242124
9788175244526
9788175242329
9788188775033
9788122306996
9788183304306
9788183305303
9788188790173
9788122312454
9789383980413
9789382998976
9788183300919
9789355181572
9788126319909
9789372259087
9789372257205
9788192003382
9788121219938
9788183305648
9789353212636
9789361863790
9788188775668
9789347162725
9789353240752
9788183306003
9789371648714
9789351738787
9789370975064
9789370972643
9788183304597
9788183304559
9788183304566
9788183304573
9788183304580
9788188775187
9788183304535
9788183304542
9789369583591
9788188775804
9788183302982
9788193402825
9789347162237
9788169489607
9789347162169
9789347162091
9789347163067
9789380801070
9789347162251
9789347163708
9789347162381
9789347163982
9789347162466
9788169489065
9789349908390
9789347163890
9789347162558
9788169489638
9789347162589
9789347163302
9789349908222
9789347163036
9788169489348
9789347162824
9789347163265
9789347163043
9789347163319
9789347162534
9788169489249
9788169489881
9788169489188
9789347162114
9789347163272
9788169489690
9789347162992
9788169489256
9788198332455
9788199365728
9789385539602
9789381448229
9788183300957
9789383725977
9789383725960
9788198707352
9788193330647
9789383962716
9789386810342
9789386810533
9789374933459
9789374934265
9789374935378
9789374933039
9789374938676
9789374937747
9788122305777
9789383725090
9789386835420
9789386835499
9789386810045
9788183300353
9789347163661
9789371077132
9789391034832
9789354914669
9789385621468
9789388151139
9788194334309
9789349908468
9788178540665
9789370973664
9789370979451
9789358127584
9789383725861
9789383725588
9789370975392
9789370979307
9789389341539
9788198673190
9788178543048
9789347163753
9789349983892
9788185133355
9789349908628
9788183302425
9789937071215
9789389341935
9788126010233
9788129313065
9789390645893
9788178540535
9789383963584
9788186339497
9788178541570
9788183302944
9788122305807
9789349908833
9789370975651
9789370975682
9788171640584
9789349908079
9788178541976
9788122310429
9789382658788
9789382658719
9788196222291
9789387774360
9788178540399
9789381843536
9788178541204
9789383725120
9788178542331
9788174255426
9789387774667
9789372250251
9789372250442
9789362759511
9789349908604
9788174458414
9789386810359
9789386810472
9788185133249
9788175243279
9789358772692
9789393285607
9789369202737
9789369200757
9789386810571
9789386810601
9789386630261
9789386630278
9788183303514
9788178542836
9789382998082
9788193391488
9788193407110
9789380801261
9789389585025
9789369629800
9788183303705
9789383980338
9788183300568
9788183300667
9788185133867
9788178442952
9788183302876
9788183305761
9788175245310
9788175246768
9788175244895
9789358774023
9789358777352
9788183300827
9789362071811
9788183305310
9788183300841
9789349908932
9789383980444
9788183304481
9788183304511
9789351733720
9788183304474
9788183305730
9789383725106
9789383980895
9788183304153
9789387671904
9788183305358
9788183302180
9788185133232
9788183306409
9788178543024
9789347163296
9788178543420
9788129301147
9788178540504
9789334408874
9789395380317
9788119019410
9789387774872
9789388698115
9789387774940
9789387774803
9788189576530
9788168571020
9789367398258
9788178443300
9789386835048
9789393580634
9789391297534
9788198344427
9788122314649
9788188775545
9788175243767
9789359781075
9789358772005
9789358770612
9789358770223
9789358770155
9789358775938
9788175245212
9789358778908
9788196319120
9788175242531
9789358771749
9788175246300
9788100002748
9788120841932
9789372259865
9789372256864
9789386810960
9788178440897
9788122306712
9789390081967
9789390973705
9789390973781
9788126300116
9788126300132
9788126300191
9788126300272
9789393393661
9788175246331
9789358770193
9789393393319
9789393393326
9788122306798
9788175245093
9788175242639
9789358775402
9789349908192
9788189983659
9788175242213
9788189983444
9788175244984
9789358773118
9789358777796
9789358774962
9789358775440
9789393393920
9789358777628
9788175242051
9789393393821
9788183303781
9789387671812
9789358779899
9788175244585
9788175242685
9788175244534
9788175245611
9788175242273
9788175246119
9788175245034
9788175245255
9788175243295
9788175242361
9788175242515
9789358778571
9789358776447
9788175245069
9788175243899
9788175247284
9788175244852
9789393393838
9789358772142
9788196319106
9789359787305
9788175246508
9788183303798
9789367504796
9788175246522
9788175243791
9788175245123
9788175242620
9789358779998
9789358776348
9788175245115
9788175247536
9788175246553
9788175246416
9788175244818
9788175246386
9788175241551
9788175244518
9788175245689
9788175245476
9788175246324
9788175246201
9788175245840
9788175245166
9788175245271
9789358770841
9789358773880
9788175247291
9788175244240
9789358771350
9789358777895
9789358773552
9789358771152
9789358770285
9788175245263
9788175242426
9788175244160
9789390911196
9789358774443
9789358770216
9788175246560
9789358770124
9789358779301
9788175247277
9789359781938
9789358774627
9789358774986
9788175244402
9788175247109
9789358772074
9788175245182
9788175243783
9789358777017
9788175247529
9788175247352
9789393393876
9788183303828
9788175241896
9788175245425
9788175244593
9789358770230
9788175246546
9789358776317
9788183300377
9789391297183
9788126007448
9789362808325
9789390659357
9788183300292
9788194572169
9788183301671
9789349908260
9788183305402
9788183305495
9788194350194
9788175247079
9788194350156
9789390911240
9789367507155
9788175242728
9788188775934
9788194350149
9789387774209
9788175242302
9788188775750
9788194572183
9788183301190
9789356630697
9788188775019
9788190394460
9788183304832
9788194572107
9788183300452
9788183305525
9788194398295
9788194350187
9788183305464
9788189983000
9788119922376
9788194350163
9788194350101
9789351677901
9788183305945
9788183305617
9788183305075
9788175242442
9788188775255
9788175242744
9788190461795
9788189983116
9788190394413
9788183300445
9788190461702
9788120337244
9788183305976
9788194572190
9788198293350
9788183305549
9788183305600
9788194572121
9789381842973
9788183305488
9788189983062
9788175243805
9788189983178
9789358770186
9788188775231
9788189983154
9788175241888
9788189983222
9788177795943
9789386810434
9789386810281
9788122314007
9788188775088
9788198356871
9788178443256
9788178443317
9789349242791
9789334227680
9789334265187
9788100002789
9788197286001
9788195104543
9789347163401
9789375103691
9788100002902
9788129302526
9788122307382
9789354695902
9788122315783
9788177021356
9788119014446
9789375101161
9789355182807
9789387774414
9789357222853
9789357222822
9789393285867
9788199599949
9789371647540
9789351711346
9789383962907
9789383962914
9788198344441
9788126312408
9788122315011
9788183301206
9788183301183
9789385027185
9788189983048
9788183305235
9788194572145
9788119922741
9788120351066
9788183301152
9788183301213
9788189983024
9788183305082
9788183301060
9789391406103
9788186339305
9789388151122
9788188790449
9788183303224
9788189983130
9788175243880
9788178440903
9788171107445
9789383980475
9788183303910
9789383962846
9788119455331
9788178440514
9788198356833
9781944725099
9789372251296
9789372256581
9788188790272
9788178540719
9789372252323
9789372259100
9788194267362
9788182882911
9788121211925
9788121219471
9789349908734
9781944725013
9789361855658
9789393285447
9788198356864
9788178543055
9788198356840
9788129301154
9789383725557
9789383725816
9788199175969
9788178542911
9788100002898
9788129302588
9788178542935
9788194267331
9788178541419
9789381887677
9789347162817
9789387774681
9788178542232
9789351711758
9788194267300
9788193630297
9789356637474
9789356632332
9788178541938
9789385539749
9788178542959
9789386630544
9789383725434
9789386630520
9789383725878
9788122309461
9788178440569
9789937112802
9788174251398
9789393285089
9789393285157
9788186339749
9789393285812
9788100002895
9788129302922
9788129302977
9789390659029
9788178540467
9789381224229
9789387774889
9789360700539
9788178440163
9789386630322
9789386630339
9789386630285
9789386630254
9789370024229
9788126330706
9788126305407
9788183301046
9789383962389
9789349908505
9789353240172
9789347683985
9789352719488
9788183305297
9788183302890
9788183305716
9789387671232
9788198673138
9789390932245
9789390932238
9789390932757
9789390932740
9789390932252
9789390932283
9788178441696
9788188790920
9789386630186
9788198919830
9788121265645
9788121265638
9789356632639
9789356635050
9788126307777
9789386835789
9789347163852
9789353496418
9789326351669
9789349983533
9788183303620
9788169488280
9788178440279
9789387671201
9788183302616
9798885752756
9788129306326
9789393285027
9788122315776
9789386779076
9789386779083
9788183768948
9788193630280
9789387774766
9788183301275
9788178442280
9788178543369
9788120340466
9788122308150
9788172113599
9788183301374
9789380118611
9788178540733
9789358918953
9788172110741
9788183305754
9788183303071
9788122301205
9788172113087
9788178542515
9789390932290
9789386835734
9788178543062
9788178542089
9788178543154
9788178540368
9788178543017
9788178543031
9788178541853
9788178541068
9788178541334
9789359664460
9788189983093
9788183301619
9789349908338
9788190987219
9788178541877
9789389665116
9788189576486
9788178542102
9788178541686
9789388454216
9788185133379
9788178540900
9788178542218
9788171109531
9788178542072
9788178542034
9788178542768
9788178543253
9789389665659
9788178542140
9789362806550
9789386810939
9789386835031
9788183304375
9788183304290
9788183305372
9788187728726
9788198356857
9789348420091
9788122315868
9789395162135
9789395162166
9789382657484
9789382657477
9789382658825
9789382657019
9789382657194
9789374931936
9789374937587
9789359479248
9788178542171
9789389341195
9789389341607
9788178540542
9789369203277
9789369209828
9789372252712
9789372253702
9788129302533
9788182882539
9788122304602
9788190191340
9788121265058
9788121265041
9788178542133
9789367807521
9789367804926
9788126320622
9788192682815
9789355188564
9789355188465
9789386630797
9789386630780
9789386630773
9789386630629
9789386630841
9789386630858
9789386630803
9789386630810
9789386630827
9789386630834
9789357750264
9789393285683
9788188790906
9789382998310
9789358478365
9788188790630
9788196332907
9789383725601
9789383725533
9788199175952
9789388677301
9789347162657
9789371642835
9789387774780
9789358771565
9789362803689
9789386810311
9789386810410
9788177796032
9789380801643
9788131614204
9788131614624
9788178440620
9789391297268
9788188775927
9789389341409
9789383980956
9789387671713
9788188775712
9789391034139
9789386771773
9789391297299
9788178440385
9788188790746
9788126040193
9789393580603
9789382915232
9789383725113
9789393580023
9789393580108
9788196490263
9789353249625
9789375272786
9789386835956
9789368535164
9789390973620
9789347163586
9789386835857
9789386835864
9789391034641
9789353241278
9789375275671
9788183300681
9788183304337
9788183305723
9788183302395
9789383962396
9789382658146
9789387671010
9788175245875
9788188775002
9788131612644
9788168838130
9789391034993
9788171694709
9788188775316
9789362075772
9789351737407
9789381247112
9789381247372
9788183302173
9788189983505
9789380801674
9788183303231
9789383980673
9789362073228
9788183303316
9788183304825
9788188775781
9788120344495
9788120348608
9789387671867
9788188775811
9788189983468
9788183302203
9788183302265
9789381247044
9788183305594
9788183303293
9788183766852
9789351677406
9789383980932
9789381247075
9789381247471
9789387919181
9789987919549
9788183301091
9789387671980
9789349908901
9788183306812
9789386630308
9788183306577
9789364524742
9788183302920
9789388028592
9788183300605
9789382658498
9789382658412
9789382658399
9789382658504
9789347162800
9789386630452
9789386630445
9789382658467
9789382658368
9789382658405
9789382658511
9788199955134
9789390461110
9789388022200
9788178542003
9789355189394
9788126308446
9788120843936
9788172111588
9788170495772
9788122310269
9789369204366
9789369203871
9788195699964
9789391297206
9788172112318
9789386630605
9789383968428
9789388019460
9789359668697
9788122304848
9788183300179
9788183300209
9788183300162
9789382657422
9789347163074
9788183304450
9788198691552
9788183306836
9788178542041
9788120844353
9788183303019
9789385621451
9788126305315
9788183303002
9788199175983
9788174458377
9788198919847
9789393285416
9789386835222
9788178443430
9789360062453
9788196755669
9788119014002
9789351711186
9789389341751
9788126330409
9788193630204
9788183301473
9788183304955
9789393580122
9788183301176
9789380873503
9788183300254
9788190394452
9788194350118
9788183303286
9788188775682
9788183304948
9788189983543
9789354439773
9789387774476
9789386397836
9788183300117
9788183303309
9788183303439
9789380873176
9788174458896
9788183306768
9788188775309
9788183303248
9788183303064
9788183304108
9789383980949
9789387671928
9788189983482
9788188775897
9788183305792
9789387671850
9788189983475
9788188775637
9788188775835
9789387671645
9789387671706
9788183302241
9788188775705
9789383980666
9788183302227
9789387671720
9788183300025
9788183767415
9789356633988
9789356634343
9788198673169
9789383963621
9788183303651
9789387671799
9789382998419
9788183305167
9788183305334
9789349908741
9789383980048
9789387919600
9789357439503
9789370974142
9789370974036
9788195267491
9788183304900
9788126312719
9788122300086
9788122308532
9789383962181
9789390932375
9789370973244
9789370979918
9788193340073
9788193340066
9788172113155
9788126050819
9788126050826
9789383964024
9788195179015
9788178543451
9788178542546
9789389341706
9788169491860
9788190888523
9788173201974
9789383369294
9789370970366
9789370970892
9788122314830
9788198318060
9789390973019
9789389341768
9789356630208
9788198673145
9789387774643
9788193402801
9789348420800
9788122312423
9788119057467
9789367508367
9789334237078
9789357750301
9789392375415
9789349908185
9789355180216
9789355185433
9788119689088
9789355417626
9789372251128
9789372253979
9788122304749
9789383725380
9789383725236
9789348101792
9789384091859
9789390659395
9788178541563
9789348239808
9788183302869
9788198691521
9789353494100
9789393285805
9788186339367
9788183302463
9788188791248
9789387567153
9789383725212
9788170816959
9788121217101
9788121219563
9789383962280
9788119014026
9788119014088
9789326318018
9789385390753
9788183305518
9788194398264
9789355317971
9789369623648
9789326350648
9788198699930
9789380801667
9789349908055
9789383980772
9789354439476
9789357750202
9789355185792
9789392661990
9788183306546
9788178543499
9788168898196
9789386810991
9788196490256
9789353241896
9788196234690
9788119019519
9788100002894
9788198699961
9788183304467
9789387774896
9789326351263
9788183300513
9788122315097
9788183302883
9789371646819
9789388019576
9789381619568
9788119019045
9788119019052
9789387774612
9789372251937
9789372254785
9789390932139
9788172113520
9788122311884
9788174458841
9789347162763
9789309416200
9789309417535
9789382998358
9788178541983
9788120352162
9788199175907
9789391297626
9788129301390
9789370973343
9789370978423
9789375437000
9789383725984
9789386835574
9789383962921
9789383962358
9789383725342
9788195110537
9788195110520
9789390973224
9789371649018
9788175244313
9788119019243
9789383980765
9789383980758
9789383980727
9789386810717
9789386810700
9789393285058
9789349983526
9788178441542
9788178441566
9789393285300
9789393285874
9789395380416
9789395380423
9789380873237
9789387774605
9789387774636
9788178440835
9788199645141
9789387774902
9789387774551
9789371333887
9789371332514
9789358770926
9789359576169
9789369547074
9788188790524
9788178440484
9788185133331
9789389082937
9789355485304
9789355485311
9789395380041
9788174458582
9788174458599
9788178542270
9788183302500
9788188790210
9788188790098
9789380550737
9788190248150
9788183304641
9788183302517
9789349908949
9788178443409
9788178443393
9789358778588
9789358772668
9788175244968
9788175242396
9788175243619
9788175242663
9788175242548
9789386092892
9788119922222
9788198356888
9788175244658
9788183301831
9788175242388
9788183305570
9788196319144
9788175245670
9788175245379
9789358778526
9789359786216
9788175244208
9788175244178
9788175245174
9788194398233
9789358778298
9788175242401
9788168838123
9788175244666
9788175242116
9788175243600
9788175245964
9788119689118
9788183304733
9789382658160
9788178443089
9788178443096
9789393580252
9788188790623
9788178440859
9789357750141
9788129343086
9788126027316
9789391034252
9789393580276
9789355183569
9789371068994
9789371069540
9789387774575
9789383962228
9789353241483
9789353240479
9789387774506
9788122310382
9788119020011
9788119019649
9788122309973
9788122310962
9789385621253
9789383980260
9789391034221
9789391034214
9788189131876
9789383725571
9789383725564
9789386835260
9788119689057
9788126027439
9788188790111
9789375272885
9788196975579
9788172018054
9788174253088
9789391034634
9789391034689
9788197350580
9788188790777
9789391034658
9789393580986
9789383725663
9789383725762
9789383725779
9789383725670
9789386630728
9789386630711
9789386630735
9789386630742
9789383725618
9789383725717
9789383725724
9789383725625
9789383725632
9789383725731
9789383725649
9789383725748
9789383725656
9789383725755
9789386630704
9789386630698
9789386630766
9789386630759
9789386630674
9789386630681
9789383725786
9789383725687
9789383725793
9789383725694
9789383725809
9789383725700
9781997766056
9789389341577
9789389341584
9788178440521
9789390688203
9789355481962
9789370973619
9789370972148
9788178440538
9788178440248
9788188790531
9788119922901
9789387774957
9788178440934
9789393285836
9788188790456
9789372251265
9789372256734
9789391395100
9789391395094
9789391973568
9788168898172
9789367500255
9789372256048
9789372250688
9789382658733
9789391395391
9788198345127
9788126024254
9788192003351
9788192003368
9788188790593
9788188790432
9789349908406
9788178440606
9789393285249
9788122308365
9789385985454
9788171856176
9788171697625
9788122310177
9789374241967
9788188775217
9789390981687
9789383206834
9788100002904
9789386630063
9788198318039
9789393285843
9788121260480
9788121260473
9788195110551
9788195110544
9789373593692
9788168838109
9788188790715
9789385302855
9789382998686
9788188791170
9788172016579
9788119019106
9788119019829
9788198919816
9789386835482
9788178541648
9789362076229
9789326352512
9789355183774
9789383725939
9788126306152
9789389341225
9788183305259
9789386810205
9789386810397
9789355180407
9789355185006
9789382658122
9788183300629
9788120350038
9789393285652
9789393580702
9789393580696
9788178543307
9789387028623
9788198919878
9789383963102
9788188790814
9788178542485
9788198919854
9788183301633
9789349908314
9788190461733
9788193402818
9789383725274
9789383725267
9788126307913
9789383980451
9788183768283
9789393285713
9789380292021
9789382658344
9789386835512
9789386835505
9789386630919
9789395380443
9789393580443
9788190394436
9789391034245
9789372252316
9789372257595
9789385485343
9788183304719
9789371695770
9789371695183
9789349983342
9788170072713
9788188775958
9789395380430
9789395380447
9789383725144
9789383962297
9788178440880
9789382998677
9789389195033
9788198293398
9788169489263
9788126043088
9788185119649
9789370972049
9789370970281
9788126043224
9788169302586
9789351710707
9789383962174
9789386221797
9788193875599
9789390900084
9789353246419
9789353249724
9789353249731
9788193630242
9789385621727
9789371006330
9789386630612
9789386630971
9788175243465
9788174458681
9789349144361
9789390973835
9789357743297
9789351711254
9788188775941
9789348420206
9788122313376
9789375276906
9788122312539
9789389778724
9788192331171
9788189983673
9788192004921
9789355742810
9788122315622
9788122314052
9789334179798
9788168650626
9788198678386
9788126026678
9788168650619
9788194893004
9788179509135
9789349113008
9788196008017
9789380244495
9788119541560
9788194448952
9789390811410
9789390958061
9789355232427
9788195978168
9789395268608
9788197914867
9788195753222
9789381098158
9788194437161
9788195458455
9789388631105
9789334368918
9788194940401
9788193366974
9789394793583
9788199348912
9789394516007
9788194966692
9788197083365
9788199348998
9788199067363
9788195383078
9789390771950
9788195904853
9789391994648
9788199942905
9789390958252
9789392474514
9788179509128
9789355666789
9789379430205
9789355231048
9788199942950
9789390958184
9788194448907
9789395268318
9788195650767
9789355273192
9788168515215
9788119320363
9789354691355
9789366665467
9789391994914
9788197505928
9788199652125
9789380220635
9788199013049
9789366660936
9789355273277
9788199067394
9789348598844
9788198981752
9788199739321
9789355232403
9789375104605
9788193476598
9788199952300
9788198623638
9788196058913
9788183452359
9789390107377
9788190735520
9788195630141
9788198950611
9789380630786
9788199070745
9788179503904
9788180851964
9788119628292
9788196975302
9789387234628
9789390989638
9789385814174
9788197241420
9788194405054
9788119576395
9789348660039
9788198385871
9789349113800
9788119436545
9789366666747
9788193269152
9789347923746
9788194467946
9788195393718
9789358159950
9788199013025
9788196208004
9789356070646
9788192786599
9789380020778
9788119436804
9788194211327
9788199586833
9789349017955
9788199312821
9789355273123
9789390771790
9789384646530
9789349113367
9789386755193
9788119496617
9788198158703
9789392241451
9788199716438
9789395268226
9788199067387
9789390802951
9788194008439
9788199458345
9789366663012
9789366667812
9789355276391
9788199067332
9788183452434
9788190788588
9788195006984
9788119550234
9788119576357
9788195095278
9789393724960
9788194334859
9788199067325
9789390958115
9788194455134
9788199853836
9788119496952
9788195630172
9788119191123
9788179501740
9788192123721
9789392241888
9788179508763
9788183072090
9789351710332
9788121244312
9788121244329
9788184953237
9788184954180
9789360852047
9789334415261
