9789698780227
9780143455585
9781636333298
9788194118619
9789386931917
9789347472091
9789357557115
9789352603237
9788196170202
9789350126547
9788195840601
9789357554435
9789358897746
9789370754348
9789370752283
9789364374583
9789358895513
9781786168719
9788196201661
9789391446475
9789350120477
9788183227001
9789364315852
9789392552960
9789355643063
9788197129308
9789357765145
9789382603214
9788119373840
9789386348203
9789386348258
9798901763094
9788122313116
9789387484634
9789334196870
9788177212693
9789351868941
9788177211382
9789351861935
9788177212754
9789351868576
9789351868910
9788122312621
9789362251725
9788131900727
9781537504124
9781511474726
9789384850678
9789355439222
9788199036222
9788184955583
9788183222686
9788183225601
9789353767136
9788183223935
9789363953666
9788122303490
9781648994302
9798899291951
9781648994166
9788119099580
9788119099849
9789391924751
9788119898473
9789394668171
9789391129491
9789391924072
9788119898459
9788119898374
9789394668157
9788183223140
9798902966050
9789390287970
9789365690033
9789355649010
9789355647740
9789360320812
9788131012109
9781639209989
9789355430373
9781979059602
9789349116443
9780143102885
9789387383586
9789392375125
9789387578579
9789394200159
9789385724176
9789390511877
9788170216919
9789381384008
9789381506615
9789386179715
9798891861992
9781540785886
9789391984311
9789389645293
9789355646804
9788122304794
9788170119425
9789362638458
9788195650217
9788186425527
9788178440651
9788193423882
9788183304856
9788198638656
9789390372720
9789390183364
9789389931839
9789394871663
9788197828133
9781639045549
9781638865629
9788196123574
9788129120953
9798885919388
9798885919128
9781648922831
9789387297999
9789356508491
9798895441930
9798895441947
9789350336618
9789355214157
9780143477594
9789391282189
9780143476917
9789390085323
9788197201653
9789356841888
9789363252233
9788128821868
9789390287963
9789376964703
9789352838547
9789351363262
9789391681982
9789389647310
9798886840766
9789385846021
9788174456120
9789385534089
9789385534140
9798887040127
9788183222617
9798890672049
9788194484585
9789391109196
9788183306829
9788170119159
9789395416849
9788180315787
9789355437938
9788183221580
9788170117957
9789358169607
9789388304436
9781978410800
9781685094140
9789390711017
9789389341966
9789390767564
9781648282218
9798860947368
9789350336601
9789375730187
9789374768600
9788195207190
9789353768645
9789381607800
9789363956919
9789363954656
9789352760077
9789353768638
9789355641014
9789386345905
9789350337318
9789363793156
9788183223171
9789348561633
9789383359226
9789390152018
9789362252654
9789395985093
9789362259417
9789391032784
9789353529895
9788119727544
9798899298172
9798899298165
9789353527228
9789354400025
9789354403156
9789355435989
9789353222277
9789354400254
9798902070795
9798902070788
9789389952308
9781647604448
9789389225709
9789395761826
9789385621215
9789354881954
9788199720466
9788184958157
9781979542548
9781978112599
9780143414704
9788199265356
9789390085675
9798902961680
9780143460336
9789362257864
9789362257727
9789373593401
9781508866022
9789381588604
9789350570500
9789381384121
9788172113810
9788122312652
9788197802324
9789390511860
9789356486270
9781537624129
9781537614588
9781648994821
9788183220606
9789382742326
9788181465078
9789355641281
9788184952513
9789352165919
9789391160555
9789380550657
9789351730415
9789394977266
9789350466292
9789350468500
9789355436573
9789355431004
9780836415544
9788181433404
9788121246583
9788121246569
9788121246552
9788121231954
9788121246576
9788121231961
9788121245876
9788121245074
9789362808707
9789362806864
9788121232661
9788121232654
9788121264150
9788121264198
9788121264181
9788121264143
9788121264136
9788121264174
9788121264129
9788121264167
9780331365733
9788121503631
9789381274637
9789351281191
9789353242503
9789350004289
9788121220644
9788121220637
9789355434951
9789388292764
9788123905846
9789362806000
9789362804846
9788121201032
9788173046704
9788121500982
9789393909916
9789393909923
9789385932939
9789395416856
9788185425818
9789333311786
9788121270151
9788121270168
9789374149232
9789374143544
9789362800626
9789362802484
9789371692694
9789371695169
9789367801321
9789367808955
9788121270502
9788121270496
9781164800699
9788121223461
9788121268813
9781294659402
9781164528487
9781026218433
9788175413092
9780231211130
9780231211123
9789386667366
9789333600835
9789368960140
9788121244138
9788121244145
9788121242707
9788121242691
9788121230643
9788121230636
9781245029971
9788119073559
9788119073610
9789357054171
9788131774748
9789395962766
9789353245597
9789353245603
9788121504546
9789388540537
9789388540568
9789388540636
9789388540629
9789388540575
9788129139801
9789350461990
9788121255677
9788121255660
9789361567902
9789353524753
9789386237941
9789352531110
9789358700176
9788121507950
9789388677165
9780143460312
9798902966272
9798902966289
9789367803127
9789367805824
9788189235475
9781648056727
9789368788812
9789375390282
9789359037813
9789371336864
9789371335850
9780521027526
9789358521856
9788175413085
9789389203615
9788183225779
9789355430564
9788131903599
9788184300833
9788120728769
9789334435009
9789389104417
9789389104448
9789395437479
9788193121733
9789368969129
9789333376587
9781647330392
9788184972597
9789364524612
9789368781424
9789375393948
9789388630108
9788121240857
9788121240864
9788193705513
9789362054906
9781646786756
9789354910258
9788121230919
9788121230926
9788121230933
9788121230940
9789365475579
9789350469460
9780143414834
9788198546616
9788177420869
9788184975949
9788184975871
9788184975888
9789371971256
9788183227506
9789389143072
9788184979565
9789386850584
9789386850775
9789352876341
9789385245381
9789385245398
9780143099796
9788180318979
9789355438058
9789355438614
9788198208064
9789353520014
9788183227605
9780143101628
9780143462071
9789355431165
9780143459545
9789385152849
9780670098026
9789384716615
9788181466648
9789353524913
9780143452942
9780143414230
9789389647655
9788186775073
9788183221757
9788183226967
9788123792491
9788183223447
9788183225854
9788186775950
9789390085088
9789391855642
9780143425083
9789381506493
9780107759315
9788193742082
9789353526924
9788183222303
9788183226899
9789387383234
9789353520571
9788119964499
9780143101604
9789355439062
9788170637127
9788170636373
9788170636038
9789386554130
9788195625161
9788170212935
9789388241007
9789350484050
9789355622440
9789389647341
9789353525255
9788183221672
9780143462088
9788183221498
9788183224307
9789353528379
9788125036814
9789355628213
9789353528515
9789387578272
9788173054075
9788123903231
9780143416432
9788173152849
9789375739630
9789351864226
9789332574113
9789353521134
9789384343743
9789356191952
9798899060922
9789375736431
9789348290854
9789383774128
9788184979534
9789353526931
9789349983694
9789355629142
9789392121791
9798905101113
9798905101106
9789377302245
9789362108043
9789349394711
9780143425441
9788183223157
9788183220538
9789388241021
9789394962996
9789391242336
9788183224857
9788123724843
9788182748118
9789348521248
9789371976633
9789353765637
9788193440940
9788123755663
9789354688232
9788197255441
9789357207935
9789353524616
9788183225052
9788125000488
9788125000457
9798396725386
9789361564789
9781685239411
9789311122878
9789360323936
9789360326647
9789395576819
9789360327125
9789360325947
9789395576161
9789360325534
9789395576765
9789395576635
9789360328597
9788131907115
9789395576642
9789360325343
9789395576758
9789360321680
9789395576666
9789395576741
9789360324575
9789395576130
9789360329228
9788129105721
9789360452742
9780143458678
9788184979480
9788184979589
9788184979596
9788184979572
9788193282304
9798176933574
9798176933642
9798176933581
9798176933628
9798176933659
9798176933611
9798176933666
9798176933604
9798176933635
9780144001613
9789390372102
9789353524593
9789354350191
9789386224811
9788183222105
9788183220224
9789355180032
9788180110566
9789390843471
9789389088960
9789353525484
9789373171029
9788183226431
9789389143935
9788174144287
9789391316136
9789362149671
9789389643138
9780143459644
9788131910764
9789359967592
9798176933598
9788181464439
9780143440451
9780143460817
9789360458089
9789390924417
9788173150326
9789386231833
9789352664726
9788173151958
9789375736882
9789351867692
9788174143229
9789373170596
9788177214307
9789390575886
9789353225889
9789392080319
9788183223850
9788130926889
9788196802813
9789361038402
9789361033407
9789361036378
9789361039645
9789361039997
9789361035791
9789361038372
9789361039003
9789361036873
9789367257616
9789367255490
9789367253014
9789367251737
9789367257845
9789367257678
9789367259306
9789367251072
9789367251119
9789390906987
9789353524821
9789355430199
9788123781846
9789386906571
9788125061397
9788198184481
9789353522780
9789387122208
9789387122239
9789387122222
9789353521301
9789352878543
9789386498199
9789363336766
9788170640974
9788170641094
9788170641100
9788170641117
9788170640830
9788170640837
9788170640911
9788170640912
9788182967397
9789363331976
9789363339682
9788183227377
9788180568619
9788170218654
9789355436191
9788183221559
9789355431110
9798176933031
9789355437617
9789355436719
9788183220613
9789386906816
9788186775660
9789355432070
9789387383968
9789387383951
9788183220330
9789367195161
9788183220255
9788183227100
9788191009606
9788183222112
9789349393585
9789353527853
9788186103623
9780143100560
9789385152399
9789389143027
9789385254185
9789380494166
9789376467648
9788123743677
9789389647273
9789389143409
9788195041558
9788186775844
9789348521125
9789355430991
9789386850263
9788120820968
9788170218845
9788183228060
9789348521521
9789353523879
9789353525590
9780143461258
9788188452590
9789358691009
9789351441465
9788180561962
9789355438737
9788183224352
9788183224383
9789385152689
9781684871131
9788186775998
9788183220576
9788174142412
9788174143778
9788184973686
9789373076287
9788183221504
9789388241908
9780143459620
9780143469414
9789391242299
9789390166145
9789365694635
9788190651882
9788125022312
9789355431769
9788183220996
9788131901120
9788170217596
9788190256278
9789392126185
9789380676371
9788180141461
9789386906847
9789386850201
9788123716480
9789390022687
9789334426595
9789389143782
9788183225939
9789383260867
9788183224284
9788170215158
9788180565441
9788131928943
9789390834501
9789348290939
9780143064596
9780143470779
9789389195002
9781618138514
9788183151122
9788195984060
9788126705726
9789347043529
9789389412277
9788123711157
9789393232113
9788123725024
9789347999147
9788174455505
9788174455451
9788174455499
9788174455475
9788174455543
9788174455369
9788174455468
9788184550382
9788171641352
9789350728239
9788170553625
9789326352475
9788170551935
9788189982416
9788171242429
9788170559537
9788172455361
9789388107099
9788174531087
9788194743347
9788126718641
9789391214456
9781639572694
9788186103869
9788194215004
9788171640041
9788171641697
9788171640676
9789383805068
9788192516462
9789386245045
9789352210213
9789350741436
9781648690761
9788171788644
9789350022382
9788100000146
9789390958436
9789384502928
9789360865320
9789393232250
9789382396901
9788171786657
9789347265693
9788169102919
9780143465362
9788195254934
9788183151702
9789382171676
9789382281672
9789382629108
9789371189484
9789356956780
9788123744773
9789388107419
9788123799537
9780143470786
9789387328464
9789355625830
9788171858958
9788100000580
9780143456063
9788171640898
9788123702292
9789356504615
9788123737324
9780143480099
9789393606044
9789348521149
9789393985392
9788123797830
9788123780801
9788123750439
9780143453734
9788123710419
9788192795256
9798891868601
9788123726991
9789353063894
9789373592893
9788170118145
9789384407097
9788881757022
9788170119388
9788193434888
9788170118008
9789395287852
9789385721304
9789385721311
9788189902131
9788172161293
9788172161279
9788189902148
9788172161262
9789384061654
9789362975287
9788196895273
9789373596839
9788195919178
9789353769598
9788175993662
9788190082341
9780143454694
9788123773681
9781684874910
9789390811281
9788179509418
9788119079179
9789350024607
9788189471057
9788186103555
9789391129026
9789363957541
9789362142450
9780670098019
9788188757596
9788199339217
9788100002960
9789390900855
9788123779874
9788171856817
9789390179220
9789382742258
9789353497248
9789395380812
9789380727202
9788181480149
9780143468196
9788183990684
9789391446109
9788168560710
9789353494865
9788172749545
9789385509780
9788188757947
9788183222280
9788123708522
9789350487976
9788190679657
9789347043475
9788193323823
9788121620697
9789388508339
9789356503212
9789382500636
9789382500674
9788183153393
9788187418047
9789381843307
9789388449694
9789393606006
9788178544168
9789385149627
9788172337797
9789380326610
9788196814328
9789334184723
9788197782282
9789391948948
9788182962170
9788182961524
9789362970664
9788128400032
9789363231986
9788128400278
9789385445774
9780143460145
9789380644264
9788170113867
9788178557809
9788178557243
9788178557205
9788178557212
9788178557144
9788178557793
9788178557359
9788178557465
9788178557441
9788178555744
9789384406837
9789357553421
9789348643148
9788188138173
9789354915635
9788194577522
9789390287987
9789354861390
9789354861550
9789384883003
9788123736549
9788123792101
9789352663323
9788181435974
9788188714496
9788100000651
9789384061579
9798777127730
9789347043284
9788182965072
9788182965089
9788100003814
9788189573225
9780143470809
9788171856107
9789385245367
9789356958159
9788186050262
9789389719970
9788189471569
9788126705139
9788179308714
9789364680424
9788189471477
9788189399672
9788179306536
9788189471255
9788192655765
9789355320797
9789364445610
9789352836178
9789369589609
9789350742587
9781648508936
9788171690466
9788171247776
9789352294831
9788196102739
9788126340514
9788196102715
9788174533166
9788192512327
9789350000403
9788171245987
9789350009390
9788131808269
9789352744411
9788179651391
9788131801895
9789382629443
9789350126158
9780627317095
9789352231140
9788189471484
9788122507188
9788189471842
9788172336325
9788172336332
9788192889948
9789387889835
9788100000653
9788100003560
9789381620434
9789389412246
9788196984144
9788170522256
9789360450434
9789387894501
9789381464892
9789357754842
9788171859689
9789350790977
9788123431789
9795794142401
9789334055764
9789334113914
9789358704334
9789385450075
9789381845011
9788170119746
9788170110996
9788123743509
9788181930385
9789350480687
9798895413500
9789355034793
9789364680882
9789369580552
9788121904506
9788121904513
9789352836086
9789352669967
9788170335054
9789350724729
9789390825738
9781034328568
9789355621221
9781649191298
9788186211403
9788123794198
9788123798189
9788189403140
9789347323461
9788100003090
9788121244916
9788121245715
9788195116706
9780143475415
9789355624635
9789392820045
9780143061946
9788178062358
9788100003804
9788100003027
9788126005864
9789381224007
9780143463498
9789384883249
9789354910302
9788174142757
9788194923749
9789348375247
9788194276036
9789359192369
9788194794592
9789373171821
9788183152006
9789385721021
9789390366842
9789383982981
9788174142696
9789361863547
9788174142375
9788171856602
9781639745289
9788123712338
9788122502004
9788175974531
9788100003974
9788198621665
9788170110620
9788186103092
9788195685066
9789384406004
9788123714332
9788190074582
9788190307857
9789358122374
9788190307864
9788190307833
9788171855667
9789354261954
9789381620083
9788196350406
9788183225328
9798903925872
9788189235925
9788196398729
9788186103933
9788123759258
9788123763774
9788123794211
9789353768430
9788100000842
9789387453739
9789395437950
9788171339488
9789391924225
9788188756164
9788194794585
9788171248582
9780143418399
9780143467250
9788172335113
9789391895075
9789394922846
9789392820700
9788123741956
9789354406355
9789384406219
9789389643879
9788184953503
9788184955293
9780143470823
9788123779065
9789390085194
9788186685693
9788174792457
9789391446482
9789371001342
9788123725727
9789394526617
9781511750035
9789395598026
9789351551355
9789381957899
9789350945117
9789311122755
9781647330767
9789359572840
9789378160813
9789311122885
9789351413080
9789386179388
9789386179258
9789311122595
9789311122588
9789351411444
9789311122748
9789311122571
9789390062096
9789390391615
9789352511433
9789352511440
9789352511457
9789351551157
9789373594378
9789390958412
9789373177717
9788131927885
9798895567852
9781909309210
9789390085576
9788123782140
9789353225964
9789360864644
9788121513067
9788196319687
9788100003023
9788123779539
9788170112464
9789393606365
9788123759593
9789356409071
9789334055375
9781942426783
9789369894512
9780143067108
9789354403071
9789354401480
9788183220859
9788189471187
9788123754383
9789395767507
9788181436054
9798897243600
9789373172507
9788180111044
9789386762931
9788123780580
9780143467229
9788100002959
9789356951020
9788170116264
9789349965027
9789354911439
9788100003708
9789394649477
9789389088861
9789389088878
9789389088892
9789389088908
9788119964031
9789389088885
9789389088915
9789389088953
9789389088977
9788119964857
9789384657536
9788100004008
9789382543961
9780143468165
9788197016837
9788187332671
9780143099932
9788190820363
9788100003367
9789348643438
9788100003798
9788186103086
9789359446356
9781041348191
9788126025480
9788170006183
9798889236832
9789357228756
9789357223768
9781636069289
9788121914635
9788184953220
9788191081756
9788197060083
9788196672638
9788174143280
9788184956832
9788123725345
9788198154040
9789347940422
9789389567472
9789375499169
9788123742687
9789394646667
9788183150514
9788199291850
9798895449837
9798894153438
9788195167975
9788121505413
9788174143174
9788174143471
9789386827616
9789388327596
9798903626793
9788180313158
9789387333505
9789390085859
9789387297678
9789384168193
9788123768632
9788123704852
9789354423307
9789359109718
9788198820914
9789386863294
9780143482444
9788123738956
9789380076768
9789380076416
9788123780825
9789373486147
9798898791605
9788198788344
9789352667796
9789348229359
9788174142337
9789389567168
9789389567441
9786203411270
9788123788111
9789364260787
9789347164293
9788184194302
9780198086185
9789387740433
9789387740662
9789350123676
9788100000261
9788170418580
9789391113193
9789391113094
9789391113223
9789391113230
9789391113278
9789391113117
9789391113186
9789391113285
9789391113179
9789391113100
9789392013409
9788178123875
9789392474439
9788123792651
9789380565248
9788174144034
9788100002995
9798898547516
9788189750596
9788123742717
9788170116295
9788170119272
9788123788135
9788123741901
9788119073870
9789358060447
9789349578562
9788197418396
9789380049144
9788120757592
9788188479627
9789382629009
9789374767290
9789363957626
9788123780306
9789390366095
9789355321800
9788131759479
9788182964129
9788121620703
9789390811342
9789395416313
9788172015275
9788171673650
9780230636323
9789350005446
9788170559955
9788198637598
9780143458890
9788194653851
9789382629054
9789389412000
9789387307148
9788100003772
9789395416825
9788172298012
9788199723436
9788195556601
9789386347053
9788171823154
9788194938989
9789394649422
9789382848806
9780143472162
9788188473022
9788183152877
9789356957466
9789359420752
9789359420479
9789356957480
9789352878666
9788196329495
9798903923878
9789386554574
9788100001642
9789355038401
9788195230426
9788128812415
9788170114819
9789381464946
9788124601365
9780143415008
9788183220897
9789394924840
9789395689151
9789390896899
9789354862403
9788197912948
9788197912924
9789390735877
9788123703794
9789375730590
9788171823123
9789394649538
9789387696259
9780143459606
9788188757428
9788123747446
9789381695869
9789395686143
9789348561534
9789350466056
9789392590665
9788172336233
9789391505974
9789355381842
9789355381835
9789391505929
9789355381927
9788123744360
9789359429281
9789359426129
9789359429991
9789359427225
9789359429410
9789359427973
9789359427881
9788189471439
9789379384454
9780143471424
9788189750206
9788100003670
9789380076614
9789390811519
9789395686488
9789385462665
9780143061915
9789348157423
9789378162077
9789368408901
9789378167867
9789378165337
9789378161643
9789378160103
9789370783027
9789378167621
9789373940472
9789373941271
9789373941844
9789364374552
9788167210463
9789373944999
9789370788770
9789373946962
9789373945330
9789373947457
9789378168185
9789378167713
9789378164149
9789370783119
9789378160059
9789378166730
9789378165313
9789373948430
9789373946160
9788169745604
9789378169793
9789370787728
9789373948683
9789378168949
9789378169601
9788169729079
9789373942285
9789373946603
9789370787124
9789370788190
9789378166136
9789373948768
9789373941783
9789370789296
9789370783553
9789373949642
9789378161148
9789378160684
9789378164262
9789359982366
9789373946580
9789378160769
9789373946573
9788167210401
9789373942865
9789370780699
9789368403517
9789370782433
9789373941646
9789373941578
9789378160165
9789378161766
9789378169779
9789378165054
9789370785625
9789373942834
9788169826310
9789370787100
9789378161094
9789368404019
9788189359720
9789390179404
9789350127384
9789370090323
9788178694948
9788121928427
9780143461654
9789358568691
9788131604564
9789362146694
9788180521751
9788189471651
9789392803536
9789359784113
9789388550710
9798888332573
9798888335703
9788171691807
9788123778709
9789392474736
9798902960317
9798902960287
9788183152921
9788119336234
9788119336180
9789360590604
9788119336982
9788119336944
9788119336814
9788119336791
9788119336470
9788170771609
9789360860462
9789354406423
9789391316013
9789354406973
9788193901700
9789392038990
9788174456281
9788189471330
9788185787527
9789392624872
9789360866020
9789383522514
9789380227955
9788171858361
9788120822016
9788170110590
9789388241588
9789390958153
9789389647167
9788190782814
9782808198059
9789381484494
9788189485573
9788189235970
9789381301944
9789386554925
9789387080669
9789391598099
9789351867340
9788189605841
9788189605858
9789354407628
9789354401374
9789390885619
9798891332829
9788171859634
9789389432664
9789354406379
9789354913471
9789352294909
9789352294664
9780836406665
9789390474554
9789390474561
9798887331836
9798887332253
9789387053366
9788199493919
9788171101184
9788172701802
9789388508322
9788100001586
9788100001588
9788100001587
9788189235877
9789363952362
9781834523453
9788187075806
9789350024645
9789350024638
9788198213471
9788198213419
9788197577826
9788190104722
9788194104469
9788188569410
9789356951488
9788198898234
9788198819062
9788189902896
9789390911592
9788100003010
9788175977761
9788175972957
9788193056905
9789390085255
9789381860793
9788177867435
9788198132321
9789391214654
9781648929205
9789387464506
9788123795928
9789388414999
9789390656196
9789360868758
9789353490126
9780143102908
9789390749546
9788189235048
9788189235307
9788172339586
9789388043786
9788123761831
9789389412215
9789384168025
9789384168124
9789362251039
9789390179343
9789392803550
9789334439298
9789349227842
9788194898856
9789389432473
9789392126192
9788199281905
9789351922476
9789351868538
9789395301701
9789374265406
9789348716101
9789348643612
9789387153424
9781639409891
9781648921131
9781648921605
9798890675590
9789394915435
9789382898504
9798891869936
9789347043819
9788126708635
9788172948917
9789395287609
9798896735496
9789392590047
9788189235918
9788123728520
9788195137275
9788100000134
9788100000136
9788100000129
9788100002090
9788189235444
9798896732778
9798896732785
9788100001599
9788123702568
9789360860097
9789381605714
9789395643740
9789391242060
9789348203557
9789354889455
9789355314796
9789354885204
9789380494272
9789371403573
9788180563959
9788195035410
9788183226424
9788123732978
9788196060886
9789387567139
9788122305142
9789391560911
9788183220194
9788183227384
9788131900307
9788131905296
9789355431462
9789355435453
9780143065364
9788183221528
9789353521813
9788186775264
9780143454342
9789373176994
9789383118755
9780143462095
9788174144300
9789375584452
9788188140435
9788184771220
9789355431035
9789394649293
9789371403757
9789354911040
9798176933468
9789357209632
9789388241663
9789354689024
9789350711392
9780143104384
9789355433299
9789353526160
9780143481522
9788181460691
9789383758869
9788123776408
9789357204842
9789380292588
9789354689932
9789354688805
9789354688935
9780143104353
9789354423888
9789354423949
9789389143140
9789381626528
9789353494858
9789350462997
9788125038290
9789390924622
9780143068082
9789388247818
9788195650118
9789353528980
9789388304825
9789347199806
9788183224802
9788196355715
9789350337271
9789355435446
9788183227445
9788183227803
9789388241595
9788192450728
9789388304924
9789387894730
9789361273346
9788123023113
9789355620026
9788131919750
9788131919767
9788131927748
9788131919798
9789355439505
9780143103677
9788123779652
9788123730011
9788123758596
9789386906854
9780143063353
9789355325334
9788131769607
9789390924493
9788125054368
9788195587933
9789353180867
9789354421259
9781639977437
9789381448007
9788175415768
9788175415775
9789354914614
9788131613672
9788190609111
9788174531933
9788193266809
9788120821521
9788120821514
9789392470110
9788170600596
9789355433398
9780143102311
9789348290069
9788170339984
9788187838166
9788180563089
9788186098370
9788131614044
9789354686122
9789386850379
9789353527495
9788183226059
9789354689871
9788129104441
9789387698901
9789386667649
9789390378456
9789353525309
9788131963005
9789350337301
9789353527075
9788181463982
9789353525798
9788170217053
9788194612025
9789386906588
9788195532407
9788195532452
9788195532483
9788195532490
9788195532476
9788195532414
9788195567706
9788195532421
9788195532438
9788195532469
9788195532445
9788195567713
9789355206268
9789389647853
9788183222747
9788186775288
9780143422174
9789351710059
9788131905660
9789385724312
9789350461402
9789355437259
9789350462638
9788119726219
9789389310443
9789354775635
9789354889332
9789354888939
9789354887574
9789354887468
9789354888434
9789354889707
9789354886539
9789355217714
9789354888922
9789354889479
9789354887260
9789354887451
9789354889967
9789354889912
9789354887307
9789354888960
9789354888335
9789348203236
9789354888816
9789354887772
9789369581320
9789354889325
9788199127685
9788197132209
9789354889233
9789354888137
9789354887925
9789354888458
9789354888359
9789354887215
9788197868535
9789350337455
9789355435705
9789353527211
9789354917943
9789355437679
9789389143157
9788123768526
9789354888861
9789353225711
9789353225971
9789353226008
9789355438461
9788176933476
9789390924943
9780143473435
9788183225335
9788183220989
9789355433213
9789390834310
9789383118786
9789383118427
9788186787243
9789351736417
9789380712918
9789383758562
9788183223041
9788186775820
9789389143676
9789355436214
9788183226257
9788183225175
9788123787091
9788195862610
9789360453534
9780143467205
9789815280272
9780143414445
9789384168742
9788194313410
9789383050005
9788171328383
9789380565221
9788123712048
9798888836729
9788123741260
9788169058148
9788123762715
9788120759985
9789385593109
9788197290572
9781895383782
9781895383522
9789360861490
9789384168971
9789385445767
9788123777818
9788100002313
9788185832005
9788817869126
9788178691215
9789389717099
9788119756636
9789363953109
9788123928968
9788131905302
9788123791142
9788120777040
9788123711195
9789390659654
9798888153307
9798886415346
9789367196748
9788123748580
9788185787770
9789381620731
9789390179183
9789350020708
9781639972326
9788123737478
9788174532398
9789391242206
9788123748849
9788123751993
9789353493165
9788123709222
9789390287727
9789354403859
9788199356092
9788172238766
9788123725437
9788123757346
9788198184412
9788131962695
9780143457664
9789347265488
9789386347190
9788172338152
9789353494926
9789360862367
9789393498311
9789393498328
9788174143563
9789391960636
9789391960261
9789391960919
9789391960889
9789391960421
9789367714485
9789353493509
9789362138101
9788171641079
9788193258422
9789380076959
9789390183838
9788195138159
9789363882041
9788123735399
9789349679917
9789381843444
9789393882004
9789350334669
9781513699516
9788189471361
9789382629344
9788100003840
9788100003878
9788100003959
9788123727295
9789381918944
9788123769240
9789393498748
9788188569489
9789383299713
9788123755861
9788123743004
9789352207886
9789384091934
9788199958425
9788170520627
9788123755670
9788196329457
9788123777696
9789392129643
9788169231107
9788186336755
9788123748573
9789383158690
9789381394991
9788126717378
9789389471199
9788123742694
9788177868470
9789352205837
9788123757155
9788195138111
9780143466901
9789355430168
9788188757253
9788100000138
9789385593048
9789350123232
9789389546477
9789354689598
9789354689604
9789388304009
9788189471293
9789387464346
9788123761800
9789374734698
9788123781716
9780143464402
9788123795720
9788119996438
9788123701127
9789380661872
9789356504530
9788126318223
9789391446963
9789390179473
9788172330965
9798903923939
9788123799520
9788172335717
9788172335816
9789391640200
9788174143556
9789349180901
9788180140105
9789352168187
9789355381156
9789391505738
9788123911892
9788177892673
9788126917945
9789394200029
9788123769417
9788123777719
9789381843550
9788123777641
9788189750695
9789372455212
9788119488018
9788119488032
9788186103722
9788119488025
9788186103647
9788186103661
9788186103678
9788186103524
9788186103708
9788123728421
9789348239426
9789387297531
9789387297548
9789387297555
9789387297562
9789387297579
9789387297081
9789387297098
9789387297104
9789387297111
9789387297494
9789387297500
9789387297517
9789387297524
9789384168926
9789383721740
9789394061118
9789379389442
9780143468219
9788190798877
9788100003060
9788100003468
9788183152501
9788183150477
9788183150828
9788183151207
9788183154566
9788183152082
9788183152327
9788183153645
9789380359335
9788187798781
9788123718040
9788174144041
9798890662545
9788183282574
9788100003270
9798896103714
9789363952324
9788170113409
9788171856466
9789356487260
9789359573090
9788123751962
9789388134507
9788177545197
9798896105725
9788170111771
9788170113881
9789382673736
9788126340323
9788126310814
9788189750640
9781639572618
9789389931471
9788125042631
9780143471899
9780143471431
9789354911064
9788171851805
9789385492228
9789352773879
9788199350212
9780143455134
9789356957930
9781648504266
9781648504396
9781649836854
9781648990557
9798889759072
9798899291975
9781636062709
9781648992513
9781637451908
9781636338378
9781648994197
9781636062334
9781648992704
9781637143308
9781637149379
9798899291968
9781637149935
9781637451748
9781637451809
9781648504440
9789362975683
9789359168661
9789394871236
9789354860485
9789355996381
9789354861277
9788170288923
9789363186224
9789390292912
9789391129590
9789390963096
9789393456205
9789391439644
9788193425367
9788123770901
9789390718283
9781138500402
9788100002876
9781685638535
9789383095025
9780199467457
9780198069263
9788123790145
9788123771496
9788193759844
9788123734828
9788100003082
9789395767170
9788123739250
9789371971249
9789389982091
9788190633086
9798894469546
9781636698489
9789384564155
9788187978237
9789369947249
9788119660193
9789347749117
9789391626808
9788183150248
9789383751792
9789359422060
9789382742463
9788190675321
9788100001975
9789384600310
9788100003602
9788100003704
9788100003649
9789353490102
9788174143594
9788174142856
9788174144195
9788174143228
9789371227605
9788173290343
9788100003794
9788170521181
9788100003961
9788100000581
9788172340865
9788172340858
9789364480659
9788193625934
9788171641048
9788179502679
9788171101474
9789391446062
9788194959168
9788194959182
9788196354718
9788195648368
9789363275737
9788100003829
9788100003777
9788100003054
9789347940293
9788123792040
9788100003839
9788100003724
9789371977296
9788189235468
9788197187131
9789382716235
9789381620229
9789380661261
9789384883683
9788186336403
9788186336724
9788186336908
9788186336199
9788186336236
9788186336243
9788186336298
9788100000843
9788183153003
9788188757343
9789366273877
9788123717814
9788172334888
9788172336684
9788172335106
9788172335120
9788195254903
9789386365125
9788174457035
9788180317927
9789355993229
9788174456373
9780143424376
9789363923928
9789360860523
9798885750035
9789360869274
9789350489987
9780143481294
9789391952228
9789378523427
9780143068440
9788125059851
9788123706481
9788189471378
9789388426640
9789364443005
9788196749132
9788126715558
9788197750731
9788123720616
9789352341146
9788189471248
9789362148261
9788119756834
9789390101894
9789354886805
9788194471592
9788123722238
9789360860752
9788123782157
9788184353754
9788174456489
9788123741420
9789394649439
9788193815793
9789355215901
9788193649442
9788193649473
9788193649459
9789354914713
9789380076911
9788123032818
9788119758265
9788189471309
9788123712901
9789375737131
9789355212788
9788123761848
9788123754437
9788189471033
9788123756363
9788170118329
9788170117711
9788170110538
9788170110989
9788170118862
9788123779805
9788123723648
9789355217011
9789364449564
9788123707082
9788193425374
9789395664318
9788122507966
9788179756799
9788189471316
9789382629146
9789355037220
9788190600101
9789381499108
9789390818297
9789382629917
9788189471699
9788183762458
9789380748047
9788189471644
9788121407069
9788189471163
9788189471637
9788190717311
9788189471170
9788189471422
9788189471194
9788175362765
9789360868154
9788123778822
9788123731643
9788123744643
9788123755786
9788123747200
9788123755182
9788123756219
9788125055419
9789382629399
9788123788494
9780143068457
9788123779997
9789363230491
9789382968184
9788190717304
9789367791196
9788174533104
9788188757008
9789353490171
9788173158735
9788174456915
9788174457448
9788190662130
9789374115589
9788179754412
9788189235703
9789356847965
9788190634458
9789364446563
9789389990867
9789391034016
9789359034836
9789389990669
9788193823170
9789352660971
9788191038828
9788171640348
9789386731029
9788125054351
9789352341306
9789391640156
9789355432483
9798895560259
9788182904934
9788100001978
9789356501126
9789394833685
9789391214524
9789360867447
9788126317868
9789391430061
9788120821347
9788187418320
9788187418962
9788187418634
9788183154659
9788183150506
9788183150071
9788189498535
9789392012129
9789388182577
9789383284382
9789383284047
9788187118084
9789391446642
9789380359502
9789353220211
9788183152754
9789358561890
9788181434883
9788120822047
9789360867577
9788183156189
9788171855643
9788183150750
9789382629023
9789391948979
9788185396101
9789390900961
9788173915109
9788171247240
9788193439302
9788184573114
9788170586913
9788183152815
9789387297890
9788123756264
9789381484463
9788172211028
9788171247646
9788171247349
9788123772257
9788171240319
9789391446079
9789389310382
9788194915454
9780143415039
9789389310610
9788180315350
9789384406608
9789391446895
9789391446727
9788126315253
9789391242671
9788122503487
9788123786933
9788174456427
9788180692390
9789355990969
9789355036230
9789352341160
9788123766768
9789382629061
9789364448925
9789364447720
9789373596273
9788190648967
9788190648950
9789363924086
9789381843253
9789381302521
9788120843721
9788119782277
9789391242121
9789388449175
9789348643469
9789382629627
9789349159556
9789358702200
9788190598408
9789390179046
9788189471521
9789391681869
9780143451815
9789382629047
9788188757374
9788189833572
9789382629382
9789382281788
9789391597108
9789391597016
9789391597092
9789389055146
9789389055139
9788185495972
9789387080126
9789382553236
9788123788258
9788183760669
9789347691577
9789391109042
9789355032836
9789382629016
9788186103371
9789385593093
9788100003052
9788174791566
9788174791542
9788174791580
9788174791603
9788189471088
9789382629498
9789352807925
9789386689054
9788189471019
9788123735160
9788189471880
9789381067338
9788189471972
9788189471095
9788125055426
9788121905718
9788195138166
9788189471538
9788170164388
9788170164395
9789382629337
9788175970694
9789388274937
9789352080427
9788179309513
9789385593154
9788189471064
9789389990034
9788125041849
9788189471002
9788198943361
9788183424578
9789386463371
9788192074603
9788170113195
9788186116494
9788170118831
9789389657913
9789389657654
9788189471675
9798904311148
9788123756943
9788186050361
9788175977778
9788190717342
9788190717335
9788174457158
9788174456892
9788183152693
9789384406578
9789389012941
9789352294190
9789355188502
9789355213181
9788122506709
9788188554058
9789381555927
9788189859428
9789385054495
9789369442348
9789350002230
9789350483077
9788196690335
9789391807900
9789369441815
9788170552413
9789352340927
9788124613320
9788177868487
9789391446901
9789393134486
9788119488001
9789387919228
9788100001641
9788171851027
9789367072226
9789367078617
9789356952300
9788123743554
9789391326388
9788197772412
9789391446222
9788100000844
9788170110101
9789384406158
9788123757025
9788123792903
9789388508575
9780143472186
9789367802090
9789367803967
9788175051096
9788189235901
9788171246717
9789385149238
9789387643116
9788119208210
9789388183284
9788123709369
9788123751122
9788123755267
9788170557029
9789348910714
9789348910943
9789354406744
9789354406935
9789386001764
9788183227742
9788123739496
9788189471392
9789382742234
9788176810975
9782598215097
9789382629238
9789389832648
9788193710036
9788123747590
9788123745404
9788190634472
9788183615037
9789381997529
9788171640775
9788171859658
9789395557337
9789383441709
9789392723247
9789390602858
9789357762984
9789360869236
9789384168766
9789386063861
9788123798264
9788123780559
9789354889257
9789373593319
9789373595177
9789373590097
9789354884948
9789357553391
9789357553339
9789357553346
9789351445685
9789354884481
9788195064052
9789386689047
9788198930774
9789351441489
9789351441557
9789354887253
9789351444794
9789351441694
9789351441823
9789351444800
9789351442943
9789351442936
9789354887055
9789354888991
9789354888007
9789354889189
9789354887284
9789354886010
9789387766785
9789354884474
9789381620670
9789392590368
9788172336110
9788123754635
9789334368925
9789388134453
9788183531801
9788196688523
9788197042812
9798887049601
9788183226790
9788193076446
9789355480521
9789391948924
9789348608109
9788128818349
9789350790823
9788100001916
9789388508360
9789358778250
9789393456328
9788196194482
9789361807435
9789354803888
9788168543133
9789354804175
9788171641307
9789386298935
9789386845948
9780143464273
9798885305723
9789390958887
9788123726410
9788123744841
9788123762074
9789360869427
9789354403064
9788199291881
9789356634510
9788123709529
9788198011275
9780143104391
9788181469892
9789393802927
9788195645794
9781942426790
9781947349407
9788881747013
9789359444208
9789364810388
9789364814843
9789364819978
9789364815918
9789386731180
9788177024463
9788183762069
9789395257664
9788179500576
9789380359021
9789380359342
9789350570579
9780143468158
9788131905203
9788196318710
9788181434920
9789387155107
9788177868494
9780143063407
9781138119321
9781032972848
9789358060300
9788123758602
9789395598545
9789353495077
9788194432470
9789357177528
9789350000359
9788196977825
9789384406646
9788123768649
9788193975503
9788123734569
9789349159419
9788119989898
9780143458777
9788126713844
9788190598445
9789390081172
9789392880964
9788199067868
9788170112105
9798886290998
9788170554493
9788193423837
9788192544502
9789349365605
9798889755593
9789352209729
9789380326757
9789380864556
9788171108190
9788171108206
9788171108176
9788170520764
9789354403804
9788178242217
9788178241623
9788123765723
9789359577845
9789358105599
9789788186106
9789381406458
9789381406847
9789334379518
9789389647983
9788187418177
9789351500315
9789349965355
9780143461388
9781969259036
9789386450777
9780143465584
9788185952031
9788172700768
9788174143297
9788100003573
9788129302472
9782808197281
9782808197304
9789380326825
9788183150842
9788199620865
9789359421599
9788172856749
9789384168186
9789371974608
9788174878045
9789355625489
9788170119494
9789371183208
9788174143211
9781642491937
9789381620076
9788123751931
9789379380920
9789384657659
9788195698417
9788123769899
9788170112235
9788123745121
9798893634075
9789356847927
9788179759899
9789353490096
9788123755885
9789354914638
9789383962945
9788124609491
9788124609484
9789384168094
9789376966073
9789371644921
9789391820428
9789349290044
9789356748477
9789351611936
9789354803000
9789384064034
9789351671022
9788196779009
9789384042790
9789380298191
9789382686392
9788196217945
9788198820969
9789355211040
9789352661213
9789359428734
9789359429823
9789351720799
9788178691930
9789389203196
9789353521912
9789383260454
9789350465295
9789355431851
9788183220125
9788193121740
9788123910611
9789311126623
9789311126616
9789388426039
9789387672390
9789387672505
9789387672499
9789387672956
9789387672963
9789359072425
9789387672567
9789387672574
9788121938501
9788121936552
9788121938518
9788121937016
9789385189845
9788178124377
9788173055836
9789332538085
9780143459996
9789373172118
9789373179957
9789385724756
9781644111246
9780143481485
9798176933017
9788180561702
9780143474470
9780143474487
9789348497376
9788119745487
9789350335529
9789388241793
9789361560231
9789381626610
9789355431202
9781636332123
9789385609916
9798176934427
9788131962657
9789390602124
9789387968080
9789353525682
9789352230020
9788183222389
9780143103202
9788193182307
9788174143792
9789389143867
9789387383241
9788131961032
9788131900192
9789389643145
9789353520816
9789355430670
9789376460700
9789352763221
9798176933000
9789389647426
9789392374548
9788197329036
9788184987966
9780143101925
9789360329334
9780143101772
9789353521219
9789387383395
9789371970327
9789357207829
9788131927397
9780143462101
9789355434173
9788183227438
9788184983081
9789385152405
9789353527044
9788119216062
9789386850874
9788183221467
9780143065739
9789353528539
9798894752075
9798894752082
9798894751016
9789387383142
9788176559720
9788131900154
9789355438102
9789389143492
9789390924721
9788193879108
9789395073226
9789357201735
9780007510801
9780007387137
9789354689574
9789350462171
9780199485147
9780199483099
9789367255131
9789382174271
9788199045507
9795217211080
9795217211073
9789383758579
9798885030748
9798893637649
9798885031196
9789332511484
9789387578425
9788182745766
9789350959374
9789350959435
9789392179518
9789392179473
9789392179372
9789392179389
9789392179402
9789392179433
9789392179440
9789390085170
9788120814707
9789391832094
9789391832100
9788195232543
9788195232598
9789355439369
9788178126210
9789373591490
9789369589531
9789378520198
9789378520327
9789378520297
9789378520211
9789373592244
9789353165703
9789389811209
9789378520259
9789378520174
9789348203465
9789354887123
9788183573528
9789358860528
9789351447597
9789351446651
9789351447665
9789351446620
9789351446668
9789351447689
9789351447641
9788196355937
9789378520150
9789386835000
9789350123768
9789350121634
9789350121672
9789350121658
9789353166564
9789354882616
9789354774218
9789354770494
9789354774393
9788125034278
9780192869067
9789355435064
9789353624316
9781946822192
9781934137543
9789360865931
9780143446620
9780143450399
9780143473138
9789356956612
9788174533050
9788172702922
9789356170001
9789358868234
9789359196756
9798888154625
9789357317320
9780143450665
9781032935195
9788178356860
9789357229180
9789364335058
9789364330046
9789354032073
9789390619061
9789373016603
9789350781029
9789385805110
9789354807497
9781639579846
9789392140631
9789387034235
9789386463326
9789354406768
9788170112518
9789357439305
9788189750671
9788123748412
9789347265914
9788196688585
9788196688592
9788196688547
9788197042843
9788197231797
9788197042898
9788197231711
9788123758527
9788188643998
9788123790138
9789372487534
9789383430154
9789352204373
9789358750003
9798899619830
9789390179121
9782112211345
9782187157326
9788196919894
9789352201549
9788123741178
9789389082319
9788172299019
9788123794099
9788194412670
9789361859748
9788123720968
9789393214300
9788183823609
9789387431706
9789392546426
9789379855558
9789389178388
9788184959680
9789375497899
9789375499640
9788119153497
9789391019891
9788195411009
9781636331829
9788171826254
9789359577357
9789385721083
9788184959574
9788184955859
9788184955187
9788195612819
9788184956887
9788184957471
9788170112082
9780143472193
9789394176515
9789369444472
9788123758466
9788170118039
9789393529800
9788177868500
9789355624918
9780143458838
9789347306488
9789385721007
9789389643206
9789389931129
9788173860249
9789390183463
9789390391073
9788194932352
9789354403866
9789354404238
9789354401343
9789371978989
9789356520844
9788100000262
9789353768508
9788171859757
9788195251872
9788192544557
9788186103114
9789354913457
9788187955016
9788172339517
9788176811545
9789394649101
9789384168018
9789394649163
9789394649057
9788171381913
9788171383313
9788199660380
9789369506446
9789354406362
9789363239814
9789354887857
9789381907450
9789382629405
9788100002468
9780143466062
9789387195653
9788189750213
9780143470748
9788125057451
9780990317807
9788123772158
9788123761350
9788183227971
9789379858665
9789348074362
9788193182369
9789387464254
9780143422297
9789354912375
9788123798172
9780143467212
9789395520690
9789383625260
9789359105697
9789380076546
9789356366831
9789355019042
9789355380913
9789391505660
9789366663210
9789385593260
9788177869385
9788190994415
9789364488884
9789360868208
9798889518983
9798889518860
9789350337295
9798889518990
9798889518877
9788195965786
9788194459217
9789352668724
9788195180530
9789364441537
9788193253458
9789353493059
9788120834422
9788123731667
9788123708508
9788123769844
9788123718095
9780143471448
9788123717920
9789377373863
9788123759937
9788123780764
9788123718088
9788170112532
9788170118527
9788131962558
9788131962541
9788123768236
9788196368739
9789367712948
9788181930330
9789387880085
9789357552165
9789381588888
9789381588819
9788168676527
9788193721353
9788193721360
9781987821055
9788186004357
9788100003048
9788193721322
9788193721346
9788193721339
9788193721315
9789348580382
9780143417668
9789394112704
9789392147623
9789354862465
9789352618316
9789373175126
9788196919870
9789355214256
9788193258408
9789389846010
9788171857371
9788198019066
9789353495718
9788194924593
9789384168544
9789383441754
9788170112495
9788123780528
9788123761909
9788198519962
9788100000545
9788188756162
9788100003538
9788100003583
9788123777832
9789381838013
9788174143198
9789347354052
9789384168056
9789385593390
9789391446840
9788119216000
9789389053845
9788100003830
9788171437597
9788123760025
9788170119562
9788170117940
9788123709406
9788179919903
9788173620492
9788176610919
9788193247556
9788190435178
9781648504242
9789382134824
9788190666459
9789386127358
9789386127419
9788188388462
9780143102618
9788123749426
9788123717579
9798885894357
9789384168773
9789363067332
9788188757305
9788184518900
9789350891957
9788184517828
9788170117742
9788178690940
9789347043932
9788125059660
9789385377983
9780143457893
9788180141614
9789389688450
9789349733176
9798897248742
9798484203093
9798888503874
9789350338803
9788183246606
9788123762401
9789350461129
9788123910420
9780143461920
9780143066255
9781684660711
9789390179152
9780008156190
9780007506385
9780007429240
9780007491063
9780008156183
9789355627520
9789381406137
9789362258502
9789382276821
9789395985833
9788190733229
9789350046821
9788177222319
9789351190899
9789350040560
9789350040515
9789350042755
9798889095163
9788119750382
9788171858019
9780143465904
9789354803055
9789351630609
9789354802768
9789352744848
9789387462694
9798887170176
9796217211001
9781911223139
9788195772414
9788177184693
9788198727510
9781639200054
9788170087380
9788131802861
9788131802625
9788131800430
9788131803868
9788131809242
9788131809211
9788170088400
9789350570173
9788170088233
9788170088165
9788131800348
9788131803875
9788131803882
9788131807071
9788131802793
9788131806067
9789387973220
9788131803929
9789352741076
9788131806166
9788131805886
9788131808016
9788131807989
9788131800836
9788131802854
9788170081654
9788131803158
9788131803127
9788131805107
9788131803141
9788131804339
9788131805084
9788131802762
9788131802830
9788131805091
9788131806852
9788131804643
9788131804650
9788131804827
9788170086406
9788131802571
9788131804360
9788122421576
9788131801048
9788183334716
9788131805237
9788185214252
9789311121253
9798886413014
9798888697306
9789381907498
9781648991714
9789350571408
9789350571361
9789350571392
9789350571378
9789350571439
9789357941006
9789357941082
9789350571217
9789350571446
9789350571323
9789387766570
9788130932262
9789389718812
9789387766365
9788180141980
9788184951264
9789349393929
9788189471712
9788180141584
9789388604949
9798898791834
9789385593840
9788186103975
9789352210671
9788192453711
9788187471950
9788194392880
9789390179305
9788182744639
9789382500643
9789382500667
9789382500681
9789395859233
9789395859646
9789395859271
9789395859974
9789395859578
9789395859707
9789395859219
9789395859585
9789388187190
9789387679530
9789387679598
9789387679605
9789350954393
9789392179532
9789350954383
9789350954263
9789350954300
9789350954409
9789350954442
9789392179457
9789350954355
9789350954362
9789350954476
9789350954386
9788195069989
9789392179006
9789395859714
9789395859240
9789395859394
9789395859660
9789350951880
9789350951897
9789350951842
9789380474267
9789380474274
9789380474281
9789380474298
9789380474304
9789380474311
9789380474328
9789380474335
9789354911118
9788119257652
9788123797267
9788178557014
9788178556697
9788178557656
9789389356014
9788184953329
9788184953183
9798890028952
9789392619229
9788193669419
9788120814714
9788820340674
9789384042127
9789373179544
9788195150137
9788197455957
9789391350406
9789391350505
9789391350482
9789394773226
9789391350819
9789391350697
9789365480146
9789365484106
9789365480245
9789365485073
9789365484434
9789365483321
9789365484359
9789365489637
9789395681407
9789395681421
9789395681438
9789395681445
9789395681452
9789395681469
9789395681476
9789395681414
9788195069927
9788195069941
9788195069934
9788195069972
9788195069910
9780143484271
9788197702105
9788123766188
9788171695539
9789372441062
9788199447127
9788194808022
9789352064069
9789375731382
9788100003083
9788192554167
9780367266806
9780367634124
9789373359526
9788120723832
9788100003019
9788186103418
9788192018508
9788186103463
9788199170957
9781138542648
9789353166083
9789347572098
9789391446352
9788100002861
9788182055254
9789353769154
9789353769178
9789353769314
9789353769338
9789353769291
9789353769215
9789353769277
9789353769185
9789353769222
9788174457042
9789347265730
9798904518509
9798904519506
9789367197424
9789348375049
9789359424057
9788196257545
9789357204002
9788197046094
9789353521448
9789385724282
9788189020132
9789386906724
9789389143546
9780143422969
9789388241410
9788123759104
9788183225946
9780143102014
9788183224086
9789380494623
9789380494333
9788183222891
9788193742044
9788181465504
9789391162504
9789391162580
9789391162665
9789391162825
9789391162887
9789391162962
9788184827026
9788183225021
9789389647389
9788183221283
9788183227094
9788131717981
9780143100294
9789357209830
9788184979541
9788180562099
9789383260850
9788181806604
9788196237479
9789387894907
9789353522162
9789355437150
9780143448396
9789387383227
9788123744377
9788196100452
9789388689557
9789388689588
9789355433206
9789390602292
9789353524128
9789353523077
9788183222310
9789350337400
9780143100713
9780143445517
9780143427988
9789350359365
9789388019903
9788174143459
9788183225984
9788174142009
9780143461982
9789350462720
9780143471462
9788183226042
9780143101635
9788183227018
9789380089874
9789357153409
9789347391729
9780143101215
9780143426844
9780143416425
9789355431882
9789355436153
9789392820397
9789386906687
9789355438706
9788131924006
9789348256270
9789355433534
9788194754206
9789353523275
9789388304870
9789355431493
9789355432544
9788183227889
9789355431455
9789354689048
9789354689062
9789354682513
9780143461203
9789384061548
9788180565496
9780143102694
9788183223966
9780143103455
9789355439512
9788183286237
9789386850300
9788131963012
9788131965665
9788131909287
9789361561535
9788183225809
9789360820336
9789360823023
9789360827281
9789360821814
9789360820022
9789360823900
9789360820107
9789360827861
9789360826611
9789360824594
9789360829469
9789360825706
9789360821593
9789360826567
9789360821289
9789360826178
9788194140399
9789394987401
9789360820015
9789386224644
9789394859050
9789386845191
9789386845207
9789350122846
9789350120057
9789389480443
9789350123980
9789350124857
9789390744619
9780143459613
9788183227360
9788197232381
9789391242824
9788186775400
9780143462125
9788197739545
9789353525699
9789353527631
9788174508096
9789389647839
9788184773293
9788170118459
9789377376758
9789377371678
9780143462118
9788123758336
9789385390890
9788178690186
9789392186615
9789386348364
9788189235987
9788186470633
9788123782690
9788190082365
9788194381068
9788171641635
9789388020732
9788171106127
9789380565545
9789385593826
9788174456403
9788189996581
9788123718675
9789350725108
9789353495732
9788123771205
9788119750207
9789379852564
9788171642762
9788188757251
9788188757725
9789381582442
9788194899709
9789382629450
9788194899730
9789389624755
9789386397362
9788123707464
9788185787480
9788121800945
9788100003795
9780190938741
9789373174792
9788123748023
9789382276067
9789384406660
9789392657405
9780143420439
9789363471207
9788123779195
9789386677273
9789347323157
9789393580788
9788185242965
9789361852299
9780199493180
9789362531629
9788183151795
9788171858200
9789348256591
9788100003933
9788177868883
9788100003964
9789389931945
9780143471455
9788195862863
9788100003011
9788181438638
9788184353556
9788190855907
9789347940941
9788199428300
9788197005480
9788175993037
9788188965687
9788131269817
9789350128732
9788123746647
9788123734774
9788123780467
9789373176079
9789373171289
9789391395056
9788198011206
9789386365354
9780143444466
9788119153688
9789348098634
9789356350762
9789388415118
9789390132034
9789391242961
9789377373740
9789353492588
9788123799452
9789392820786
9789392820601
9789360868468
9789355217387
9789359423296
9788123787992
9789360865511
9789395106467
9788123792194
9789356501737
9788123792088
9788123778785
9789353227715
9789354886003
9789389401813
9789350125847
9789350125649
9789356810983
9789351441854
9788198727060
9788196329464
9789347401084
9789387484566
9788185141107
9788123760223
9788194247302
9781645461210
9788123759470
9789360861209
9789387297234
9789386300041
9788190042581
9789356848603
9789356849877
9789350641095
9788123791036
9788131805909
9789380070605
9788199187238
9788199187290
9788198011299
9788199187276
9789359573427
9789394651692
9788177420432
9788197005442
9789390287734
9788187418764
9789356955677
9789356957435
9788119576678
9788120843219
9788194450849
9788195061747
9788193683989
9788194080909
9788194080916
9789394991644
9789389053821
9789352662692
9789388304061
9789347940514
9788188284061
9788123798844
9788195015009
9789392126789
9781685095208
9789350582091
9788171692446
9788123771656
9788186336489
9789389717235
9788170522164
9789349965706
9789394649514
9788100003051
9780143440468
9788123737652
9788100001841
9788100001842
9789379382016
9788123795737
9788174142863
9788174143549
9789371189613
9788120825505
9788174142108
9788120032000
9789373177830
9788123731162
9789391113308
9789390504190
9788184005479
9788186103015
9788123721170
9788194967422
9788190372893
9789385721229
9788188795024
9788174143945
9788174142320
9788187418825
9788183152600
9788194819059
9788183153270
9788186336212
9788174142726
9789382629306
9789382629313
9789334360639
9788192728346
9788188093021
9788172700713
9789389931860
9789389567922
9788183151481
9789380748023
9789390900329
9781684663958
9788100000574
9789380397597
9789354884979
9789354884580
9789384168896
9788123735191
9789387297487
9788175970441
9789362971111
9789356505629
9788123705873
9789391446956
9788100003057
9789356507470
9788123748375
9789352804702
9789359429304
9789381120057
9780143469391
9789384406042
9788194845010
9789381350492
9780143465355
9789377375140
9788189471965
9788192642703
9789352208296
9789355621559
9788175972995
9788185787633
9789380089881
9789363233003
9789383751914
9788100003897
9788186336502
9788170003120
9788170520641
9780143467175
9788181930729
9788131614129
9788199713321
9788171827930
9789352784349
9789355438492
9780143456124
9788123798875
9780143471844
9780143471851
9788121109147
9788170006244
9789386150394
9788124605240
9798889096382
9781684944255
9789384061562
9798887492667
9788184953176
9788100000265
9789349310391
9798893638196
9798889519805
9789361806995
9789359577166
9789354666353
9788197070846
9789366315584
9788199888395
9788100000266
9788125033875
9781942426301
9789353495725
9780143458883
9789380076751
9789347125867
9789384168582
9789389243772
9788131962510
9788123766676
9789393624529
9788175978188
9788125937036
9788184957549
9788184951554
9789371418454
9781685230289
9788172339357
9789371860482
9789371863827
9789371861038
9789371864527
9789371866125
9789371867870
9789371868334
9789371860451
9789371869843
9789371866149
9789371864541
9788194645849
9789371864886
9789371860833
9789362254115
9789362257857
9789371866859
9789371867313
9789362258168
9789371863841
9789371862455
9789371867665
9789362257680
9789371865036
9789362258250
9789362254795
9789371868686
9789362257086
9789371861526
9789362252708
9789362256010
9789371861304
9798887837604
9788123708317
9788188757565
9788123798226
9798903426928
9798901767368
9798894460758
9789384603328
9788189235055
9788100000330
9789371972918
9788170582397
9789389484601
9789393322227
9788170521167
9788123704241
9789383145195
9788123764825
9798901124819
9789358564273
9788123723662
9789352774258
9789394704763
9788196339388
9789391011215
9780143472230
9789354687495
9789387297609
9789368520443
9789381607329
9789394651869
9789355432124
9789355431271
9780195099621
9788175993136
9788123759456
9789360862640
9788131759271
9788199333918
9788123712741
9789373176505
9789373175942
9788123742878
9788123755243
9788170118442
9788183226837
9788123771847
9789383692583
9781644293430
9788189471514
9788179918760
9789388998956
9788197592058
9788196358105
9789381274439
9789352203468
9788177212907
9789357229692
9788123709413
9789352200009
9789391018207
9788123771489
9780143479024
9788100000552
9788123777863
9789395817455
9788123768892
9788123780542
9789362973962
9798886672404
9788187077411
9789391446567
9798888154984
9798888158814
9798888155691
9798887492933
9789389624953
9789348643575
9789347265099
9789392474750
9788173047756
9789381588857
9780547336930
9789380283722
9789381464922
9788119002320
9789394987036
9789390955855
9788119544318
9789360829506
9788196289157
9788195094066
9789360823955
9788196777739
9788119544172
9789360829377
9789360829490
9788196289423
9789394987852
9788194722519
9789373172866
9788123789118
9788195459605
9788171855377
9781638067986
9788123745282
9789394995215
9789354614057
9789384649241
9789354614101
9788194312390
9788100003866
9789354860294
9780143461999
9788189750220
9789380076775
9789391446147
9789380076232
9789380536446
9789358061574
9789362017468
9789393134394
9789391129057
9789392657542
9788100003239
9788100003021
9788186103731
9788100003816
9780143472247
9788123741185
9788196981396
9789350337394
9788100003081
9789389050301
9788184192834
9788172110406
9788121405935
9788123760919
9789362876119
9788131806234
9789387984615
9789387984646
9788181378408
9789390085040
9789348521781
9789381506363
9788197072574
9781644290873
9788183226981
9788129108593
9798902963806
9798902318798
9789355436702
9789388304160
9789392820380
9789386850591
9788189020149
9789355431561
9788183226998
9789385152832
9789388241977
9788183225953
9788176550369
9789386850638
9789355432872
9789373174761
9789390085262
9788184978247
9788173054044
9789355431424
9789355439789
9788125013044
9788170215288
9788170211891
9788180563072
9788170211341
9788170211051
9788184954920
9789355430915
9789394878303
9789394878693
9789386850799
9789386224866
9789355433671
9789359492483
9798888330616
9789353529123
9789354888564
9789373175720
9780199456130
9788178243498
9789367255506
9789386298713
9780199472239
9789361030703
9780195670486
9788122314311
9788196367534
9789357773904
9788190808125
9789369583317
9780195678796
9780804844321
9789355433343
9789366167343
9788179651902
9789357201704
9780143461487
9780143429869
9788183224390
9789354479519
9781639407491
9789387791701
9788119623952
9788125015574
9788125014058
9788125014805
9788125014072
9788125014041
9788125014836
9788125014065
9789355438539
9788173702884
9789392274206
9781684944910
9789354403286
9788172339463
9781639749683
9798639160172
9788195488636
9789356798458
9788183561471
9788192571003
9788119309979
9788170224204
9789394649552
9789362052841
9789383138999
9780143456131
9789375162308
9788123730370
9788131612064
9788194317630
9788194317654
9788194317661
9788194317685
9788194317647
9788189750282
9788189750268
9789347604331
9789386283580
9789374078631
9788199199538
9789360454784
9789351654933
9789362149060
9798898543662
9788123763637
9788199279353
9789386871268
9789360865122
9789353223472
9788123774190
9789347265853
9789360864729
9788199333963
9788194645917
9789354404214
9788123727981
9789382742241
9788170116844
9789373170442
9789353490133
9788123745954
9788185478081
9788123700113
9788179919965
9780143465324
9781942426240
9788183611060
9789367090183
9788123768533
9780143063261
9780143458876
9788119626595
9789373170190
9788123768670
9788199356047
9788197183423
9788123779119
9780143417224
9789391113292
9788123747873
9788199087910
9788123709185
9788123786865
9788123787701
9788123746302
9788170117094
9788123765532
9788123719580
9788171243341
9788123763941
9788173861338
9789353761721
9789382742708
9788123796024
9788196347390
9788100000582
9789384603786
9788123705903
9789334211481
9798888158395
9788123741963
9798888697627
9788196709556
9788197408274
9788174455482
9788192512587
9788180319549
9798888330586
9798888159866
9788174533531
9788172333379
9780804844994
9789351672999
9789358701074
9789351170105
9789384920777
9789389347432
9789387155053
9789350003435
9788196086480
9788183450515
9789353492243
9789365477320
9789359423050
9789355485120
9789364110259
9789349330740
9788182054448
9788121209885
9788121209892
9789365535648
9788170334484
9780143456070
9788119153152
9789395248778
9789355381071
9789355381897
9788121911436
9789355380104
9789391505325
9789355024107
9789355381903
9788189471156
9788187784609
9789395622172
9789367804780
9789367806647
9788195757435
9788121927192
9789350571422
9788172343026
9788196826444
9798889512387
9789381582893
9781649519160
9789369586622
9780190135089
9788172541002
9798885301282
9780190135072
9788186877531
9789356957312
9788184959888
9788172335892
9788194298311
9789387766808
9789389573152
9789354808029
9789354803680
9781945612121
9789355380180
9789391505400
9788131755105
9788122416022
9789391820510
9789354806063
9788172337490
9788171921881
9789391125547
9789351442011
9789351444824
9781110000000
9788177393866
9788174767318
9788123773513
9789348561978
9789373325484
9788131609941
9789395268424
9788121105583
9789352340439
9789385937057
9789380204833
9789380204840
9789380204413
9789380204420
9789380204437
9789380204444
9788196145880
9788196145998
9788196145897
9789389700503
9788194355090
9789332553583
9788189471583
9798889357032
9788194718574
9788188588428
9789390477883
9789391629977
9789389082821
9788194368090
9789352743452
9789352743469
9789352743476
9789897969591
9780143455578
9789352743414
9789352740826
9789352740246
9789352740253
9789375167730
9789360542122
9789368902836
9789368907015
9789360543167
9789375166924
9789368900726
9789360544508
9789368904823
9789391401238
9789360540579
9789360549510
9789360547073
9788195844791
9789391030391
9788173048029
9789359448787
9789811408397
9788131905289
9788131942888
9788184953916
9788183220491
9788183220460
9788183220477
9788183220453
9788183220484
9789644391279
9788123715025
9789376467167
9789388642422
9789351445302
9789355435866
9789373175133
9789355433749
9788180561221
9788180561245
9788180564079
9788180561269
9788180561252
9788180560156
9788170211082
9789361567094
9789381607824
9789389136838
9788186775370
9789355435828
9788125010852
9788181464897
9789351550396
9788123736495
9789371973168
9788185933177
9789389225358
9789389643909
9780143459521
9789386667458
9788181468901
9788125035053
9789355439239
9789355435712
9789357207461
9788125036777
9788125042488
9789382741886
9789382741947
9789351550235
9788123903347
9788121208093
9781685095833
9788123753232
9788121614931
9788123777214
9788184951585
9781639400140
9789354861475
9789354861710
9788170196235
9789388043632
9788181715883
9789349110991
9789349110373
9788171011148
9789353490089
9788189110390
9788176760270
9789383098408
9789351508724
9789347977008
9789354802546
9781638060741
9789394649316
9788198225924
9788123771472
9788124610633
9788121221924
9788121221931
9788100003059
9788121243780
9788121243773
9781685544744
9789388178662
9798887492674
9789380070667
9789355432513
9788172336493
9789349965874
9780143464686
9788193423875
9789393875303
9789387297760
9788186103093
9788186103054
9788100000217
9788188934690
9789383145201
9789354802089
9789384168827
9789389643923
9789383723041
9789393875402
9788131962602
9798890267733
9798888330906
9788125054993
9798904518394
9798888496121
9789387297266
9789348521835
9789390718009
9789390718207
9780143477389
9798904519650
9798904519667
9788100002016
9788123751139
9788121295918
9788121295901
9788119073528
9788119073504
9788119073276
9788119073566
9781639747771
9789389088816
9789366297361
9788180692543
9788195261604
9789363634800
9789355380029
9789391505240
9789355430083
9788119895786
9788119895946
9788119895021
9789395918152
9789384837167
9789384837174
9789391346737
9789375730514
9788196919832
9789387383715
9789350336564
9789388588119
9788181461346
9788180566400
9788181468369
9789350467671
9789350465127
9789389203912
9789393739414
9788184982213
9789355432117
9780143423751
9788125034056
9789389143270
9780143455738
9789391855376
9789355438898
9789355433510
9788175416116
9788175416123
9788176559072
9789391242190
9788186775004
9788183225366
9788170219507
9780143459729
9789391855390
9788184778311
9788184779820
9788184779837
9789389647778
9789388642613
9789348521880
9788131791226
9780143448082
9780143458128
9789381860557
9788178125626
9788194959908
9789389143553
9788176935364
9780143064299
9788174144348
9789353526948
9788179509869
9789354898747
9789384657550
9788193659106
9789355433961
9789388689847
9789352101351
9789355439680
9789355433602
9789350338773
9789350462904
9789369148776
9788125039150
9789381860953
9788183224758
9789390834747
9789387383708
9789353525248
9789350468142
9789391242329
9789391242886
9788184776843
9789353333201
9789353520632
9788179508886
9789348521910
9788184972580
9789362883551
9789353524319
9789353528294
9789334002003
9789370890640
9789353522476
9789357942416
9788183226479
9789353527037
9789351446644
9789351447573
9789351446613
9789351447627
9789351449911
9789351446514
9789384533557
9789367094266
9780143064077
9789381506707
9788184973709
9788123778884
9789386224460
9789355431226
9788183226080
9788171676200
9788129111456
9788129111463
9789387578302
9789387578449
9788193432051
9788178303376
9789389225204
9788198777102
9789360451561
9789389053043
9788123729688
9789357767620
9788119660032
9788119231850
9789375495888
9789392147227
9788170119616
9780143472254
9789360862138
9789390081509
9788193790618
9789389082999
9789360868642
9788194998419
9789347265549
9788192544540
9788188569281
9789394061255
9789350467688
9789349993525
9788100003561
9788129301994
9788170118701
9789347940675
9788123703374
9789373171647
9789363064799
9788171851614
9780143471509
9780143447658
9788123721675
9788123720203
9789395557313
9789347604232
9788123776477
9788189471729
9789352804559
9789381842836
9788170110927
9788123746784
9788196969103
9789351864585
9788189471736
9788192911472
9781948473552
9789350741429
9788180693908
9788123795850
9789381182833
9788189982409
9788174534217
9789354425967
9789354423703
9789387080973
9789389931884
9788123701837
9788123781822
9788189302634
9788196039585
9789380076690
9789352667208
9788123757650
9789393134707
9788123788852
9789391714963
9788195577651
9788171108275
9788171857944
9788123780627
9788186844533
9789384406479
9788171854707
9786388020176
9788190798860
9789389931792
9788174142672
9789352660933
9788177869729
9788171853359
9789385005329
9788171859245
9789347265259
9788170112228
9789363921405
9789382443209
9788199281981
9789355993151
9789390101429
9789349289369
9789350741573
9789385224669
9788175974302
9788172338961
9798128818874
9788175978164
9788175977969
9788175977884
9788175978034
9788175978058
9788175978119
9788100000649
9789381997765
9789395865258
9789395865272
9789352207718
9789349679092
9789392624544
9780143067870
9789348256898
9798886066593
9789351443995
9781638328421
9789390818105
9789386385925
9789387925588
9789390054480
9789360339432
9789386243911
9789360335625
9789351448785
9789351445463
9789351448778
9789351445470
9789389573541
9789390744275
9789375737377
9789393990044
9789385750687
9789389310177
9789390372638
9788199720411
9789387766341
9788123763248
9789348521361
9788170336839
9788188569816
9780143463696
9788199372207
9789393986719
9789393986764
9789386348036
9788184959826
9789354667992
9798889598916
9788123787596
9789363952287
9788123709192
9789380049205
9789380049212
9788177868845
9788123717739
9788189471385
9788123766454
9788123735146
9789387297944
9789355430212
9789384168155
9789394829473
9788186336359
9788189485436
9789371188265
9789358567533
9789390540099
9789362979940
9789347265327
9789348256959
9789390179299
9789384406738
9788119749003
9788119749713
9788119749447
9788119749492
9788119749676
9788119749683
9788119749904
9789390060887
9789384699147
9798900893174
9789394649729
9788131962527
9788100003965
9788100003811
9788199574151
9788100003782
9789381620090
9789381620687
9789369947706
9789363955752
9789381283783
9789393660879
9780143479178
9789351951544
9780143477396
9788100002503
9788100003873
9788100003932
9788100003672
9789352100767
9789386316189
9798885468206
9789390594153
9780143468127
9789384883546
9788183761765
9789386463302
9780143473466
9788189471705
9789385497957
9789359446585
9789356508231
9789356504394
9789390179237
9789359196992
9788193825266
9789388020176
9788123791845
9789390378869
9789394399891
9789389846072
9789383203666
9789388810470
9789375492573
9789375492900
9788119660001
9789362148780
9789350336625
9788119745548
9788177892796
9789390749065
9788119750559
9788119750757
9788119750412
9788119750290
9788119750726
9788119750634
9788119750672
9789363799837
9788119749430
9788119749287
9788119749140
9788119749010
9788119749959
9788119749256
9788119749706
9788199448087
9788171851447
9788195436385
9789349584983
9788131801833
9788122484038
9789360747435
9789360743512
9789360745189
9789360744540
9789351381518
9789386202451
9789351381549
9789385935121
9789360742775
9788122421057
9789386202062
9789385750229
9798392384051
9789360742287
9781844440597
9789390287116
9789354861796
9798897779789
9789355217318
9788195138142
9788123758299
9789326355667
9780143419044
9788196493721
9789353241384
9788194163824
9788183150255
9798903195244
9789362143792
9788194845065
9789353766818
9789353490928
9789389567175
9789379382382
9788170112075
9788194234807
9788188757671
9789390179411
9789355183316
9789355180421
9789382711810
9788100003950
9788189485832
9788196171056
9788171852765
9788100003700
9789385593857
9789373593548
9788123708485
9788197005343
9789390696697
9789388508377
9788183893831
9788183895897
9789382629085
9789382629092
9789353768485
9789383692576
9788189211578
9788189471798
9788100000849
9789349289000
9788189471767
9789382629139
9788189471828
9781648287725
9789384502737
9788125055440
9788172339494
9788187552925
9788185070605
9788183306072
9798889093459
9788174143501
9798889095095
9798889092162
9798889097198
9798889096313
9789355628572
9798889095415
9789353769055
9789353769048
9789353769031
9789353769024
9789353769017
9789353769000
9798889096214
9798889095514
9798889095989
9789354401565
9789353492236
9789363115705
9788197299292
9789386347183
9789387634503
9788171641291
9789379381255
9788100001237
9789385721090
9789354406942
9789350338957
9789355215260
9780143465416
9781647337117
9788172336455
9788123717937
9788170118114
9788170117469
9788170114048
9789391730789
9789357552332
9789351443100
9789351440413
9789351444299
9789351447238
9789351443391
9789351447887
9789351447894
9789350122037
9789350123102
9788183559416
9788183557313
9789351446026
9789351449508
9789389523225
9789390287307
9788194149705
9788194247340
9780143103318
9788195456352
9788123767949
9788171641215
9788123750941
9788123754185
9789390659722
9788123717098
9789349931244
9788199421134
9788194247098
9788197481444
9788123765631
9789354402524
9789353822767
9789355549679
9789389601244
9789385683602
9789385683626
9789385683633
9789385683657
9789385683664
9789385683671
9789385683640
9788119964420
9789385683176
9789385683169
9789382673903
9789352740734
9789352740741
9789352740758
9789352740765
9789352740772
9789352741526
9789352741533
9789352741540
9789348157898
9789355217707
9789371975377
9789394649491
9789391446055
9789390575961
9789395437899
9789348636423
9781643246475
9789352714452
9789356740808
9789352714049
9789385509728
9788171248889
9789354407307
9788100003080
9789350461853
9788123762760
9788123788326
9798897779772
9788185787985
9789393528308
9788175054196
9789355622075
9788100000577
9788119962709
9789349425620
9788169569057
9788169001090
9788169001946
9789349425019
9789349425545
9788169001359
9788169001830
9788169001779
9789349989894
9788131962565
9788123768502
9789355434869
9788186103038
9788193693049
9788197418853
9788121205047
9789362803931
9788121212649
9781730140006
9788197418822
9788183150934
9788183150231
9789395918145
9789395918114
9789395918121
9789395918183
9789395918176
9789395918190
9789384837143
9789395918169
9789384837150
9789384837181
9789384837198
9789384837204
9789384837211
9789391113322
9788186351161
9798885306775
9788184771329
9798176933048
9788125006855
9789383118687
9788129136763
9788129139689
9780144000432
9788632147850
9788183228039
9789353491420
9783154842191
9788199193826
9789390315970
9798903191796
9798903191802
9789391129569
9788181467522
9789388241168
9789391242022
9789391242282
9789389237115
9798899610004
9788183224055
9788183220521
9788183220309
9788183220743
9788183220934
9788183220712
9788186775608
9788183220071
9788183221207
9789357319966
9788180564789
9789388187145
9789388187183
9788196182311
9788176556743
9788180564178
9789384716578
9789388241984
9788179203118
9788179202708
9789359446646
9788183220262
9780143460978
9788184774351
9788181465863
9789390126033
9788125012382
9788183224734
9789355438072
9789348521514
9788184972573
9788121925129
9788123769608
9788123753690
9788123711225
9788191009644
9788198801517
9788176936873
9788176936880
9788176936897
9788176936903
9788176936910
9788176936927
9788176936934
9788176936941
9788176936965
9788176936958
9788176936972
9788119950959
9788176936989
9781645874355
9788170166733
9789348013552
9788126716524
9789393605269
9789364078962
9789352666713
9788123749983
9789389915457
9788193295694
9789355629012
9788177213096
9788171490141
9788120804906
9789385144646
9789355433268
9789355436870
9789381063712
9789350482957
9789352033201
9788187330745
9788123721439
9780241667927
9789350126455
9788129104571
9780804844383
9788171673506
9788125035398
9788125035404
9788120828988
9788123720555
9788178246871
9788181804129
9788189076252
9788120823822
9789355210838
9789390460779
9788177793857
9789353495787
9789390923632
9789353223717
9789353495367
9780143456018
9788123764238
9788123781914
9789351862291
9788123768151
9789353496432
9789353494247
9788173157493
9789355623669
9789386870216
9788171307623
9789358691795
9788125019794
9788188464487
9788179650837
9788174534477
9789383110612
9788120806078
9789347014239
9789352669684
9788173153174
9789352664764
9789350481127
9788181760104
9789387195936
9788199596887
9789351868026
9789351867623
9789384344412
9789350005019
9788193763988
9788125032335
9789394871045
9789375731894
9789375737407
9789349271135
9789381022573
9789353220174
9788173153617
9788177212556
9789386906618
9798903628452
9789815280500
9788184973402
9788184973433
9788184973440
9788184973457
9788184973419
9788184973426
9788176938082
9789350337363
9789350337370
9789350337387
9789350337349
9788176938099
9788173155369
9789351864424
9788123758664
9789815233582
9788177213041
9788173099472
9789386871596
9789355626981
9780199478385
9780199478392
9780199478408
9780199478415
9780190129651
9780190129668
9780190127633
9780190127640
9788196473105
9788189353230
9789392013508
9781787013490
9789386681225
9789386681126
9789352663316
9789352662753
9788122313819
9789386681232
9789386681133
9780195638462
9789349941458
9789350262658
9780781809832
9788170283270
9789386850270
9789355436160
9789388241403
9789355433060
9789359571928
9788123746852
9789355439741
9798886679243
9789352770960
9789386850324
9789371977661
9789389647877
9788181930491
9789367710067
9789387195141
9788170217947
9789389143133
9788180563584
9788170215271
9788131905326
9788131905357
9788170216223
9788170215196
9788131907184
9788131901588
9788180563492
9788131903384
9788131906033
9788170210061
9788131907252
9788131908020
9788180566714
9788180561191
9788180566417
9789355436023
9789349941359
9789349941625
9789349941915
9781684875351
9788183223874
9789389143065
9789355436597
9789355439888
9789353337360
9789391242350
9788183223485
9788183223706
9789383203192
9789348098580
9789355437556
9789347199080
9788183227995
9789357025539
9789355432193
9789357025072
9789357027533
9788183227834
9789390085958
9789354774546
9789354691539
9780143462132
9788183225731
9789387383722
9788192942070
9789386845634
9789386063960
9789386845696
9789358777000
9789353528218
9788123768885
9780143103301
9780143101765
9789360135607
9789355430878
9789390924325
9789353520311
9789391154714
9789384168735
9780143456087
9788123734941
9789377372637
9789392126949
9788123792248
9788123715575
9781685388416
9788193423806
9789390179251
9789387297241
9780143471523
9788100003025
9788189399702
9789384168919
9788194357902
9789354683930
9788123705521
9788123746548
9788189471118
9788123030241
9788123719139
9788123703930
9788123735573
9788123017686
9788188757978
9788170110545
9788123711744
9788123737485
9788182650206
9789352102754
9788123725529
9788100000127
9788123716800
9788199230323
9788121619929
9788123792774
9789355215741
9789384168421
9788123758619
9788194459132
9788123906263
9788179931219
9788171640690
9788171640683
9788195237265
9789394644304
9780000201600
9788116489110
9788171859412
9788131962718
9788170111856
9789352713219
9789352713226
9788179500101
9789391129040
9788179504642
9788100003817
9789363953628
9798893220759
9789365154191
9789390702558
9798892770941
9798894755489
9781648993466
9789364118453
9789388632546
9789388632553
9789388632560
9789388632577
9789388632584
9789388632591
9789388632607
9789388632614
9789388563154
9789388563161
9789388537162
9789388537285
9789388537186
9789388537193
9789388537209
9789388563116
9789388563123
9789388563130
9789334209167
9789391019426
9789356638099
9788175977471
9788193642436
9789387101647
9789387101616
9789387101838
9789375734925
9788100003825
9788199675971
9788177143683
9788123767932
9789390179510
9788100003036
9788183245364
9789392590672
9788123780856
9788123737737
9788193763063
9789385721014
9781636692654
9789388134408
9788120826151
9788123744285
9789356129542
9789352875115
9788123749693
9789350121955
9788195400805
9788193770481
9789354915642
9789388187169
9789381794456
9789381794128
9788188757510
9788123736365
9788189485405
9789390179176
9788189485122
9788170116868
9789382711735
9788170522072
9789366311463
9789353494063
9789386392794
9788123742380
9788123768922
9789390645169
9788119555772
9788123745138
9788172238759
9789360453954
9789349159068
9789350028384
9780143466628
9788184957013
9788184959079
9788184957990
9788190521932
9789352725168
9789355577313
9789385390791
9789385390838
9780143481409
9788199212763
9780143471530
9788123787602
9798897443130
9788193261262
9789381017067
9789393906540
9780143460541
9789390085514
9789356805644
9789357179188
9789348458933
9788121929776
9789394871397
9798904315450
9788125056904
9789380076423
9789350127742
9788100001048
9788123701820
9789355436443
9781877854460
9788171857074
9788175970458
9788175973015
9788123735542
9788183424776
9788195822560
9789390602742
9781636692883
9798889519195
9781406224573
9789373590417
9788179924389
9789373488042
9789373488592
9788184574944
9789391913717
9789350724699
9788180313608
9788181439093
9789388211758
9788181432100
9788180314896
9789352295937
9788126722075
9789360869083
9788188988495
9788188168118
9781438245232
9788170553281
9789350726228
9788178550725
9789326350631
9788126707492
9798886849219
9798905405112
9798905405129
9788185616582
9789390915187
9789357759496
9789357759465
9788170556015
9789387648500
9788100003072
9789388684880
9781638323655
9789386799142
9788181351760
9788179756034
9788181294968
9788100003967
9788100003968
9788100003969
9798887831084
9798888153819
9788174534248
9789350004098
9789388107556
9789350125076
9788170553878
9789387889897
9789362873620
9789387648371
9788170554998
9789389563306
9788171249664
9788194364801
9789362870315
9789390915149
9789389915334
9789386231529
9788181439888
9781648925610
9789388107792
9788174534484
9788170556091
9788170556090
9789352292783
9789387648821
9788181436160
9788180900389
9789352211296
9789350004845
9789389563389
9789350008591
9788189982461
9789390915293
9788197288234
9789395172387
9789393511942
9798904318352
9798905104879
9798905104886
9788122122985
9788122136654
9788122140835
9789393511430
9789352292400
9788174531872
9788190485333
9788195635504
9788193434123
9789348214416
9789373170817
9789382553816
9789383723652
9789362877925
9781041027454
9788192311029
9798888836118
9780310463597
9789388630405
9781138061019
9789350728376
9789389243567
9789350728369
9789383723195
9788121503839
9789350724644
9789393511454
9789350124666
9788170559924
9788170555384
9788197116087
9789352340026
9789355181558
9789355181398
9798888332139
9798888699164
9781684877775
9798887830896
9788185002644
9788126921737
9780736105583
9788181432179
9788120828971
9789392617119
9789395432627
9789393091185
9788119590704
9798889860198
9788184352498
9788181432063
9788170557517
9789369444045
9789362874795
9789362874719
9789362871770
9788170557524
9789362879660
9789350001721
9798896996682
9781647333225
9789372253955
9789372257823
9788108140408
9798903922260
9798903922253
9788122139433
9789393511997
9781648923067
9781648923623
9789354477102
9788187902072
9789382993964
9789350725788
9789351460404
9789351461050
9789389563399
9789350005071
9789355181251
9789350007815
9789355182173
9789390265572
9789351461432
9789352295999
9789352298136
9789395380829
9789350729267
9788181436498
9789386799210
9788171246366
9788179755525
9788181433541
9789387409477
9789352294695
9789389742596
9788199312241
9788188466962
9789334102185
9788174533203
9789350725696
9789362871237
9781649838568
9788119019892
9789350000106
9789352294794
9789350728130
9789391214975
9789394829565
9788190831963
9789326351621
9788170555339
9789381555217
9788121613637
9788121615150
9789353495770
9789369442638
9789369446575
9789326350877
9780143473503
9788170552963
9788181432126
9789350576472
9789384406364
9788170551744
9788188118984
9789388107112
9789384406967
9788171246519
9788126319558
9788181436573
9788170555377
9788122205237
9781639748228
9788181291271
9788180317668
9798885300445
9781638064909
9788121943031
9789352711321
9789386340221
9789386340238
9789395831031
9788178550749
9788171241248
9789350728673
9789350728291
9789373489759
9780944613269
9789350007747
9788174530196
9788174534569
9788180310348
9789350720288
9788174533937
9788174533364
9789380146355
9789352294329
9788171244102
9781639208586
9789355181329
9789357751810
9789391297305
9788174821119
9789351210955
9789351210948
9788177308501
9788170559238
9788130910178
9788199312296
9788171247509
9788188757398
9788173150678
9788124330982
9788126305421
9788126330720
9788119989270
9789350723128
9789350723135
9789350727577
9788170556459
9789351461425
9788181439314
9788189612207
9788170555131
9788171243303
9788174532916
9789380397368
9789380534305
9788184550344
9789359243474
9789368687498
9789372489491
9789368688051
9789362870292
9788180311291
9788170551854
9788170551843
9798886060881
9780199488391
9789389563320
9789350720295
9789357759304
9789350725429
9789390971657
9789390430437
9798886290400
9789373168142
9789373165134
9789389563757
9789353495299
9788193871812
9788180319211
9789350128930
9788174532831
9789389243949
9789350642771
9789392186813
9789357754484
9789357755023
9788174533357
9788197187193
9789372345438
9789352211142
9788194088202
9789362874832
9789350004067
9789387024076
9789387889903
9788180318429
9788180318962
9789369446940
9789369447671
9788171248650
9789350004036
9789350726891
9788181436078
9788171197859
9788183611800
9789385054327
9788171249558
9789356824973
9789350004586
9789350728116
9788180312014
9789385054358
9788177142488
9789393606969
9788189471996
9788174681119
9788181438553
9789352294022
9789355006134
9788171980369
9789391640439
9789352294954
9789388211338
9788190642088
9789350134153
9788180312045
9789351460602
9788171248605
9789351460893
9789350727195
9788181437273
9789362014337
9789349362666
9789369447626
9789369443246
9788126719273
9789350576878
9789352341009
9789391335816
9798887728445
9798887831633
9788193785034
9788119251469
9788190551793
9789388434911
9798889093398
9789386799548
9789388684019
9788197316760
9789350001394
9788189407339
9789383494026
9789367212899
9788174531537
9789359263540
9788188554614
9789357553315
9788171384693
9789356823600
9789386092939
9789383424726
9788194556275
9781637813706
9788171561148
9788126905645
9788126714094
9788174531780
9788181430964
9789387648463
9788126905652
9788171561131
9789350000380
9788171242931
9789392512162
9788119109050
9781473680067
9781685544331
9788178550732
9788188468379
9781645872467
9789352292615
9789355180414
9788126122585
9788188118045
9798888698495
9789386046895
9788119099559
9789350338155
9789350337356
9789364816380
9781730127762
9781730127922
9781730128066
9781730127847
9781730128141
9789363995277
9789363991293
9789387910478
9789363990081
9789352295609
9789350001875
9798887831893
9798890021359
9798885555807
9788170555513
9781685865894
9789380146430
9789350008867
9788171245116
9789352290307
9788171199815
9788171383894
9789355181039
9789355181176
9788126714957
9788126717286
9788196672621
9788126728732
9789395226424
9788180313905
9789352290253
9789352294541
9789352294718
9789388434010
9789381350621
9789384478926
9788181294166
9788174534064
9798890021564
9798890660848
9789389915143
9781639972586
9798886842746
9788131953174
9788170113690
9789386799487
9789387409910
9788170553342
9789350001516
9788190551991
9789326351027
9789350723746
9789350723753
9789393606990
9788130916521
9780199478422
9788170166832
9789389663495
9788188121915
9788126340859
9789385071751
9789385071768
9788183896634
9788183896146
9788170553441
9789789381777
9789385071317
9789385071324
9789385071331
9781502753267
9780198096818
9788193547168
9798885910408
9781474706933
9798888152454
9798888153512
9789392512315
9788119109067
9789392512322
9789392512339
9789389742589
9788172299835
9788194364955
9789391640095
9789382396291
9788121924221
9789388107426
9788186103043
9789350727973
9788100003992
9788174531704
9789380550893
9788125049630
9788125049647
9788125049654
9788125049661
9788125049678
9788125049685
9788125049692
9788125049708
9788125049715
9788125049722
9789353870447
9788188808519
9788188808512
9789381555521
9788425424830
9789360833251
9789372486445
9789372483864
9789368684817
9789372485578
9789372483246
9789372488180
9789372482522
9789372486193
9789372483154
9789372488814
9789372488081
9789368688624
9789372487480
9789372487305
9789368687139
9781646785322
9788193823255
9789388107228
9788192033099
9789372486438
9789360837600
9788186880708
9781638324577
9789352714087
9789352714056
9788194698609
9788121930512
9788183481397
9788178125305
9788181436535
9781649514288
9798896992615
9780415356718
9781032163048
9798506804154
9788171852215
9789390372652
9789350021071
9789350026090
9788180314056
9788177211276
9789391242688
9789383751006
9788119989706
9788123706344
9789350484470
9789355036612
9788100001634
9788128807961
9789359579689
9789384406233
9788185990378
9789387297777
9788173610332
9788193423813
9789390179282
9788185990903
9789392209949
9788123771458
9789384168728
9789360863852
9788100000579
9789360864972
9789391154813
9789347265044
9788170700494
9788179919378
9788123763279
9789360865740
9788194807643
9789391446116
9788100002863
9789390179367
9781032607078
9788100003014
9788193261231
9788196103061
9788100003046
9789375486688
9789375481881
9788124603802
9788124603086
9788124603697
9788124603956
9781894770361
9789387297814
9789391446499
9788186103147
9788192907970
9789391446208
9788186103500
9789387297050
9789387297029
9789352065516
9789394649965
9788100002874
9789384168865
9789387297227
9789384168032
9788196103011
9788185170145
9781685095017
9789366666020
9789384406080
9780143472261
9789382460442
9788193288856
9788123776507
9798890673510
9788187186038
9788122125542
9788119487547
9789381448823
9789394649156
9789352340491
9788190789226
9789388241700
9789384699093
9789394829466
9789352129072
9781922159922
9788178124445
9789365238105
9789380070254
9788171854714
9789384406585
9789390093991
9781647330248
9781685637712
9789389931501
9789389053968
9789389178401
9789389053975
9789352203499
9789355629876
9789383203154
9789354400179
9789354406416
9789352204229
9789352207916
9789354401558
9789389053951
9789362149398
9789352203253
9788197393310
9788194727569
9798891336360
9798891865693
9780143476474
9788195015061
9789352203550
9789362974808
9789352203536
9789325956704
9789359647272
9788119007707
9789359573144
9789362050793
9798900237947
9798900237954
9780143471134
9780143471127
9781639571215
9789389053067
9780143462149
9788187798767
9789354860355
9788185141411
9789385721106
9789385721175
9789381887349
9788123721026
9788192728308
9788100003049
9788183220903
9788123779256
9788123770925
9789384406387
9788123792057
9788123925165
9788123924748
9789351671961
9788130909271
9789380502755
9788123788845
9789358567694
9798885692939
9788131963029
9788125039204
9789389243000
9781516995806
9780143068228
9789355433008
9789355439208
9789355431752
9781684870066
9789349939158
9789388241014
9780143475262
9789386667540
9789352774555
9789380941394
9789355623584
9798894154060
9798894154053
9789389647105
9788197355394
9781525981784
9789350469101
9789350469194
9789377300203
9789386720207
9789355217776
9789355437181
9789380494029
9789351447085
9789351440161
9789351447047
9789388182508
9789351443056
9789352533244
9789351443162
9789354882869
9789388030441
9789354881534
9789350127056
9789351446347
9789351442974
9788183220590
9780143461241
9789389592527
9789350946817
9789387672970
9789387578098
9789351768678
9789363360938
9789351446156
9788178129983
9789351445883
9789381690468
9789381690482
9789366922034
9789357786102
9789357789578
9789357787802
9789357789677
9789357783651
9789357789899
9789390712724
9789390085354
9788123780009
9788183220774
9789385724053
9789355437891
9788125016915
9788184979503
9780143101000
9788181469267
9789350716441
9789350716793
9788171946464
9781685863005
9781685863050
9789363795747
9788123753478
9789380326238
9788197196294
9780143455448
9789388241731
9798902965244
9798902965213
9788183224376
9788173719028
9798885464345
9780143446248
9789353525651
9788120417113
9789352551590
9788185788128
9789385724381
9789385724404
9789385724398
9789359168838
9788194136385
9788122315455
9789389143560
9789350465035
9789384883430
9788125000501
9789353529277
9780143465829
9789389647815
9780143416579
9780143424529
9788183224253
9789351868095
9789394266780
9789392099892
9788183224468
9789388983402
9788131802755
9789350461686
9788194799818
9789350121351
9788198907875
9789354705533
9788198907851
9789391242954
9789353529871
9789348182487
9789348231703
9789348231956
9789385152658
9789373326337
9789388550246
9798886297836
9789357769099
9789394782051
9798897442744
9789350125717
9788194787501
9780143463825
9789355996404
9789388550314
9789387944534
9789350009024
9789355181688
9789350022016
9789395107129
9789355033628
9788119628155
9789348658555
9789348658074
9789348658142
9789348658722
9788184280067
9788119478873
9788196208035
9789384406714
9789349703759
9789394829923
9789356400221
9780195139990
9788167742339
9788195250264
9789347125232
9788192453736
9789381588475
9781643249650
9781638866640
9789887759430
9789359578040
9789350911846
9788123408040
9789390958146
9789386618559
9789347604270
9788192495927
9789354356605
9780143461913
9781685383855
9788185990590
9789354886713
9789354472909
9788186103128
9789370602557
9788186103105
9789350339169
9789351445357
9788183563727
9788183563604
9788183563642
9788183563659
9788183563673
9788183563635
9788183563628
9788183563666
9788183563611
9789351672142
9789364440356
9788183563710
9789356811027
9789351445999
9788183559614
9789325971639
9788178125466
9788170333906
9788131603482
9788131611753
9789377303327
9788171692460
9789370336490
9788123749761
9788123764948
9788170114260
9780143473510
9789387297876
9788123703305
9788170116882
9788170117186
9788172701369
9781647836986
9798889238355
9788196147099
9789348734976
9789392803680
9780143444459
9798888698105
9789392803970
9788119556090
9789356958951
9788199421820
9788123748245
9789375730484
9788123734811
9789380607757
9780143473527
9789373173405
9789350124574
9798888497647
9789354887611
9788195099320
9788120805590
9788173044694
9788172333492
9789352120437
9788186425862
9788183578394
9789350127650
9789351441519
9789355621825
9788188569403
9789354428746
9798899066726
9789381588895
9789352207978
9789355381965
9789357553575
9788198736918
9789350474143
9788188757701
9798905600937
9788100003007
9788189835194
9789381406588
9789374936894
9789374932964
9788120417823
9788190647922
9788184950380
9788184950939
9789384646226
9788194838524
9788199199828
9789382673880
9789347275784
9789360863463
9780143473534
9788100001968
9789391446246
9798886297157
9789373010328
9788170117476
9789364481083
9788100003666
9788170600428
9789364480703
9788179509555
9788199390959
9789381620700
9788170588733
9788199268104
9788188643875
9789366088471
9788123762036
9788185787497
9789394779211
9780143473374
9780143458906
9781986289450
9788171854387
9788119478989
9788119556199
9780143478386
9789354912481
9788188756010
9789369527007
9788194395829
9789348290045
9788196919825
9789384512330
9788189524999
9788183222969
9780143419624
9789352872640
9780143467489
9789394176836
9789355432339
9789373179322
9780143459668
9789362016201
9789356666498
9789357028325
9789353521424
9789391917036
9788180564574
9789367190418
9789357028882
9789385152245
9788183220040
9780144000418
9789355435729
9789391242008
9789355431158
9789361274077
9789388642149
9788178123998
9788178126586
9789395576826
9789395576574
9789395576871
9789395576833
9789360326593
9789360328047
9789327194777
9788183220910
9780143459569
9788183223898
9789382951841
9788129135629
9788129135483
9789381626795
9788183224345
9788183221597
9780143418504
9789390495610
9788194736073
9788183226783
9788183227766
9789389143119
9788183221245
9788183222877
9788183222884
9789367192276
9788181463821
9789351869467
9788183222518
9789355435941
9788197173295
9788176556774
9788183226691
9789380089775
9789385724374
9788170218647
9788197094682
9788197069154
9788197094668
9789355433633
9788125012344
9788183226110
9780143100218
9788183221740
9789353528775
9789354428203
9789354422867
9789353524227
9789392126765
9789389310634
9788178123134
9789354880025
9789354887956
9789364688642
9788197038747
9788197038792
9788197038785
9788197038754
9788197052675
9788197052651
9789355218018
9789354888571
9789354884139
9789354884122
9789354884146
9789348203458
9789354887444
9789354884085
9789354888410
9789354884078
9789350959477
9789350959510
9789350959528
9789353333461
9789355432384
9789350464731
9789390696406
9788170117162
9789394649446
9788188757442
9788174141262
9788194794509
9788198133601
9788100003013
9789348239266
9788188757282
9788123747545
9788123781884
9788123738840
9789360863333
9789357432658
9788123786858
9788123765044
9788123760124
9789390645176
9788171640140
9789392186073
9788123723297
9788123771793
9788171858675
9789393197023
9788100003363
9789392624971
9788100003024
9789373170084
9788171858903
9788185787589
9780143467182
9780143472278
9788123762067
9789395270052
9789360865900
9789350897201
9789347940026
9788180315442
9789381156193
9788123721774
9788172701468
9788187418139
9788126320769
9789380186092
9789387297715
9788100001682
9788183152938
9788184702231
9788123756103
9789384406325
9788199333956
9788188479771
9789387297463
9788186103425
9788123737461
9788194845096
9788193772157
9789380823379
9789371971454
9788193261255
9788123761084
9789389719390
9789390495276
9789353491499
9788123735832
9788172332358
9788123753621
9788186098202
9789388264723
9788174878434
9789350024478
9788181464507
9789360869120
9789386473196
9789387328341
9789382629191
9788123705910
9789394649873
9788123777788
9789388107433
9789352875146
9780143473428
9788188757640
9788189471941
9789385509872
9788170113768
9788192453743
9788123755878
9788123789170
9789387297647
9788189471415
9789382629207
9788119478088
9788185727301
9788170520580
9789354911958
9788186103135
9788199234260
9789394176249
9788195138104
9788170119906
9788171855391
9789348239754
9788188629022
9788188629039
9789352204687
9788120822634
9789377376185
9789387297364
9781715341152
9788184540819
9788184540840
9788184540826
9788184540833
9788186103685
9789361699092
9789350125205
9789351449744
9789351444060
9789364685696
9789355015013
9789355218889
9780143470663
9788123707617
9788123718187
9788170110491
9788100003962
9788195241606
9780143422945
9788187418092
9789387679443
9789387679467
9789387679474
9789387679450
9788123710631
9789384406417
9789348643865
9788123768007
9789391446178
9798902697718
9788194934660
9789347265303
9788170520566
9789390971916
9788170117407
9788123407807
9788189235673
9789351654681
9789362145031
9780143446798
9798890263285
9789389846478
9789366313955
9789350480151
9789387297883
9789355031686
9789380727080
9788100000578
9789347265846
9789354913372
9788123778419
9780143478140
9788123768229
9788186103456
9788186103021
9788123740546
9789353769109
9789395437530
9788123752075
9789354888519
9789350980521
9789351445692
9789351442486
9789387766624
9788125056898
9789381842478
9789351444855
9789351447696
9789351444862
9789351447702
9789373593890
9780143465379
9789391895655
9789360865986
9788123763828
9789368527091
9789349001329
9788123764955
9788196631390
9788100003361
9789393197856
9788123751559
9788123787015
9788174143303
9788123791807
9788123723228
9788100003020
9788123770512
9789393528209
9789355030689
9789380114217
9789391598426
9789389846485
9788199528178
9788190082334
9789380727189
9789384883584
9788126319268
9789360861971
9788199736016
9789375739593
9788199129870
9789387297395
9789394649217
9789391446444
9789387297159
9789385593611
9789391446697
9788123780979
9789360869526
9788176212403
9788179508862
9789392126413
9788123756585
9789350959367
9788123798196
9780143419990
9788123766478
9788123780191
9780670096367
9780143476016
9789390081929
9788123704043
9788123701844
9788123761978
9788123788319
9789360457075
9789347265679
9789369399383
9789384385056
9788119812011
9789359425627
9781638320012
9789367719398
9789388409810
9788100003359
9788170521013
9788100000547
9780143475200
9788187415282
9789395047128
9781495987342
9789353000707
9789392510649
9788198113573
9789348521170
9781645460350
9788188082315
9788188082247
9788188082230
9788188082254
9789387578050
9798890660787
9780143461265
9789355436627
9780143068624
9780143473541
9789348290113
9788171675333
9788184972559
9789353527068
9789355434654
9798176933093
9789388304085
9780670096749
9780144001583
9780143462002
9789359246154
9780143421054
9788183220958
9788189020729
9789370036604
9788183225144
9788184973716
9780143460985
9789353524104
9789348290298
9788199100039
9789390260928
9789355437716
9788183227568
9788193287828
9781639401918
9781639571086
9781639570607
9789357205405
9788174142313
9788199640900
9780143473558
9789388304771
9788131925508
9788170218708
9788170219583
9789353181055
9789357209458
9789353525088
9789350466599
9789353522711
9798895196403
9781685636593
9798894987507
9781639048021
9789353528416
9789386850881
9789994996230
9789353529246
9789388304566
9789390343676
9789389647150
9780143100300
9788131731970
9788183223195
9789382901464
9789355210883
9789355000774
9789355000859
9789390085774
9788125008156
9788123792620
9789350467497
9789386224842
9789367191781
9788120826915
9780143459514
9788193432013
9798176933086
9789386850386
9788183223904
9789355437860
9788176550130
9789354689512
9789389203431
9781639978588
9789355439390
9789388689076
9789355433435
9788174142597
9789389647440
9788180564536
9798889592433
9780143414506
9780143099871
9788176558945
9788131963036
9798176933024
9788174143648
9789380565972
9789348290496
9788193182338
9788183227414
9788180564796
9789353528454
9788123798288
9788193608142
9780143441410
9789355432261
9789350298718
9789390924646
9789355434180
9789383260447
9788173054341
9789354689000
9789357689076
9789357208963
9789357204101
9789355430885
9789388241625
9788183225342
9780143061939
9789367196199
9789386224552
9788174144553
9788119541195
9789386906670
9780143101567
9789370036697
9789353521486
9788170218746
9789350124109
9789350124154
9788178128580
9788178128849
9788178128832
9788178128542
9788178128566
9788178128672
9788182742758
9788174142967
9780143418788
9788183223379
9789355437532
9788123731896
9789389647594
9789395416306
9788198824202
9788123767055
9789347532702
9789360459109
9789384172008
9788123723594
9789390287741
9788194794578
9789360763923
9789348658982
9798901369067
9789395260831
9789354914140
9789390102808
9788119989003
9789370891319
9789355484413
9788189403157
9789391113315
9780143465478
9789379380050
9788131962572
9788170119760
9788196398781
