9781425544454
9781425544225
9781426904431
9781425526702
9781425526429
9781425526399
9781425532550
9781423420514
9781423417798
9781423415954
9781425529512
9781425529352
9781425528751
9781425528744
9781425545871
9781424571666
9781423669531
9781423665953
9781425533830
9781425533489
9781425533052
9781425532932
9781423430377
9781425488727
9781425488208
9781425485221
9781421446530
9781425545734
9781425545581
9781425545253
9781425523060
9781425528065
9781425527945
9781425527563
9781425548896
9781425548810
9781425547769
9781425547707
9781425527167
9781425532420
9781425532376
9781425532086
9781420882247
9781420881073
9781420880922
9781420880472
9781425528706
9781425535032
9781425534653
9781425534295
9781425526382
9781420530346
9781420530056
9781420075861
9781420523010
9781420522693
9781420522686
9781418482855
9781418482763
9781418481537
9781418480462
9781420521511
9781420532401
9781420524383
9781420524246
9781420519297
9781420519280
9781420519150
9781420518511
9781420523225
9781419145025
9781419144950
9781419144509
9781420522150
9781420524727
9781419134234
9781419127830
9781420528688
9781420531947
9781420531206
9781420531022
9781420528343
9781420528220
9781420528138
9781420527933
9781420530049
9781420530520
9781419780103
9781419778223
9781420529357
9781420529043
9781420528985
9781420528756
9781419612220
9781420520866
9781420519518
9781420519501
9781420530940
9781419784002
9781419150388
9781419150111
9781419170140
9781418486044
9781418484217
9781418483517
9781419167362
9781419166983
9781419164200
9781419162671
9781418479947
9781420522082
9781418493813
9781418492380
9781419181993
9781419178566
9781419176180
9781419174148
9781418488420
9781419109553
9781419108105
9781419103599
9781417995929
9781418494940
9781420522006
9781420521610
9781419127311
9781419161681
9781419160608
9781419159428
9781420524062
9781420523997
9781420523522
9781420523256
9781419149306
9781419152832
9781419168529
9781419168352
9781418443481
9781418443443
9781418443269
9781418442613
9781419161964
9781419194115
9781419193873
9781419187063
9781419153051
9781419169526
9781420850215
9781420849912
9781420849752
9781420818383
9781420826524
9781420825848
9781420825466
9781420526653
9781420525724
9781420524826
9781420524802
9781419137242
9781420831412
9781420830736
9781420830545
9781420820980
9781420820737
9781420820218
9781420820102
9781420828481
9781420533248
9781420533231
9781420532487
9781420822922
9781420532395
9781420532302
9781420532173
9781420844207
9781420853384
9781420851526
9781420851229
9781420840650
9781420839944
9781420839692
9781420839630
9781420851144
9781420817430
9781420816655
9781420815887
9781420846966
9781420846638
9781420846171
9781420845112
9781420814286
9781420821970
9781420821147
9781420821000
9781420849738
9781420533484
9781420533316
9781420809725
9781420527537
9781420526943
9781420526752
9781420804201
9781420803150
9781420802344
9781420802337
9781420524741
9781420825435
9781420528527
9781420528510
9781420813142
9781420812312
9781420811933
9781420811797
9781420527803
9781420530018
9781420529685
9781420529586
9781419140167
9781420528541
9781420824810
9781420824339
9781420823585
9781420532098
9781420801149
9781420535051
9781420534573
9781420830118
9781420829778
9781420829723
9781420828917
9781420533798
9781420805451
9781420805246
9781420804348
9781419771088
9781419770128
9781419666292
9781419635458
9781420801934
9781420813692
9781420813630
9781420813548
9781420533910
9781420533262
9781441551405
9781441551313
9781441560346
9781441560230
9781441559975
9781441559906
9781441562760
9781441566126
9781441565808
9781441565785
9781441549709
9781013396939
9781441549143
9781441549129
9781441564481
9781441568021
9781441568007
9781441567925
9781441564009
9781441563361
9781441563286
9781441562807
9781441566768
9781441549426
9781441559449
9781441559159
9781441545879
9781441545725
9781441545695
9781441545435
9781441558749
9781441560728
9781441560575
9781441560537
9781441556813
9781441551511
9781441556646
9781441556486
9781441559760
9781441550323
9781441549983
9781441549938
9781441559135
9781441559111
9781441559043
9781441558831
9781441549006
9781441556745
9781441573735
9781441573506
9781441569783
9781441569714
9781441569639
9781441569400
9781441572066
9781441562593
9781441562180
9781441562128
9781441571038
9781441555922
9781441570505
9781441570192
9781441560872
9781441564207
9781441564061
9781441564023
9781441573209
9781441572332
9781441572271
9781441572158
9781441578204
9781441570765
9781441555878
9781441555854
9781441565280
9781441565112
9781441564924
9781441564696
9781441554369
9781441557926
9781441557841
9781441557667
9781441567796
9781441574190
9781441567499
9781441566959
9781441569011
9781441571854
9781441571434
9781441571274
9781441555335
9781441555229
9781441555076
9781441554666
9781441570093
9781441567697
9781441536297
9781441535948
9781441544933
9781441544834
9781441544810
9781441544766
9781441546449
9781441548115
9781441547736
9781441547682
9781441533852
9781441559708
9781441533210
9781441533166
9781441547279
9781441548788
9781441548719
9781441548665
9781441547019
9781441546982
9781441546937
9781441546548
9781441548207
9781441533739
9781441544582
9781441544292
9781441528551
9781441528346
9781441527943
9781441527820
9781441543684
9781441545343
9781441545299
9781441545237
9781441541833
9781441536594
9781441541529
9781441541314
9781441544681
9781441534903
9781441534248
9781441534033
9781441544186
9781441544094
9781441544063
9781441543776
9781441533142
9781441541734
9781441554109
9781441553294
9781441551153
9781441551047
9781441550897
9781441550859
9781441552822
9781441546326
9781441546104
9781441546081
9781441552198
9781441541062
9781441551696
9781441551641
9781441545398
9781441547187
9781441547163
9781441547149
9781441553249
9781441553126
9781441553034
9781441552983
9781441556356
9781441551764
9781441541048
9781441540751
9781441547637
9781441547613
9781441547354
9781441547330
9781441540256
9781441543660
9781441543592
9781441542625
9781441548627
9781441554178
9781441548351
9781441548276
9781441550682
9781441552808
9781441552747
9781441552402
9781441540737
9781441540676
9781441540652
9781441540447
9781441551535
9781441548450
9781441594334
9781441594167
9781443733625
9781443733168
9781443732468
9781443732284
9781443765879
9781444648270
9781444647983
9781444647099
9781441592088
9781441582607
9781441591838
9781441591647
9781444609356
9781444652383
9781444652277
9781444652253
9781443782029
9781443781114
9781443774499
9781443772952
9781444651140
9781441591883
9781443729055
9781443727624
9781441584151
9781441583765
9781441583741
9781441583581
9781443724913
9781443734462
9781443734448
9781443733823
9781442394018
9781441594358
9781442138322
9781442132443
9781443732154
9781441592590
9781441592576
9781441592156
9781443727518
9781443726030
9781443725446
9781443725088
9781441591524
9781442224438
9781445286228
9781445276861
9781445215389
9781445211626
9781445205557
9781445204697
9781445262635
9781443759052
9781443741217
9781443737845
9781445249711
9781441599834
9781445240619
9781445237435
9781443736251
9781444607253
9781444601350
9781443788762
9781445275093
9781445270111
9781445263441
9781445262765
9781445505442
9781445249520
9781441599803
9781441599513
9781444643619
9781444643046
9781444640762
9781444627091
9781441598325
9781443722629
9781443722209
9781443718875
9781444651973
9781445290201
9781444651607
9781444651492
9781444965117
9781445257778
9781445257730
9781445252100
9781441598660
9781441598455
9781441598417
9781441598387
9781445237312
9781444651867
9781441569912
9781441569882
9781441583246
9781441583055
9781441582973
9781441582775
9781441584564
9781441589620
9781441589354
9781441588999
9781441568427
9781443729871
9781441568182
9781441568106
9781441586841
9781441591289
9781441591043
9781441590473
9781441585738
9781441585653
9781441585400
9781441584632
9781441589682
9781441568298
9781441581938
9781441581853
9781441561619
9781441561060
9781441561015
9781441560919
9781441580726
9781441583505
9781441583383
9781441583369
9781441579850
9781441570031
9781441579195
9781441579010
9781441582751
9781441568878
9781441568847
9781441568601
9781441581327
9781441580917
9781441580894
9781441580757
9781441568083
9781441579775
9781441598271
9781441598219
9781441594143
9781441594006
9781441593221
9781441593160
9781441596796
9781441584533
9781441584441
9781441584182
9781441595843
9781441578143
9781441595461
9781441595317
9781441583567
9781441586582
9781441586049
9781441585776
9781441597823
9781441597588
9781441597144
9781441596963
9781442108844
9781441595508
9781441577900
9781441575449
9781441588081
9781441587497
9781441587428
9781441587190
9781441574251
9781441580269
9781441579997
9781441579942
9781441590251
9781441598301
9781441589965
9781441589798
9781441592804
9781441596499
9781441596079
9781441595911
9781441574701
9781441574565
9781441574367
9781441574343
9781441595065
9781441590008
9781437493863
9781437493320
9781437493306
9781438535951
9781437319675
9781437318876
9781437318678
9781438519401
9781438282794
9781438258805
9781438245348
9781441544643
9781437346282
9781437344769
9781437344684
9781438990453
9781438974064
9781438914817
9781438911601
9780857063892
9780857062864
9780857062468
9780853986829
9781437314502
9780932538284
9780930448561
9780910621090
9780907282822
9780853986812
9780853986423
9780853186410
9780934489300
9780934489287
9780934489270
9780934489225
9781437494471
9781438533278
9781438532899
9781438532813
9781437131833
9781437131772
9781437131611
9781437131239
9781438203348
9781439226285
9781439225219
9781439223840
9781437480757
9781441489586
9781441467676
9781441447272
9781440130243
9781439923979
9781439276532
9781439264898
9781441424594
9781437478501
9781437477214
9781437469219
9780857069467
9781440466434
9781440459825
9781440458996
9781437454574
9781437529203
9781437524680
9781437495546
9781441437747
9781441429308
9781441425416
9781441424808
9781440470714
9780857068941
9780857067357
9780853186243
9780851629162
9780851628639
9780851627816
9780857064370
9780857062383
9780857062161
9780855984175
9780854023585
9781440433283
9780857064509
9780857064486
9780857064462
9781439263266
9781440490248
9781440483592
9781440473845
9781437318500
9781437316742
9781437316551
9781437314571
9780857066336
9780955987236
9780955980152
9780955980145
9780875659596
9780870712456
9780866906876
9780864928825
9780955685835
9780956158604
9780956157607
9780956156013
9780934489201
9780955486845
9780955486838
9780955277788
9780955987274
9780935615517
9780935573671
9780934489928
9780955958069
9780955900198
9780955728044
9780955686450
9780955488986
9780965584272
9780965584241
9780965400930
9780957626522
9780957626515
9780957498037
9780957391482
9780964233928
9780955277740
9780955277733
9780955068546
9780955277764
9780960075546
9780960022908
9780959012255
9780954196097
9780955682711
9780955680113
9780955662676
9780965331647
9780965299909
9780965113946
9780964659483
9780960082704
9780941548908
9780941548465
9780940962170
9780857506665
9780903696999
9780902664050
9780899000527
9780949683052
9780947481148
9780947294724
9780945962489
9780934489393
9780934489119
9780934370592
9780932914392
9780906378175
9780934489348
9780934489324
9780934489317
9780892554058
9780890133804
9780887486647
9780884655169
9780883904732
9780939122967
9780938498001
9780938021759
9780956104618
9780956087379
9780955990953
9780955990441
9780936158037
9780945303244
9780941703543
9780941703499
9780941689168
9780954043445
9780953284887
9780953137091
9780937912799
9780936347547
9780936163840
9780936158082
9780945522119
9780881886207
9780876392379
9780876121214
9780940075238
9781441515148
9781441514899
9781441526045
9781441525932
9781441525673
9781441525307
9781441529046
9781441531919
9781441531759
9781441531490
9781441513113
9781441503213
9781441512840
9781441512543
9781441529992
9781441533074
9781441532978
9781441532725
9781441529626
9781441529541
9781441529398
9781441529060
9781441531933
9781441513090
9781441523945
9781441523877
9781441507884
9781441507860
9781441507341
9781441507259
9781441522535
9781441527370
9781441526700
9781441526250
9781441521538
9781441515506
9781441520746
9781441520173
9781441525222
9781441513335
9781441513281
9781441513168
9781441523617
9781441523327
9781441522825
9781441522764
9781441512505
9781441521316
9781441539649
9781441539595
9781441535832
9781441535764
9781441535719
9781441535238
9781441537935
9781441528865
9781441528728
9781441528629
9781441537164
9781441519559
9781441536945
9781441536853
9781441527769
9781441529862
9781441529817
9781441529794
9781441538635
9781441538253
9781441538222
9781441537997
9781441541123
9781441536983
9781441519429
9781441518880
9781441530967
9781441530622
9781441530561
9781441530073
9781441518217
9781441522122
9781441522016
9781441521941
9781441532572
9781441539984
9781441532183
9781441532060
9781441535207
9781441537676
9781441537379
9781441537294
9781441518743
9781441518620
9781441518538
9781441518408
9781441536754
9781441532558
9781440431784
9781440424892
9781440422201
9781441506412
9781441506269
9781441506245
9781441505965
9781441508430
9781441510778
9781441510648
9781441510600
9781441524331
9781439237649
9781439234464
9781439234037
9781441509925
9781441512420
9781441511942
9781441511843
9781441509062
9781441508645
9781441508546
9781441508461
9781439239889
9781441505620
9781441505514
9781441505484
9781437461978
9781437461602
9781437459272
9781437455595
9781441505040
9781441507068
9781441506795
9781441506498
9781439229798
9781441504142
9781441503893
9781441503442
9781441505903
9781439255575
9781439249314
9781439241288
9781441505453
9781441505361
9781441505293
9781441505279
9781441504531
9781441518156
9781441517890
9781441514592
9781441514356
9781441514325
9781441514110
9781441516930
9781441508331
9781441508102
9781441507983
9781441516336
9781441510792
9781441515773
9781441515735
9781441507082
9781441509390
9781441509338
9781441509147
9781441517845
9781441517579
9781441517357
9781441517166
9781441520098
9781441516145
9781441503015
9781441502919
9781441502568
9781441510488
9781441510204
9781441510174
9781441510136
9781441500038
9781441504975
9781441504647
9781441504616
9781441518170
9781441511461
9781441511423
9781441511232
9781441514073
9781441516916
9781441516602
9781441516411
9781441502230
9781441502087
9781441500922
9781441500595
9781441515650
9781441511713
9781449780173
9781449999926
9781449992415
9781449976576
9781449964894
9781450550345
9781451545166
9781451527360
9781451526066
9781449777487
9781449777319
9781445513690
9781449776947
9781450752404
9781452082318
9781451667233
9781451593136
9781450572040
9781450559942
9781450558914
9781450556569
9781451547030
9781449793708
9781449777289
9781449902605
9781449764036
9781449763909
9781449763701
9781449763503
9781449797782
9781450025751
9781450014649
9781450000048
9781449796471
9781449795504
9781449781668
9781449794644
9781449933531
9781449778163
9781449778101
9781449777852
9781449799960
9781449799229
9781449799120
9781449798154
9781449776824
9781449781927
9781449795085
9781452561257
9781452533971
9781452524016
9781452519777
9781452518848
9781452547213
9781450549448
9781450545082
9781450542081
9781452541426
9781452539096
9781449793517
9781452538464
9781450091336
9781450723275
9781450723251
9781450598767
9781452560250
9781452556161
9781452556024
9781452548616
9781452586694
9781452883588
9781452539010
9781449792671
9781451518986
9781451517187
9781450774154
9781450758888
9781449790257
9781449797393
9781449796686
9781449796532
9781451591866
9781451585698
9781452568249
9781451579109
9781452518053
9781452546926
9781452544922
9781452543222
9781449792282
9781449791643
9781449791308
9781449790653
9781452538181
9781452570174
9781451580402
9781449721046
9781449760090
9781449759261
9781449758448
9781449757663
9781449765248
9781449770129
9781449769772
9781449768706
9781449715946
9781449714321
9781449907549
9781449712815
9781449767150
9781449775872
9781449774820
9781449773885
9781449766405
9781449766092
9781449766085
9781449765361
9781449770204
9781449740580
9781449713638
9781449754815
9781449545499
9781449539047
9781449537593
9781449532079
9781449752323
9781449761967
9781449761400
9781449760281
9781449747558
9781449746377
9781449721435
9781449743703
9781449755928
9781449717063
9781449716530
9781449716097
9781449754488
9781449754389
9781449753856
9781449752835
9781449712211
9781449722241
9781449745097
9781449789848
9781449780081
9781449780036
9781449779375
9781449778705
9781449786526
9781449765231
9781449764456
9781449764319
9781449785413
9781449784270
9781449740467
9781449782863
9781449762131
9781449767020
9781449766665
9781449766481
9781449789336
9781449788773
9781449788292
9781449787486
9781449793753
9781449909680
9781449782948
9781449739805
9781449768232
9781449768058
9781449767969
9781449767808
9781449732233
9781449752187
9781449751913
9781449747763
9781449773854
9781449772918
9781449789893
9781449772017
9781449778231
9781449785970
9781449785888
9781449785727
9781449737641
9781449734688
9781449733513
9781449733070
9781449782030
9781449790066
9781449772895
9780901865267
9781449644932
9781399951685
9780874880410
9780857467713
9781449601973
9780992424909
9780932686305
9781420532180
9781420529630
9781408096390
9781452880839
9788125010883
9788123763774
9788123710846
9781421454702
9781421454337
9781421454016
9781421453569
9788180565564
9788175249424
9788125014805
9788125014041
9788190223997
9788179506790
9788179506332
9788179506202
9788178233192
9788178232485
9788175051140
9788174144324
9780961163297
9780852727553
9780995781634
9781425933074
9781449629359
9781009805667
9781009805094
9780853617785
9781014563767
9780901601841
9780852728239
9781011569359
9780979080753
9781014264268
9781014092953
9781013607875
9781419129766
9781421454436
9780901853653
9780867188295
9780850368017
9781447374978
9780871548252
9781009280600
9781009408288
9780996223850
9781437319880
9781437354225
9781444146059
9780993941139
9780903166539
9780863114069
9781009672320
9781423901891
9781437352740
9780993804304
9780871710437
9781437303186
9781009724296
9780859767439
9781009675932
9780923369316
9781423464952
9780871710444
9781009325615
9781009074711
9780883823156
9781003863892
9780944992395
9781009701488
9781009408073
9781009444828
9781009691116
9781399812306
9781009363242
9781009703451
9780892879311
9781009714358
9781009553278
9781009015967
9781421453088
9781421451763
9781399041904
9780940490345
9780984213597
9781452534886
9788100000618
9781453579473
9781453549025
9781452895017
9788123743493
9788171204984
9788170521167
9788170521013
9781452511689
9781452508009
9788174144140
9781452504919
9788123792965
9788174143402
9788174141415
9788172764081
9788123765266
9788123760230
9788123757766
9788123755083
9788172290573
9781452583020
9781452507453
9781452859804
9781450516587
9781450100342
9781450100311
9781450100083
9781452820743
9788123704159
9788123701790
9788100003367
9781452598703
9781452597393
9781452535463
9781452595351
9781452893136
9781452517971
9781452516172
9781452514796
9781452850351
9781452846910
9781452846804
9781452841915
9781452500126
9781452536323
9781452597249
9788178836454
9788178235011
9789383751006
9788123741925
9788123736365
9788123725703
9788185301068
9788184823691
9788182881204
9788180404498
9788123709260
9781452580104
9788123782706
9788123768236
9789384883782
9789383751150
9788123716961
9788123715575
9788123711133
9788123710211
9788178234410
9788178233833
9788178233413
9788123792088
9781452579764
9788170149699
9788170148074
9788170141778
9788131905708
9781452570921
9781452818689
9781452815497
9781452800592
9788172701864
9788172293987
9788179504581
9788172290771
9788178234427
9789380359564
9788190381574
9788186957493
9781452578972
9781452578453
9781452572222
9781452571683
9788179509876
9788179505519
9788172293222
9781446024379
9781446011171
9781446504253
9781446504109
9781446503959
9781446503836
9781446510278
9781446524862
9781446520406
9781446513811
9781445755564
9781449755010
9781445748078
9781445742915
9781446513101
9781446542477
9781446536698
9781446536674
9781446512425
9781446511503
9781446511176
9781446511114
9781446524909
9781445752617
9781446501986
9781446501788
9781445516165
9781445515755
9781445515700
9781445515380
9781446312384
9781446504598
9781446504369
9781446504321
9781446311875
9781446076538
9781446311790
9781446311745
9781446503652
9781445757766
9781445756356
9781445756011
9781446501771
9781446312483
9781446312476
9781446312469
9781445739199
9781446311813
9781447408642
9781447407409
9781446682272
9781446680834
9781446666975
9781446665350
9781446784006
9781446509708
9781446509609
9781446509562
9781446733486
9781446311462
9781446724965
9781446724767
9781446504871
9781446512791
9781446512609
9781446512593
9781447174639
9781446797792
9781446797556
9781446787762
9781447423683
9781446730393
9781446311455
9781446311431
9781446513507
9781446513354
9781446513330
9781446513149
9781446310748
9781446312377
9781446312322
9781446311967
9781446526620
9781447409281
9781446525739
9781446525593
9781446652091
9781446761465
9781446756898
9781446751855
9781446311387
9781446311189
9781446311011
9781446310984
9781446706435
9781446526125
9781445226286
9781445215563
9781445514284
9781445514147
9781445514079
9781445513850
9781445526188
9781445554747
9781445531960
9781445528144
9781444666762
9781446502099
9781444655766
9781444655711
9781445527765
9781445733852
9781445732114
9781445731971
9781445527222
9781445526812
9781445526690
9781445526461
9781445564241
9781444656534
9781445513584
9781445513492
9781443737753
9781443737210
9781443737135
9781443736572
9781445509747
9781445514857
9781445514413
9781445514291
9781445506197
9781445236926
9781445505619
9781445505596
9781445513775
9781444699364
9781444699296
9781444689655
9781445513393
9781445513355
9781445513331
9781445510385
9781444654912
9781445506081
9781446198858
9781446194966
9781446011058
9781446001721
9781445797687
9781445782584
9781446157008
9781445525860
9781445525549
9781445520155
9781446134023
9781445504742
9781446129166
9781446102626
9781445515373
9781445527437
9781445527345
9781445527277
9781446185056
9781446184837
9781446183076
9781446168134
9781446311493
9781446134016
9781445504223
9781445503837
9781445528083
9781445527987
9781445527949
9781445527901
9781445293608
9781445509518
9781445507170
9781445506258
9781445729732
9781446310687
9781445715667
9781445707952
9781445775944
9781446150115
9781446148822
9781446142646
9781445503035
9781445299747
9781445298870
9781445298467
9781446082546
9781445715803
9781447842248
9781449494568
9781449473884
9781448675432
9781448671434
9781449701116
9781449708849
9781449708771
9781449708764
9781447817970
9781447814511
9781447451792
9781447788256
9781449706586
9781449711900
9781449711047
9781449710941
9781449705077
9781449703929
9781449703684
9781449702519
9781449708900
9781448316793
9781447813613
9781448621903
9781447594871
9781447593102
9781447560203
9781447528777
9781448317875
9781449502102
9781449499433
9781449495060
9781448317820
9781448317813
9781447843719
9781448317486
9781448628124
9781447826033
9781447823278
9781447820710
9781448609055
9781448320578
9781448320516
9781448320509
9781447782759
9781447857716
9781448317493
9781449731113
9781449720674
9781449719739
9781449718039
9781449717674
9781449727024
9781449700720
9781449580643
9781449580001
9781449725259
9781449724528
9781448316786
9781449722715
9781449513962
9781449706487
9781449705442
9781449705213
9781449730604
9781449730239
9781449729929
9781449729547
9781449742119
9781449755201
9781449724320
9781448316779
9781449708542
9781449708214
9781449707446
9781449707187
9781448316212
9781448317868
9781448317851
9781448317837
9781449710521
9781449709396
9781449731212
9781449709013
9781449717322
9781449726669
9781449725846
9781449725402
9781448316755
9781448316748
9781448316731
9781448316229
9781449722340
9781449731397
9781449709211
9781446697320
9781446687277
9781447478447
9781447477280
9781447468028
9781447459439
9781447638452
9781447752103
9781447746942
9781447746447
9781446641637
9781448624393
9781446620724
9781446620090
9781447722274
9781447779810
9781447765608
9781447765059
9781447668169
9781447661610
9781447661252
9781447659495
9781447752424
9781446628607
9781447450429
9781447450283
9781446505212
9781446505014
9781446505007
9781446504949
9781447441366
9781447519744
9781447518600
9781447510277
9781447434696
9781446703656
9781447427513
9781447426851
9781447454342
9781446651902
9781446649206
9781446646496
9781447449676
9781447446330
9781447443612
9781447442165
9781446544686
9781447432036
9781448315048
9781447841548
9781447838944
9781447838456
9781447834427
9781448312726
9781447619260
9781447619192
9781447613305
9781447880837
9781447874447
9781447422662
9781447871514
9781447528302
9781447706250
9781447696520
9781447679240
9781448314515
9781448314478
9781448313617
9781448313211
9781448317448
9781448626816
9781447872887
9781447421542
9781447420750
9781447741435
9781447738060
9781447730651
9781447726197
9781447411406
9781447441250
9781447436539
9781447434832
9781447762768
9781448315055
9781447756835
9781447756675
9781447831860
9781448312221
9781448312207
9781447883302
9781447417149
9781447414575
9781447413110
9781447411987
9781447863755
9781448316199
9781447760047
9781010275909
9781010311911
9781010308539
9781010305132
9781010085362
9781010084747
9781010084723
9781010084167
9781010296584
9781010320920
9781010319313
9780958743754
9781010288916
9781010280064
9781010279945
9781010279761
9781010313359
9781010214823
9781010214403
9781010212751
9781010304036
9781010300144
9781010298823
9781010318910
9781010357919
9781010380375
9781010380139
9781010376415
9781010350156
9781010347552
9781010346371
9781010345473
9781010371236
9781010271383
9781010271000
9781010371298
9781010366362
9781010362111
9781010360711
9781010359913
9781010264804
9781010294993
9781010294894
9781010293767
9781010376019
9781010373117
9781010373056
9781010270522
9781010249351
9781010088127
9781010088080
9781010088004
9781010246831
9781010246824
9781010245513
9781010243809
9781010081166
9781010100003
9781010098768
9781010298601
9781010255345
9781010254652
9781010254188
9781010252009
9781010089216
9781010146278
9781010145479
9781010131373
9780999873847
9780999845295
9780999837962
9781010094043
9781010200222
9781010239901
9781010225959
9781010225317
9781010318811
9781010317913
9781010316473
9781010314110
9781010217268
9781010248880
9781010248286
9781010219101
9781010015215
9781010011477
9781010008750
9781010008699
9781010243571
9781010263180
9781010257103
9781010256731
9781010222484
9781010220749
9781010220527
9781010246961
9781010465096
9781010559443
9781010544142
9781010541332
9781010334712
9781010333296
9781010330851
9781010330431
9781010512417
9781010627760
9781010625902
9781010204602
9781010495598
9781010482253
9781010481164
9781010480143
9781010562290
9781010396918
9781010396314
9781010395614
9781010528760
9781010528050
9781010527374
9781010604549
9781010728184
9781010796473
9781010791867
9781010786795
9781010715306
9781010714804
9781010710813
9781010702078
9781010758952
9781010461319
9781010460190
9781010777977
9781010739333
9781010739296
9781010732983
9781010730088
9781010439394
9781010508670
9781010499091
9781010498506
9781010779179
9781010778851
9781010778622
9781010459132
9781010423638
9781010339632
9781010338499
9781010338055
9781010417712
9781010417552
9781010416494
9781010416036
9781010328056
9781010355830
9781010353553
9781010517153
9781010428510
9781010428060
9781010427490
9781010424970
9781010342724
9781010370758
9781010370734
9781010370437
9781010212591
9781010212577
9781010206439
9781010350910
9781010380719
9781010415237
9781010409960
9781010409694
9781010589440
9781010580645
9781010578512
9781010563006
9781010397618
9781010423256
9781010418092
9781010403425
9781010270478
9781010270317
9781010270034
9781010268604
9781010415602
9781010437611
9781010437345
9781010433439
9781010407430
9781010404934
9781010404071
9781010417736
9780999185087
9780999367247
9780999352472
9780999350638
9780998376288
9780998355788
9780998355092
9780998348483
9780999269022
9780999437797
9780999420201
9780999831205
9780999225998
9780999218143
9780999202227
9780999185766
9780999378731
9780998879253
9780998879246
9780998879208
9780999343074
9780999322680
9780999283790
9780999418376
9780999681176
9780999802458
9780999802441
9780999798744
9780999671191
9780999663233
9780999663042
9780999660317
9780999746325
9780999178591
9780999178539
9780999767351
9780999723357
9780999697894
9780999682258
9780999681190
9780999113738
9780999266861
9780999245217
9780999236437
9780999769485
9780999769478
9780999769447
9780999171424
9780999044735
9780998431185
9780998388090
9780998380971
9780999024577
9780999022245
9780998988139
9780998987354
9780998288727
9780998594743
9780998568713
9780999274613
9780999058022
9780999058008
9780999057209
9780999053881
9780998444529
9780998680125
9780998672069
9780998656328
9780997348095
9780997288889
9780997283174
9780998552255
9780998822907
9780998955001
9780998940700
9780998939339
9780999418321
9780999415801
9780999393338
9780999393314
9780998879260
9780999044728
9780999044711
9780998890524
9780997890686
9780997879186
9780997847833
9780997843026
9780998987347
9780999088289
9780999073896
9780999073803
9780998928135
9780998928104
9780998901893
9780999033630
9781010026952
9781010067160
9781010065661
9781010063384
9780999588543
9780999583326
9780999517802
9780999464403
9781010056034
9781010081128
9781010078869
9780998825021
9781010042099
9781010033233
9781010030720
9781010027256
9781010069348
9780999885819
9780999881927
9780999881187
9781010060727
9781010058656
9781010058021
9781010076407
9781010115892
9781010196747
9781010195412
9781010192732
9781010093947
9781010092346
9781010092216
9781010089469
9781010147930
9781010026938
9781010024439
9781010148159
9781010130796
9781010122616
9781010121916
9781010119562
9781010006107
9781010049579
9781010046462
9781010043676
9781010190332
9781010182658
9781010152316
9781010016939
9781009001359
9780999628720
9780999597132
9780999588574
9781008974050
9781008923263
9781006930690
9781006809156
9780999440803
9780999681121
9780999680926
9781010058014
9781009551243
9781009416443
9781009342506
9781009087575
9780999653111
9780999745144
9780999732274
9780999727317
9780998855868
9780998851341
9780998825069
9780999679401
9780999807026
9781006745478
9781006451430
9781006107962
9781010076261
9781010075462
9781010072584
9781010072157
9780999885826
9781008988675
9781008988477
9780999889107
9780999171059
9780999171035
9780999124833
9780999122235
9781006745836
9781010001171
9781010001034
9781009822916
9781006084775
9780999893135
9780999890905
9781008984103
9781013377259
9781013351778
9781013358241
9781013357664
9781013357145
9781013310508
9781013310096
9781013309854
9781013307652
9781013355028
9781013362644
9781010391838
9781013361609
9781013353611
9781013353505
9781013352294
9781013352270
9781013359910
9781013331527
9781013331343
9781013331152
9781013356360
9781013356346
9781013362316
9781013329142
9781013372971
9781013379543
9781013379130
9781013379062
9781013372315
9781013371288
9781013370939
9781013370793
9781013376580
9781013351525
9781013378065
9781013349454
9781013373756
9781013373725
9781013373497
9781013373152
9781013345265
9781013354014
9781013353932
9781013353918
9781013378133
9781013378119
9781013350054
9781013332173
9781013339349
9781013312625
9781013311673
9781013311086
9781013337840
9781013337437
9781013337222
9781013336355
9781013307539
9781013319518
9781013355714
9781013316135
9781013343711
9781013343315
9781013343179
9781013341977
9781013313370
9781013324390
9781013324123
9781013322983
9781012044244
9781012031442
9781013316876
9781013355240
9781013329111
9781013336119
9781013335969
9781013335853
9781013361203
9781013361135
9781013360534
9781013360046
9781013332029
9781013338991
9781013332791
9781013338342
9781012869137
9781012863289
9781012857240
9781012852467
9781013336249
9781013344442
9781013344282
9781013344237
9781013334931
9781013333125
9781013338663
9781013428630
9781013401251
9781013411298
9781013410789
9781013407772
9781013366710
9781013366673
9781013365140
9781013365041
9781013406737
9781013415746
9781013329579
9781013415036
9781013404047
9781013403347
9781013402814
9781013401992
9781013411366
9781013384318
9781013383618
9781013382970
9781013407673
9781013407260
9781013415272
9781013380259
9781013423253
9781013433832
9781013432507
9781013430695
9781013420658
9781013420337
9781013420054
9781013420009
9781013427350
9781013399787
9781013428654
9781013399329
9781013426520
9781013426094
9781013425820
9781013423871
9780853125792
9781013406690
9781013406553
9781013405068
9781013430350
9781013430152
9781013399534
9781013385988
9781013393433
9781013369896
9781013368165
9781013367670
9781013390920
9781013390623
9781013390432
9781013390081
9781013362774
9781013372827
9781013407154
9781013372391
9781013395819
9781013395529
9781013394836
9781013394584
9781013370656
9781013376474
9781013374920
9781013374715
9781013331084
9781013330117
9781013372599
9781013406980
9781013379932
9781013390036
9781013389368
9781013388576
9781013413186
9781013413056
9781013412936
9781013412462
9781013385674
9781013392528
9781013386237
9781013391019
9781013349232
9781013346804
9781013346507
9781013346156
9781013390074
9781013396618
9781013396267
9781013396168
9781013387241
9781013386527
9781013391392
9781011112661
9781011326365
9781011310692
9781011256242
9781010641780
9781010641285
9781010638780
9781010634058
9781011222780
9781011413263
9781011400003
9781012021733
9781011140558
9781011139620
9781011119691
9781011114559
9781011327799
9781010853367
9781010840138
9781010837589
9781011241514
9781011235209
9781011235124
9781011398096
9781011537082
9781011961849
9781011924349
9781011656240
9781011527120
9781011519439
9781011514014
9781011508310
9781011633029
9781011106875
9781011102303
9781011633418
9781011567973
9781011563067
9781011559817
9781011545612
9781011045259
9781011195664
9781011171071
9781011151462
9781011649105
9781011636655
9781011635801
9781011098118
9781010988427
9781010685067
9781010653790
9781010650515
9781010950608
9781010950042
9781010944201
9781010943068
9781010628651
9781010726388
9781010722403
9781011231386
9781011020409
9781011008131
9781011006809
9781010991427
9781010695790
9781010750956
9781010749554
9781010745433
9781010394372
9781010393139
9781010392217
9781010719717
9781010800767
9781010930303
9781010928720
9781010915874
9781011386253
9781011361960
9781011343775
9781011340040
9781010860044
9781010978985
9781010969822
9781010887713
9781010459057
9781010458975
9781010449812
9781010445395
9781010933489
9781011038794
9781011032211
9781011021352
9781010902164
9781010900597
9781010897255
9781010959298
9781013325946
9781012992903
9781013184420
9781013176784
9781013171970
9781011468034
9781011438259
9781011431205
9781011422586
9781013070624
9781013305986
9781010807599
9781013298004
9781013025983
9781013017315
9781013013508
9781012998912
9781013194573
9781012093693
9781012072100
9781012068974
9781013164224
9781013111785
9781013304163
9781012019747
9781013320477
9781013329067
9781013328992
9781013328695
9781013315480
9781013314650
9781013314155
9781013314032
9781013325939
9781012992675
9781013327773
9781012903084
9781013322181
9781013321184
9781013320989
9781013320811
9781012840013
9781013067990
9781013054808
9781013030598
9781013328398
9781013328268
9781012974176
9781012685348
9781011500352
9781011493067
9781011491339
9781012601256
9781012544775
9781012529130
9781012463700
9781011419142
9781011531554
9781011529315
9781013110191
9781012735791
9781012724689
9781012692469
9781012686567
9781011503094
9781011632329
9781011621279
9781011585540
9781010827139
9781010825449
9781010815457
9781011529087
9781013072222
9781011972494
9781012436216
9781012434328
9781012355173
9781013291760
9781013240805
9781013240515
9781013199578
9781012110208
9781012677763
9781012248017
9781012646677
9781011086481
9781011076710
9781011060191
9781011052462
9781012451554
9781012834272
9781012821838
9781012818647
9781012330057
9781012271558
9781012264642
9781012665784
9780984894246
9780984890668
9780984880713
9780983052807
9780983042631
9780983042624
9780982931646
9780984780730
9780985102814
9780985036102
9780985004538
9780997257700
9780984767946
9780984731305
9780984719303
9780984898701
9780983758150
9780983751762
9780983699620
9780984822041
9780984816064
9780984810000
9780984785292
9780984767953
9780985781200
9780985759254
9780985749231
9780985564834
9780985535650
9780985526450
9780985489519
9780985721176
9780984658565
9780984658138
9780984617203
9780984658596
9780985699079
9780985685768
9780985677381
9780984478972
9780984774296
9780984774289
9780984767991
9780985741952
9780985737283
9780985733810
9780985725464
9780985721121
9780983062523
9780983052890
9780983052838
9780984103256
9780984075324
9780984016952
9780984016945
9780982883167
9780983205395
9780983161172
9780983161158
9780983614593
9780984370665
9780984349128
9780984265534
9780983081548
9780983502067
9780983502036
9780983444435
9780979716218
9780979473715
9780979468568
9780979184581
9780984385485
9780983907459
9780983859246
9780983818885
9780985003654
9780984915972
9780984911301
9780984908400
9780983758730
9780984162468
9780984140367
9780984136070
9780984216413
9780981947648
9780981937199
9780981879123
9780983957263
9780984414031
9780984408702
9780984392506
9780983786801
9780983780311
9780983773207
9780983767695
9780982069820
9780988050297
9780988001718
9780987910691
9780985394936
9780985257705
9780985215927
9780985181000
9780987619884
9780988368934
9780988263246
9780988252721
9780985677350
9780987478702
9780987373427
9780987352323
9780988086197
9780986020209
9780986005527
9780985932756
9780987910684
9780987898685
9780987857729
9780987621795
9780987506542
9780989359108
9780989283694
9780989196000
9780988739048
9780988709997
9780988692619
9780988633070
9780989039000
9780987261212
9780986913105
9780986887352
9780987274663
9780988946286
9780988926844
9780988917989
9780986609510
9780987584717
9780987566997
9780987538901
9780989189552
9780989120685
9780989085670
9780989076944
9780988958982
9780985443726
9780985410070
9780985398026
9780986303258
9780986302954
9780986276200
9780986267437
9780985154325
9780985635923
9780985630461
9780985569914
9780985785420
9780986432439
9780986399275
9780986392849
9780985482541
9780985721169
9780985721152
9780985721145
9780983690818
9780983689911
9780983648406
9780983642510
9780986440427
9780986227806
9780986218927
9780986211157
9780988244511
9780988220126
9780988184107
9780988179349
9780986065156
9780986355974
9780986306297
9780986306273
9780986358302
9780984573035
9780984562596
9780984532919
9780986234743
9780986525827
9780986525803
9780986440465
9780986161223
9780986107115
9780986090134
9780986085369
9780984608553
9780975305218
9780974970424
9780974915029
9780956857521
9780956818058
9780956805584
9780956585066
9780974133751
9780975653029
9780975653005
9780975640593
9780983213673
9780972376952
9780972307277
9780972307260
9780975393635
9780966272864
9780966212457
9780965927550
9780974869032
9780974269108
9780974161198
9780974133768
9780972815550
9780979127601
9780979011023
9780978996864
9780977091447
9780976982340
9780976779544
9780976766827
9780977866991
9780972307239
9780972274098
9780972262156
9780972307246
9780977662333
9780977485642
9780977430536
9780971819191
9780973968644
9780973768510
9780973606713
9780978989347
9780978730925
9780978559175
9780978538064
9780977732760
9780957108615
9780957107441
9780957041646
9780968982679
9780968537084
9780968485798
9780968485712
9780956255969
9780958163392
9780957661769
9780957647527
9780965584296
9780970551832
9780970287205
9780970188175
9780957330443
9780963220165
9780963187857
9780960297870
9780934489867
9780934489850
9780934489829
9780934489492
9780970827937
9780967936840
9780967625645
9780967507378
9780975635155
9780975627105
9780975516324
9780975393697
9780966500929
9780970166463
9780970102683
9780969991137
9780970166470
9780955068515
9780954597467
9780954452841
9780968334782
9780971290587
9780971096158
9780970997784
9780967298498
9780967052632
9780966960839
9780966704655
9780955068522
9780982632130
9780982613337
9780982565667
9780976306580
9780976157120
9780975902073
9780975669709
9780982458228
9780982869178
9780982815557
9780982815526
9780977401888
9780982257050
9780982247945
9780982179901
9780982693810
9780979884870
9780979765278
9780979735356
9780982560341
9780982560235
9780982507803
9780982480243
9780982322703
9780983614579
9780983579915
9780983579908
9780983158837
9780983152699
9780983134169
9780983134114
9780983512066
9780982171929
9780982108451
9780982107430
9780982173343
9780983297789
9780983260257
9780983256076
9780981840277
9780982427712
9780982405598
9780982368589
9780983537182
9780983530091
9780983525332
9780983525301
9780983419358
9780976404385
9780976352174
9780976352143
9780980780765
9780980384123
9780980239102
9780980226751
9780975661543
9780977304059
9780977304042
9780977137756
9780979127632
9780981460994
9780981441726
9780981029474
9780976589853
9780977861705
9780977805624
9780977795710
9780965927543
9780965927536
9780965927529
9780965927505
9780981496665
9780980203998
9780980196573
9780980189865
9780982815519
9780982774809
9780982706831
9780982696088
9780979969416
9780980864694
9780980805680
9780980780772
9780980873511
9780972245890
9780972118958
9780971992443
9780980226737
9780981818481
9780981742823
9780981622002
9780980174397
9780980174359
9780980050189
9780980032369
9780972246545
9780996526555
9780996769112
9780996745055
9780996716833
9780995046085
9780994934420
9780994855114
9780994839060
9780996633826
9780996823302
9780996807180
9780988840812
9780996553506
9780996541176
9780996539043
9780996535328
9780996806015
9780996155304
9780996151269
9780996149327
9780996693820
9780996668590
9780996663274
9780996806091
9780997024296
9780997237924
9780997237917
9780997236613
9780997022216
9780997013818
9780996998505
9780996992596
9780997153002
9780996521130
9780996520652
9780997168747
9780997074871
9780997073409
9780997068108
9780997030822
9780996423861
9780996615587
9780996590600
9780996556019
9780997224214
9780997212471
9780997206777
9780996501552
9780996328708
9780995173156
9780995115774
9780995099005
9780996279727
9780996269025
9780996243384
9780996239431
9780994758903
9780995501393
9780995501386
9780996644341
9780996378543
9780996378536
9780996378529
9780996331593
9780995227811
9780995692916
9780995660755
9780995654976
9780992328856
9780992127329
9780992108700
9780995490543
9780996049320
9780996216197
9780996216180
9780996216173
9780996806084
9780996806060
9780996806046
9780996806022
9780996176637
9780996318600
9780996296304
9780996176644
9780993515439
9780993504631
9780993453663
9780993396298
9780996220729
9780996395816
9780996394666
9780996380577
9780996216166
9780996200431
9780996176804
9780996287531
9780997987911
9780998149011
9780998141732
9780998128047
9780996935562
9780996923415
9780996898263
9780996882699
9780998104270
9780998244808
9780998207865
9780996106795
9780998081984
9780998067018
9780998025452
9780997987928
9780998156439
9780997448689
9780997439502
9780997351934
9780998128030
9780998109725
9780998107905
9780998205465
9780998616087
9780998764016
9780998755878
9780998736464
9780998533612
9780998509068
9780998453323
9780998446646
9780998692630
9780997985566
9780997932782
9780998697529
9780998651484
9780998634814
9780998627809
9780998627717
9780997831146
9780998104256
9780998094007
9780998090313
9780998719542
9780998708980
9780998699356
9780997914702
9780997679397
9780996992121
9780996988995
9780996961752
9780997604016
9780997585421
9780997557411
9780997553420
9780996861724
9780997024265
9780997024234
9780998105093
9780997769319
9780997758498
9780997758436
9780997710960
9780996992527
9780997145908
9780997114249
9780997076219
9780996136044
9780996136020
9780996136006
9780997024210
9780997237931
9780997531022
9780997505221
9780997505214
9780998203843
9780998193298
9780998177731
9780998168937
9780997465808
9780997674606
9780997672923
9780997493559
9780996478687
9780996455077
9780996436106
9780996424509
9780997531602
9780997810608
9780997795684
9780997793802
9780997505207
9780997504248
9780997494303
9780997640731
9780990863243
9780990836551
9780990821823
9780988451278
9780988451254
9780988451247
9780988396944
9780990703600
9780991077342
9780991068494
9780991058235
9780992032630
9780990651635
9780990615569
9780990590439
9780990914204
9780989603850
9780989545464
9780989515405
9780990807407
9780990776116
9780990776109
9780990704232
9780990674139
9780991984091
9780991952113
9780991945801
9780991492459
9780991490707
9780991463015
9780991444397
9780991684861
9780990535188
9780990535133
9780990474791
9780990554387
9780991606788
9780991601509
9780991591299
9780990402787
9780990698906
9780990683872
9780990674153
9780991913015
9780991872206
9780991819300
9780991685332
9780991619009
9780988463769
9780988459731
9780988456600
9780989916202
9780989854160
9780989820967
9780989789028
9780988371040
9780988820814
9780988794771
9780988750821
9780989375016
9780990385363
9780990360728
9780990328308
9780988508286
9780989005302
9780988986589
9780988963917
9780985908041
9780985904012
9780985902025
9780985823252
9780990397724
9780989738088
9780989713603
9780989652650
9780991037698
9780990958956
9780990944997
9780990944966
9780989617215
9780990027911
9780989989626
9780989976213
9780990318392
9780986866067
9780986830730
9780986751387
9780989744904
9780990402732
9780990402718
9780990402701
9780989652629
9780989628426
9780989625562
9780989617246
9780986887338
9780993559129
9780994520722
9780994459008
9780994315342
9780991269204
9780991182206
9780991151622
9780991109456
9780994075000
9780994756763
9780994733719
9780991590551
9780993692666
9780993671753
9780993636752
9780993559181
9780994569318
9780992329792
9780992329778
9780992329761
9780994298409
9780994191090
9780994160287
9780994723482
9780995513969
9780996044806
9780996041256
9780996041201
9780995444089
9780995340916
9780995283213
9780995234802
9780995709591
9780993559112
9780993559105
9780995762374
9780995647404
9780995570313
9780995566293
9780995531321
9780993396281
9780994072542
9780993790485
9780993790454
9780996013888
9780995994072
9780995983809
9780993522802
9780991310159
9780991296187
9780991295425
9780993055676
9780993055652
9780993021107
9780992900281
9780991077359
9780991586943
9780991539727
9780991536108
9780994086501
9780993359293
9780993337352
9780993177064
9780991420568
9780991668274
9780991652013
9780991636037
9780989506458
9780989472685
9780989456555
9780989437646
9780993396205
9780992032616
9780992713904
9780992640521
9780992598129
9780994693525
9780994588326
9780994569455
9780994569332
9780992425920
9780993170454
9780993158780
9780993176173
9780990447504
9780990442363
9780990442349
9780990408000
9780992752606
9780993396274
9780993396267
9780993396212
9780992591458
9780992499372
9780992458416
9780992445508
9780993073052
9788174143723
9788174143211
9788123718071
9788170147084
9788185301631
9788190798860
9789353180942
9789353181222
9788123747187
9788123719580
9788123726335
9788123746432
9789383751617
9789384406165
9789384883089
9788175051454
9789385858437
9788123718088
9788175050549
9788175050464
9788175050211
9788175053533
9788174142856
9788172292249
9788172292164
9788170521709
9788174144362
9788182880658
9788175054479
9788175054332
9788123766973
9788123765570
9788123764955
9788123761800
9788123760353
9788170149750
9788100001219
9788100003053
9788123702414
9788123792095
9788123718040
9788123704067
9788123703817
9788123757025
9788123768229
9788185301228
9788123747873
9788172700638
9788172700669
9788172700621
9781013606571
9781013604591
9781013687853
9781013682599
9781013667114
9781013663888
9781013704406
9781013656736
9781013657702
9781013808999
9781013611452
9781013611612
9781013808166
9781013676321
9781013602580
9781013603648
9781013604010
9781013602368
9781013602337
9781013614149
9781013612688
9781013611995
9781013701900
9781013654534
9781013697449
9781013625336
9781013625954
9781013696794
9781013630989
9781013609930
9781013610622
9781013610844
9781013695391
9781013608827
9781013698040
9781013562259
9781013583827
9781013586361
9781013586538
9781013567780
9781013568176
9781013568824
9781013570148
9781013570773
9781013702105
9781013655654
9781013602023
9781013579462
9781013579899
9781013580062
9781013582837
9781013583476
9781013515590
9781013518201
9781013518614
9781013597077
9781013597732
9781013702129
9781013759123
9781013759642
9781013639562
9781013615658
9781013619823
9781013620195
9781013622953
9781013624209
9781013562266
9781013564819
9781013561580
9781013631269
9781013632068
9781013635946
9781013636530
9781013636776
9781013573163
9781013573422
9781013578373
9781013558757
9781013560293
9781013561566
9781013566370
9781013898921
9781013899850
9781013810800
9781013780356
9781013784651
9781013785979
9781013787652
9781013788642
9781013711343
9781013652196
9781013715310
9781013800276
9781013801280
9781013802669
9781013803482
9781013803680
9781013727337
9781013731006
9781013731198
9781013712708
9781013853920
9781013854309
9781013857591
9781013860775
9781013777974
9781013778360
9781013780073
9781013762093
9781013762161
9781013772238
9781013763618
9781013764028
9781013792380
9781013794759
9781013796241
9781013765841
9781013766794
9781013770050
9781013772214
9781013762185
9781013652271
9781013653063
9781013744822
9781013749681
9781013750878
9781013750885
9781013752308
9781013658198
9781013660566
9781013704956
9781013644573
9781013645372
9781013645907
9781013648076
9781013652066
9781013688485
9781013689765
9781013691805
9781013653865
9781013661945
9781013705939
9781013706769
9781013707001
9781013710773
9781013738180
9781013742262
9781013742828
9781013720871
9781013722905
9781013599675
9781013726255
9781013726804
9781013861376
9781013862137
9781013761324
9781013731211
9781013733031
9781013733246
9781013733284
9781013735585
9781013724534
9781013357039
9781013358883
9781013358999
9781013362064
9781013365652
9781013396199
9781013396236
9781013397059
9781013372353
9781013536694
9781013372803
9781013379949
9781013381065
9781013504341
9781013504853
9781013405518
9781013387845
9781013388002
9781013389498
9781013372421
9781013426117
9781013550218
9781013553783
9781013461279
9781013429873
9781013431517
9781013435164
9781013440809
9781013444890
9781013384479
9781013368738
9781013370984
9781013448959
9781013454509
9781013455377
9781013456169
9781013456602
9781013382574
9781013382888
9781013366154
9781013328138
9781013331091
9781013333682
9781013334955
9781013457203
9781013458378
9781013355721
9781013340161
9781013342769
9781013392306
9781013343285
9781013344206
9781013097188
9781013162176
9781013162602
9781013347528
9781013347818
9781013349690
9781013350405
9781013342868
9781013394546
9781013320705
9781013324031
9781013324246
9781013399435
9781013399909
9781013400612
9781013400797
9781013402708
9781013326820
9781013338151
9781013339820
9781013316029
9781013316487
9781013318900
9781013318962
9781013320002
9781013344251
9781013345319
9781013345371
9781013335112
9781013558160
9781013531774
9781013532641
9781013535772
9781013853562
9781013536823
9781013472114
9781013472572
9781013473531
9781013425776
9781013542008
9781013545368
9781013545603
9781013548482
9781013480287
9781013482335
9781013482991
9781013462511
9781013462672
9781013541902
9781013600586
9781013600593
9781013528347
9781013530111
9781013531385
9781013507519
9781013508455
9781013508554
9781013508929
9781013638060
9781013539527
9781013539534
9781013541056
9781013518645
9781013520945
9781013521430
9781013522444
9781013526121
9781013637162
9781013512148
9781013498152
9781013498756
9781013498930
9781013500855
9781013503092
9781013429200
9781013429385
9781013429767
9781013406768
9781013464256
9781013413087
9781013413834
9781013415876
9781013444975
9781013447631
9781013448812
9781013419560
9781013420894
9781013424281
9781013408762
9781013465222
9781013466472
9781013496707
9781013497292
9781013497582
9781013474729
9781013476082
9781013477836
9781013479380
9781013419164
9781013601132
9781013601446
9781013506055
9781013485244
9781013486753
9781013487972
9781013490163
9781013496165
9781013416217
9781013417924
9781013480072
9781014131577
9781014134042
9781014135759
9781014138149
9781014082381
9781014083524
9781014083630
9781014071637
9781014072511
9781013836183
9781014075994
9781014076434
9781014094216
9781014095879
9781014096074
9781014078667
9781014079312
9781014079978
9781014080066
9781014075741
9781014129314
9781014129437
9781014130730
9781014113764
9781014115737
9781014115812
9781014117960
9781014120052
9781014207166
9781014131140
9781014143457
9781014126573
9781014127617
9781014128027
9781014128218
9781014129284
9781014076441
9781014078131
9781014078346
9781014207623
9781014038951
9781014041173
9781014041548
9781014061270
9781014061676
9781014062284
9781014048257
9781014048479
9781014048899
9781014081940
9781014050991
9781014139832
9781014141484
9781014068248
9781014056450
9781014056467
9781014058782
9781014059307
9781014059819
9781014050007
9781014173287
9781014173355
9781014099716
9781014085450
9781014086990
9781014089038
9781014089670
9781014092014
9781014041791
9781014038128
9781014044037
9781014096234
9781014096630
9781014098214
9781014098702
9781014098726
9781014053077
9781014053558
9781014054296
9781014037954
9781014043559
9781014183804
9781014185570
9781014185624
9781014185747
9781014185839
9781014280510
9781014280886
9781014207746
9781014187338
9781014108418
9781014190222
9781014191816
9781014191861
9781014155122
9781014155436
9781014157140
9781014198556
9781014199638
9781014201577
9781014188038
9781014230744
9781014182302
9781014183057
9781014183262
9781014235619
9781014236234
9781014236463
9781014237361
9781014239334
9781014196804
9781014186256
9781014187208
9781014175717
9781014177025
9781014178596
9781014180384
9781014181121
9781014192196
9781014192387
9781014186089
9781014164773
9781014165732
9781014166364
9781014166937
9781014110145
9781014110985
9781014112538
9781014169327
9781014170309
9781014202949
9781014172174
9781014172600
9781014123374
9781014125460
9781014125576
9781014102690
9781014102959
9781014105554
9781014108401
9781014170354
9781014204158
9781014161505
9781014163097
9781014164087
9781014143471
9781014146106
9781014151346
9781014151407
9781014152411
9781014164278
9781014167569
9781014168603
9781014157935
9781014158376
9781014158437
9781014159267
9781014160690
9781014243720
9781014244772
9781014174819
9781014167460
9781013954573
9781013884757
9781013887550
9781013890475
9781013868603
9781013870927
9781013871122
9781013871191
9781013871405
9781014005755
9781013893490
9781013895142
9781013875878
9781013878275
9781013878510
9781013879579
9781013881473
9781013996405
9781013998959
9781013893391
9781013923159
9781013923616
9781013924521
9781013925085
9781013925986
9781014034113
9781014035141
9781013956751
9781013930584
9781013953743
9781013939341
9781013940873
9781013942822
9781013872372
9781013872457
9781013873652
9781013950339
9781013950605
9781013951848
9781013936364
9781013848759
9781013849466
9781013850073
9781013824463
9781013824753
9781013825828
9781013828706
9781013831607
9781013954771
9781013900365
9781013865909
9781013842221
9781013842917
9781013844560
9781013844799
9781013848070
9781013764042
9781013765254
9781013765537
9781013956515
9781013890772
9781013891137
9781013891182
9781013891915
9781013892592
9781013818226
9781013818882
9781013822971
9781013895388
9781013814495
9781013895760
9781013896682
9781013898280
9781013832185
9781013833229
9781013350573
9781013811814
9781013813825
9781013814341
9781013814440
9781013895647
9781014010728
9781014010971
9781014098931
9781014099464
9781014035714
9781014017949
9781014018410
9781014018533
9781014018830
9781013946448
9781013968068
9781013970542
9781013970740
9781014025494
9781014026545
9781014028327
9781014028723
9781014029188
9781013984679
9781014019851
9781014006882
9781014007346
9781014064011
9781014064356
9781014064615
9781014064882
9781014066183
9781014015709
9781014017185
9781014009371
9781013999918
9781013999956
9781014000378
9781014000453
9781014002259
9781014022424
9781014022721
9781014024190
9781014007438
9781014008787
9781014017826
9781013989742
9781013920196
9781013921971
9781013922992
9781013992124
9781013992407
9781013992445
9781013992667
9781013993602
9781013985720
9781013927973
9781013929946
9781013904257
9781013906244
9781013906510
9781013911583
9781013919367
9781013945113
9781013945861
9781013926426
9781013986222
9781013957192
9781013957734
9781013959714
9781013959936
9781013964558
9781013989926
9781013990328
9781013990540
9781013989735
9781013980459
9781013980862
9781013981234
9781013984365
9781014067739
9781014068071
9781013999802
9781013987007
9781013987199
9781013988998
9781013980329
9781008905351
9780999873052
9780999877104
9780999877111
9780999879580
9780999884416
9781010190769
9781010200154
9781009345088
9781012537159
9781006306563
9781006521607
9781006700804
9781006748417
9780999714416
9780999718940
9780999718957
9781008920125
9781008922389
9781006090080
9781010023968
9781010024361
9780999858684
9780999861707
9780999870860
9781010033202
9781010034803
9781010036340
9781010040347
9781008904286
9780999890127
9780999890134
9780999898130
9780999831250
9780999833056
9780999833933
9780999839805
9780999858677
9781006950278
9781010047766
9780999783788
9780999789070
9780999790328
9780999795118
9780999796757
9780999591567
9780999597149
9780999601808
9780999807064
9781008929753
9780999812877
9780999818671
9780999820445
9780999616444
9780999618752
9780999622018
9780999577813
9780999583210
9780999587263
9780999812860
9781008941076
9781008974210
9780999774243
9780999776858
9780999780466
9780999685501
9780999687741
9780999688236
9780999692400
9780999827468
9780999798751
9780999800454
9780999802496
9780999735312
9780999743546
9780999745106
9780999745243
9780999751718
9781010048664
9781010054146
9780999696514
9781010073390
9781010076810
9781010315681
9781010319160
9781010319443
9781010329589
9781010333401
9781010088646
9781010092155
9781010023524
9781010058007
9781010059363
9781010059684
9781010060932
9781010069454
9781010133643
9781010154228
9781010159896
9781010076957
9781010093695
9781010211082
9781010211129
9781010217596
9781010304043
9781010311188
9781010315100
9781010261339
9781010263050
9781010263210
9781010070597
9781010278290
9781010529422
9781010536840
9781010338062
9781010291152
9781010291374
9781010292210
9781010295273
9781010297475
9781010274179
9781010013228
9781009357418
9781009358248
9781009443050
9781009443111
9781009534451
9781010027621
9781010028604
9781010030287
9781010077619
9781009808071
9781009823227
9781010003885
9781010005674
9781010333487
9781010337249
9781010056546
9781010014546
9781010017547
9781009808040
9781010079859
9781010086192
9781010087410
9781010403883
9781010404903
9781010206477
9781010098058
9781010099055
9781010106944
9781010006794
9781010123163
9781009575997
9781009642552
9781009684255
9781010161776
9781010174424
9781010179696
9781010179856
9781010180722
9781010006732
9781010109686
9780999181348
9780999181362
9780999181379
9780999185001
9780999565001
9780999567487
9780999252642
9780999194027
9780999197554
9780999590027
9780999200933
9780999200988
9780999074916
9780999074947
9780999074961
9780999207840
9780999214886
9780999218198
9780999225950
9780999199909
9780999169032
9780999172735
9780999181300
9780999377604
9780999380208
9780999380260
9780999389010
9780999400517
9780999185094
9780999181324
9780999190494
9780999139288
9780999149331
9780999152027
9780999161029
9780999161074
9780999201787
9780999202395
9780999205983
9780999185797
9780999099216
9780999099223
9780999099254
9780998932422
9780998942094
9780998954325
9780999117767
9780999118221
9780999118276
9780999238011
9780999135631
9780998987361
9780998990569
9780998993126
9780998917153
9780998920535
9780998928258
9780998928265
9780998928272
9780999130872
9780999089842
9780999092620
9780999096109
9780999044704
9780999057377
9780999059395
9780999060063
9780999069202
9780999109878
9780999099001
9780999117705
9780999074978
9780999087503
9780999088203
9780999088241
9780999089286
9780999400562
9780999400586
9780999139240
9780999096130
9780999113721
9780999645185
9780999645376
9780999645406
9780999647769
9780999660201
9780999465776
9780999466421
9780999467299
9780999419632
9780999374313
9780999419656
9780999423509
9780999426906
9780999541906
9780999542606
9780999543252
9780999447062
9780999460047
9780999461624
9780999419649
9780999590034
9780999635377
9780999636725
9780999645161
9780999604700
9780999614549
9780999614778
9780999614792
9780999615638
9780999439937
9781009287098
9780999679753
9780999622025
9780999623282
9780999627136
9780999633496
9780999634226
9780999436400
9780999438411
9781009282147
9780999270127
9780999274002
9780999274026
9780999291115
9780999374368
9780999374382
9780999375211
9780999320419
9780999323625
9780999461709
9780999336267
9780999336342
9780999671054
9780999674154
9780999401781
9780999351482
9780999358726
9780999358795
9780999371510
9780999334270
9780999465349
9780999820452
9780999820476
9780999573105
9780999493779
9780999514023
9780999533048
9780999535042
9780999535172
9780999254103
9780999296141
9780999315750
9780999552834
9780999556108
9780999557594
9780999559109
9780999560280
9780999342718
9780999347829
9780999351444
9780999294581
9781011367955
9781011368211
9781011377558
9781011521517
9781011538058
9781011543496
9781011397808
9781011409549
9781011422166
9781010210801
9781011432448
9781012955441
9781012963620
9781011610754
9781011482832
9781011488216
9781011489572
9781011496099
9781011514816
9781011425280
9781013310157
9781012418410
9781012113094
9781012120252
9781012144050
9781012207243
9781012228040
9781011386246
9781011386987
9781011367436
9781012306908
9781012325794
9781012336523
9781012340667
9781012355166
9781011451265
9781011452002
9781011474417
9781011366019
9781011392483
9781011239467
9781011248964
9781012375607
9781012376277
9781011354399
9781011268986
9781011276486
9781011302123
9781011307968
9781011203727
9781010998273
9781011015092
9781011016839
9781011336128
9781011338641
9781011342792
9781011342853
9781011344338
9781011070916
9781011310029
9781011207060
9781011216147
9781011557417
9781011570577
9781011581696
9781011586752
9781011601356
9781011260522
9781011264605
9781011237401
9781011185702
9781011190140
9781011197927
9781011200962
9781011202843
9781011310685
9781011314041
9781011335640
9781011223121
9781011233625
9781011268078
9781013261572
9781013296017
9781013296840
9781013296901
9781014229205
9781012545765
9781012570743
9781013303432
9781013303531
9781013308680
9781013304057
9781013306686
9781012644888
9781012666330
9781012692193
9781012477011
9781012496609
9781012513788
9781012514242
9781013303548
9781013248788
9781013251580
9781013253775
9781012998905
9781013002502
9781013009648
9781013020384
9781013088209
9781013297168
9781013257254
9781013303050
9781013179365
9781013206863
9781013206948
9781013208386
9781013220784
9781013403248
9781013403613
9781013315558
9781013302794
9781012934484
9781012938529
9781012953348
9781012047696
9781012064334
9781012092290
9781011612031
9781011619696
9781011625017
9781012515942
9781011637799
9781012261900
9781012262501
9781012304348
9781011898695
9781011925261
9781011977154
9781011999453
9781012012960
9781011632510
9781012882822
9781012888282
9781012890421
9781012615543
9781012619503
9781012627560
9781012630003
9781012638344
9781013353468
9781012910068
9781012982584
9781012706197
9781012711375
9781012725822
9781012821333
9781012839529
9781011647453
9781011651610
9781011658114
9781012904760
9781013354700
9781010478409
9781010478881
9781010479062
9781010433088
9781010434481
9781010440383
9781010447467
9781010452768
9781010966258
9781011076079
9781010538080
9781010459880
9781010463269
9781010463481
9781010465386
9781010473602
9781010352921
9781010352945
9781010352969
9781010967538
9781010649670
9781010657552
9781010667452
9781010668374
9781010432463
9781010432821
9781010432845
9781010679073
9781010689218
9781010429302
9781010695738
9781010727873
9781010454465
9781010454786
9781010459606
9781010413547
9781010418580
9781010426127
9781010427704
9781010690436
9781010730286
9781010410621
9781010365549
9781010367840
9781010372905
9781010373469
9781010374923
9781010224075
9781010225379
9781010482444
9781010396284
9781010397427
9781010398783
9781010400646
9781010400882
9781010285373
9781010288213
9781010290650
9781010208990
9781010259183
9781010490227
9781010491323
9781010492085
9781010524014
9781010363262
9781010364320
9781010365129
9781010340683
9781010344780
9781010729716
9781010346401
9781010348665
9781010377641
9781010385349
9781010392286
9781010355120
9781010355250
9781010356608
9781010360582
9781010363187
9781010345800
9781011115457
9781010800972
9781010801177
9781010819837
9781011152353
9781011158096
9781011165957
9781011167272
9781011167739
9781010641773
9781010861973
9781010869337
9781010753414
9781010757375
9781010757696
9781010765158
9781010786832
9781010929840
9781010931638
9781010856030
9781011081998
9781010980193
9781010988410
9781010988830
9781010993278
9781010997931
9781011116492
9781011121236
9781011147175
9781011115273
9781011037759
9781011038336
9781011046133
9781011050857
9781011602858
9781011607747
9781011180035
9781011085415
9781011094752
9781011107735
9781011028474
9781010607717
9781010614098
9781010617594
9781010539605
9781010547914
9781010555070
9781010557616
9781010567455
9781010673477
9781010933496
9781010677758
9781010588993
9781010592556
9781010596417
9781010600534
9781010603153
9781011175758
9781011178032
9781010740117
9781010676751
9781010825173
9781010836049
9781010839484
9781010846185
9781010853855
9781011349159
9781011353255
9781010979401
9781010885177
9781010950554
9781010902157
9781010902270
9781010928713
9781010570691
9781010575351
9781010583356
9781010936152
9781010937975
9781010943051
9781010949978
9781010888758
9781015200395
9781015200432
9781015295636
9781015296718
9781015229952
9781015230774
9781015231078
9781015232259
9781015213456
9781014275929
9781015150836
9781015152045
9781015152472
9781015152540
9781015152557
9781015154001
9781015223356
9781015223714
9781015157903
9781015214484
9781015191310
9781015194878
9781015198852
9781015199620
9781015257702
9781015258013
9781015203006
9781015207714
9781015208971
9781015222786
9781015212633
9781015213173
9781015184435
9781015185050
9781015215825
9781015219120
9781015220188
9781015221352
9781015222540
9781015211261
9781015167971
9781015109254
9781015112223
9781015112964
9781015114920
9781015114999
9781015117761
9781015173507
9781015173743
9781015159846
9781015120167
9781015120730
9781015123540
9781015124981
9781015125490
9781015102859
9781015103320
9781015129863
9781015130098
9781015119871
9781015160781
9781015162600
9781015165885
9781015167254
9781015149960
9781015150461
9781015168169
9781015169418
9781015171060
9781015167278
9781015172531
9781015172746
9781015157224
9781015157279
9781015266148
9781015267237
9781015176195
9781015179981
9781015180697
9781015182790
9781015171176
9781015280014
9781015332478
9781015332775
9781015283374
9781015283381
9781015283466
9781015284586
9781015285385
9781015285774
9781015191235
9781015272002
9781015287624
9781015288331
9781015289253
9781015289604
9781015289628
9781015290624
9781015280847
9781015282872
9781015269330
9781015324848
9781015327443
9781015329171
9781015329362
9781015330467
9781015308572
9781015310261
9781403311757
9781403311979
9781015279810
9781015339309
9781015340268
9781015342316
9781015323773
9781015323834
9781015276598
9781015276840
9781015278530
9781015278622
9781015338470
9781015236660
9781015237612
9781015251182
9781015251328
9781015253599
9781015253612
9781015253742
9781015255678
9781015243057
9781400352999
9781015336643
9781015338081
9781015267442
9781015268067
9781015269026
9781015269224
9781015250482
9781015251120
9781015188969
9781015243071
9781400355730
9781015296794
9781015298095
9781015298231
9781015299702
9781015286146
9781015286641
9781015238183
9781015238985
9781015249097
9781015239647
9781015240643
9781015242241
9781015292345
9781015295001
9781015243736
9781015245730
9781015246164
9781015246256
9781015247208
9781015239418
9781015099388
9781015099524
9781015033412
9781015034082
9781015034693
9781015035652
9781015021372
9781015022003
9781014968111
9781015130982
9781014974457
9781014974471
9781014975645
9781015028821
9781015030084
9781015030152
9781014982490
9781014982926
9781014983848
9781014971418
9781015013278
9781015015180
9781015072800
9781015073616
9781015015807
9781015015906
9781015017276
9781015018372
9781015019515
9781015015326
9781015001077
9781015005235
9781015022126
9781015024359
9781015024885
9781015025097
9781015026766
9781015028036
9781015015241
9781015021358
9781014926531
9781014928788
9781014930460
9781014930927
9781014997982
9781014998231
9781014998859
9781014933010
9781014933461
9781014985835
9781014940322
9781014940674
9781014923295
9781014923790
9781014924261
9781014947420
9781014947796
9781014948311
9781014949165
9781014938930
9781014986504
9781014963437
9781014965530
9781014967060
9781014991508
9781014992345
9781014992383
9781014996862
9781014997876
9781014925602
9781014979025
9781014979162
9781015075139
9781015077140
9781015000469
9781015000773
9781015000995
9781014986610
9781014990549
9781014991393
9781014977748
9781015134904
9781015085091
9781015086630
9781015087293
9781015089174
9781015090125
9781015090217
9781015080980
9781015082106
9781015013032
9781015095762
9781015095779
9781015096875
9781015097797
9781015098091
9781015084025
9781015084780
9781015175150
9781015175532
9781015094321
9781015131248
9781015131446
9781015134218
9781015117952
9781015118096
9781015224520
9781015225367
9781015141568
9781015142022
9781015134461
9781015148314
9781015126732
9781015127272
9781015082151
9781015082403
9781015083325
9781015083356
9781015083554
9781015083912
9781015145214
9781015057012
9781015058774
9781015064331
9781015066526
9781015072084
9781015072619
9781015049048
9781015051089
9781015137004
9781015099586
9781015078802
9781015079342
9781015080768
9781015080928
9781015056114
9781015056800
9781015006867
9781015007154
9781015011007
9781015140097
9781015100855
9781015101999
9781015102484
9781015093485
9781015094062
9781015037717
9781015038561
9781015038646
9781015039643
9781015037625
9781015044623
9781015098848
9781015099173
9781015051331
9781015051348
9781015053120
9781015053410
9781015054295
9781015055636
9781015037021
9781015042001
9781403353801
9781403353856
9781403354228
9781403354280
9781403354372
9781403354624
9781403355089
9781403387004
9781403387349
9781015324169
9781403356963
9781403357397
9781403357809
9781403358646
9781403359926
9781403337252
9781403338037
9781403338167
9781403338464
9781403356147
9781403375841
9781403375872
9781403376183
9781403345462
9781403345530
9781403345660
9781403345677
9781403345813
9781403346476
9781403353191
9781403347565
9781403349408
9781403350398
9781403350824
9781403350848
9781403351715
9781403351883
9781403352187
9781403352866
9781403347114
9781403343628
9781403343635
9781403343932
9781403343970
9781403344755
9781403344823
9781403332714
9781403332912
9781403333216
9781403338723
9781403333384
9781403333476
9781403333544
9781403333575
9781403333612
9781403333629
9781403333803
9781403333926
9781403334084
9781403333377
9781403338891
9781403339003
9781403339034
9781403339065
9781403339089
9781403339102
9781403339393
9781403339447
9781403339904
9781403372758
9781403340122
9781403340191
9781403340450
9781403340504
9781403340610
9781403341129
9781403341471
9781403341525
9781403342553
9781403372338
9781403340054
9781403376237
9781403376299
9781403376381
9781403376527
9781403376640
9781403376718
9781403377296
9781403377951
9781403378163
9781403375124
9781403378514
9781403379023
9781403379405
9781403380395
9781403381422
9781403381880
9781403381996
9781403382368
9781403384331
9781403378408
9781403398840
9781403398918
9781403399564
9781403399571
9781406704624
9781406704983
9781406705379
9781406707137
9781406710618
9781406730982
9781406711875
9781406714784
9781406739350
9781406900880
9781406724363
9781406725445
9781406728309
9781406728644
9781406729245
9781406710656
9781403364326
9781403364340
9781403364517
9781403364746
9781403365743
9781403366061
9781403366153
9781403366511
9781403367754
9781403384508
9781403369123
9781403369239
9781403369956
9781403371720
9781403371850
9781406715828
9781406720464
9781403372789
9781403374318
9781403368904
9781403384638
9781403385284
9781403385376
9781403386953
9781406787375
9781406787825
9781403387974
9781403389657
9781403391001
9781403363848
9781403392312
9781403392756
9781403360021
9781403360137
9781403360724
9781403362353
9781403362582
9781403363084
9781403363466
9781403363534
9781403391209
9781403308306
9781403308412
9781403308603
9781403309136
9781403331151
9781403331359
9781403312198
9781403312242
9781403312983
9781403334169
9781403313706
9781403313966
9781015348813
9781015350892
9781015352025
9781015352315
9781015356801
9781015358102
9781403309518
9781403313164
9781403300850
9781403302137
9781403302403
9781403302649
9781403302786
9781403304063
9781403304278
9781403304537
9781403304841
9781403307064
9781403305169
9781403305596
9781403306128
9781403306234
9781403306531
9781403306876
9781403306975
9781403306999
9781403307033
9781403304902
9781403300812
9781015369337
9781398253759
9781015305014
9781015305342
9781015305403
9781015305540
9781015305656
9781015305663
9781403311023
9781400350018
9781015310872
9781015311022
9781015311145
9781015311657
9781015316911
9781015317888
9781015300194
9781015304284
9781400345748
9781015360242
9781015362031
9781015363847
9781015365391
9781015366275
9781015366879
9781015343269
9781015344853
9781398452541
9781403300546
9781399837644
9781399970594
9781399989107
9781400340354
9781015359123
9781015359970
9781403320285
9781403320704
9781401036041
9781403300324
9781399629553
9781403323873
9781403325396
9781403325860
9781403326065
9781403327499
9781403327802
9781403327932
9781403327987
9781403328144
9781403322753
9781403328588
9781403328700
9781403328854
9781403328885
9781403329240
9781403329691
9781403329844
9781403329899
9781403330079
9781403328557
9781403334220
9781403334367
9781403334640
9781403334718
9781403334831
9781403335111
9781403335302
9781403335524
9781403335579
9781403323392
9781403355812
9781403355959
9781403335937
9781403336088
9781403336156
9781403336293
9781403336316
9781403337191
9781403322937
9781403322999
9781403335760
9781403318336
9781403318879
9781403318947
9781403319036
9781403319081
9781403319128
9781403319227
9781403319319
9781403319722
9781403330383
9781403319869
9781403319951
9781403335784
9781403335807
9781403321756
9781403322005
9781403322241
9781403322425
9781403322739
9781403319784
9781403330451
9781403342621
9781403343420
9781403331496
9781403331656
9781403331724
9781403332042
9781403332493
9781403332615
9781403317544
9781403314802
9781403314963
9781403315151
9781403315878
9781403315922
9781403316226
9781403316684
9781403316691
9781403316721
9781403316905
9781403314512
9781014458469
9781014415417
9781014415639
9781014415714
9781014463760
9781014465184
9781014466488
9781014466983
9781014467096
9781014950222
9781014420176
9781014421692
9781014414052
9781014414304
9781014414700
9781014415028
9781014415257
9781014427137
9781014427168
9781014420121
9781014442055
9781014442086
9781014442352
9781014445834
9781014446176
9781014460899
9781014460905
9781014461254
9781014447876
9781014458148
9781014448521
9781014449061
9781014449207
9781014540621
9781014540690
9781014470911
9781014456441
9781014456502
9781014457325
9781014448132
9781014397461
9781014397669
9781014398055
9781014385345
9781014385482
9781014385710
9781014385857
9781014386182
9781014402172
9781014427519
9781014402578
9781014391865
9781014394002
9781014394200
9781014396396
9781014397263
9781014467799
9781014469267
9781014410818
9781014402400
9781014416537
9781014418081
9781014418456
9781014419545
9781014419835
9781014506696
9781014507617
9781014440464
9781014422118
9781014436542
9781014425775
9781014426772
9781014427090
9781014386403
9781014386670
9781014390462
9781014430120
9781014433725
9781014435491
9781014436306
9781014423719
9781014512802
9781014514103
9781014529350
9781014530103
9781014530462
9781014515896
9781014517319
9781014521934
9781014522320
9781014456267
9781014596703
9781014597281
9781014540836
9781014523785
9781014523877
9781014524461
9781014525031
9781014526236
9781014473004
9781014522436
9781014572578
9781014553331
9781014553607
9781014555151
9781014555465
9781014556691
9781014514462
9781014515124
9781014515636
9781014511508
9781014561404
9781014563293
9781014563743
9781014565013
9781014522559
9781014522641
9781014523075
9781014509970
9781014510082
9781014559593
9781014478627
9781014567741
9781014570185
9781014508560
9781014486578
9781014486905
9781014487612
9781014488190
9781014489678
9781014473615
9781014447142
9781014447814
9781014499295
9781014500038
9781014502094
9781014503022
9781014505347
9781014450234
9781014454805
9781014446992
9781014474858
9781014533623
9781014534118
9781014535269
9781014537362
9781014539342
9781014480552
9781014485090
9781014485342
9781014478245
9781014471260
9781014472281
9781014472953
9781014472984
9781014493675
9781014494283
9781014496447
9781014475800
9781014477200
9781014477620
9781014471086
9781014253774
9781014307859
9781014310460
9781014310620
9781014313607
9781014315007
9781014259325
9781014261861
9781014262677
9781014400208
9781014249487
9781014249500
9781014250070
9781014250254
9781014267160
9781014271150
9781014271266
9781014254771
9781014255204
9781014249401
9781014285409
9781014287434
9781014304377
9781014304544
9781014305787
9781014292254
9781014293831
9781014295224
9781014296641
9781014251312
9781014381750
9781014382412
9781014318541
9781014300379
9781014301369
9781014301758
9781014302168
9781014303516
9781014250315
9781014296740
9781014207944
9781014208767
9781014209498
9781014210784
9781014213761
9781014233646
9781014233929
9781014234674
9781014216793
9781014256300
9781014223876
9781014225221
9781014225689
9781014315304
9781014317742
9781014248893
9781014228215
9781014228864
9781014229137
9781014220103
9781014256706
9781014259097
9781014353153
9781014354624
9781014280947
9781014263292
9781014263766
9781014264916
9781014265418
9781014228048
9781014213914
9781014214676
9781014216496
9781014273888
9781014274502
9780999005804
9781014278043
9781014279576
9781014227041
9781014227959
9781014265654
9781014372901
9781014375285
9781014359018
9781014359032
9781014360243
9781014361745
9781014362261
9781014437389
9781014438560
9781014285140
9781014367167
9781014367860
9781014368416
9781014368935
9781014369260
9781014328250
9781014329684
9781014330161
9781014375964
9781014383921
9781014400444
9781014401038
9781014401373
9781014401991
9781014357793
9781014357939
9781014358479
9781014403926
9781014404343
9781014369406
9781014405715
9781014407238
9781014365415
9781014365651
9781014366047
9781014355669
9781014355812
9781014356574
9781014356680
9781014357434
9781014404497
9781014355461
9781014337917
9781014340146
9781014341020
9781014342645
9781014343352
9781014288899
9781014290069
9781014290137
9781014376398
9781014349736
9781014349781
9781014350213
9781014352248
9781014296931
9781014298348
9781014299369
9781014282613
9781014284372
9781014348029
9781014379634
9781014379924
9781014380807
9781014335869
9781014336484
9781014337054
9781014318824
9781014319203
9781014322067
9781014410061
9781014327093
9781014344977
9781014347169
9781014347237
9781014331397
9781014332462
9781014333223
9781014333438
9781014334220
9781014407733
9781014325648
9781014836243
9781014837691
9781014808431
9781014812926
9781014819710
9781014820372
9781014741141
9781014741646
9781014742926
9781014629739
9781014829764
9781014830210
9781014833341
9781014833921
9781014749512
9781014749536
9781014749611
9781014750181
9781014739469
9781014744098
9781014878182
9781014879370
9781014800824
9781014803801
9781014803856
9781014806192
9781014775290
9781014779441
9781014782694
9781014918697
9781014822932
9781014825490
9781014825766
9781014828835
9781014789167
9781014794604
9781014799876
9781014800084
9781014914682
9781014784810
9781014717726
9781014767011
9781014767837
9781014771407
9781014771773
9781014725615
9781014725943
9781014726094
9781014726711
9781014739995
9781014711144
9781014711250
9781014711823
9781014728203
9781014728371
9781014728890
9781014729217
9781014720993
9781014722188
9781014710123
9781014740373
9781014740854
9781014759665
9781014763082
9781014765215
9781014766830
9781014745590
9781014747129
9781014747587
9781014716620
9781014879462
9781014880185
9781014773289
9781014774224
9781014751980
9781014752437
9781014755070
9781014755704
9781014713797
9781014714596
9781014748676
9781014900555
9781014902245
9781014903488
9781014904270
9781014884244
9781014885067
9781014887917
9781014909343
9781014910035
9781014876034
9781014912206
9781014912862
9781014896292
9781014896377
9781014896711
9781014999825
9781015000384
9781014920058
9781014921932
9781014911889
9781014931566
9781014932556
9781014932976
9781015031098
9781015032316
9781014962003
9781014962331
9781014962539
9781014944573
9781014898371
9781014947321
9781014890016
9781014892904
9781014894243
9781014894427
9781014895967
9781014950635
9781014956118
9781014957306
9781014944719
9781014870797
9781014872555
9781014874818
9781014852069
9781014852816
9781014853646
9781014960603
9781014961198
9781014880673
9781014923134
9781014883865
9781014862549
9781014865328
9781014867193
9781014786531
9781014787392
9781014788221
9781014788689
9781014875662
9781014882875
9781014905321
9781014906007
9781014908322
9781014842268
9781014843142
9781014843784
9781014845146
9781014848512
9781014913302
9781014868817
9781014913975
9781014854452
9781014854629
9781014854902
9781014860293
9781014862099
9781014838933
9781014839503
9781014841179
9781014868244
9781014913340
9781014619655
9781014620323
9781014620804
9781014578068
9781014578457
9781014579799
9781014622365
9781014622402
9781014623058
9781014722331
9781014624635
9781014583246
9781014585622
9781014586247
9781014572813
9781014573209
9781014573834
9781014574442
9781014576644
9781014623942
9781014616586
9781014617163
9781014597946
9781014599599
9781014599964
9781014600318
9781014600561
9781014620972
9781014621764
9781014619525
9781014610270
9781014610973
9781014612243
9781014612625
9781014615039
9781014703088
9781014703774
9781014630186
9781014618689
9781014622150
9781014595430
9781014596543
9781014551085
9781014551856
9781014552808
9781014541369
9781014541734
9781014541840
9781014544636
9781014589118
9781014557568
9781014558459
9781014558756
9781014547569
9781014548375
9781014548801
9781014550576
9781014550651
9781014629111
9781014544780
9781014589149
9781014591494
9781014580047
9781014580122
9781014581976
9781014582034
9781014582256
9781014664778
9781014666345
9781014594815
9781014586575
9781014586759
9781014586858
9781014587763
9781014588173
9781014545626
9781014545701
9781014547293
9781014592491
9781014592798
9781014597892
9781014667557
9781014667922
9781014669667
9781014670038
9781014692542
9781014693228
9781014696922
9781014697325
9781014672681
9781014615626
9781014676368
9781014676658
9781014772282
9781014772923
9781014703828
9781014707697
9781014683199
9781014683557
9781014686947
9781014674067
9781014723048
9781014834409
9781014836175
9781014735300
9781014736970
9781014727022
9781014727121
9781014727831
9781014728159
9781014681454
9781014670793
9781014672001
9781014672094
9781014730671
9781014730701
9781014731579
9781014732576
9781014678638
9781014679765
9781014679925
9781014670618
9781014640574
9781014642127
9781014642189
9781014732804
9781014733962
9781014666482
9781014651921
9781014651976
9781014652737
9781014692214
9781014656223
9781014603661
9781014606327
9781014609694
9781014659828
9781014660664
9781014662248
9781014663986
9781014664747
9781014654694
9781014635570
9781014637451
9781014637963
9781014698698
9781014699268
9781014700292
9781014700902
9781014702548
9781014646965
9781014639868
9781014650672
9781014631411
9781014631619
9781014632203
9781014633446
9781014633583
9781014656988
9781014657787
9781014659255
9781014638663
9781014647917
9780980900989
9780981550992
9780981029429
9780981029436
9780981029443
9780981143637
9780981180717
9780981184708
9780981205564
9780998821030
9780981310169
9780981312385
9780981471105
9780981506081
9780981509914
9780981520285
9780981542188
9780979897320
9780981555386
9780982767245
9780982142554
9780982153048
9780982208830
9780982231333
9780982237212
9780980921601
9780982265642
9780982273401
9780982292419
9780980872941
9780982336977
9780982342343
9780982356159
9780981243610
9780982402009
9780982409237
9780980734324
9780980734409
9780980785906
9780982333266
9780982384435
9780980067446
9780980067477
9780980122855
9780980147025
9780980151312
9780980170894
9780980174304
9780979229367
9780981565866
9780980189889
9780980227888
9780980248012
9780980248029
9780980387070
9780980391008
9780979412608
9780980610116
9780980727753
9780980174342
9780981572062
9780981689029
9780981722146
9780981744612
9780981744643
9780980013061
9780981744674
9780981745046
9780979836022
9780980010824
9780979863868
9780979863899
9780979888366
9780980174335
9780979899294
9780979908897
9780979923043
9780979924781
9780979981630
9780979993244
9780979858529
9780982994528
9780982997536
9780982474174
9780983041009
9780983052913
9780983073550
9780983073567
9780983078371
9780983130604
9780982123034
9780982592557
9780983175100
9780983194514
9780982449875
9780982454107
9780982455906
9780982456903
9780982468647
9780982699447
9780983130611
9780983550662
9780982784310
9780982809204
9780982809235
9780982837993
9780982857823
9780983039389
9780982882900
9780982917008
9780982992067
9780982931684
9780982934531
9780982940471
9780982941362
9780983994503
9780982971284
9780982977606
9780982977644
9780982977651
9780982931639
9780982763612
9780982030738
9780982771488
9780982780596
9780981747453
9780981756363
9780981809014
9780981813547
9780981827520
9780982488287
9780981844268
9780981847061
9780981851822
9780981973227
9780982005163
9780982005170
9780982025598
9780983161127
9780982060926
9780982242377
9780982491607
9780982535431
9780982537589
9780982551189
9780982552353
9780982560310
9780983527701
9780982624418
9780982624432
9780982761250
9780982635513
9780982638415
9780982638439
9780982662243
9780981835303
9780982706893
9780982711408
9780982714928
9780982735114
9780982760949
9780982627235
9780976376095
9780976383277
9780976415428
9780976512608
9780976615828
9780976722403
9780976756484
9780979108037
9780976780403
9780979108747
9780976841784
9780976851813
9780976851844
9780976851851
9780976874294
9780975635483
9780976932482
9780976943051
9780976967842
9780976829805
9780977722624
9780977743919
9780977789962
9780976343813
9780977887439
9780977904075
9780977955053
9780977961917
9780977984350
9780976911937
9780978192310
9780976776291
9780978269449
9780978355036
9780976193630
9780976227625
9780976257974
9780976291077
9780976306542
9780978095390
9780975646755
9780975646793
9780975650332
9780975653715
9780975653807
9780975660928
9780974969404
9780975667217
9780975669730
9780976982326
9780975781845
9780975890363
9780975895436
9780975971734
9780975442180
9780976132264
9780976155997
9780974646428
9780974646435
9780975696996
9780976982333
9780976982456
9780977074921
9780975644935
9780977164813
9780977191611
9780975628850
9780975630525
9780975631263
9780975645611
9780975631287
9780975661802
9780975637975
9780975637999
9780975640548
9780975641408
9780975641514
9780975642207
9780975642375
9780978258597
9780975631270
9780978556853
9780979611780
9780979648212
9780979684494
9780979721557
9780979735813
9780979735820
9780979746598
9780978690670
9780977699353
9780979807183
9780978355043
9780978355050
9780978531454
9780978540708
9780978550943
9780978949907
9780978569525
9780978629113
9780979771767
9780979108792
9780979118418
9780979156052
9780979164354
9780979611773
9780979335815
9780979335839
9780979346712
9780979381713
9780979594571
9780979400674
9780979400698
9780981744650
9780979422140
9780979441608
9780979456206
9780979457296
9780979481529
9780979524868
9780979381720
9780979108051
9780979108099
9780977191635
9780977191673
9780977241255
9780977256334
9780977336500
9780977851454
9780977336555
9780978654122
9780977342167
9780977342181
9780977353538
9780977423163
9780977466221
9780979746697
9780977640737
9780977678754
9780977699315
9780977336579
9780978679804
9780978681548
9780978681555
9780978681593
9780980494181
9780978779849
9780978801243
9780978812850
9780978835064
9780977584437
9780978901318
9780978930363
9780977336548
9780978963170
9780979010644
9780979019944
9780979044908
9780979044915
9780979044946
9780979084447
9780978839031
9780986231766
9780985699437
9780985732707
9780985737238
9780985748081
9780985754983
9780985939564
9780985781224
9780985787806
9780983533245
9780985789121
9780985795627
9780985823269
9780985828219
9780986416798
9780985849443
9780985858933
9780985883393
9780985887636
9780985789107
9780986101045
9780986107122
9780987393005
9780986110733
9780986112225
9780986115905
9780986118821
9780986118838
9780986133404
9780986229060
9780985779832
9780986140143
9780986151941
9780986153068
9780986174285
9780986195532
9780986199141
9780986213526
9780985841119
9780986134043
9780985390730
9780985399634
9780985416034
9780985416058
9780985424169
9780986217500
9780985438968
9780985438999
9780985440008
9780985902803
9780985490515
9780985494513
9780985495725
9780984903023
9780985526443
9780985528447
9780985583507
9780985613969
9780985613983
9780985441906
9780985908058
9780985925642
9780985367930
9780985957230
9780985960131
9780985971311
9780985975210
9780985975258
9780985996475
9780985380694
9780985424701
9780986001321
9780986021244
9780985268091
9780985271312
9780985322533
9780985327637
9780985343811
9780985504397
9780985372729
9780985996482
9780986845291
9780986875830
9780986964732
9780986964787
9780987127303
9780987162243
9780987162267
9780986268342
9780987186614
9780986090912
9780987262769
9780987274328
9780987314246
9780987352316
9780987357908
9780986297823
9780987401175
9780987418807
9780986235825
9780987232397
9780987858061
9780987858092
9780987887320
9780986830747
9780987909473
9780987910660
9780986437120
9780986440434
9780986472565
9780988315075
9780986538674
9780987186607
9780986610042
9780986670336
9780986683404
9780986702587
9780986707919
9780986759352
9780986795039
9780986485022
9780986353987
9780986363085
9780986381522
9780986385513
9780986396557
9780986409622
9780986110726
9780986433009
9780986436482
9780986240331
9780986053962
9780986053979
9780986058462
9780986068508
9780986139017
9780986068560
9780986068669
9780986077159
9780986090905
9780986042621
9780986267406
9780986267581
9780986267598
9780986349744
9780986272042
9780986278327
9780986283444
9780986294518
9780986296031
9780986350764
9780986297359
9780987892218
9780986299605
9780986302657
9780986315619
9780986317873
9780986326561
9780986334511
9780986339608
9780986068539
9780986296079
9780983614586
9780983620518
9780983640233
9780983927150
9780983674092
9780983680321
9780983718260
9780983737995
9780983746133
9780985665739
9780983776475
9780984870066
9780983799580
9780983813781
9780983825982
9780983827054
9780983837619
9780983850809
9780983857556
9780983764724
9780984198474
9780984199266
9780984228713
9780984237111
9780984258666
9780984332687
9780984347599
9780983640240
9780984364343
9780983589303
9780984382774
9780984459612
9780984467648
9780984471188
9780984534296
9780983776895
9780984577996
9780984585090
9780983571728
9780984367009
9780983392675
9780983405245
9780984561636
9780983433316
9780983446200
9780983461005
9780983461012
9780983461029
9780983461043
9780983323976
9780982871317
9780983486626
9780983491408
9780983504030
9780983512059
9780983517566
9780983525202
9780983525394
9780982946718
9780983465027
9780983927198
9780983928447
9780983933809
9780983941262
9780983947011
9780983971634
9780983994114
9780983413745
9780983994527
9780983380689
9780983194606
9780983202127
9780983241126
9780983285717
9780983322184
9780983483229
9780983331711
9780983348610
9780983361626
9780983376774
9780983994572
9780985061517
9780985093129
9780985097912
9780985098285
9780984653300
9780985134372
9780985138080
9780985151485
9780985163525
9780985241551
9780985198060
9780985209759
9780984718528
9780985242275
9780985253714
9780984588824
9780984590100
9780984608188
9780984638628
9780985194352
9780985677404
9780985007485
9780985696863
9780985697464
9780984894291
9780984894697
9780984898015
9780984898084
9780984898725
9780985061258
9780984904082
9780984912322
9780984936564
9780984973330
9780984996711
9780985001506
9780985006563
9780985999100
9780985026387
9780985035983
9780985126889
9780984822904
9780984854035
9780984855704
9780984167500
9780984877270
9780984890651
9780983995258
9780984004010
9780984009909
9780984641260
9780984045938
9780984352449
9780984049820
9780984052714
9780984078615
9780984078684
9780984139255
9780984147311
9780984162499
9780984015801
9780984767984
9780984658145
9780984658503
9780984662517
9780984666546
9780984675753
9780984686421
9780984687282
9780985691226
9780984800094
9780984749010
9780984749027
9780984755929
9780984757152
9780984757169
9780984757176
9780984049806
9780984774258
9780984780709
9780984799312
9780984738229
9780916589271
9781009738378
9781009446983
9781439081754
9780980541984
9780866475938
9781009660570
9781009221245
9781009498609
9780974741796
9781009647878
9780859767422
9780990371724
9781009707664
9781009298322
9781446542873
9781446544587
9781446604922
9781446605875
9781009630108
9781399545228
9781009417419
9781009608114
9781009619523
9781009633895
9781009635271
9781009639354
9781009673716
9781009675482
9780915391394
9781014330291
9781425479022
9780998348452
9781434410764
9781421453668
9781406911022
9780857306241
9781009636926
9780893030001
9781009614115
9781447411307
9781447412328
9781446767818
9781446768563
9781446770559
9781446708354
9781009300902
9781009358781
9781009417334
9781447410768
9780949578716
9781009466578
9781009627696
9781009740043
9780853186403
9780934375825
9780857507341
9781009329040
9781009358811
9781009651363
9781447410782
9781447410836
9781447402893
9781447406587
9781447406617
9781447406662
9781447407430
9781447412410
9781447412465
9781447411260
9781447409205
9781447409298
9781447410034
9781447410133
9781447410560
9781446736654
9781446738221
9781446739600
9781447410898
9781447411239
9781447412496
9781009405584
9781009461283
9781009632782
9781421454658
9781009550222
9781009643092
9781009697521
9781009589352
9781009685047
9781009675369
9781009223201
9781009289481
9781009325899
9781009372411
9781009393614
9780857069955
9780857421821
9780857423528
9781009671354
9781009842464
9780852447888
9780852449943
9780853183051
9780853184492
9780853186342
9780943283708
9780853617716
9780853986874
9780854328659
9781009439435
9780854958566
9780854958726
9780857061201
9781009730518
9781009417945
9781009498449
9781421454580
9781421453729
9781009435079
9780854883233
9781009527217
9781009618328
9781009564922
9781009583701
9781009660631
9781009705257
9781009420242
9781009433754
9781009518765
9781009747431
9781009569392
9781009592413
9781009605847
9780861967575
9781009627290
9781009634243
9781009642972
9781009645492
9781009658867
9781009535335
9781009658287
9781009660525
9781009376358
9780880390774
9781443475822
9781009515719
9781009611084
9781009613736
9781009712774
9781009500135
9781009547185
9781009319898
9781009342957
9781009364010
9781009344913
9781009420303
9781009431002
9781009446587
9781009461047
9781009488754
9781009505123
9781446663806
9781446674550
9781009400053
9781009625760
9780997400199
9781446681671
9781446682791
9781446687031
9781446687741
9781009446945
9781420530551
9789383076062
9788178623740
9788178623788
9781009447027
9781446518571
9781446518731
9781446518786
9781446519455
9781446688182
9781435173415
9788126306213
9788131901816
9788131902059
9788178623672
9781009055079
9781446677049
9781446678497
9781446679463
9781446658987
9781446609880
9781446615959
9781446630716
9781446634820
9781446688304
9781446695555
9781446700808
9781446646526
9781446654774
9781446609514
9780955247392
9780956307088
9780975623046
9780978556877
9781009669023
9780986437779
9780993560774
9781009402583
9781009421874
9781446519561
9781009481779
9781009496155
9781009740708
9781009543712
9781009570879
9781009613453
9781009621632
9781009622066
9781009649810
9781009479455
9781446520239
9781009348690
9781446517017
9781446517093
9788181432582
9788182881679
9788182882058
9788182882515
9780937266038
9780952731177
9780853617778
9780857111456
9780859767415
9780859767460
9780878720750
9780887487293
9781446523919
9781009506007
9780933775442
9780950791524
9780980239577
9781399210768
9781439927618
9781435487802
9781445144818
9780870652844
9780948153273
9781407606699
9780888903808
9780980757903
9781421455075
9781009272353
9781009326346
9781446785935
9781446789735
9781446792155
9781446749647
9781446750216
9781446755167
9781446756256
9781009180764
9781419786082
9781009611862
9781009015233
9780852726501
9780994296245
9781009685443
9781446294345
9781009436946
9781009632768
9780865425637
9781009813273
9781009670241
9781009108348
9780977402427
9781009487771
9781009546744
9781009588102
9781009590914
9781009634069
9781009705134
9780979898303
9781419771125
9781009672054
9781009673167
9781009698443
9781009699754
9781009704601
9781009706834
9781009709798
9781446764831
9781009782104
9781009813297
9781009821377
9781399210799
9781399219365
9781407613611
9781408721490
9788190607223
9781421454184
9788178623702
9781446798232
9781446798935
9781447084280
9781446771419
9781446775592
9781446776896
9781446781524
9781446782668
9781446608043
9780906227404
9781446608890
9781446792728
9781446793855
9781446793992
9781446794241
9781446794920
9781446638972
9781446641910
9781446645680
9781446542828
9781446608517
9780965118682
9780965118699
9780965183567
9780965313636
9780965316415
9780974512440
9780965452328
9780965724555
9780965762625
9780852447833
9780966212471
9780966395136
9780967048420
9780960049127
9780967213668
9780967233970
9780967281988
9780967351513
9780967572932
9780966170948
9780970711755
9780965118620
9780970816382
9780970827982
9780970831071
9780970880901
9780970947963
9780970997630
9780971029217
9780965118675
9780971086982
9780971151772
9780964351905
9780964351912
9780964430495
9780964471115
9780964505643
9780967213637
9780965118651
9780965394963
9780962608704
9780962926167
9780962983207
9780963008572
9780957196711
9780963509741
9780963570642
9780963591937
9780963591944
9780967726038
9780963827975
9780963878427
9780957502383
9780964189492
9780964233935
9780957016729
9780957058224
9780957062191
9780957063372
9780963703583
9780967917368
9780960130511
9780968288542
9780968441336
9780960029921
9780960029938
9780960038114
9780960038329
9780960039708
9780961758851
9780960057313
9780960075560
9780960087525
9780960092109
9780960118793
9780960122325
9780960125524
9780971052734
9780960255238
9780961449643
9780963056955
9780975613849
9780975620038
9780975623701
9780975625347
9780975625514
9780975627334
9780972648363
9780975628232
9780975628843
9780970580771
9780971365445
9780971547445
9780971575172
9780971645387
9780974055930
9780971759947
9780971871458
9780971945852
9780971992436
9780971290570
9780974757353
9780974938752
9780975611050
9780974987958
9780975201756
9780975273708
9780975300824
9780975309568
9780975309575
9780975613801
9780977136148
9780975446126
9780975485156
9780975511046
9780975583173
9780975610220
9780975610244
9780975611012
9780971651593
9780975383292
9780968946336
9780969122845
9780969624868
9780969800323
9780969800330
9780970803160
9780969800354
9780969800378
9780970090614
9780972161428
9780970348289
9780970348296
9780970381743
9780975627518
9780970428097
9780970437334
9780970461889
9780970500359
9780970551078
9780970188151
9780972178631
9780972269421
9780976091127
9780972662833
9780972794923
9780972815031
9780973468045
9780973651478
9780973651492
9780974550602
9780969800347
9780974069333
9780974082707
9780974197364
9780974346946
9780974357140
9780974379098
9780974393728
9780970392343
9780974512488
9780973931242
9780916182151
9780916539054
9780956928580
9780931872174
9780931872204
9780931872228
9780931872235
9780932436337
9780932624345
9780957084513
9780874835700
9780939122943
9780940123052
9780940923126
9780941028554
9780941028578
9780941028585
9780942702873
9780883822531
9780936273600
9780955682407
9780955686504
9780955688409
9780955825453
9780955848728
9780955855603
9780931144646
9780955948343
9780955978159
9780916174804
9780907282594
9780907282693
9780907282785
9780910355636
9780937912614
9780912868462
9780914303053
9780914303077
9780915960033
9780904373219
9780892254354
9780894730542
9780894960543
9780857829351
9780857061973
9780857062048
9780857062451
9780857065506
9780857069436
9780943584003
9780903908139
9780893084721
9780893343019
9780893344795
9780893344931
9780893348533
9780893704162
9780857061904
9780852447192
9780899239941
9780944602096
9780862325343
9780863569791
9780866905404
9780866906982
9780871401984
9780893084080
9780875110240
9780876121337
9780890136935
9780879073381
9780880196086
9780881236743
9780882149820
9780955914522
9780888152541
9780888153098
9780888397805
9780888397843
9780888397980
9780876392324
9780958123693
9780958163385
9780958796897
9780956157904
9780960022939
9780960023738
9780955983306
9780955985218
