9789380619460
9789354427268
9789384376611
9789382563822
9788192723297
9789367257722
9789381868782
9789367255605
9788120744387
9788120740860
9781730109607
9781446788851
9788184352702
9788125015918
9788125007692
9788123779454
9788181468260
9788122312041
9788178694320
9788122311112
9780143099659
9788123724287
9788123771915
9788123770475
9780992285791
9788125034285
9789351762614
9788173710261
9788170462309
9788131216224
9788126318704
9789381867327
9788184081121
9788183822503
9788183821193
9788183225199
9788183220040
9788182963269
9789352752331
9780980843507
9789381867334
9781426973598
9789367254813
9789352768370
9789839604467
9788178695105
9788178694986
9788172760823
9788195983797
9788171851645
9780995288973
9780997548792
9781009526159
9781426920608
9780998504025
9781006617379
9788125918608
9789385152689
9789384028282
9789382618201
9780198408444
9780198395799
9780190137038
9788122203127
9788121935258
9788121932295
9788121931236
9780953143337
9789699903021
9788122200430
9788178694696
9788125063346
9788125018506
9788125055600
9788125052241
9788125033738
9788123700175
9780980345575
9780979441646
9780974163871
9780957666597
9788125020943
9781009307116
9788131908686
9781009292894
9781009453738
9788120311268
9788183820769
9780143103004
9780143030898
9780143334293
9780143460862
9780143332329
9780143331810
9780143331643
9789815204131
9780143477990
9780143444794
9780143465324
9780143445302
9780143334699
9780143414124
9780143419990
9780143420712
9780143427209
9780143441021
9780143467175
9781513656090
9780143467267
9780143467229
9780143467199
9780143471530
9780143471431
9780143476429
9780143476290
9780143468271
9789361134500
9788176554961
9780143478041
9780143468134
9780143460886
9789388372244
9780143332510
9780143442943
9789815204186
9789815368178
9780007282463
9781620553558
9788172343590
9788184778274
9789352755677
9789353490966
9789815202342
9789815202625
9781513653488
9780143465362
9781509849079
9780892816934
9780144000661
9780143481508
9780143481485
9780143465461
9780143465379
9780143463825
9780143464419
9780143464426
9780143464679
9780143465041
9780143465089
9780143478027
9780143461838
9780143468110
9780143456353
9780143454830
9780143456742
9780143456377
9780143449201
9789389575002
9789357292214
9789370787001
9789359482231
9789387286207
9789349217522
9780486323923
9781760343026
9780070145832
9789814729024
9789351037583
9789389297744
9789351034414
9780190131791
9789362836717
9788181469267
9789350460610
9788180400742
9788181469083
9788182746930
9788176062947
9788183611237
9788184080339
9788194049449
9789385665196
9788900123937
9789386791276
9788119421268
9789354094767
9788168713208
9780199476152
9789358864670
9788121941860
9781447377443
9789385929359
9780971871731
9780980750232
9781009215824
9781730160707
9781447858607
9781446787373
9781433181726
9781009701525
9788172292331
9788125033516
9788126309986
9780995147751
9788123743363
9788170521921
9788175300538
9781407315294
9789381887424
9789381703342
9789381438695
9789354421020
9780889778221
9781009710961
9781009054454
9780007446421
9781009322331
9788121926393
9781009645508
9789350070260
9788125039174
9788182963252
9781907793028
9788182963245
9788123715650
9788192447704
9789351030485
9781730161193
9781425956165
9781009169394
9781730168871
9780889776401
9780985749248
9789385243608
9788123761855
9788125003830
9788125003977
9780853186366
9789386392138
9788100001189
9798183280555
9798123913765
9789383283101
9788184956979
9789391256760
9788179046739
9788129101341
9788184954210
9789353526948
9789353528454
9789353528140
9789361567872
9789353529352
9788187563082
9788184953275
9789353525644
9789353520021
9788184575330
9788182960664
9789391021184
9789380896656
9789350485781
9788184300406
9788171103089
9789351864707
9789351867609
9789355183019
9788184300390
9788183227384
9780893892784
9789350481158
9789350480564
9789350002483
9788173159848
9788173702150
9788173159329
9789350484975
9788173158957
9788173158971
9789350484104
9789350484319
9789350481950
9789350482032
9789350485187
9789350480755
9788170552826
9788100002995
9789374119860
9780143456025
9781620553589
9788176552417
9789351032809
9788126122868
9781620553534
9780143470816
9789351039839
9789353495541
9789389297300
9789810775728
9780143421498
9780143423935
9780143463917
9781513635354
9780143414414
9780143063445
9780143473503
9780143472179
9780143472216
9789352759927
9788184778700
9788184778038
9781620553565
9781444952810
9780143335146
9780143331803
9780143456674
9780143471486
9780143100690
9780143103455
9780143473596
9780143428534
9780143476313
9780144001644
9780143476283
9788170704140
9789393304858
9789390231898
9781421453965
9788180565434
9788190705394
9780991153176
9780989128179
9788126315833
9780986541469
9781006367960
9780881732313
9780982605950
9789352876730
9788178121529
9780995069787
9780997147254
9789348178800
9780998885568
9780198089933
9788197220272
9789355776464
9789354097065
9788182960251
9788182963221
9788196058913
9788189293024
9788182964280
9788182963238
9789326351652
9788131901526
9788125059523
9788121939829
9780882291581
9788123721101
9789326351287
9788121925365
9789395689229
9789394061118
9788178121093
9789369577033
9781009526227
9788123764207
9780995777934
9781009563970
9788126017669
9781438769837
9781438781105
9781009625999
9780998172743
9781446670422
9781400335268
9788123779461
9781407360355
9781407390864
9788125005261
9780996628662
9781445779683
9788119478767
9788122200805
9788181464293
9788126315000
9789348178701
9788125037163
9788180142307
9788180401190
9788181377906
9781434899040
9780997919653
9780998096100
9780998139616
9780979022197
9781438782003
9780984038282
9780984629237
9789352340781
9789348178916
9789381520314
9789382560708
9789383111497
9789380617039
9789383606054
9780999838938
9781006367953
9789386631800
9789388820356
9780994024022
9781407353852
9789369571987
9789369576029
9788123769905
9788175971417
9789383606085
9789386345608
9789357364157
9789357366694
9789362833433
9789369571017
9788170704805
9788172314453
9789389590449
9788172701000
9788123766614
9788123768021
9788123769387
9789380427751
9789386046895
9788126440146
9780143330295
9780199476138
9788124116104
9798129107946
9789391626105
9789386600257
9789369579952
9788130919324
9789367256534
9789367254189
9789367255308
9789367255339
9789367250396
9789367256992
9788178122274
9789389018653
9789367259610
9788126301959
9789367255353
9789367257036
9789367257074
9789367254585
9789367250266
9780070606456
9788126407958
9789357294539
9789372900132
9788182746473
9789387477360
9788190843379
9789327275148
9789381997970
9788183611596
9783829023870
9788132116646
9788122204506
9788183223997
9788182961852
9788184300796
9788183554985
9789993302223
9788184971958
9788184971965
9788184971972
9780981349237
9780981835105
9788125015420
9788125002888
9788180561719
9788179916209
9788121933629
9780985539375
9788176760065
9788176760355
9788177221602
9788178692913
9780887407635
9780989971355
9780989883467
9780989373937
9780991555635
9780940490468
9780964659476
9780980883923
9788184971941
9780988533417
9780340849743
9780989263979
9780997473896
9780998706023
9780998800479
9781006608179
9781423425885
9781423403418
9781418489571
9788175053472
9788170421221
9781407361017
9788184971736
9789348660039
9788195117703
9788194675341
9788190381529
9788120722460
9781449648015
9788184976168
9788184971996
9788184971828
9788184971811
9788123766867
9788123764795
9788123755311
9788123738741
9789352876808
9789351628088
9788122204698
9789382363316
9788184971798
9789394061149
9788123733258
9781423494614
9788123798226
9781452856124
9789380619200
9788186270011
9788125055853
9788190042291
9788185116587
9788173719035
9788176496872
9788180566301
9788125056065
9788120755727
9788121931304
9788121938341
9788121933728
9788122433630
9788123734965
9788170706229
9788125056058
9788170706236
9788181806604
9788170706212
9788170702290
9788126308965
9788131225585
9788125007487
9780195607703
9788170706243
9788171851027
9788171851294
9788125037156
9780907689706
9788122309317
9788120747760
9789380743622
9788125942702
9788120783454
9788120725584
9788130915050
9781447727583
9781447883135
9788131931127
9788131903353
9780835675154
9789380200217
9788184978223
9788187032830
9789381325513
9789381325520
9780722973806
9781446119631
9789351415466
9789392756443
9781407361352
9781407391205
9789354420894
9789354971549
9789354972829
9789362835338
9780990314035
9781438767154
9788181804600
9788182200364
9788179911693
9781845570293
9789381511596
9789382337447
9789350001561
9780852936917
9788192555720
9788175365049
9789354971396
9789354970009
9788170709725
9788123745329
9780983786290
9780987506566
9780988933064
9781438214320
9781730163050
9781438776071
9781438776156
9788121404266
9788121938044
9788121938051
9788122201864
9781407360478
9781447500360
9781449527914
9781450505284
9781451501148
9781452599137
9780996427760
9780997148626
9781438782140
9781440485848
9781441583659
9781445771007
9781433844317
9789391765279
9789391626648
9789350955062
9788172241148
9788180142000
9788131311004
9788119556250
9789380206394
9788184959499
9781722505875
9780144001378
9780143422273
9789812140807
9780143472261
9789386041692
9789354979590
9780190137182
9788123779768
9788176558181
9788125005193
9788121620161
9788178123240
9789353493578
9789353493066
9788178122243
9788193935507
9788178122472
9788178122588
9788178122281
9788176553131
9780143455578
9780143474258
9780143456322
9780448458021
9788125003069
9789388462846
9788171981236
9789357999700
9780187218528
9788188388615
9781107470101
9781009665971
9781433085277
9781433071423
9781432726232
9781423426615
9781419774119
9788126313112
9788125051763
9780992205126
9780992205119
9780991499434
9780990920007
9781009598644
9781009576970
9781009712781
9781009671453
9781009669542
9781009644631
9781433188930
9781009698702
9781009644273
9781009738392
9788190253437
9781009705233
9781009576352
9781407388649
9780992205133
9781445222769
9780992205140
9788120719866
9788123743301
9781009684286
9781447722519
9788172293239
9788172293307
9788172293352
9788172298081
9788123766577
9788175300484
9780989980449
9788178692319
9788180402128
9788131913369
9780954648459
9780979166969
9780872016644
9780989971300
9781419787638
9780988293946
9780995532380
9788170704072
9780996633468
9781438773841
9780997272642
9780997950564
9780997978131
9781006368318
9780985994976
9780988298101
9788125043720
9788175300545
9788170219590
9788172291471
9788190381598
9788172293079
9780907434290
9780863113680
9788126306244
9788125052043
9788172292263
9781438768076
9781433085635
9788126312986
9788126312115
9788126311736
9788126306992
9788172298890
9789348132772
9789326351928
9788198096708
9788197035579
9788192053462
9780997272628
9780979617058
9788126316199
9788188569458
9788185830315
9788182201040
9788170707394
9788125002727
9780195615722
9780852987940
9780854440832
9781237526761
9781009498593
9788126306558
9788126309979
9781009679091
9781009549059
9781009539302
9789394201125
9781009343909
9788170707387
9780854440863
9788178690940
9788126314522
9780930326180
9781433167270
9781451190441
9788170707400
9788126330669
9781237526754
9780859767187
9780981817491
9780981056814
9780979975264
9780982257012
9780985076108
9781009470315
9781009501033
9781009660600
9789350462089
9781009505109
9789353910068
9789380303536
9789384883010
9789384721916
9789385858918
9781009505994
9789367255728
9789367254004
9789367252154
9789367259573
9789367255889
9788172939328
9788177587111
9788188388554
9789350735619
9789387286269
9789387069114
9789383972432
9789387278974
9789350481738
9789350481745
9788170557715
9788170145240
9788173159039
9789350462171
9789348234179
9789353226183
9788185229300
9788178123196
9788184301878
9788184302790
9788186895962
9788186775400
9789386311764
9788173155031
9788173154898
9788178121697
9789354091445
9789350363089
9788121614832
9788121615068
9788121403825
9788123902210
9788125052555
9788125052067
9789382396314
9789381511848
9789351416272
9781419601446
9788190479912
9780991761296
9780991761289
9781009507318
9781009517362
9780991227631
9781009709354
9781423473602
9781009631570
9781009619714
9781009608121
9781009565745
9781009559010
9788123759128
9780999893951
9781407389288
9781407315553
9781009813440
9781438709376
9781430312314
9781426923845
9781450041348
9781423473664
9781009544412
9781009468190
9781009798129
9781006091698
9780988969216
9780988933057
9780988505841
9780997854817
9780997310115
9781448627776
9781009565622
9780994006608
9781009539586
9789393304308
9789392341748
9789386063397
9789384883072
9788170144199
9780996731232
9780982260043
9780981866970
9780991096183
9780991064847
9780990626039
9781009708272
9780956963307
9788184430417
9780900952098
9780851017228
9780195673388
9780988014602
9780987506559
9781009581004
9781009661249
9781009660839
9780989828086
9781439242421
9781439200483
9788120784277
9788120728738
9781451509687
9781009462341
9780989486026
9781009651356
9780982452936
9781423473381
9781446775905
9781446753965
9781446629376
9780994619297
9781442186521
9780986440410
9780985038434
9781423473411
9781009663571
9781009658812
9780957604728
9781009677707
9781009455398
9781009459990
9781009747400
9781009689328
9781009633871
9781009500456
9781009644334
9788183220491
9781009660488
9781009644228
9781009634267
9781009511360
9781423491774
9781009598576
9781009482561
9781009644358
9781009598705
9781407362199
9781009647854
9781009644440
9781009613712
9781009612319
9781009598477
9781009527200
9781009530323
9781009515689
9781009707671
9781009678186
9781009671361
9781009669450
9780998424620
9781009684101
9781009507547
9781009535311
9781009537407
9781009512978
9781009631167
9781009714013
9781009534475
9781009547918
9781009571715
9781009576024
9781009608336
9780998953908
9780999820483
9781009673709
9781009571845
9780985817923
9780908097999
9781009798136
9781009809955
9781009810197
9781009517461
9781009711364
9788131910771
9781009587754
9781009671446
9781009768160
9781009451741
9781009675376
9781009704243
9780974031910
9781009596725
9781009619592
9781009627313
9781009632829
9781009730525
9781009780605
9781009461054
9781009542180
9781009558945
9781009565707
9781009587686
9781009590549
9781009619394
9781009635356
9781009500128
9781009663311
9781009707992
9781439268575
9781009486156
9781009523103
9781009670685
9781009527309
9781009578622
9781009798105
9781399560238
9788131900062
9781009459914
9781009583718
9781009770484
9781009610742
9781447175728
9781447665090
9781447943655
9788131933558
9781009479318
9788180542374
9788182201033
9788182962569
9788123706900
9788123727233
9788123746456
9788131906149
9781416027300
9781009592468
9781009809818
9788131910719
9781407362892
9788122203158
9780867306774
9780900952647
9788171566082
9788181807403
9781411663619
9781446108642
9781420852561
9781423415589
9781423442080
9781009622011
9781009642521
9781009605823
9789386379900
9780880488204
9781009495677
9781009663250
9781009733816
9781447174295
9781009583145
9781009532778
9781009641678
9780857113696
9781009565288
9781009548236
9788185046174
9788125015901
9788123773384
9788125052500
9788125052586
9788125600008
9781009635257
9781009638081
9781009513869
9781009539265
9781009539357
9781009564885
9781009569354
9788123754239
9788194572374
9788123766416
9788123768069
9788125052050
9788188388578
9788176211253
9788125056713
9780143331674
9789815204216
9789381431030
9789381431757
9788121619417
9788123018591
9788123731308
9788178121864
9788123917764
9789389688467
9788129123947
9789373744162
9789373742410
9788126305711
9788178122052
9788178121215
9788178121468
9788183220453
9788178121888
9789351039808
9789348988454
9789387351677
9789351033219
9789351551331
9789392126048
9789387351684
9781408507568
9788172246358
9780195673401
9780071332101
9780195673364
9789353528218
9789353527655
9789353525798
9788129106285
9788129135483
9788129100245
9788123905334
9789353521448
9789353523664
9789353525651
9789353522780
9789353522537
9788171672677
9780990493228
9780988645806
9780989326926
9780975642252
9781446668443
9781446781692
9781447573463
9781447722144
9781407360379
9781407360751
9780997923001
9780987633897
9780998109701
9780999189719
9780999290385
9780999873083
9781006769771
9781009551168
9780993226229
9781009321488
9781009656078
9780865654778
9780975637951
9788175361270
9780993547485
9780994569479
9780995108424
9780995494831
9780863113697
9781400332465
9780993251320
9780887487217
9780883904787
9780975631607
9781423416791
9781426970962
9780971958111
9781429225328
9780986976421
9780986976438
9780898690774
9780957256132
9780957414563
9780957414594
9781426994449
9780958636711
9780990857037
9781436684552
9780992690625
9780984491179
9780984850327
9780985310301
9781420881868
9780985660871
9780995553149
9780986976483
9780996668569
9780944219553
9781447174622
9788193073704
9780987640819
9781445716008
9781447771289
9781447770572
9781440475733
9781440439421
9781438212494
9781437421675
9788186896006
9788186877708
9781446109045
9781445791869
9781436550383
9781436549318
9781434393159
9781432787691
9781407387116
9781432625153
9781445715582
9781441532442
9788180560477
9788178552729
9788190856065
9788190621212
9781400335244
9781411670044
9781436573672
9781436572507
9781407392059
9781407390123
9781407389882
9781407387161
9788179930366
9780953494453
9780997979855
9781407361079
9781432577063
9781430311492
9781407358277
9781406795646
9781400350964
9781400344031
9788123752921
9788123731513
9781409224877
9781407392066
9788120754546
9788120755710
9788170707479
9788176491426
9788170707486
9781437015096
9788121615822
9781445773742
9781446120989
9788123728353
9788126307357
9781445743585
9781445762326
9781445779485
9781432626662
9788121619943
9780863113765
9780956777317
9788123741369
9788170705352
9789351416142
9788170351733
9788121614580
9788131917008
9788121616386
9788170143277
9788181465689
9788121617390
9788121618267
9788193073711
9788121618625
9788121619868
9789381162262
9789350330593
9788131910108
9788123778341
9788126311163
9788170143031
9788182964242
9788123773162
9781450759274
9788170142881
9788126314539
9788100001448
9781445716121
9788100001561
9788170707431
9788180561511
9788171858675
9788131900369
9788121619776
9789357429108
9789351215813
9789384883003
9789382363057
9788183222846
9788182964266
9789380336114
9789369940448
9789359785172
9788186877548
9788172291990
9788172296728
9788184030259
9788170144106
9788170707455
9788170707462
9788170705383
9788120720909
9789390216611
9789381325087
9789387024793
9789389341119
9789365818260
9798170580231
9789380619293
9789395268318
9789390874439
9789391659172
9789384883294
9781407362458
9788121619653
9781009360036
9789357290623
9789357290395
9788178106793
9788131787526
9788121937887
9788121617680
9788173157035
9788173155796
9788184970562
9788173154614
9789350481721
9788121615631
9788173157073
9788121614771
9788170149842
9789373740096
9789373744971
9789373747590
9789373749761
9788121614788
9788186895719
9788186895375
9789351862611
9788170141686
9789386054548
9788184970579
9788186895368
9788121619141
9789393304117
9789387968257
9788170141037
9788170146872
9788186877777
9789383990016
9780893893101
9780143450399
9788197605734
9788170292784
9788123729978
9789351268383
9788186351161
9798885750837
9798885750820
9788170623649
9780143444640
9788170623632
9788197605703
9788172652531
9780545350761
9789350486832
9789350486870
9789350486993
9789350487112
9789350487129
9780996132381
9780995908024
9780995599819
9788183326292
9781107640542
9780981166032
9780907125488
9780966691955
9780983786283
9789350487174
9781421454603
9781009821599
9781009813365
9781009813075
9781009811927
9781009550284
9781006368301
9781411645639
9781407361918
9781011017621
9780997310108
9780991479276
9780991389742
9780990971672
9780990896401
9780990582120
9780990326274
9780995392564
9780999393345
9780996769105
9780994634948
9780994569363
9780994024091
9780993678035
9780993215001
9780997494341
9781006011788
9780997272666
9780997257717
9780995138452
9780989453998
9780989349284
9780988779556
9780988665132
9780988645837
9780955574108
9781447138570
9780965749640
9780880488464
9781426923586
9781009421027
9781436594134
9781437158274
9788126320820
9788126310050
9788125051657
9788123770482
9788123764863
9788123764368
9781436705486
9781009606271
9789391581824
9789391034993
9789390231867
9781447693017
9788123747736
9781447641957
9781447608141
9781447501848
9781447477693
9781447175322
9780989474719
9781452504773
9788131919729
9781447835264
9781447792185
9781447749752
9781447715832
9780986035821
9780984995059
9780960038381
9780955619984
9781446795118
9788123741147
9780878144365
9780979921988
9780982147634
9780983970156
9780989545488
9780983495024
9780983491545
9780983072386
9780982883143
9781445209104
9780982353271
9780988645820
9780991483792
9780988111004
9780987624758
9780986866074
9780986249600
9789350486344
9789350486337
9789380568294
9780982781890
9781436701167
9781436695466
9781436692069
9781436688086
9781436680776
9781436666138
9781437269819
9781446190135
9781437012361
9781437007206
9780972958615
9781436792349
9781447706564
9781447705383
9788123755687
9788189738211
9788123720128
9780978926595
9780978697969
9780977584499
9780975272282
9781436997546
9781436712286
9781436710701
9781445256955
9781447686019
9781442124257
9781441502414
9781437417067
9781437278521
9780995138490
9781437272031
9781446670132
9788121615815
9788120788732
9781452882635
9781452865522
9781452563800
9788131935309
9789350486733
9781437276206
9781446148617
9781446148228
9781446102428
9781445527789
9781445527352
9781445297804
9781426927737
9781432764722
9781425490744
9781428644427
9781425453749
9781423471332
9781423402381
9781421886183
9781430492443
9781436546935
9781430307136
9781428663114
9781428651265
9781425481735
9781449519179
9780998855837
9780979372520
9780867188257
9780866906432
9780853986621
9780853986591
9780938782452
9789350486214
9780902400740
9780892075614
9780877973614
9780964746633
9780963566096
9780963153593
9780960049561
9780851622026
9780943235318
9780934035347
9789380568089
9788189235277
9788183557320
9788182962699
9788180400124
9788172293291
9788170522133
9789350486764
9789350486702
9780979219795
9789350486535
9789350486351
9780880824484
9780998504018
9780997781625
9780997763478
9780997763447
9780997553253
9780988456495
9789350486658
9789350486979
9789350486696
9789350486627
9789350486467
9780999454350
9781010886549
9781436546324
9781436544474
9781430317944
9781436539456
9781434890436
9781432792350
9781006012280
9781411627390
9781006011672
9780999893975
9780999893937
9780999893913
9781436542104
9781400350971
9781400350957
9781400344154
9781400338047
9781400338023
9788120757417
9788121615952
9781447998358
9780947219147
9781407363707
9780989789622
9780884144090
9781421454092
9781420897708
9781420854824
9781419721441
9781419149771
9781417929580
9780992437152
9781009550277
9781432623920
9781432583903
9781432525675
9788183326254
9788172764593
9788170086697
9788123750682
9789350486252
9789350486238
9780999893906
9789350487136
9788123748801
9788123731322
9788123707518
9788122201390
9788189403089
9788189403065
9788184979442
9781421836225
9789350487198
9780999807088
9788177580471
9788176935586
9788175812925
9789350486221
9789350486382
9789388632119
9789350486399
9781421454054
9781432624286
9781407363660
9781407363110
9780986622571
9781426960413
9781426936333
9781432781446
9781436701440
9781432675509
9781432624385
9781421453606
9780071332453
9788121937863
9789389432589
9788172343934
9780143449942
9788184973631
9788121611244
9788125063742
9788123766959
9789350462317
9788126309382
9788126308774
9788123787015
9789384883232
9789381887769
9788123907482
9789311009131
9781432616984
9781430495109
9781432617110
9781430499626
9781432618643
9781432618742
9781432619015
9781437153972
9781436686495
9781437234138
9781437237511
9781436984836
9781436987721
9781436560986
9781436561839
9781436585286
9781436610957
9781437154085
9781437154221
9781437153484
9781436952507
9781437225747
9781437228977
9781437229295
9781437232615
9781436979580
9781436983747
9781436712170
9781436712880
9781436995719
9781437153095
9781436950428
9781436696203
9781436697033
9781436697866
9781428610866
9781428612273
9781421453934
9781421899589
9781428638655
9781428649668
9781436711777
9781430302599
9781436529181
9781436529860
9781432674939
9781432684143
9781426944994
9781426946943
9781426949036
9781427615701
9781434103949
9781428660892
9781432632915
9781436711586
9781436679626
9781436695008
9781436695398
9781432615109
9781432615277
9781432615758
9781432616502
9781436699686
9781436696029
9781436644730
9781436654500
9781436707794
9781436708630
9781436709026
9781436711142
9781436686624
9781436691703
9781436531252
9781436559638
9781436705554
9781437336306
9781437405903
9781437410914
9781447747628
9781447747680
9781446749838
9781446753408
9781437241457
9781437242843
9781437243147
9781434802965
9781446780398
9781446793237
9781446117927
9781446140260
9781447552154
9781447635925
9781447729389
9781447738459
9781446662892
9781446736289
9781437245516
9781445787008
9781452823676
9781452845821
9781449476014
9781449568023
9781452875590
9781603467681
9781730116728
9788120723474
9781449985882
9781437336214
9781447768821
9781447771227
9781451597110
9781452522067
9781452546681
9781452815282
9781437245738
9781437250046
9781437154344
9781437155303
9781449996987
9781441514097
9781437262971
9781437264852
9781443734455
9781443735445
9781445236377
9781445238111
9781437435955
9781437486834
9781437238808
9781445732282
9781437493603
9781439201596
9781439224410
9781439261163
9781436614450
9781436643030
9781434459817
9781434346384
9781436672245
9781436678131
9781437239355
9781445767154
9781446764657
9781446765845
9781446766002
9781446779743
9781436859318
9781436878111
9781436705738
9781436706193
9781436955522
9781440423871
9781436976916
9781436977999
9781445527406
9781445713427
9781437487329
9781437487596
9781436714082
9781436714921
9781436715393
9781436779616
9781436966511
9781420526493
9781010753667
9781010758969
9780999876237
9780999893944
9781011292899
9781011455744
9781012330064
9781417980185
9781434837707
9781009808781
9780999218570
9780999350669
9781010261544
9781010628668
9781010637066
9781010742340
9781418125615
9781418132507
9781417945221
9781009211611
9781420529227
9781420525236
9781420526066
9781418151119
9781418151676
9781418152192
9781418154875
9781420526516
9781420526592
9781420524376
9781420526455
9781420528152
9781420528749
9781420528879
9781420529203
9781420524895
9781420525205
9781420522501
9781420522655
9781420526356
9781420526394
9781420524390
9781419192371
9781420076318
9781401677770
9781407362038
9781409203803
9781409203865
9781420517873
9781420518740
9781418162399
9781418176693
9781417959174
9781420520248
9781420521573
9781420521702
9781418479589
9781419175091
9781418132910
9781418150013
9781420514551
9781420515206
9781420515411
9781420519716
9781006248849
9781006305559
9781006384547
9781006521614
9780999113714
9780999218532
9780997457315
9780997513653
9780999397732
9780999459140
9781420522303
9781421453422
9781409226741
9781409226871
9781012848231
9781013749391
9781409299523
9781409372516
9781411633056
9780999592991
9781420522068
9780999583234
9781432613372
9781432613501
9781430328698
9781430329084
9781420530209
9781420530278
9781420530544
9781420531060
9781430473992
9781420529210
9781428619982
9781428637597
9781432514471
9781432568290
9781432611095
9781432612191
9781430315650
9781430324911
9781423498476
9781426919329
9781430486169
9781432617592
9781432618452
9781445779416
9781436397353
9781436523547
9781436528276
9781432659585
9781432666088
9781432614744
9781432615000
9781420809442
9781432758257
9781432773199
9781432793463
9781420532654
9781420532968
9781420528053
9781420528107
9781420801507
9781420802474
9781420804911
9781432685676
9781420534191
9781423410171
9781423418252
9781423426752
9781423466505
9781420844627
9781420855821
9781420529289
9781420529647
9781420885088
9781430450153
9781420889710
9781420899535
9781418155049
9781418156800
9781417998630
9781418100155
9781418255053
9781418255077
9781418255084
9781418255107
9781420889062
9781430452010
9781430457725
9781430458197
9781420523751
9781420524185
9781420518764
9781420518771
9781420524406
9781420524413
9781420524444
9781420533804
9781423473442
9781423473930
9781420874716
9781420882759
9781420523119
9781420523300
9781420523423
9781420523706
9781421453774
9781421453828
9781420524789
9780982947968
9780983404866
9780978926588
9780979047961
9780984041114
9780957657847
9780963549990
9780966117912
9780970969729
9781446644430
9780971198142
9780933362222
9780941548922
9780973968637
9780982441398
9780982632147
9780982652114
9780956135438
9780956585073
9780878468911
9780971198135
9780986296512
9780986674228
9781420534719
9780974883656
9780975631072
9780976297321
9780976769002
9780978201845
9780978550264
9780982947708
9780984548828
9780984709809
9780984709816
9780984749065
9780985555054
9780981912622
9780982147146
9788170168096
9781421454351
9780979376566
9780956857507
9780990816164
9780991006960
9780985665418
9780985817916
9780989282628
9780989479301
9780989494847
9780989533560
9780989554855
9780893088873
9780995781610
9780995820333
9780988365292
9780988392281
9780988489981
9780988612853
9780988612877
9780988750456
9788121929707
9781009681636
9780989603676
9781009813198
9788120739819
9780861874620
9780981147048
9780981576459
9780981621708
9780973877632
9780987459909
9780983842705
9780990691006
9780895512062
9781009683159
9781421453545
9780981576442
9781433195143
9780987725950
9780988365278
9780989949507
9780990391029
9780990467304
9780984037001
9780996362658
9780996417303
9780997795660
9781009715607
9781009426800
9781009614320
9781399960977
9781399998161
9781011071401
9780986287756
9780997004915
9780997256277
9780997345209
9780997359664
9781417987153
9781417996452
9781409259428
9781409276388
9781418108519
9781418109257
9781011281756
9780853185451
9780854482030
9780857064455
9780857064479
9781421454412
9781009760225
9780998044521
9780998072234
9780998181325
9780997432275
9780998181752
9780996900942
9780996917353
9780998749723
9780998749747
9780998879215
9780999107027
9781420517552
9781012463717
9780997392500
9780998181363
9781009407106
9781009654555
9781009664172
9780853186212
9781451186345
9780903345064
9780996725538
9781012493790
9781012501075
9781418117764
9781010049470
9781013954559
9781014224132
9781014307804
9781014371959
9780957557376
9780979190780
9780979238666
9780986276224
9780986276231
9781009822794
9781418125608
9781417912339
9781417928491
9781400346097
9781400351022
9781417967216
9781417977857
9781417978465
9781412201254
9788123765501
9788126305179
9788126309283
9781009675109
9781009730372
9781003863403
9788184082234
9788184970906
9781009813235
9781009813334
9781009813341
9788123766508
9788172294533
9788172299798
9788123777825
9788123778204
9788181436283
9788184823257
9788184972054
9788190381505
9788131902578
9781009813143
9788123761336
9788123761749
9788170141945
9788170146247
9788170146377
9788172291556
9781448677269
9781448696321
9781446795552
9781447500254
9788131903377
9780995108400
9780995596122
9780995757486
9780995758995
9780991238545
9788123724515
9788123726397
9781452851037
9781452855721
9788123721781
9788123729794
9788123731407
9788123733494
9788190965408
9788192423845
9788131904879
9788170141174
9788123711072
9788123712055
9788123713458
9788123728339
9788123708997
9788123709321
9788123740126
9788123751061
9788123754710
9788123754758
9781445792118
9781446109960
9781442177772
9781449599461
9781446620212
9781446642931
9780852618486
9781446658482
9788120730748
9788120747746
9781450544054
9781451591767
9781445776477
9781445776514
9781442178953
9781449722968
9781449739669
9781449929244
9788123758732
9788123759678
9788123738581
9788123738901
9781447791416
9781447827887
9788123735108
9781448669318
9788123754925
9788123755090
9788123726625
9788123727271
9788123755830
9788123757094
9788123757131
9788123758091
9788123735061
9781447897231
9788123747354
9788123755014
9788123756929
9788120739833
9780871716224
9780892329090
9780901780102
9788123758480
9780988751842
9780994922205
9789385914010
9788126340255
9788122305890
9788123728278
9788123733272
9780998624709
9780991492480
9780991523955
9780991523993
9780991955671
9780988788930
9788176936927
9788174504814
9780996731218
9780996731225
9780996769167
9780857068484
9780876333051
9780876390825
9780851628653
9780857068446
9780916656225
9780917921841
9780920904411
9781009682749
9781009728416
9781009652988
9781009315760
9781009499446
9780857067678
9780857067692
9780911287967
9788131902264
9788131902561
9780993725500
9780996459099
9780996483728
9780996633499
9788123761985
9788123762395
9788123763101
9780993103001
9780991464418
9780995908031
9780995908079
9780996026673
9780996207027
9780996248075
9780996362634
9780993246180
9780989865203
9780994420121
9788123772035
9780993174414
9780989789325
9780999660393
9780999681138
9780998252216
9781009646321
9789382396666
9789385721618
9780921845539
9780932538291
9788131806524
9780857064530
9780944251966
9780953940721
9780955687303
9780955961328
9788123776385
9788123777740
9788123755731
9788123755762
9788123778686
9780857064493
9788190744577
9789384716080
9789367190555
9788181465504
9788681954270
9788123767949
9788181464989
9788172293857
9788178061078
9789364489881
9788123904146
9781014154897
9781014051806
9781014073549
9781014073419
9781014162557
9781014165084
9781014165206
9781014086471
9781014052063
9781014127457
9781014112958
9781014111432
9781014023285
9781014021892
9781014021298
9781014019486
9781014082633
9781014077820
9781014076212
9781014073624
9781014317223
9781014307927
9781014303639
9781014118493
9781014018014
9781014015549
9781014010827
9781013933813
9781013927676
9781013921735
9781013919619
9781013976841
9781013976285
9781013975684
9781013962011
9781013893759
9781013886003
9781013877957
9781014100986
9781013945991
9781013945427
9781013941832
9781013938443
9781014147189
9781014142504
9781014142139
9781014141866
9781014222572
9781014220639
9781014216014
9781014215529
9781014103376
9781014101013
9781014302731
9781013876257
9781406780284
9781406762679
9781403346681
9781403345363
9781399992794
9781399956116
9781398437364
9781014409362
9781403304964
9781403304285
9781400349500
9781400349487
9781014396693
9781014391216
9781014376701
9781014381149
9781400335435
9781400334889
9781400333394
9781400250622
9781014365507
9781014362568
9781014359667
9781014352354
9781014405074
9781014403797
9781014401885
9781014400864
9781410714916
9781409293538
9781014387608
9781014377418
9781409283010
9781014375223
9781014371034
9781014273390
9781014272683
9781014272423
9781014261762
9781014346421
9781014335999
9781014326478
9781014317353
9781014244567
9781014242037
9781014239969
9781400347575
9781014300539
9781014291639
9781014290861
9781014290175
9781014202383
9781014190086
9781014186447
9781014183729
9781014254764
9781014252968
9781014252296
9781014251701
9781400349449
9781400347889
9781400347841
9781014228512
9781013666704
9781013665998
9781013655265
9781013586200
9781013585975
9781013584121
9781013572753
9781013627361
9781013621185
9781013615214
9781013611872
9781013558498
9781013550072
9781013547379
9781013546990
9781014018571
9781013601163
9781013591549
9781013591501
9781013760792
9781013746666
9781013741302
9781013739552
9781013803529
9781013795749
9781013795626
9781013792267
9781013728686
9781013723841
9781013717024
9781013715082
9781013605208
9781013538643
9781013538063
9781013536533
9781013462221
9781013462184
9781013459283
9781013452673
9781013510397
9781013506987
9781013505416
9781013504204
9781013446368
9781013445514
9781013440403
9781013437342
9781013672521
9781013474088
9781013464768
9781013462764
9781013649769
9781013630798
9781013629754
9781013627453
9781013685040
9781013684401
9781013683602
9781013681356
9781013611568
9781013610066
9781013607745
9781013605611
9781013478635
9781013871344
9781013869860
9781013869709
9781013812446
9781013809637
9781013808210
9781013807626
9781013855276
9781013854057
9781013852152
9781013845772
9781013784996
9781013780004
9781013772481
9781013772177
9781013771750
9781013829390
9781013822575
9781013822186
9781014009180
9781014006578
9781013995903
9781013988219
9781014040534
9781014037312
9781014032461
9781014028945
9781013958441
9781013955747
9781013951619
9781013949388
9781013832956
9781013766404
9781013765421
9781013764110
9781013695124
9781013689239
9781013687280
9781013687242
9781013735073
9781013730870
9781013730160
9781013729249
9781013680465
9781013678929
9781013674143
9781013673344
9781013873713
9781013701788
9781013701139
9781013696114
9781013867606
9781013862359
9781013862076
9781013858451
9781013917608
9781013917486
9781013916175
9781013896385
9781013842719
9781013842412
9781013839955
9781013836367
9781013712531
9781420519556
9781420519372
9781420518986
9781420522563
9781420522525
9781420522471
9781420522433
9781420523386
9781420523218
9781420523041
9781420522952
9781420522211
9781420522204
9781420522129
9781411638327
9781420522624
9781420522617
9781420522594
9781420522587
9781420521818
9781420521740
9781420521726
9781420521580
9781420522358
9781420522297
9781420522273
9781420522266
9781420521252
9781420521214
9781420522037
9781420514834
9781420514339
9781420520514
9781420520491
9781420520453
9781420520446
9781420521429
9781420521368
9781420521306
9781420521283
9781420520040
9781420519952
9781420519730
9781420519662
9781420519655
9781420521061
9781420521054
9781420520996
9781420518856
9781420518580
9781420518528
9781420518481
9781420520361
9781420520316
9781420520088
9781420520071
9781420518177
9781420518146
9781420518115
9781420517941
9781420521146
9781420522723
9781420522631
9781420523836
9781420523805
9781420523799
9781420523775
9781420526097
9781420525885
9781420525878
9781420525861
9781420526837
9781420526721
9781420526622
9781420526561
9781420521207
9781420525663
9781420525656
9781420525618
9781420526288
9781420526271
9781420526264
9781420526196
9781420525502
9781420525496
9781420525489
9781420525472
9781420525847
9781420525809
9781420525748
9781420525731
9781420525717
9781420521153
9781420522013
9781420521931
9781420521894
9781420521856
9781420524680
9781420524666
9781420524635
9781420524628
9781420525458
9781420525434
9781420525304
9781420525298
9781420524475
9781420522884
9781420524109
9781420523874
9781420525021
9781420525007
9781420524925
9781420524697
9781420523652
9781420523447
9781420523430
9781420523393
9781420524604
9781420524512
9781420524499
9781420524482
9781420522945
9781420524208
9781417953363
9781417951833
9781417990634
9781417989874
9781417988648
9781417985944
9781417937349
9781417934867
9781417929696
9781417928965
9781417961887
9781417961801
9781417960538
9781417956913
9781420515190
9781417911844
9781417901968
9781414039787
9781417949243
9781417945658
9781417942985
9781417941285
9781411637733
9781411624528
9781411622685
9781411614246
9781417926527
9781417923762
9781417922208
9781417913152
9781409267713
9781414034652
9781412200813
9781411667419
9781013538827
9781407635972
9781407601663
9781407600840
9781406996043
9781410777645
9781410742865
9781410736529
9781410723260
9781406966145
9781417955282
9781406900330
9781406795653
9781409242758
9781409240006
9781409208952
9781409205159
9781403338280
9781403333605
9781403321022
9781403308252
9781406994773
9781406989373
9781406979916
9781406978551
9781417956623
9781406958270
9781418409258
9781420517262
9781420517095
9781420516760
9781420516104
9781420518405
9781420518368
9781420518344
9781420518320
9781420515596
9781420515527
9781420515473
9781420515350
9781420517767
9781417919536
9781420517583
9781420517408
9781420514285
9781420513806
9781419776601
9781419679810
9781420516005
9781420515930
9781420515848
9781420515626
9781419159718
9781419156984
9781419137587
9781419132889
9781420515336
9781420517736
9781418487935
9781418487904
9781418483906
9781418483814
9781419191657
9781419184604
9781419174575
9781419168321
9781418442675
9781418441739
9781418437862
9781418436094
9781419132674
9781419101861
9781418413286
9781418496944
9781418402785
9781417997626
9781417996001
9781417994236
9781418480127
9781418478186
9781418463243
9781418448608
9781417985494
9781417977963
9781417976447
9781417965670
9781418432706
9781418420598
9781418497200
9780987910653
9780989205115
9780989191258
9780989092753
9780989085137
9780993032905
9780992954444
9780992928247
9780992928230
9780993913181
9780993692697
9780993466465
9780993421785
9780991872213
9781013565847
9780991591275
9780991556168
9780993281044
9780993251290
9780993170478
9780993117817
9780991318896
9780991314508
9780991265039
9780991264506
9780992928216
9780992751654
9780992476601
9780992090623
9780991677597
9780985555023
9780985553623
9780985477097
9780985394912
9780989800495
9780989600392
9780989571821
9780989571357
9780991179831
9780991053162
9780991053124
9780990992806
9780989377386
9780989305587
9780987964274
9780989282604
9780990545507
9780990530824
9780990519829
9780990385301
9780988963979
9780988963931
9780988840409
9780988811614
9780989537193
9780989468589
9780989423304
9780989377683
9780988443518
9780988209503
9780989282611
9780993415104
9780993412110
9780993396526
9780993300301
9780994530325
9780994415738
9780994415714
9780994369796
9780998025445
9780997981704
9780997979893
9780997932799
9780998581903
9780998518657
9780990761105
9780998380964
9780997700688
9780997679038
9780997672930
9780997669251
9780998137704
9780998135625
9780998131344
9780998038476
9780997385595
9780997385571
9780997385564
9780997354409
9780997918892
9780997890693
9780998508634
9780990747406
9780990679523
9780990545514
9780991479351
9780991424634
9780991392360
9780991332199
9780996287074
9780996049313
9780995650343
9780995515420
9780997283150
9780997260663
9780997197303
9780995103078
9780994923790
9780994922250
9780994599117
9780994554956
9780996608916
9780996515900
9780996500722
9780996471701
9780994171566
9780994098276
9780994031129
9780993942181
9780995439481
9780995190931
9780995111455
9780997150308
9780887485824
9780972563284
9780972042901
9780971467736
9780976900306
9780975645628
9780975642665
9780975627129
9780966704662
9780966668308
9780966173123
9780966144161
9780974883694
9780974879932
9780984036950
9780974063690
9780963667816
9780961391188
9780960082797
9780960025909
9780971362307
9780970227645
9780967956756
9780967063331
9780857065490
9780957666542
9780957666535
9780957540309
9780965328418
9780974332406
9780957380103
9780956687340
9780956633286
9780956553072
9780956428158
9780956255983
9780956255907
9780956143051
9780954834036
9780953977499
9780953284863
9780951526774
9780949313034
9780944602089
9781009352741
9780940075221
9780937912768
9780937912744
9780937276273
9780933362178
9780932216632
9780929701776
9780920904435
9780878469079
9788123700274
9788131907443
9788131906019
9788131905951
9780871716095
9781009419208
9780941703512
9780982257005
9780982090138
9780982090114
9780987619860
9780987589224
9780986538643
9780986473364
9780988750487
9780988638518
9780988462113
9780988458710
9780986247125
9780986000829
9780985923099
9780964987586
9780987909480
9780987731111
9780987622938
9780987619891
9780985384968
9780985295851
9780985117207
9780984926336
9780986399282
9780986373336
9780986355332
9780986275296
9780984562541
9780984406241
9780984162437
9780985801113
9780964657281
9780964657229
9780983536215
9780983536208
9780983491460
9780983465355
9780984923007
9780984766338
9780984721801
9780984658572
9780982931677
9780982883112
9780982801963
9780982644713
9780982560334
9780983536246
9780983536239
9780983536222
9780981939865
9780981913995
9780981804767
9780981744629
9780983448792
9780983415213
9780983297796
9780983195627
9780981441719
9780981344720
9780981344706
9780981310121
9780983958222
9781011600427
9781011468041
9781011460281
9781012502874
9781012466411
9781012339616
9781012205294
9781011426737
9781011416684
9781011400454
9781011395989
9781011991662
9781011977161
9781011617647
9780997813500
9781013349591
9781013348891
9781013347825
9781013347368
9781013377846
9781013373923
9781013373459
9781013373374
9781013338496
9781013336652
9781013332388
9781013330773
9781013366802
9781013366109
9781011614349
9781010915942
9781010867135
9781011147526
9781011144181
9781011119608
9781011099177
9781010736066
9781010735724
9781010701088
9781010637059
9781011008148
9781010993926
9781010943464
9781010942795
9781011606627
9781012652135
9781012637064
9781012569532
9781013306945
9781013305269
9781013303340
9781013300165
9781012176495
9781012131258
9781012125134
9781012042547
9781012882839
9781012869762
9781012800062
9781012793258
9781012768911
9781013421723
9781013420641
9781013393563
9781013393204
9781013387289
9781013383069
9781013405327
9781013404610
9781013404344
9781013403736
9781013372209
9781013371820
9781013370465
9781013367472
9781013364648
9781013397226
9781013397004
9781013394218
9781013534218
9781013533822
9781013524738
9781013512452
9781013571015
9781013568398
9781013568220
9781420525281
9781013497261
9781013485015
9781013482717
9781013482229
9781013398544
9781013357398
9781013323362
9781013317873
9781013313165
9781013308413
9781013344305
9781013340680
9781013339431
9781013338632
9781013291777
9781013207013
9781012965174
9781012957612
9781013329890
9781013432392
9781013326400
9781013323867
9781013419720
9781013416910
9781013410284
9781013405853
9781013451560
9781013449994
9781013447846
9781013447532
9781013402593
9781013401411
9781013401367
9781013401091
9781013432743
9781013328510
9780999139233
9780999139202
9780998369051
9780998266206
9780998249445
9780998246086
9780998852898
9780998820927
9780998748955
9780998748122
9781010015758
9781009737319
9781008997318
9781008967939
9781010920571
9781010183099
9781010154396
9781010150534
9781006370175
9781006306587
9781006270598
9781006248825
9781010073680
9781010024378
9781010023579
9781010022657
9780999833292
9780999734117
9780999681152
9781010191131
9780997795639
9780997114034
9780997056143
9780996851725
9780996769198
9780997557886
9780997496239
9780997465907
9780997440928
9780999206775
9780999206744
9780999181386
9780999175705
9780999532256
9780999139264
9780999457603
9780999430293
9780999122242
9780999030387
9780998985497
9780998938936
9780999282731
9780999280218
9780999228449
9780999218235
9780998726106
9780998707082
9780998707051
9780998631516
9780999139295
9780999471524
9781010201496
9781010393559
9781010388272
9781010316978
9781010316718
9781010124733
9781010124450
9781010106234
9781010097389
9781010233244
9781010232940
9781010227861
9781010223900
9781011268498
9780999601433
9781011223459
9781011163076
9781011447879
9781011431212
9781011430512
9781011430000
9781011094769
9781011079230
9781011042555
9781011038800
9781011395880
9781011366248
9781011301362
9781011287277
9781010932383
9781011235131
9781006928567
9781006745461
9781006642678
9781006642661
9780999336526
9780999336250
9780999328231
9780999294574
9781006173417
9781006005022
9780999873434
9780999873021
9781010453178
9781010433613
9781010206484
9781010404392
9781010866206
9781010856047
9781010807605
9781010807025
9781010304197
9781010299141
9781010292883
9781010263449
9781010618430
9781010517092
9781010481171
9781010457053
9781010220169
9781010209003
9781010422730
9781446505342
9781446168141
9781446164471
9781446150535
9781446767580
9781446766743
9781446763117
9781446752975
9781445753706
9781445746371
9781445738109
9781445732930
9781446709269
9781446708187
9781420525557
9781446619957
9781445709284
9781445566177
9781445527895
9781445527697
9781446129685
9781446117866
9781445790602
9781445754345
9781445516080
9781445515977
9781445514598
9781445287348
9781445730981
9781446654453
9781445218236
9781445217765
9781445214207
9781445527017
9781445526584
9781445526201
9781445526157
9781444955316
9781444655759
9781444655476
9781444652369
9781445279718
9781445274539
9781445263502
9781443736534
9781443735070
9781443734844
9781443728478
9781443722513
9781445210278
9781445205090
9781445201511
9781444955651
9781442129207
9781441588920
9781441529480
9781441527905
9781444652192
9781443740791
9781443740364
9781445225623
9781447421986
9781447409212
9781446799840
9781449723668
9781449720452
9781449719050
9781449714710
9781449768928
9781449765767
9781449760366
9781449757175
9781449556860
9781449032951
9781449011963
9781445729398
9781449740474
9781449735623
9781449733087
9781449726867
9781447874324
9781447854555
9781447840206
9781447821519
9781449711269
9781449703059
9781449597917
9781449560720
9781447789642
9781447789123
9781447785972
9781448681723
9781445724775
9781445719054
9781447722625
9781447720898
9781447680819
9781447645580
9781447811961
9781447809388
9781447804253
9781447800149
9781447501893
9781447459354
9781447449935
9781447449508
9781447436911
9781447750147
9781447749776
9781447739180
9781446788844
9781446788837
9781446786369
9781446767641
9781447602620
9781447597230
9781447542360
9781447503668
9781446730478
9781446726495
9781446723814
9781446709733
9781447751144
9781437207187
9781437206630
9781437205626
9781437150179
9781437150056
9781437149562
9781437149203
9781437197167
9781437196313
9781437190991
9781437190960
9781437147995
9781437147803
9781437147544
9781445225593
9781437150858
9781437150339
9781437150230
9781437150193
9781437142037
9781437141740
9781437141320
9781437140842
9781437148985
9781437148695
9781437148572
9781437148565
9781437337914
9781437334029
9781437146714
9781437143706
9781437142433
9781437134650
9781437133288
9781437133257
9781436943185
9781437140347
9781437138597
9781437138412
9781437138269
9781436930666
9781436929400
9781436911214
9781436910323
9781437208764
9781437135916
9781437135787
9781437135527
9781436884280
9781436869973
9781436864879
9781436862745
9781436940917
9781436936484
9781436934787
9781436930994
9781437176919
9781437176698
9781437152548
9781437150995
9781437136555
9781440428920
9781440426674
9781443721707
9781443720700
9781442174375
9781442130920
9781439244418
9781439239117
9781439231333
9781439211533
9781441491084
9781440476273
9781440466397
9781440463242
9781437332940
9781437497199
9781437491319
9781437476439
9781440409400
9781440130274
9781439276471
9781439267295
9781437367386
9781437365634
9781437356779
9781437356694
9781438535654
9781438257280
9781438220758
9781438214610
9781437499193
9781437331622
9781437382198
9781437381597
9781437369908
9781437369182
9781437326093
9781437326079
9781437324327
9781437324112
9781437354652
9781437351811
9781437348408
9781437338539
9781437217643
9781440440823
9781437211863
9781437211719
9781437331295
9781437330564
9781437328011
9781437326505
9781437205145
9781437200263
9781437199390
9781437197914
9781437323788
9781437323696
9781437323108
9781437220216
9781440447464
9781437212846
9781407362939
9781009766289
9781009749114
9781009743365
9781009698788
9781439048757
9781421454030
9781009640367
9781009572873
9781009536578
9781009500791
9781009492973
9788171818167
9788180566905
9781447778493
9781009228374
9781009113229
9781003864240
9780992837754
9780906245514
9780887233494
9781009674249
9781009667920
9780873899840
9781430459668
9781428614178
9788172540340
9780888397959
9780853186144
9781421453149
9781009667739
9781009679015
9780906245521
9781420529791
9781009161190
9780992329785
9780907854289
9781009407724
9780993624261
9781009680530
9781009650939
9781009448734
9788177391176
9781009527804
9781420530469
9781009602631
9781420531879
9780999280317
9780884165781
9781009584012
9781009449380
9780871548528
9781009450928
9781009314039
9781009273046
9781009710718
9781009648448
9781009601023
9781009335317
9781009608572
9781009374125
9780978386511
9780977802227
9780856676628
9780856675485
9781009486262
9781421453750
9780957391154
9780975625385
9780972873505
9788126308453
9780980122862
9780958743778
9780958268448
9780958193054
9781009644044
9780957666580
9780855756666
9780853986607
9780917624148
9780915138371
9780903908382
9780900157509
9780894990939
9780893086640
9780892075591
9780888395511
9780853608691
9780853186465
9780853186229
9780853186205
9780958111928
9781009536561
9780876333082
9780979999406
9780979777615
9780979769986
9780981691343
9780981679662
9780981622866
9780981498454
9780979011092
9780978842055
9780978814342
9780978684907
9780981157023
9780978569440
9780980844788
9780980166002
9780977503254
9780977400300
9780977134663
9780977100514
9780979587443
9780979551895
9780979376535
9780979190759
9780851628608
9780975621028
9780975612613
9780975599426
9780978608750
9780980967630
9781449742331
9781449795542
9781449785819
9781449782498
9781449781057
9788172293451
9788172292638
9788172292065
9788172291303
9788170148364
9788170147978
9788170147114
9788170143321
9788179940747
9781009165822
9788176760621
9788172293710
9788123761343
9788123758107
9788123755007
9788123713878
9788172290474
9788170600466
9788170595489
9788170148937
9781452817040
9781452588988
9781452588537
9781452575902
9788179940174
9781448651023
9781448615728
9781448603732
9781447887478
9781451528138
9781451271706
9781450790901
9781450581998
9788123703107
9788123702506
9788123701677
9781452894751
9781450534772
9781449997359
9781449745332
9781449796983
9781452545967
9781452526225
9781451586190
9781451542370
9781449778385
9781449775582
9781449775360
9781449770969
9781450579292
9781450553735
9781450549974
9781450535793
9781449750978
9781449746155
9781449925789
9788171818181
9781009502870
9781009011198
9781009501347
9781009486699
9781009045421
9781009364119
9781009798549
9781009714761
9781009687713
9781009413992
9789383684472
9788175974395
9788171818198
9788170141426
9781009595216
9781009231480
9781009060943
9781009718103
9781009692885
9781009436335
9781009231473
9781009227360
9781009722537
9781009634328
9781009227353
9781009733069
9781009692977
9781009769747
9781009646550
9781009640428
9788170140313
9788170140191
9788123766881
9781009567237
9788122414578
9781009485159
9781009570145
9781009706650
9781420531848
9781009431484
9781009241342
9780937666777
9780879074487
9781420534672
9781009676243
9781009180139
9781009643191
9780967254340
9781433197758
9781009231442
9781009228404
9781009221498
9780878202492
9781407363684
9781009617604
9788182962347
9780974490687
9781009769617
9781009699808
9781009677578
9781420531749
9781420533392
9781420533941
9781420533927
9781420533897
9781420533767
9781420532623
9781420532616
9781420532609
9781420532593
9781420533637
9781420533590
9781420533583
9781420533521
9781420851540
9781437145212
9781420850314
9781420850284
9781420880809
9781420879537
9781420879278
9781420875461
9781420835632
9781420831405
9781420821734
9781420821154
9781420859386
9781420857320
9781420857009
9781420856996
9781420850468
9781420532159
9781420532142
9781420532128
9781420532104
9781420531596
9781420531565
9781420531558
9781420531497
9781420531992
9781420531985
9781420531978
9781420531961
9781420534320
9781420534313
9781420533408
9781420534092
9781420535136
9781420535129
9781420535013
9781420534986
9781420533750
9781420533743
9781420533729
9781420533699
9781420534474
9781420534467
9781420534399
9781420534337
9781420533460
9781420533422
9781420534139
9781423415565
9781421890906
9781420888096
9781420884678
9781425566524
9781425565664
9781425564636
9781425564537
9781420873030
9781420871869
9781420865639
9781420859522
9781425491826
9781425483562
9781420805468
9781423451228
9781428643901
9781428641846
9781428632714
9781428629806
9781430312475
9781430305071
9781428873421
9781428872165
9781428619050
9781428604766
9781428603523
9781426996733
9781428653023
9781428652170
9781425433550
9781420800425
9781420535211
9781420535198
9781420846676
9781420845488
9781420841886
9781420839869
9781420534924
9781420534795
9781420534733
9781420534634
9781420812893
9781420809879
9781420808438
9781425567798
9781425566968
9781425566845
9781425566654
9781425566579
9781426945489
9781426927935
9781426927188
9781426924644
9781425562274
9781425561604
9781425496043
9781425493493
9781426905728
9781425999445
9781425769161
9781420807271
9781420526530
9781420526486
9781420526462
9781420526318
9781420527278
9781420527247
9781420527230
9781420527223
9781420529739
9781420529708
9781420529524
9781420529517
9781420530322
9781420530247
9781420531787
9781420530216
9781420529234
9781420529197
9781420529173
9781420529166
9781420529807
9781420529777
9781420529760
9781420529746
9781420529029
9781420528923
9781420528831
9781420528619
9781420529470
9781420530230
9781420525267
9781420525182
9781420525168
9781420525601
9781420525564
9780853186151
9781420525526
9781420528039
9781420527964
9781420527926
9781420527889
9781420528596
9781420528589
9781420528572
9781420527407
9781420527391
9781420527384
9781420527360
9781420527308
9781420528244
9781420528183
9781420528091
9781420528060
9781420527216
9781420527162
9781420527155
9781420527070
9781420527698
9781420527650
9781420527520
9781420528497
9781420531121
9781420531114
9781420530964
9781420529968
9781420529951
9781420529944
9781420529906
9781420530629
9781420530513
9781420530506
9781420530483
9781420532449
9781420532425
9781420532333
9781420529388
9781420532982
9781420532838
9781420532685
9781420532647
9781420532043
9781420532036
9781420532029
9781420532005
9781420532555
9781420532548
9781420532463
9781420532456
9781420531916
9781420531886
9781420531862
9781420532289
9781420529364
9781420529319
9781420528459
9781420528442
9781420528435
9781420528251
9781420529142
9781420529135
9781420529081
9781420529036
9781420531350
9781420531275
9781420531268
9781420531176
9781420531169
9781420531763
9781420531756
9781420531657
9781420530957
9781420530834
9781420530780
9781420530759
9781420531473
9781420531398
9781420531381
9781420531367
9781420530452
9781420530421
9781420530414
9781420530360
9781420531770
9781436677943
9781436677905
9781436692724
9781436692212
9781436691475
9781436690355
9781436631648
9781436630481
9781436623568
9781436622080
9781436684347
9781436682879
9781436682831
9781436681704
9781428648678
9781436554442
9781436554008
9781436553247
9781436675628
9781436675260
9781436635356
9781436634304
9781436711517
9781436711333
9781436710145
9781436708715
9781436723312
9781436715409
9781436715270
9781436556446
9781432797157
9781436508834
9781436507806
9781435889446
9781435889392
9781432784645
9781432783440
9781432780654
9781432777098
9781435887503
9781435886742
9781435749443
9781434392800
9781432757359
9781436678582
9781432755225
9781432752781
9781432794804
9781432792190
9781432791940
9781432789862
9781436688420
9781436688154
9781436686402
9781436684453
9781436700382
9781436700108
9781436699754
9781436699082
9781436681377
9781432756659
9781436889292
9781436802185
9781436797757
9781436788069
9781436787734
9781436859523
9781436856454
9781436850148
9781436845618
9781436766531
9781436748759
9781436731539
9781436726269
9781436818520
9781436714280
9781436806725
9781436805179
9781436714273
9781436713863
9781436713771
9781436713078
9781436786706
9781436783873
9781436782913
9781436774253
9781437138146
9781437137866
9781437137651
9781437136784
9781437146073
9781436810593
9781436707381
9781436707268
9781436706810
9781436706421
9781436712989
9781436712934
9781436712620
9781436712460
9781436703413
9781436701945
9781436701518
9781436701235
9781436708500
9781436708180
9781436906203
9781436707596
9781436698641
9781436698306
9781436694322
9781436693097
9781436705134
9781436705059
9781436704175
9781436703765
9781436843911
9781436828581
9781436828543
9781436821445
9781436908627
9781436906562
9781436707930
9781432537555
9781432530747
9781430324300
9781430323563
9781430320265
9781430317968
9781432500931
9781431401109
9781430499343
9781430491972
9781428871618
9781428868847
9781428660991
9781428653191
9781433594984
9781430471240
9781430457114
9781430444961
9781432602277
9781432602000
9781432601607
9781432601331
9781432605773
9781432605643
9781432605308
9781432605193
9781432600525
9781432600440
9781432600303
9781432600068
9781430471301
9781428646537
9781426958984
9781426958878
9781426952517
9781426951770
9781428629516
9781428622227
9781428620209
9781428619517
9781426924385
9781426923272
9781426920769
9781426914645
9781426970382
9781432545680
9781426968235
9781426962486
9781432519087
9781432517946
9781432516086
9781432514068
9781432586294
9781432579043
9781432578053
9781432571269
9781430483915
9781430482826
9781430482529
9781430480655
9781432558321
9781426970320
9781432742676
9781432740818
9781432735166
9781432719487
9781432634155
9781432630782
9781432606435
9781432606107
9781432685522
9781432685515
9781432679798
9781432671945
9781432605049
9781432604769
9781432603625
9781432603854
9781432650346
9781432645601
9781432644000
9781432640750
9781435888852
9781435888647
9781435887589
9781435887510
9781436596923
9781436579599
9781436575874
9781436557351
9781434103352
9781433651298
9781432604721
9781432602949
9781432602888
9781432602796
9781432588328
9781432587215
9781432586638
9781432586522
9781432601249
9781432601225
9781432600679
9781432600655
9781432570880
9781432565787
9781432559182
9781432655921
9781432597894
9781432597474
9781432597276
9781432590734
9781432709716
9781432693879
9781432690663
9781432687601
9781432775896
9781432775612
9781432769758
9781432764579
9781432671358
9781432665456
9781432662714
9781432559083
9789387080973
9788180221507
9789357291231
9788123743165
9788170142935
9788123729497
9788172293321
9788172290450
9788170552055
9788170149651
9788123701929
9788170142843
9788123748559
9788175052826
9788175052659
9788175052284
9788123779973
9788123728773
9788123718026
9788123709253
9788123703534
9788123781716
9788123766041
9788123764832
9788123760223
9788123758152
9788174143228
9788174143037
9788174142450
9788123771861
9788170148319
9788174143754
9788100002551
9789357299329
9789369947249
9789386309709
9788180404290
9781014157263
9781014193803
9781014192059
9781014159526
9781014094933
9781014191007
9781014189998
9781014153753
9781014163868
9781014163776
9781014162533
9781014159236
9781014189851
9781014179968
9781014181022
9781014182340
9781014182968
9781014193872
9781014194114
9781014095121
9781014153135
9781014151841
9781014150639
9781014186171
9781014186102
9781014184399
9781014184320
9781014146328
9781014194756
9781014060907
9781014060853
9781014137333
9781014146304
9781014144980
9781014144911
9781014133700
9781014133069
9781014132826
9781014132062
9781014142221
9781014096258
9781014095435
9781014095367
9781014139221
9781014094599
9781014137913
9781014137562
9781014093820
9781014104342
9781014103635
9781014102966
9781014144553
9781014144447
9781014144164
9781014142559
9781014097859
9781014108142
9781014108111
9781014107497
9781014034007
9781014138224
9781014183903
9781014094032
9781014159885
9781014166418
9781014166234
9781014166197
9781014156600
9781014156020
9781014154859
9781014154385
9781014164339
9781014131157
9781014130525
9781014130464
9781014162212
9781014061041
9781014161055
9781014160263
9781014125002
9781014136114
9781014135834
9781014134769
9781014165978
9781014165558
9781014164735
9781014164391
9781014131416
9781014139962
9781014139689
9781014139283
9781014063090
9781014161345
9781014260987
9781014232014
9781014240996
9781014240729
9781014240521
9781014173485
9781014172853
9781014169525
9781014167231
9781014239266
9781014246004
9781014175861
9781014245601
9781014233790
9781014233479
9781014233370
9781014232793
9781014242259
9781014200747
9781014199478
9781014198907
9781014240507
9781014239983
9781014245731
9781014197801
9781014196248
9781014256676
9781014270672
9781014267511
9781014265777
9781014254306
9781014253835
9781014253545
9781014252654
9781014260925
9781014261342
9781014231314
9781014229847
9781014258540
9781014258489
9781014258090
9781014257888
9781014224668
9781014237293
9781014236807
9781014234582
9781014264350
9781014263360
9781014231512
9781014217301
9781014175748
9781014174505
9781014174369
9781014214072
9781014212931
9781014212498
9781014211231
9781014166760
9781014183743
9781014183064
9781014239921
9781014219305
9781014219190
9781014218094
9781014217745
9781014033819
9781014188687
9781014187512
9781014186355
9781014129949
9781014129918
9781014125385
9781014125057
9781014183033
9781014239709
9781014196149
9781014208019
9781014207081
9781014206732
9781014245441
9781014244475
9781014243942
9781014242846
9781014200778
9781014216427
9781014201799
9781014214188
9781014150141
9781014148889
9781014147288
9781014146441
9781014211132
9781014220851
9781014220004
9781014219459
9781014206152
9781014204875
9781014202512
9781014215994
9781014031136
9781014030818
9781013996900
9781014005182
9781014003829
9781014003539
9781013951343
9781013950612
9781013950391
9781013948503
9781014000781
9781014106070
9781014012227
9781014012067
9781013998058
9781013997532
9781013997297
9781013997044
9781014005557
9781013973093
9781013970948
9781013969225
9781014003027
9781014012418
9781013968136
9781013967344
9781014026040
9781014032829
9781014032775
9781014032553
9781014024275
9781014024220
9781014023636
9781014021809
9781014030436
9781014031556
9781013994739
9781013994685
9781014027757
9781014026996
9781014026477
9781014026361
9781013992520
9781013999420
9781013998492
9781013998102
9781014032447
9781013996825
9781013977824
9781013976001
9781013985935
9781013952111
9781013951763
9781013951411
9781013983658
9781013982828
9781013982415
9781013981623
9781013948237
9781014002594
9781013954580
9781013954122
9781013988844
9781013988585
9781013986857
9781013986048
9781013952159
9781013962561
9781013962219
9781013959813
9781013904899
9781013955020
9781014002396
9781014001917
9781013966989
9781013981203
9781013980909
9781013980435
9781014008763
9781014008206
9781014007247
9781014005762
9781013973383
9781013979897
9781013984648
9781013984532
9781013921858
9781013920592
9781013919565
9781013919510
9781013981562
9781013991233
9781013990946
9781013989889
9781013980282
9781013984655
9781014111791
9781014110381
9781014064509
9781014087676
9781014086303
9781014085993
9781014019905
9781014018786
9781014016324
9781014014405
9781014082794
9781013968358
9781014092458
9781014091642
9781014070937
9781014070500
9781014070357
9781014067067
9781014087713
9781014036278
9781014035578
9781014035448
9781014085764
9781014093349
9781014033291
9781014033093
9781014104977
9781014121752
9781014120786
9781014120526
9781014102768
9781014102560
9781014101617
9781014100825
9781014108562
9781014114990
9781014063656
9781014063106
9781014106841
9781014106520
9781014106513
9781014198013
9781014060402
9781014075345
9781014074621
9781014071149
9781014115430
9781014064004
9781014040022
9781014038623
9781014048455
9781014021519
9781014021021
9781014020871
9781014046505
9781014046178
9781014045317
9781014044648
9781014012807
9781014084675
9781014025487
9781014025319
9781014050977
9781014050847
9781014050755
9781014050717
9781014021717
9781014028655
9781014028518
9781014027948
9781013968679
9781014025531
9781014084477
9781014083487
9781014033048
9781014043627
9781014042491
9781014041449
9781014090652
9781014090621
9781014089250
9781014088383
9781014036353
9781014040084
9781014047953
9781014046567
9781013994272
9781013994203
9781013993817
9781013993060
9781014043801
9781014058744
9781014056702
9781014053824
9781014041401
9781014048448
9781403338921
9781403338372
9781398565234
9781403305985
9781403303691
9781403301086
9781014404947
9781014404251
9781014403841
9781014403193
9781400347834
9781014250063
9781403316745
9781403316110
9781400335411
9781400334865
9781399969376
9781399904469
9781403306753
9781014962850
9781014957115
9781014917485
9781400355143
9781403317438
9781014885043
9781014856135
9781403336309
9781403352316
9781403346674
9781403343987
9781403334183
9781403333827
9781403333636
9781403333360
9781403338174
9781403342119
9781398486577
9781015344365
9781403337405
9781403337184
9781403336989
9781403336804
9781015260177
9781400341887
9781400340392
9781400335442
9781403343130
9781398523883
9781015003996
9781014969514
9781015126992
9781014406521
9781014406415
9781014405401
9781015088511
9781015085626
9781015081956
9781015071674
9781014402387
9781400351992
9781014409515
9781014408587
9781015220928
9781015168749
9781015164543
9781015143890
9781014406668
9781014656537
9781014621207
9781014557759
9781014357441
9781014410344
9781400347872
9781400347858
9781014854551
9781015055025
9781015027961
9781015026339
9781403313362
9781403311467
9781403308245
9781403306883
9781014968494
9781015006652
9781015102989
9781015100091
9781014378866
9781014378682
9781014378071
9781014377715
9781015065574
9781015258938
9781015238794
9781015228917
9781015010505
9781015120778
9781406976199
9781406974515
9781406797893
9781406912135
9781406907551
9781406904666
9781403326171
9781403324061
9781403322807
9781403320957
9781406901160
9781014885777
9781406959482
9781406959307
9781406900408
9781406900088
9781406799323
9781406798173
9781406928945
9781403370228
9781403369499
9781403368133
9781406902341
9781406959956
9781403363091
9781403359629
9781406969115
9781406977899
9781406977363
9781406977271
9781406967364
9781406966404
9781406966190
9781406965179
9781406974348
9781406976878
9781406795417
9781406787795
9781406971750
9781406971026
9781406970326
9781406969436
9781406773033
9781406900897
9781406900828
9781406900507
9781406977134
9781406795738
9781403375261
9781403371010
9781406735895
9781403331618
9781403331175
9781403328229
9781406705966
9781406702842
9781403396310
9781403396037
9781403319234
9781406902303
9781403334701
9781403334251
9781406758078
9781406740844
9781406739800
9781406737912
9781403333025
9781403337443
9781403337436
9781403337412
9781014906069
9781403335616
9781406902174
9781406901795
9781403355720
9781403382887
9781403382399
9781403378330
9781406938616
9781406936780
9781406935448
9781406933819
9781403370785
9781403376213
9781406727920
9781406714913
9781015335288
9781015329133
9781015305694
9781015265653
9781403385314
9781406771213
9781406767896
9781406761634
9781403377647
9781406728682
9781014348586
9781014347992
9781014311290
9781014324023
9781014322456
9781014320988
9781014249258
9781014248091
9781014247841
9781014246943
9781014315458
9781014357236
9781014331939
9781014329387
9781014313294
9781014313256
9781014312228
9781014312044
9781014325563
9781014279750
9781014278227
9781014276131
9781014320667
9781014333278
9781014272911
9781014271747
9781014344120
9781014351906
9781014350954
9781014350275
9781014342737
9781014342683
9781014342294
9781014341570
9781014347909
9781014349811
9781014310125
9781014309792
9781014345523
9781014345264
9781014344892
9781014344861
9781014305558
9781014314734
9781014313867
9781014313409
9781014350091
9781014310378
9781014282699
9781014281272
9781014298720
9781014251060
9781014251008
9781013903823
9781014293176
9781014291530
9781014291127
9781014289704
9781014246691
9781014320414
9781014255129
9781014254429
9781014302793
9781014302724
9781014302687
9781014302229
9781014251237
9781014260420
9781014259394
9781014258847
9781014198686
9781014256188
9781014317254
9781014316882
9781014270740
9781014286789
9781014286536
9781014286079
9781014329219
9781014327741
9781014327475
9781014326379
9781014281043
9781014282965
9781014294425
9781014293244
9781014229328
9781014228840
9781014225719
9781014225016
9781014287663
9781014305367
9781014305022
9781014304469
9781014283726
9781014297945
9781014754769
9781014752291
9781014382863
9781014393586
9781014393470
9781014393166
9781014338914
9781014338884
9781014337771
9781014336712
9781014389947
9781014273697
9781014401816
9781014401809
9781014385802
9781014384447
9781014383686
9781014382931
9781014393944
9781014358578
9781014358172
9781014357922
9781014392770
9781014402332
9781014357052
9781014353474
9781014422835
9781014846549
9781014827968
9781014819390
9781014408211
9781014407528
9781014407283
9781014407191
9781014736123
9781014773999
9781014380630
9781014380517
9781014551931
9781014521989
9781014459701
9781014430144
9781014377326
9781014389589
9781014388933
9781014388513
9781014774699
9781014382764
9781014360595
9781014360199
9781014372659
9781014339430
9781014339287
9781014339195
9781014369284
9781014369062
9781014367990
9781014366788
9781014335395
9781014392060
9781014343444
9781014342942
9781014374233
9781014374127
9781014373861
9781014373182
9781014340689
9781014347411
9781014347336
9781014345554
9781014276056
9781014343567
9781014391346
9781014390974
9781014352941
9781014364128
9781014362513
9781014361493
9781014399878
9781014397829
9781014395009
9781014394774
9781014359155
9781014361431
9781014370556
9781014369826
9781014309600
9781014309358
9781014309273
9781014308535
9781014365958
9781014377234
9781014375858
9781014375575
9781014361448
9781014370587
9781013620898
9781013582134
9781013592263
9781013590801
9781013590030
9781013534492
9781013534096
9781013533853
9781013533808
9781013588846
9781013599576
9781013919299
9781013598142
9781013584336
9781013583735
9781013583469
9781013583193
9781013592768
9781013565212
9781013564864
9781013564833
9781013589997
9781013589836
9781013599224
9781013559877
9781013614699
9781013627392
9781013627255
9781013627064
9781013611742
9781013610929
9781013608049
9781013606410
9781013620089
9781013581625
9781013621055
9781013580048
9781013618741
9781013618697
9781013616143
9781013615023
9781013574764
9781013588716
9781013586415
9781013585005
9781013624339
9781013621307
9781013580932
9781013566301
9781013572555
9781013539466
9781013536243
9781013535420
9781013571138
9781013570971
9781013570605
9781013569630
9781013532238
9781013547294
9781013589218
9781013545306
9781013573323
9781013573231
9781013573064
9781013572920
9781013541278
9781013550553
9781013550485
9781013550058
9781013490453
9781013488672
9781013546716
9781013588853
9781013559471
9781013568756
9781013567940
9781013567742
9781013595356
9781013593604
9781013593390
9781013593048
9781013565861
9781013571572
9781013566615
9781013571237
9781013513596
9781013509629
9781013508998
9781013508073
9781013568855
9781013574320
9781013574283
9781013574214
9781013566790
9781013566738
9781013571428
9781013692413
9781013651304
9781013661242
9781013659362
9781013659058
9781013603884
9781013602498
9781013601637
9781013601293
9781013657177
9781013669545
9781013560859
9781013668128
9781013653704
9781013653094
9781013652707
9781013652431
9781013665615
9781013632341
9781013631740
9781013631733
9781013658341
9781013657887
9781013668470
9781013629198
9781013685675
9781013699610
9781013698750
9781013698569
9781013682360
9781013682032
9781013681226
9781013680502
9781013691553
9781013650970
9781013693755
9781013648939
9781013688874
9781013687532
9781013686870
9781013686122
9781013646102
9781013655845
9781013655425
9781013654022
9781013697548
9781013696701
9781013650321
9781013632860
9781013642234
9781013605048
9781013604966
9781013604041
9781013641039
9781013640780
9781013639715
9781013639036
9781013601224
9781013614682
9781013657634
9781013613241
9781013644276
9781013644139
9781013644054
9781013643637
9781013606076
9781013619465
9781013619281
9781013618758
9781013564222
9781013563232
9781013614422
9781013657566
9781013628085
9781013635779
9781013634963
9781013634468
9781013667749
9781013667398
9781013666919
9781013666353
9781013632396
9781013642135
9781013633140
9781013641404
9781013578717
9781013578670
9781013577604
9781013574870
9781013637629
9781013645860
9781013644559
9781013644535
9781013633799
9781013633614
9781013642043
9781013480607
9781013451195
9781013464843
9781013464089
9781013463181
9781013417870
9781013417658
9781013417399
9781013417368
9781013458408
9781013468223
9781013488160
9781013467769
9781013453021
9781013451577
9781013451331
9781013451300
9781013465871
9781013437465
9781013436796
9781013436178
9781013462566
9781013461514
9781013468148
9781013433993
9781013477089
9781013486791
9781013486135
9781013485909
9781013475108
9781013474811
9781013474293
9781013474149
9781013479878
9781013451140
9781013482076
9781013450938
9781013478604
9781013478482
9781013478468
9781013477621
9781013448201
9781013458330
9781013456800
9781013456718
9781013483547
9781013482434
9781013451119
9781013438042
9781013445682
9781013419317
9781013418617
9781013418228
9781013443022
9781013442940
9781013442063
9781013441967
9781013416941
9781013422751
9781013461262
9781013421075
9781013446733
9781013446702
9781013446573
9781013445866
9781013419386
9781013427244
9781013426636
9781013426537
9781013382598
9781013381966
9781013422683
9781013461057
9781013433870
9781013441219
9781013439964
9781013439469
9781013467417
9781013467158
9781013466786
9781013466236
9781013437953
9781013444487
9781013438240
9781013443091
9781013398711
9781013398681
9781013398339
9781013398179
9781013441943
9781013448072
9781013447914
9781013446795
9781013438967
9781013438264
9781013444203
9781013552960
9781013517501
9781013527326
9781013527081
9781013527067
9781013472053
9781013471797
9781013470707
9781013470233
9781013523830
9781013532085
9781013434112
9781013531187
9781013519857
9781013519543
9781013518508
9781013517594
9781013527609
9781013492068
9781013491245
9781013490644
9781013526749
9781013526619
9781013531545
9781013487293
9781013547621
9781013559013
9781013558047
9781013556760
9781013545016
9781013544545
9781013542039
9781013541407
9781013551925
9781013517389
9781013554704
9781013514494
9781013549328
9781013548987
9781013548963
9781013548444
9781013506628
9781013521560
9781013521423
9781013519871
9781013555022
9781013554919
9781013516436
9781013492693
9781013501739
9781013473777
9781013473685
9781013472688
9781013500619
9781013498787
9781013498404
9781013497124
9781013468650
9781013476396
9781013525483
9781013475368
9781013504457
9781013504259
9781013503146
9781013502040
9781013473807
9781013479694
9781013479014
9781013478925
9781013435225
9781013435171
9781013476020
9781013524882
9781013487187
9781013495540
9781013495298
9781013495106
9781013529856
9781013529160
9781013528781
9781013527869
9781013492624
9781013501630
9781013492815
9781013501609
9781013450495
9781013450150
9781013450013
9781013449178
9781013496059
9781013504921
9781013504891
9781013504761
9781013494239
9781013494154
9781013501616
9781013895227
9781013894596
9781013862878
9781013877247
9781013876165
9781013876066
9781013816321
9781013816208
9781013816024
9781013815904
9781013870682
9781013629808
9781013879227
9781013879098
9781013867484
9781013866401
9781013863660
9781013863646
9781013877254
9781013839375
9781013838699
9781013838613
9781013875700
9781013880056
9781013836374
9781013835421
9781013888526
9781013900921
9781013899805
9781013898778
9781013885570
9781013884177
9781013884146
9781013883439
9781013893988
9781013896729
9781013862335
9781013862038
9781013892288
9781013891984
9781013891526
9781013890406
9781013860485
9781013870194
9781013870125
9781013868061
9781013898761
9781013862724
9781013840975
9781013840319
9781013853609
9781013821196
9781013817601
9781013817106
9781013850387
9781013849947
9781013849213
9781013849176
9781013813740
9781013874970
9781013824647
9781013824524
9781013857560
9781013856976
9781013856082
9781013854965
9781013821363
9781013832017
9781013830907
9781013830846
9781013766824
9781013825224
9781013873324
9781013872921
9781013835209
9781013847813
9781013847790
9781013844591
9781013878787
9781013878381
9781013878015
9781013877803
9781013839429
9781013844553
9781013851636
9781013850530
9781013792281
9781013791888
9781013791352
9781013791239
9781013848247
9781013860287
9781013859809
9781013858185
9781013844584
9781013852992
9781013963186
9781013963179
9781013928284
9781013941245
9781013940880
9781013940743
9781013881596
9781013881329
9781013880841
9781013880209
9781013933677
9781013837470
9781013946431
9781013946318
9781013929779
9781013929656
9781013929304
9781013928680
9781013942143
9781013906763
9781013905643
9781013905582
9781013940033
9781013947223
9781013903359
9781013901850
9781013955259
9781013965340
9781013964831
9781013964800
9781013953279
9781013952913
9781013952845
9781013952661
9781013962653
9781013964343
9781013924446
9781013922787
9781013959554
9781013958984
9781013958014
9781013957437
9781403363589
9781013932908
9781013932809
9781013930201
9781013964503
9781013925498
9781013908187
9781013907159
9781013914379
9781013882609
9781013882333
9781013882081
9781013912764
9781013911729
9781013911569
9781013911415
9781013880186
9781013938696
9781013886713
9781013886461
9781013917264
9781013915130
9781013914638
9781013914539
9781013882685
9781013893384
9781013893209
9781013892899
9781013837517
9781013886737
9781013938047
9781013935855
9781013901270
9781013911170
9781013910838
9781013909795
9781013946189
9781013945519
9781013944420
9781013943751
9781013906862
9781013908286
9781013912931
9781013912894
9781013861970
9781013860843
9781013860799
9781013860744
9781013911408
9781013919282
9781013918186
9781013917875
9781013909603
9781013913648
9781013762338
9781013727405
9781013737831
9781013737824
9781013737046
9781013674211
9781013672750
9781013671142
9781013669699
9781013734113
9781013742699
9781013766640
9781013741227
9781013730795
9781013730566
9781013729195
9781013727672
9781013738814
9781013704208
9781013703102
9781013703027
9781013736759
9781013735998
9781013741678
9781013700989
9781013758379
9781013763663
9781013763472
9781013763441
9781013753251
9781013751226
9781013751141
9781013750120
9781013761539
9781013726675
9781013762772
9781013725579
9781013759741
9781013759581
9781013759079
9781013758614
9781013723285
9781013732638
9781013731655
9781013730801
9781013763274
9781013762888
9781013726538
9781013704666
9781013718915
9781013679322
9781013678943
9781013677397
9781013714634
9781013713705
9781013713415
9781013711558
9781013669675
9781013684302
9781013735721
9781013683336
9781013720819
9781013720017
9781013719639
9781013719622
9781013680250
9781013691072
9781013689734
9781013689253
9781013630231
9781013629945
9781013683992
9781013735479
9781013700262
9781013710063
9781013708626
9781013707919
9781013741098
9781013739798
9781013739514
9781013739262
9781013704253
9781013718885
9781013705502
9781013715617
9781013648861
9781013647109
9781013646621
9781013646201
9781013710674
9781013723070
9781013721816
9781013721373
9781013706356
9781013706288
9781013717352
9781013832505
9781013832314
9781013796913
9781013808265
9781013808111
9781013807435
9781013746246
9781013745768
9781013745171
9781013745034
9781013803208
9781013701030
9781013810855
9781013810046
9781013800481
9781013799266
9781013798559
9781013797378
9781013808678
9781013768125
9781013767364
9781013767012
9781013807268
9781013813092
9781013766039
9781013765971
9781013825804
9781013835117
9781013834660
9781013834325
9781013823978
9781013822872
9781013822568
9781013822254
9781013832161
9781013833342
9781013795695
9781013793202
9781013830839
9781013829567
9781013828492
9781013826443
9781013790911
9781013802140
9781013800849
9781013800641
9781013833786
9781013796135
9781013769498
9781013780042
9781013749322
9781013748363
9781013746406
9781013776823
9781013775512
9781013774744
9781013774430
9781013744082
9781013757426
9781013805721
9781013753527
9781013784699
9781013784354
9781013783937
9781013783418
9781013749643
9781013761232
9781013760563
9781013760099
9781013702617
9781013702389
9781013755996
9781013805028
9781013804861
9781013765032
9781013773204
9781013772764
9781013772641
9781013809262
9781013809156
9781013809088
9781013809064
9781013768378
9781013769924
9781013778919
9781013777851
9781013725104
9781013724497
9781013724350
9781013723452
9781013774058
9781013789267
9781013787812
9781013785450
9781013772108
9781013771873
9781013779152
9781432584887
9781432584559
9781432582814
9781432554248
9781432562601
9781432562458
9781432561949
9781430328681
9781430328155
9781430326328
9781430325499
9781406963786
9781432567002
9781432565183
9781432564568
9781432555917
9781432555382
9781432555375
9781432554859
9781432562632
9781432504700
9781432503642
9781432500436
9781432557928
9781432311902
9781432117979
9781432117962
9781432577643
9781432590949
9781432590932
9781432590406
9781432574680
9781432574222
9781432573348
9781432573270
9781432586690
9781432554125
9781432551247
9781432551063
9781432579722
9781432579111
9781432578565
9781432578329
9781432545055
9781432556716
9781432556563
9781432556068
9781432581732
9781432513580
9781432508883
9781432508302
9781432531270
9781430443254
9781430329800
9781430329602
9781432518493
9781432516895
9781432516796
9781432516529
9781432559656
9781430464099
9781430463108
9781430461555
9781432537708
9781432537487
9781432534424
9781432533939
9781430444374
9781430482338
9781430481843
9781430481706
9781430324904
9781432559373
9781432559304
9781432559243
9781431979950
9781432516024
9781432515430
9781432515201
9781432563561
9781432563325
9781432563271
9781432563004
9781432515072
9781432522568
9781432520328
9781432520182
9781428872004
9781428871960
9781428871649
9781428871632
9781432516468
9781432544850
9781432543303
9781432540791
9781432504762
9781432711160
9781432709785
9781432709464
9781432659639
9781432673208
9781432672416
9781432672140
9781432570750
9781432569488
9781432569358
9781432569129
9781432500276
9781432683658
9781432683337
9781432680657
9781432666385
9781432666347
9781432665302
9781432662707
9781432673727
9781432597436
9781432597054
9781432595654
9781432668365
9781432593483
9781432593339
9781432591311
9781432695569
9781432720384
9781432713768
9781432711511
9781432693732
9781432693305
9781432692339
9781432692247
9781432711443
9781432654955
9781432654870
9781432653569
9781432698515
9781432698270
9781432696115
9781432695590
9781432650391
9781432668358
9781432667146
9781432666415
9781432708603
9781432599362
9781432599232
9781432598846
9781432640088
9781432572563
9781432572112
9781432570859
9781432637231
9781432637156
9781432634278
9781432633462
9781432669850
9781432577377
9781432576011
9781432575229
9781432642471
9781432642242
9781432641610
9781432641313
9781432572655
9781432581299
9781432580018
9781432579883
9781432567392
9781432668938
9781432668754
9781432668624
9781432591038
9781432631963
9781432631239
9781432630126
9781432678449
9781432676391
9781432675554
9781432674809
9781432627942
9781432639808
9781432639358
9781432639013
9781432550233
9781432549985
9781432547790
9781432545147
9781432632496
9781432649203
9781432646844
9781432644185
9781432598822
9781428635395
9781428633940
9781428632653
9781426954368
9781426971082
9781426970337
9781426970252
9781425554590
9781425552664
9781425552565
9781425551551
9781428641136
9781426994241
9781426993961
9781426989957
9781426958670
9781426956645
9781426955754
9781426955259
9781426971402
9781426918650
9781426918513
9781426918285
9781426962479
9781426915444
9781426915222
9781426912702
9781428620957
9781428640979
9781428639188
9781428638778
9781428618466
9781428617681
9781428614673
9781428613881
9781428637177
9781426954191
9781426953217
9781426950957
9781428628557
9781428625419
9781428625013
9781428621855
9781426943706
9781426960796
9781426960338
9781426959974
9781428631144
9781426920813
9781426919862
9781426919640
9781426930577
9781425556532
9781425555085
9781425554941
9781426925122
9781426924965
9781426924767
9781426924743
9781426970085
9781425559397
9781425559106
9781425558840
9781426939624
9781426935770
9781426932397
9781426931987
9781425557058
9781426902598
9781426224867
9781426223891
9781425550967
9781426965555
9781426964077
9781426963919
9781426912399
9781426923807
9781426923685
9781426922459
9781426989735
9781426975875
9781426972942
9781426971501
9781426921247
9781426929472
9781426926693
9781426925610
9781425537067
9781425536893
9781425535810
9781425535735
9781426924378
9781426943188
9781426943058
9781426942716
9781426919183
9781430488385
9781430486343
9781430485643
9781428872776
9781430319368
9781430318101
9781430314714
9781428605435
9781428601338
9781427647450
9781427646163
9781426916496
9781430324799
9781430323754
9781430323464
9781428873452
9781428873360
9781428873094
9781428872868
9781430319559
9781428648630
9781428646834
9781428643895
9781430304722
9781428641112
9781428641082
9781428641075
9781430466185
9781430499091
9781430498858
9781430498674
9781430461180
9781430452973
9781430452829
9781430451129
9781430494751
9781428872660
9781428872486
9781428872387
9781430476009
9781430473954
9781430469735
9781430467915
9781428871571
9781430300908
9781430300007
9781428873582
9781430484264
9781428652606
9781428652514
9781428652507
9781428868984
9781428610170
9781428609822
9781428609082
9781428861695
9781428661219
9781428659179
9781428658141
9781430313977
9781428620902
9781428620797
9781428618855
9781428870703
9781428870260
9781428870208
9781428869417
9781428613065
9781428629721
9781428629707
9781428629530
9781426995866
9781430310778
9781430307396
9781430306207
9781428641037
9781428657069
9781428656956
9781428655775
9781430322351
9781430321750
9781430321446
9781430321248
9781428654259
9781428868960
9781428868953
9781428868830
9781426949609
9781426947025
9781426946646
9781426946028
9781428657632
9781428871212
9781428870840
9781428870741
9781428652132
9781437128642
9781437128611
9781437127287
9781437124248
9781437102635
9781437108309
9781437107999
9781437107289
9781436838139
9781436836272
9781436833226
9781432593674
9781437105940
9781437112023
9781437111712
9781437111064
9781437104264
9781437104127
9781437103922
9781437103434
9781437108620
9781437089097
9781437088595
9781436821544
9781437087970
9781437087642
9781437086294
9781437086140
9781437120646
9781437129519
9781437128710
9781437128697
9781437119527
9781437119206
9781437118407
9781437104905
9781437123975
9781437102598
9781437102529
9781437101423
9781437121940
9781437121896
9781437121186
9781437120837
9781437100822
9781437105896
9781437105551
9781437118179
9781437092752
9781437092417
9781437092301
9781437091311
9781437096965
9781436843928
9781436842662
9781436840330
9781437094824
9781437094381
9781437094251
9781437088410
9781436817127
9781436854726
9781436854597
9781436854283
9781437099867
9781437098136
9781437097566
9781437097054
9781436847452
9781436866538
9781436866392
9781437093902
9781437107265
9781437106855
9781437106756
9781437105971
9781437084986
9781437093230
9781437093155
9781437093056
9781437110944
9781437110678
9781437109788
9781437100426
9781437089301
9781437095357
9781437095210
9781437095166
9781436759496
9781436759243
9781436753357
9781436749145
9781437093865
9781437100761
9781437100556
9781437109122
9781437302745
9781437362268
9781437360875
9781437360202
9781437357981
9781437298208
9781437309959
9780871715838
9780871710123
9780924922282
9781451107210
9781437122510
9780871716316
9780871716064
9781009427173
9780871715715
9780871715500
9780871714015
9780871710550
9780963446688
9780956809643
9780941158893
9781399962155
9780871716446
9781437350890
9781437115482
9781437115253
9781437114997
9781437112993
9781437346947
9781437451511
9781437364194
9781437364156
9781437344677
9781437344547
9781009682619
9781437321647
9781437355673
9781437134186
9781437132434
9781437132229
9781437349214
9781437349047
9781437348309
9781437347678
9781437130065
9781437303759
9781437343793
9781437302561
9781437300727
9781437299502
9781437298383
9781437311259
9781437116038
9781437115918
9781437115604
9781437308112
9781437306002
9781437305258
9780904148640
9781437112030
9781437120462
9781437119589
9781437119534
9781437313352
9781437313178
9781437312577
9781437312270
9781437117271
9781437123524
9781437123364
9781437304282
9780899709994
9780879861292
9780875243092
9781009651943
9781009647281
9781009643269
9781009328807
9781009244428
9780999165034
9780972098007
9780970801074
9781437313529
9781397670328
9781009726917
9781437309140
9781437308174
9781437101348
9781437101171
9781437101072
9781437100846
9781437304220
9781437314182
9781437313697
9781399525992
9781434468758
9781434464477
9781434454522
9781432765507
9781432779511
9781432779412
9781432779016
9781432689490
9781432689360
9781432688981
9781432687878
9781436860260
9781432786304
9781432784966
9781432784799
9781432767990
9781432767099
9781432767037
9781432766771
9781432780470
9781432725853
9781432724931
9781432724245
9781432775629
9781432723712
9781432722821
9781432722753
9781433593109
9781434486639
9781434479266
9781434475268
9781432798529
9781432798390
9781432796921
9781432796204
9781434473790
9781432765484
9781432763206
9781432762650
9781434114686
9781434106100
9781434103345
9781434102348
9781432754099
9781432771331
9781432770815
9781432769871
9781434431516
9781432738501
9781432733780
9781432733582
9781432748203
9781432691202
9781432691158
9781432690298
9781432746018
9781432745448
9781432743888
9781432743062
9781432778873
9781432695484
9781432695248
9781432694760
9781432750282
9781432749439
9781432748876
9781432748319
9781432691455
9781432700607
9781432699987
9781432698744
9781432684518
9781432777197
9781432776794
9781432776213
9781432721619
9781432740870
9781432739997
9781432739652
9781432784126
9781432783884
9781432783822
9781432780876
9781432739607
9781432747633
9781432746759
9781432746445
9781432652586
9781432652258
9781432652241
9781432652227
9781432742171
9781432753153
9781432752026
9781432750633
9781432732714
9781436879446
9781436876766
9781436871877
9781436869669
9781436763530
9781436796736
9781436794022
9781436791663
9781432792725
9781432791858
9781432788162
9781432724016
9781436787826
9781436816168
9781436813068
9781436807432
9781436781381
9781436779265
9781436777421
9781436770187
9781436797269
9781434840516
9781434827012
9781432787776
9781434802170
9781434499561
9781434498144
9781434492630
9781436855945
9781436882538
9781436881081
9781436880473
9781436851572
9781436850414
9781436849357
9781436782777
9781436867122
9781436762304
9781436761758
9781436759717
9781436860253
9781436859585
9781436856331
9781436856232
9781436742986
9781436787307
9781436784184
9781436849029
9781435704527
9781435173446
9781435173422
9781436690621
9781432793425
9781432793364
9781432792756
9781436385084
9781436370561
9781436365291
9781436358200
9781434803467
9781433560491
9781432895679
9781432799670
9781436735803
9781436728157
9781436721745
9781436721219
9781432796129
9781434431264
9781434402561
9781434400598
9781432786403
9781436788212
9781436788137
9781436788038
9781436787925
9781434492333
9781436346047
9781436336871
9781435890749
9781436807333
9781436807142
9781436804806
9781435837614
9781434855022
9781436390569
9781436389433
9781436387804
9781432761301
9781432755102
9781432754921
9781432754747
9781436356756
9781436742207
9781436737579
9781436737463
9781436803991
9781417993703
9781417992577
9781417935314
9781417959624
9781417959532
9781417959419
9781413430660
9781413429664
9781413427653
9781413427585
9781417951192
9781425525545
9781417966158
9781417965434
9781417943579
9781417938025
9781417937479
9781417936694
9781417959648
9781413480610
9781413479447
9781413476330
9781417958191
9781417966646
9781413472806
9781413471809
9781417987481
9781417994632
9781417994564
9781417994496
9781417985920
9781417985586
9781417985548
9781417984121
9781417991433
9781417993932
9781417935147
9781417934072
9781417990719
9781417989812
9781417989553
9781417988266
9781417929276
9781417950171
9781417948284
9781417947386
9781417994397
9781417935277
9781413485769
9781413483475
9781417900640
9781413431728
9781413431612
9781413430875
9781413498011
9781413495294
9781413494549
9781413492118
9781413426519
9781417955756
9781413440171
9781413436600
9781417916733
9781417907205
9781417904426
9781417902729
9781413432879
9781413455090
9781413454680
9781413454215
9781410732798
9781413442977
9781417955244
9781417953226
9781413471618
9781413490459
9781413488647
9781413487701
9781417963461
9781417962860
9781417960231
9781417960187
9781413483055
9781413487169
9781414015590
9781414005652
9781411661103
9781411646292
9781411641419
9781411639744
9781413491302
9781417926268
9781417921119
9781417918560
9781413487350
9781414063652
9781419114731
9781419113789
9781418448752
9781418473341
9781418471408
9781418469092
9781417973309
9781417972289
9781417968459
9781417967858
9781418462765
9781413474992
9781418478759
9781418477233
9781418454609
9781418452346
9781418451714
9781418448998
9781418473747
9781417998289
9781417997084
9781417996971
9781418466657
9781418479558
9781417995639
9781417995059
9781418497378
9781419125331
9781419121265
9781419116858
9781418491406
9781418490386
9781418490379
9781418490249
9781419110580
9781419115998
9781418446055
9781418445386
9781418499877
9781418499228
9781418499167
9781418497552
9781418442583
9781418461256
9781418455354
9781418455163
9781419116209
9781418448707
9781418255008
9781418188436
9781418431693
9781417979677
9781417977994
9781417976126
9781418428464
9781418428389
9781418423988
9781418422639
9781417967612
9781418466558
9781417987122
9781417986033
9781418438258
9781418437367
9781418435110
9781418432713
9781417983094
9781417991372
9781417991273
9781417990726
9781413475357
9781417987276
9781418466534
9781418464370
9781417994779
9781418414160
9781418409333
9781418404864
9781418476168
9781418475628
9781418474546
9781418474508
9781418187965
9781418403836
9781418429706
9781418428617
9781417933860
9781417931842
9781417931293
9781417929481
9781418419714
9781418442552
9781418439217
9781418438647
9781418404581
9781418431242
9781410225597
9781410219800
9781407600246
9781407638119
9781407637976
9781407637877
9781406962581
9781406961409
9781406961249
9781406961201
9781407636672
9781410731081
9781408632741
9781408632536
9781407603650
9781407603193
9781407602943
9781407602530
9781407638324
9781406980769
9781406980509
9781406979879
9781407637754
9781408694817
9781406979619
9781406979480
9781409287087
9781410712677
9781410710024
9781410706638
9781409272410
9781409262954
9781409255383
9781409252474
9781410205551
9781410700988
9781406999426
9781406998979
9781409799153
9781409727422
9781409296904
9781409292203
9781406996494
9781407636436
9781407606255
9781407605043
9781410705105
9781407600178
9781406983814
9781406982640
9781406991987
9781406964523
9781013381027
9781406963069
9781406990089
9781406989915
9781406989403
9781406989052
9781406960327
9781407637389
9781406967630
9781406967487
9781406994513
9781406993493
9781406992823
9781406992588
9781406964707
9781406974195
9781406973747
9781406973723
9781403363886
9781406968859
9781407637129
9781407636818
9781406978384
9781406988345
9781406987294
9781406986235
9781408632499
9781408096932
9781407639543
9781407639420
9781406981780
9781406984279
9781406991642
9781406990560
9781406787504
9781406787474
9781406776591
9781406774818
9781406988505
9781406996012
9781406995008
9781406994674
9781406985863
9781406991970
9781413463798
9781413459241
9781411685710
9781413418170
9781413417999
9781413412987
9781409221937
9781409207498
9781409202943
9781409201786
9781412990561
9781406979763
9781413424140
9781413422061
9781411698710
9781411697386
9781411696273
9781411692466
9781413419580
9781410737281
9781410736314
9781410732880
9781413411706
9781413424171
9781410723253
9781410715913
9781413443035
9781413467345
9781413466027
9781413465532
9781413436419
9781413434910
9781413434484
9781413433920
9781413455748
9781413464825
9781411670105
9781411664180
9781413448665
9781413448528
9781413445602
9781413443158
9781411626461
9781412202060
9781412201223
9781412200325
9781413465020
9781411680272
9781410742308
9781410741363
9781410783479
9781409236856
9781409227540
9781409226727
9781410771629
9781410763648
9781410762108
9781410760005
9781409201465
9781413410037
9781409284772
9781409278139
9781410798510
9781410795601
9781410788146
9781410786982
9781409250739
9781410205056
9781410107817
9781410105035
9781406979848
9781409285625
9781413407082
9781413406436
9781410715654
9781410750709
9781410748744
9781410748195
9781413421866
9781413421675
9781413421309
9781413420203
9781410739032
9781410742568
9781410777454
9781410773807
9781406998733
9781406997941
9781406997316
9781406996562
9781410753557
9781411625105
9781411615458
9781411615267
9781410742735
9781410780546
9781425492588
9781425491932
9781425488949
9781420884173
9781420892437
9781420891966
9781420890815
9781420834420
9781420833539
9781420832433
9781420832204
9781417995653
9781420899450
9781420898552
9781420895025
9781420885996
9781420885613
9781420884616
9781420884210
9781420892468
9781420857559
9781420856859
9781420855616
9781420888355
9781420854886
9781420854596
9781420854534
9781424571673
9781425522384
9781425521615
9781425497880
9781423648697
9781423473428
9781423442936
9781423431329
9781425496081
9781420883565
9781420882506
9781420882452
9781425482657
9781425481667
9781425481346
9781425418168
9781420879346
9781420887457
9781420886719
9781420886313
9781425488833
9781420859614
9781420859416
9781420858938
9781420872323
9781420837940
9781420837605
9781420836790
9781420869132
9781420867695
9781420867183
9781420865783
9781420890495
9781420842876
9781420840971
9781420840803
9781420874266
9781420873627
9781420873160
9781420872606
9781420839579
9781420848786
9781420848281
9781420847598
9781420831559
9781420889420
9781420888843
9781420888607
9781420853919
9781420864588
9781420863093
9781420860542
9781420894837
9781420894059
9781420892840
9781420892819
9781420859676
9781420871500
9781420870657
9781420870268
9781420815573
9781420815559
9781420815085
9781420814385
9781420864830
9781420878004
9781420877793
9781420877236
9781420858792
9781426905889
9781426905803
9781426904585
9781425538958
9781425546786
9781425546274
9781425546014
9781423407928
9781421886978
9781421835419
9781421820774
9781420854985
9781425550912
9781425549985
9781425548988
9781425543037
9781425541781
9781425540937
9781425539191
9781425547028
9781425526252
9781425526245
9781425526092
9781425544959
9781425524043
9781425523961
9781425523299
9781425573485
9781426911620
9781426911217
9781426909832
9781425558253
9781425558017
9781425557720
9781425557713
9781426909634
9781425538620
9781425538415
9781425537531
9781425948856
9781425917746
9781425796471
9781425791216
9781425535605
9781425544928
