9788169001588
9788181803825
9788181806017
9780063495067
9780063495876
9780063498617
9780143422631
9780143444435
9780143444442
9780143446699
9780063399426
9780143471608
9780008298166
9780008671211
9780008697983
9780008718992
9780008762315
9780008767624
9780063224513
9781728282800
9789350636350
9789351071686
9789355742773
9789356403956
9789356660014
9789361315466
9789369587346
9789371501330
9789371642576
9789371862455
9789378168611
9789380668543
9789385976995
9789350636343
9789388038270
9789388271219
9789388736435
9789388818391
9789389000658
9789389449259
9789391605650
9789371860246
9788171109616
9781898166474
9798899840401
9798902316657
9798898269098
9798899617515
9798899617157
9798901120217
9798901121610
9798901762790
9798898791933
9798902073277
9798899615030
9798898268930
9798898263553
9798903423279
9798903924417
9798904312435
9798899616235
9798902696278
9798902699385
9798902966470
9798903194315
9798904512224
9798904515461
9798904793012
9798900898223
9798904794378
9798905100758
9798902315803
9798902076100
9798895568323
9798898261795
9798894751740
9798904794514
9798894980461
9798894985794
9798895190326
9798902693895
9798896736905
9798885750424
9798887832838
9798894157351
9798895444016
9798895444030
9798895446256
9798895190623
9798899848391
9798899067860
9798904510190
9798894751443
9798897770809
9798897771769
9798897773961
9798894759098
9798898795450
9798898796273
9798899060380
9798895442432
9798900897097
9798897443086
9798897248100
9798897240531
9780143481201
9798895440056
9798896105800
9798897444113
9781782438977
9781789055283
9781803091334
9780143480297
9798894750859
9798899611940
9798899614125
9798900894737
9798900540047
9798900547077
9798900891187
9781852050580
9798894462646
9798894463100
9798894465043
9780670097685
9798894469980
9798895192399
9798896103226
9781849569125
9789391080716
9798896321804
9798896108269
9798896325017
9798900077024
9798900076096
9798900075396
9798895885635
9780670093809
9798896732204
9798895194485
9798896107965
9789377303822
9789382397342
9789390573059
9789390629985
9789356667426
9788126566327
9788126566648
9789373747347
9789362077448
9789363889668
9789392941863
9789362836151
9789373943596
9789395346672
9789357884235
9789354993947
9788173704468
9781464219375
9789373106212
9788119208890
9780540598731
9789347391521
9789348789594
9788126579693
9789370204072
9789370184213
9789364818292
9789371645324
9789372198782
9780199453450
9788170668053
9789354551406
9789360824938
9789362077219
9789355834928
9789358327168
9789372194746
9789383866977
9789372198126
9788190642736
9788184351286
9789372198805
9789371864404
9789369898183
9789386925503
9789386925510
9789378163982
9788169826327
9789379382382
9788169826310
9789388438803
9798896322450
9798895196984
9781638062875
9781638862277
9781639972487
9781639205370
9798895190722
9798895194508
9788131809129
9781637143490
9781618134158
9798897772742
9781648998034
9781647337124
9781685094065
9781685866709
9781685090074
9781684660681
9798894980706
9789383182428
9798886413229
9798887335919
9798895447208
9798899845048
9798900071121
9798900074764
9798900076805
9798900235448
9798899060489
9798896328575
9798896329374
9788174469335
9788180280184
9798900236292
9789361030697
9798895560075
9798895568750
9798895561577
9798896104759
9798896105206
9798896105367
9798896101727
9788172337780
9798905400124
9798905402128
9798905403682
9798894986210
9798894986203
9781639208975
9798895444696
9798901761359
9798903929566
9798903427277
9798903420711
9798902692645
9798902699361
9798902318583
9798901761380
9798902077640
9798901762318
9798888335482
9798894461434
9798894465814
9798889598374
9798902313199
9798898260354
9798902071150
9798902074182
9798901764237
9798901765142
9798900236827
9798900239514
9798898262211
9798898260828
9798900897684
9798897776962
9798904514679
9798901122006
9798900541655
9798900896793
9798900540993
9798895192887
9798898792770
9798898799632
9798901368381
9798899064951
9798899841736
9798896735205
9798897244485
9798897246724
9788121927284
9798898262716
9798888051337
9789311126043
9789360235451
9798898542085
9798898268817
9798896108801
9798894752198
9798894754734
9798894757087
9789356187382
9789380803531
9789347142512
9789389532937
9789353627362
9789363330610
9788126031191
9789371119481
9789372904796
9789356667259
9789391659752
9789371007047
9789391567743
9788198777102
9788119073412
9789352205837
9788184351910
9788186103852
9788198736901
9788199540422
9789358690316
9788193825945
9789352908448
9789371112253
9789325963962
9789369893331
9789358380262
9788129521453
9789364178990
9780205373116
9789359982366
9789373940250
9781634159258
9789395266680
9789349992412
9789352877584
9789357891813
9789358473735
9789362834287
9789363102224
9789374620915
9789385224652
9789394679634
9788119090327
9789357007788
9789371861014
9789377137564
9789371861106
9789386225726
9789388724715
9789357892865
9789373108872
9781722503499
9789364876100
9789355835611
9789385679544
9789393642943
9781035025893
9789369582280
9789370983281
9789385976803
9789359712192
9798899065118
9781685865146
9781648991257
9789392573866
9789392013942
9798894465029
9798900892627
9781648500800
9798900232652
9798900232393
9798900074108
9789351865117
9798899849060
9798889595779
9798887495309
9789937506700
9789395386630
9798895196830
9789392963803
9798900894522
9788119758760
9789353226688
9789352661237
9798894465173
9789352661145
9789352660773
9789351869771
9789356185937
9798900893860
9798899063503
9798896990895
9798896991632
9798899612138
9798902074526
9782930740065
9788119758531
9788173154126
9788122442748
9788131907764
9788172292621
9788172298098
9798899619069
9798899295447
9798899294518
9798899069147
9798899847547
9789351864776
9789383111824
9789382901822
9789382898764
9789382898412
9789382171669
9789389471489
9789389471441
9789388984607
9789388131216
9788119032990
9798902075806
9789326354950
9798896326953
9798899063022
9798897774265
9798899843877
9798897448760
9798897443031
9798897240753
9798896999379
9798889758396
9798894461236
9798896326076
9789347273889
9789392591198
9789392573897
9798894757315
9798894750873
9798894750569
9798894468815
9798898790035
9798901363003
9798901123263
9798901122808
9798901122136
9798900899374
9788197289156
9798905603167
9798905105609
9798904793043
9798904314569
9798903927968
9798902076605
9789386231642
9789380839004
9789380556130
9789371111973
9789384344771
9788199783843
9798900898759
9788173151644
9788173153662
9788173154119
9789364483124
9788185829906
9789392963759
9789392573828
9789355626257
9789355626516
9789355626554
9789355629685
9789389471632
9789386870223
9789392012020
9788173154164
9789390366088
9789390923083
9789390923113
9789352661220
9789390923212
9789390923984
9789354696602
9789355215062
9788188267194
9789386870070
9789389471991
9788177213201
9788173150500
9788184300253
9788184305623
9788173151323
9788173151316
9788177213713
9788177214246
9788193295670
9788193397435
9798896106197
9798896320630
9788173151590
9789385721229
9789386001931
9789386054876
9789386231352
9789386231444
9798894758572
9798894986982
9798897773084
9798895197233
9798895441732
9798895880722
9798895880821
9798895887387
9789385005930
9788188266401
9788188266890
9798897777778
9798898263027
9798898265328
9798898268862
9798898548582
9789351860815
9789351860778
9789350486030
9781642492187
9789350480380
9789351868798
9789351868644
9789351867746
9789351867555
9781618136909
9789351867425
9789351866138
9789351865902
9789351865209
9789351862604
9789390923199
9789387980594
9789388019194
9789389471250
9789389471274
9789389982299
9788193288849
9788177210866
9788177213225
9789350485538
9788172298319
9789348740854
9788185829715
9788173159046
9781638500360
9788173155543
9788173156267
9788173154188
9789391855024
9789389915280
9798896324690
9789391855031
9780008302412
9781523309481
9798895441831
9789384109707
9789359898223
9789355436870
9798896999898
9798899610714
9798899617645
9798899841415
9789391855192
9789391855376
9789391855567
9789391855666
9789348048165
9798893635782
9781953384331
9798893637991
9798894983202
9789357750882
9798896733508
9789358471717
9780956292070
9780199471560
9788123020563
9788170637042
9788181291011
9789394792647
9789368904823
9789377390389
9789309240362
9788199596887
9789348070517
9789352209729
9789386849946
9788199596870
9789387788725
9789378162077
9789385888908
9789356668041
9789355547187
9789355938060
9788199137356
9789354802010
9789358930689
9789388937870
9789388564526
9789388528108
9789388126502
9798897247516
9789388013277
9789387930193
9789395908214
9789391600457
9798895414491
9789392217166
9789370202702
9789370468641
9789372455823
9789386925336
9789372549447
9789373354378
9789360788254
9789361973437
9789361975592
9789376864911
9789366651477
9789366652474
9789366657974
9789367234273
9789385445514
9798894155715
9789394704763
9789392803598
9789383862573
9789382673637
9789379002044
9789376869091
9789391968021
9789386290496
9789374628096
9789374266175
9789359123264
9789358779981
9789358383621
9789357881333
9789372540574
9789386925329
9789374628478
9789348161925
9788194437130
9788196919856
9789334154016
9780820531083
9781613017203
9788119058884
9788119225668
9788119854622
9788171945375
9788194109136
9789348070661
9789366315584
9789348443427
9780190132057
9788198842879
9789334074925
9789357773904
9789334255775
9789334440577
9789347094606
9789347397493
9789347704413
9789347749117
9789373356877
9789373359953
9788199691643
9788230371701
9788194371021
9780394239767
9788197132964
9789392474439
9789810868048
9798892220866
9798897448890
9798899066856
9789394878754
9789395432627
9789810868017
9789810868031
9789349532823
9789350765012
9789352878017
9789571535142
9789354553516
9789355105233
9798895193259
9789354469848
9789392665110
9788187780403
9789352208531
9781316505731
9780143482710
9781316505847
9789370787896
9789334407785
9788119363834
9788194781202
9788194982845
9788195772445
9789352668090
9788184975598
9789355856661
9788198723949
9789326352161
9789355213693
9788184350531
9788184303728
9788183214117
9788183910002
9788183990042
9781637456668
9788184040029
9789322008314
9798900895642
9798901360026
9798900893938
9798900893891
9798900895772
9798900895802
9798901363034
9798901365328
9781649513168
9798899291845
9798899290060
9798903427062
9788186351994
9788175372955
9780749460877
9798903423064
9798902312468
9798903195978
9780190133818
9781648505751
9798903926671
9798903629909
9781646501793
9781639042173
9781638739227
9781638730477
9798904514464
9789937230360
9789395101554
9789395098373
9789394499638
9789392202872
9789391024505
9788182700598
9788180902956
9788196519018
9788170161776
9798903925469
9781947349100
9781853000492
9781844149360
9798894156606
9798894151434
9798890026149
9798890023056
9798890021052
9798889514275
9798889513186
9798894750743
9781947429512
9789355036117
9789380658728
9789350235881
9789349491298
9789348580771
9780818948510
9798885303415
9789386858252
9789386823243
9789386036490
9789383138326
9788184302707
9789381506882
9789363337879
9798888838716
9789390713691
9789388333344
9789388241991
9789388137638
9789387894365
9789387803114
9789387053366
9781684940707
9789381695838
9788131790052
9788132117940
9788189854386
9788193445983
9798904793982
9789387578418
9789387860391
9798905403026
9798905407581
9798905402418
9798894750378
9798902699705
9798902961024
9798902966913
9798902968153
9798902968863
9798903927074
9798903196463
9798905103407
9798903420315
9798903420742
9798903421350
9798902695714
9781009031202
9789388689687
9789389691795
9788183230131
9789385724008
9789386224774
9780190137304
9788121920919
9788125904663
9788170130376
9789388754354
9789350231227
9789350238165
9789354975356
9788176000048
9788185240909
9788185396088
9788189059194
9789350040492
9789381703106
9788180521997
9798903421961
9788170560944
9798901761038
9798901766293
9798900079509
9798899844065
9798901767900
9798901768044
9798901768624
9798902693802
9798901769928
9798902071211
9788172330255
9798902315971
9798902318910
9798902319306
9798902690795
9788121927413
9798902691921
9798899840685
9798899840920
9798903621552
9798903622719
9798903623075
9798902315278
9788174530837
9798903424023
9798902694557
9798904514884
9798904516642
9798904517243
9798904517786
9798904519681
9798904790226
9798904792534
9798904312657
9798901760598
9798904316907
9798904317447
9798904318109
9798904318147
9798904511906
9798900890869
9798900892405
9798900549323
9798900549729
9798903198016
9798901760444
9798904316648
9798898796556
9798898796174
9798898795573
9798899062339
9798898793203
9798898792312
9798898792169
9798899060199
9798898799762
9798898799694
9798898798970
9798899295157
9798898797799
9798898797522
9798894467757
9798901128633
9798901769553
9798899067464
9798899067310
9798899614972
9798899060731
9798899060588
9798899060212
9798901360088
9798901361481
9798902071761
9798902074571
9798902077343
9798902078814
9798898797409
9798898548605
9798899068096
9798899069673
9798901125182
9798901125694
9798898544805
9798898544720
9798898543532
9798898795399
9798898542801
9798898542719
9798898542313
9798898541033
9798897248957
9798898796921
9798901125816
9798901127698
9798898547929
9798898547264
9798898546694
9798898545291
9798897448159
9798897446315
9798897444625
9798897444380
9798897444205
9798898261672
9798897441914
9798897249916
9798897248742
9798899294310
9798899844997
9798899848629
9798900230566
9798900230528
9798900079851
9798900546612
9798900898858
9798900897905
9798900897738
9798900897141
9798900237633
9798900237336
9798900236773
9798902078913
9798900233154
9798900232249
9798900231167
9798900230993
9798899848735
9798899849084
9798900548036
9798901121726
9798900546124
9798900545998
9798900239989
9798900239064
9798899849503
9798899849442
9798900895284
9798901369494
9798900079417
9798900076713
9798900076454
9798900076263
9798900076058
9798900073255
9798900072265
9798900233246
9798899614842
9798899614378
9798899613401
9798899612206
9798899610578
9798898798673
9798899295324
9798899842597
9798901121917
9798901124406
9798899619182
9798899618857
9798899617706
9798899617317
9798899615252
9798900070278
9798898791728
9798898790745
9798898790356
9798898549305
9798899296512
9798895881460
9798895566152
9798895565612
9798895564394
9798895562338
9798896102373
9798895560808
9798895448311
9798887176444
9798894157306
9798895888544
9798895887110
9798895887073
9798896328308
9798898540258
9798895882429
9789381162491
9789390767670
9789378162039
9789369140763
9798887723082
9798887720425
9798887334486
9798887177908
9798896734208
9798896730675
9798896329978
9798897241262
9798896325826
9798895885901
9798894467252
9798894465104
9798894461618
9798894158952
9798894158839
9798894987132
9789355434104
9789355433961
9798894758510
9798894757902
9798894754642
9798894752440
9798894752020
9798895194232
9798895193020
9789360823900
9789360821982
9789355857569
9789387023963
9789355854216
9789355625090
9789355621436
9798895447413
9798895446294
9798895199145
9798895197776
9798895194423
9798895886601
9798895193266
9789362254788
9798898269678
9798897770755
9798897448746
9798898264802
9798898264444
9798898263706
9798898262785
9798898261962
9798898543426
9798897778089
9798897777556
9798896100089
9798895889985
9798901365373
9798896324287
9798901366387
9798902310198
9798898266417
9798898266202
9798896321767
9798896109150
9798896104445
9798896992868
9798896100362
9798896100157
9798897247141
9798897244836
9798898540999
9798898540296
9798901366103
9798896322382
9798896321989
9798896995678
9798896994343
9798896993513
9798897444083
9798896992288
9798896990345
9798896736851
9798896734307
9798894985749
9798894981994
9798897243853
9798897772223
9798897774975
9798897240074
9798896998259
9798896996378
9798895192948
9798888835128
9798888834206
9798895192108
9798895191439
9798895190074
9798894989037
9798895560921
9798897777457
9798897777181
9798897777129
9798897776405
9798897241163
9789362074690
9789362250704
9789388105378
9789358777000
9789356124370
9789394792531
9789388623896
9789360826567
9789371861885
9780063272743
9780063080539
9780063031296
9780008336387
9780008552855
9780063083165
9780470613498
9780063296855
9780063288966
9780062312709
9780062957351
9780063438835
9780063069794
9781464251993
9780008722074
9780063438767
9780063438828
9781464279140
9781464298080
9789386343598
9781509889501
9781529014785
9781801058254
9781804958094
9782176145105
9789354461088
9788183761833
9798894752471
9787909384738
9780143450054
9780143481546
9780310366355
9780143068341
9781509881352
9781037405334
9781400356218
9781400260522
9781404112070
9781464219368
9789381350621
9789369582372
9780008729004
9780008718985
9780008797898
9798899840197
9780008772253
9780008782115
9780063375741
9780008797515
9781464265488
9781464258077
9781464252686
9781464252679
9781464252662
9780143068334
9780063491465
9780063566064
9780063429468
9789356599192
9789357059282
9789359577548
9789360742034
9781464243868
9788188965281
9781464251276
9780063389489
9780063429444
9780063413566
9780063419346
9780063354197
9789391793814
9789391067809
9789388425254
9789386867490
9788178242040
9798896105503
9789393862013
9789392374296
9789352251254
9789363339842
9780190133559
9789357857451
9789360820015
9788131766187
9781645973317
9788196368432
9788197970078
9789348740069
9788173290268
9789352205042
9780070587601
9789357360265
9789357367295
9789360820022
9789363334755
9789376866045
9789386390769
9789387151482
9789390955817
9789370785625
9789355578105
9789359134451
9789381661451
9789360826611
9789390711161
9789386925855
9789371869089
9789360820336
9789389665659
9789352907960
9781569570319
9788123919225
9780199474400
9788129114860
9789363339972
9798902075684
9798896104780
9798903196760
9798901762509
9798896738435
9798895447369
9789360821593
9798903923786
9798900542713
9798904316792
9798900893556
9798900899152
9798901127520
9798901127865
9798895567630
9789375165897
9798890265494
9789350362549
9798895564202
9798902315834
9798895442210
9798897772506
9798889095859
9798887836515
9798887722030
9798899299124
9798898262686
9798897777723
9798894980379
9798885918350
9798894465005
9798894467290
9798894752167
9798894757469
9798897443444
9798894980393
9798895192290
9798895192740
9798895568019
9798894151496
9798894151885
9798894157962
9798903422500
9798903423293
9798903427888
9798900079127
9798901361597
9798897246007
9798897240715
9798896996408
9798896996194
9798896991250
9798897448265
9781648289873
9798904799410
9798900542492
9798903429875
9798900238685
9798900072289
9798905405198
9798905100475
9798900079080
9788121924238
9781648285646
9781684948406
9788169826679
9780867888201
9781945621161
9788173713583
9781618136039
9781009424653
9788188769728
9781646786527
9781646781690
9781637819937
9781638506683
9789694073774
9780195687422
9788121936088
9789363122888
9788191064285
9789360824396
9789334113396
9788169729338
9788185495996
9788195864164
9788169225038
9789371189484
9789348070043
9789357371568
9789359624938
9789387208988
9789393393708
9789359112695
9789355173201
9789347253065
9789393782731
9789394012004
9789393529800
9789395481861
9789380864655
9788196170448
9798894987743
9798895443552
9798899612749
9789391895655
9798897441747
9788131012444
9789390154852
9789391895549
9781997840244
9780190136369
9788125058700
9788126707492
9788197604614
9788190835923
9798894469805
9789395673440
9788197307652
9789394851139
9789361863295
9788188388639
9789327191486
9789369897445
9789371863063
9789354747564
9789388809368
9789352722648
9789393326850
9789393642950
9788181806192
9789348988973
9789355540706
9789365543261
9789372540543
9789356668331
9789359030852
9789389292923
9789386290489
9789354552007
9789354551987
9789382883340
9788126515509
9788171106264
9788176603393
9798898548025
9788172334949
9781684871971
9798904518349
9798904514778
9789349667044
9798894755052
9781639407705
9781638506355
9798889756620
9798894469485
9798896328223
9798899061509
9798899060502
9798898797959
9798895191750
9798898549268
9788126315598
9788123774169
9798889518235
9789352664030
9789356289130
9789392186103
9798895447154
9798895193464
9798895440599
9798895442081
9781877854156
9789694963464
9789367252499
9789390659289
9781637450680
9781684942145
9781685385026
9798894759241
9798895190579
9798896739173
9798897770182
9798901365694
9798902078883
9798905601866
9798899295881
9798901361504
9798899617928
9798896730514
9798898793401
9798902071716
9798902312031
9798902319047
9798903195015
9798899290787
9798899840463
9798900541242
9798899842634
9798899840500
9798899610820
9798897240586
9781632876577
9788181374332
9781637459676
9780199457472
9781684941223
9781684876044
9788128026027
9789350040423
9789361034947
9798898545482
9798894986043
9798898265182
9798894984384
9798897775293
9798898262426
9798899066894
9798899844089
9789356433496
9788197967764
9780143475385
9789325959859
9789370781801
9789362075772
9789391160340
9780199491520
9789354973635
9789363929142
9789360344436
9789365215434
9789378166600
9789356666177
9789355540782
9789348203236
9798897774777
9789387154858
9798895193969
9798895443811
9798897244614
9789369585885
9789386925312
9798898260088
9798894157924
9789389356892
9788194982852
9798891712539
9789373019789
9789354887857
9780198072737
9789384266011
9788131202326
9788170545781
9781639578245
9789361037016
9788120335967
9781684877423
9788181375964
9780199466986
9798903922536
9788173711510
9788176602808
9788177444261
9788180402302
9788119597673
9788120343177
9788126566631
9788171384570
9788171874958
9788171109586
9781638320043
9781638322177
9788171109661
9780199453504
9789357894234
9789394995215
9789395047128
9789387486713
9789389532913
9789389583816
9789390063086
9798885919326
9798887496290
9798887729329
9788196175177
9789356810822
9789392474446
9789392692895
9789393393562
9789381507285
9789382536192
9789385976575
9789388968560
9789389195002
9789395556255
9798885038157
9798885305198
9798894986258
9798895194140
9798895449455
9789391024383
9789392317163
9788181803214
9788181805393
9788183990448
9788184354874
9788185057583
9788185832302
9788188569939
9789367835425
9789348145321
9789372902198
9789387286306
9789380550282
9789388604178
9789388899093
9789386036926
9789369894536
9789386286550
9789386561817
9789386931894
9789387155947
9789390107377
9789390347773
9789390659241
9788188784172
9789387889262
9789387919457
9789388019286
9789388426893
9789354808029
9789355030825
9789356351721
9788173663024
9789357558938
9789351671237
9789352541324
9789352637805
9789358586930
9789358471595
9781639576173
9781618134424
9789386118479
9789358778557
9789360335328
9798888335666
9780190134969
9781618133830
9788171947843
9789360622275
9789361803109
9789370023239
9788173195075
9789694721880
9789364810005
9789358903195
9789372905939
9789374263358
9789376502516
9789377464882
9789380550084
9789369585236
9789369891818
9788120324138
9798899069185
9789371111348
9789372451238
9789362830920
9789364023627
9789364488112
9789348988980
9789348988034
9789348760272
9789354498428
9798902966630
9780199470792
9798900233017
9780749442316
9798898266745
9798898545505
9798902311638
9798902314394
9788131805404
9798901120996
9798901127797
9798898265564
9798900071558
9798903194506
9798902968887
9798902692232
9798905102080
9798903926824
9798900231358
9798900077772
9798905402395
9798901128152
9788193762448
9788194364955
9788194843771
9788195150021
9789350367667
9789351250937
9789351449485
9788184877021
9789325977785
9789352132874
9788189973841
9788193296882
9788193655535
9789354258923
9789354421532
9789367257487
9789373741567
9788125015826
9788125051787
9788170709558
9789350601129
9780910228985
9781399507325
9788199234451
9788199748859
9789334130515
9789334209167
9789352909742
9789353628284
9788177393415
9780063390157
9780070618619
9780143481744
9780195694482
9781645971573
9781647600747
9781648509629
9781684661411
9789380617374
9789381017098
9789381484869
9798896104988
9798896325123
9798896325246
9789372480955
9789395107129
9798896730064
9798888698754
9798894465630
9798894750941
9798894980539
9798897244850
9798895565421
9798888151945
9798897443338
9798897446384
9798898260453
9798895566442
9798895880296
9798895880357
9798896101369
9798899294198
9798899611643
9798899616679
9789394095113
9798896735762
9798897242474
9798897243075
9798897243433
9798900897103
9789386925763
9789387989511
9780521137652
9788119004041
9788119225392
9788120331013
9788124307847
9788126018079
9789371113458
9789371861212
9798218964689
9798899068133
9789356181137
9789357550338
9789388550390
9789389665161
9789391494230
9789393393609
9789393675002
9789393675101
9789379843951
9789382110002
9789386290359
9789358772241
9789360627669
9789361857805
9789393989284
9789395019767
9789363920767
9789366657943
9789351628941
9789351628965
9789379381255
9789357551427
9788169940047
9789386290397
9789386390509
9788197178917
9788197769863
9788126030316
9788126042432
9789351671022
9789352864485
9789354421600
9789354705533
9789355155498
9789356054516
9780199471539
9788199382251
9789334055764
9789334322811
9789334443219
9789349394155
9789350738733
9788171109791
9788185749839
9788192627526
9788195021710
9788196934453
9780198085157
9788179633977
9789352200511
9789351269946
9789363382985
9789359489216
9788197363399
9789349905719
9788197289194
9789352201563
9789371189613
9780367775476
9789389585025
9789395022408
9789389961201
9789362075123
9789371115414
9789360829377
9789371110532
9789360748272
9789360334352
9789386110350
9789360747558
9795217211080
9798894757735
9798897241248
9788198611024
9789358700725
9789309243271
9789360824990
9789360829506
9788131999783
9789349813274
9789350636305
9789355856067
9789355837691
9789388809443
9789390474004
9789391793296
9789384406837
9788194150800
9788186693667
9789351730415
9789350781708
9789352047420
9789356668379
9789386184177
9789388588300
9788125931270
9780007492572
9789379000132
9788171109920
9789352167197
9789393456328
9789356665088
9789373945620
9789355856890
9788196777739
9781107633476
9789373948430
9789365997903
9789371110709
9789386390493
9789394987401
9789812406132
9789370782891
9798892224833
9798894151793
9789391855642
9788177213683
9788183220842
9788119486489
9788126202058
9788170559627
9789392231810
9789392573644
9789392592232
9789392598647
9798895191125
9798895889619
9788172298029
9788172294731
9798905407284
9798893636048
9798896103790
9798905404467
9798904310868
9798904315061
9798899619380
9788172701468
9789392573699
9798903921935
9798899294099
9798899840784
9798899843679
9798899847578
9789937909532
9789395533324
9789394466388
9789394534230
9798894985558
9798894987569
9798894462837
9798894755397
9798899062476
9798899062551
9798890678867
9798898793869
9788177213553
9789384343668
9789382443407
9789384343521
9789386001443
9789386054531
9789380823836
9789387453616
9789387918740
9789387980167
9780850212860
9789350620779
9789381325667
9789381951576
9798898544577
9789384343965
9789385440939
9789390366750
9789390372713
9789390659678
9789380550619
9789380823201
9798894987972
9798900235554
9798901765890
9798903620678
9798897244690
9798897448395
9798898262679
9798898540739
9789352666171
9789352666690
9789353222239
9789369618644
9789373100784
9789374628195
9789353790226
9789355217639
9789351866121
9789351868774
9789352662821
9789358479973
9789360827861
9789361854002
9789352663781
9789352666034
9789390156504
9789390315574
9789390366248
9789385445507
9789380186238
9789380550558
9789353226695
9789353224042
9789353223595
9789351860990
9789387297715
9789351861867
9789386300805
9789386870414
9789388984430
9789390047260
9788188194001
9788188267019
9788193218952
9789393418425
9789393700773
9789394266421
9788195851621
9788199861855
9788177212778
9788177212839
9788177213522
9789348048158
9789349227675
9789349571907
9788184305159
9788186921708
9789364266116
9789367251584
9789367505229
9789350488102
9789351445623
9789351461968
9788194675310
9788194081371
9788193433270
9788177210897
9789355719782
9788177212655
9789355219183
9789355219206
9789363475168
9789363556157
9788173152511
9788173156359
9788173156892
9789380834504
9789381063071
9789381325124
9781618136633
9781613014448
9780835675475
9789350485613
9789326350907
9789350486009
9789350486153
9789311123493
9789352662951
9789352662944
9789347138973
9789352663774
9789350485606
9789350482889
9789390825684
9789383110223
9780008797959
9780008661014
9780008702922
9780008713881
9780008735548
9780008740719
9780008799366
9780008799595
9780008800352
9780063347991
9780063354760
9780063463899
9780063470897
9780063470903
9780063378049
9780063381209
9780063389502
9780063413436
9780063413597
9780063479319
9780063489141
9780063491267
9780063440968
9780063445970
9780063447967
9780063454217
9780063458253
9780008614430
9780008649036
9780008658571
9780063491410
9780143442738
9780143444510
9780143473169
9780143474081
9780143474425
9780143463832
9780143465249
9780143466062
9780143468639
9780143471004
9780063355125
9780063357044
9780063359550
9780008746070
9780008746087
9780008746100
9780008775636
9780008781866
9780063414105
9780063434066
9780063439092
9780143474685
9780008791124
9780008606664
9780008541071
9780008541064
9780008523244
9780008746063
9798895199695
9798895441091
9798896321149
9789390590544
9789391067533
9789391067670
9789391067793
9789392657498
9798894151618
9798894158105
9798894461212
9798895199268
9798896734000
9798899064562
9798899067013
9798899610189
9798901366523
9788126578870
9788172345624
9788184005462
9781801059381
9781804956571
9781804956793
9781805463078
9781806170050
9789354712807
9789354717451
9789381593042
9788126571604
9788126571666
9788126572120
9788126572465
9789388414579
9789390022687
9789390347384
9788197606304
9788197764585
9788198186171
9789348580610
9789353454487
9789353943837
9789394613577
9789815162899
9798890570888
9789382616948
9789385827549
9789386215321
9789388302371
9789388302883
9781507222706
9781507222713
9781507222737
9781464230929
9781464252648
9781464252709
9781464252716
9781464252723
9781569570753
9781569572368
9781594770326
9798890571618
9781464280122
9781474957861
9781488944000
9781488944017
9781789090994
9781789092585
9781800819153
9781507222744
9781507222751
9781507222799
9781526610003
9781529360158
9781835985656
9781982100353
9788126564514
9781644110737
9781649630285
9781649633538
9781774585023
9781788704045
9781398535954
9781398535961
9781398544505
9780349430942
9780670086405
9780670091256
9780670099672
9780674270770
9781400250189
9781400253708
9781400254484
9788126565191
9781250424570
9781250424631
9781250429629
9781250463616
9781404108738
9781408736401
9781408868676
9781399424653
9781399425223
9781399434645
9781400247349
9781400248988
9781464252730
9781464252754
9781464252761
9781400255627
9781400344048
9781400350322
9781400354719
9781402794513
9780143476061
9780143476078
9780143476085
9780143471769
9780143471776
9780143471806
9780143471813
9780143472551
9780143477266
9780143477570
9780143477839
9781464279171
9780143475200
9780143475996
9780143476047
9780143476054
9780143482642
9780143483816
9780144001583
9780143476160
9780143476467
9780143476580
9780143476801
9780143476894
9780674980464
9780804856799
9781035055050
9780143477884
9780143478447
9780143479970
9780143481386
9780143481553
9780063571075
9780143061991
9780143063896
9780063471221
9780063471245
9780063473713
9780063476653
9780063477650
9780143447368
9780143447719
9780143448136
9781250339362
9780063491427
9780063491496
9780063491533
9780063496033
9780143471066
9780143471578
9780143471745
9780143065722
9780143418412
9780143426394
9780008797942
9780008746056
9780008746032
9789394836990
9789394913486
9788198723918
9789354458873
9789348457769
9789347993046
9788185057132
9788126032839
9789385805110
9798892770941
9789361802379
9789363333147
9789386418784
9788122479683
9789393730152
9789372905274
9789393704542
9789355577788
9789361454776
9780199490219
9789357553575
9789378169694
9781775434290
9781855739871
9789386925305
9781906497057
9780330511131
9781855739888
9789351628958
9789351628934
9789395257596
9789354972324
9789350368107
9781855739901
9789383430246
9789386925459
9789389356014
9789387286108
9781482389326
9789389356021
9789378162053
9789358933901
9780008620141
9780190134945
9788192254906
9798894755151
9789361030857
9781925417074
9788197876806
9789361035135
9789373941783
9789355215697
9789374675656
9781107668720
9789352909117
9789351747369
9789371118125
9789354742613
9788171106691
9788169826747
9789371112147
9789371112864
9789371112550
9789393897886
9788196811297
9789349905344
9789371867184
9789385976797
9789385509704
9781472313935
9781472313942
9788169569125
9789392829413
9789369588466
9789386390486
9789391160906
9798898541316
9798898798352
9798897774852
9798896998624
9798903425112
9798889752233
9789395382694
9789394977266
9798896735977
9798896996798
9798896730446
9798902968849
9798903199655
9789391414955
9798902697183
9789367255100
9789367253793
9798897771127
9789347497124
9789381887318
9789383441051
9789348881106
9798889091936
9789367001097
9789366657042
9789390771981
9789362864505
9789362839015
9798905102196
9789391942458
9788181805195
9798888692349
9798888494394
9798887497105
9788172742621
9789395778503
9788198681577
9788122479232
9781684876471
9781947988347
9781947949867
9781946048714
9781638064466
9781638067382
9781636064598
9781618135575
9798903625840
9781009725095
9780143470700
9798899061356
9798895884591
9798895567760
9798895195161
9789354801792
9798896738664
9789352038053
9789350944486
9789385986468
9789370788190
9798896736219
9789347497209
9798899064128
9789394793583
9789347253492
9789334343458
9789362868787
9798895446362
9798895446324
9789355227492
9789395382793
9789352877799
9798895192283
9798894986715
9789349242272
9788125023357
9798905100680
9788173717291
9789361035265
9798902698975
9798902312413
9798902696698
9798896107583
9798896322566
9798897248933
9798894462851
9798894758374
9798897243785
9798894981789
9798894981413
9798894461502
9798889866909
9798895192917
9798897777242
9798898540715
9789384067533
9789388423878
9788184954487
9781569572160
9780670097562
9789386826879
9789377133917
9789355641885
9789378164927
9789392145360
9789378169793
9789360822408
9789361808425
9789391930646
9789393642004
9789394630543
9789386518392
9789361801297
9788199016231
9789390738694
9788190971188
9789360663469
9781569570241
9781569570531
9789371182294
9781637634417
9789363332133
9780008828554
9789387351561
9789387053489
9789389744620
9789380896205
9789376468775
9789347993282
9789366443942
9780008671372
9789357553605
9789385529658
9789355571274
9789380924571
9788171676422
9789376466719
9789395125055
9789376462612
9789357028769
9789357022446
9789385527654
9788119349937
9789356064621
9788189997151
9789371006330
9788129113764
9781035035212
9788177307467
9789370034303
9788125008873
9789373741604
9788199994355
9789350369050
9789373745053
9789361031229
9789373748047
9789358779172
9798897774593
9789358776690
9789350636336
9789358779257
9789363120945
9798899841613
9789388182577
9788122433265
9789386925282
9789389243659
9798895443545
9798894981635
9788194612629
9789386925299
9789349813137
9780521682602
9789388809450
9789352013579
9789395576673
9781850158431
9788844011161
9789362108418
9781846841743
9781934203071
9781843302469
9781646870363
9798897778829
9788174000385
9788119544318
9789354563867
9798896325888
9789347204760
9788198251268
9789378187346
9789354551628
9788196885731
9789378169120
9798894985428
9788175364516
9798890661036
9788170543671
9788170543800
9788171949984
9788173669477
9788174530158
9788171671991
9789394095250
9789393853424
9789393214331
9798894469607
9798895565711
9789392837234
9798886413502
9798894759111
9798895191712
9798895194058
9798895197189
9798895197332
9798896109044
9798895447314
9798895449974
9798894751030
9798894754031
9789381626016
9789382618331
9788170543480
9798894469386
9789390767502
9789351192640
9789353224684
9789354259777
9798896326403
9798896326861
9798896329091
9798896730156
9798895888865
9798896101758
9798896102120
9788185616940
9789388754958
9789389152111
9789389975888
9789390085002
9789351101635
9789383260638
9798895562772
9798895564882
9789384566029
9798895569252
9798894987941
9798895190609
9789937733038
9788184975697
9781649192776
9781649193414
9789350369005
9789350493007
9789350576946
9789351033677
9798899614439
9798899615603
9798902075011
9798902079125
9798902317388
9798902319443
9798900544427
9798900544526
9781009714877
9798900543390
9798902696896
9798902960195
9798900891729
9798900894287
9798900897868
9798901121597
9798899847172
9798899847608
9781637142059
9781685232658
9781638324140
9781638504368
9781638863311
9781464219382
9798905105029
9798905105821
9798904314040
9798904319151
9798905108419
9798905404818
9798904512538
9798904517038
9798897776108
9798898265953
9798899840319
9798903626342
9798903626748
9798901124710
9798901365984
9798903929825
9789351199434
9788125029014
9798898791285
9798900073545
9798900231198
9798898794491
9798898798253
9798899610745
9798905603501
9780198089681
9798899298219
9798897772919
9781999994303
9788120758803
9788120809611
9781648693038
9798904793111
9798904793753
9798901762806
9798902073413
9798900548142
9798900890586
9798905105845
9798905107894
9798898541064
9798898543808
9798898546076
9798898790691
9781608270149
9798896735854
9798896736097
9798899061127
9798897441815
9798897442058
9798897444021
9798897448722
9781637141038
9798896321651
9798896325031
9798898266981
9788185771311
9788185822556
9788185990576
9788187853251
9788189884079
9781636061252
9781645872566
9798897440481
9798904310592
9788125907671
9788129701428
9781638323204
9788184975710
9781638320494
9781638323006
9781685231439
9781685548643
9781685635220
9788172112899
9781646786848
9781636331911
9781636692234
9780143422570
9780143460534
9781649191717
9789380658278
9789381774144
9780834757738
9788126555116
9788126921676
9788131756867
9781685548520
9788120728882
9789355629548
9789357546942
9788121509114
9788122506273
9788125018728
9788182964846
9781636064680
9798899064456
9798899067495
9798899068690
9788122421705
9798905102172
9798905104459
9788121923422
9788122411690
9781637458488
9789358904758
9789361450914
9789361801570
9789362348791
9789352920174
9781685381097
9781685384852
9788178692135
9781639740253
9781642496901
9781645463788
9781940955001
9781647335021
9781648053115
9781637142769
9789392217258
9788197137440
9788198326812
9788199020344
9789326351171
9789326352598
9788176211598
9788177229356
9780198089704
9788189975838
9788184302264
9788184303841
9788184305425
9788184305463
9788184541106
9789391626297
9788184303292
9788172764449
9788175225008
9788120809628
9789392803994
9789386835185
9788184975628
9788184975642
9789386925848
9789937733052
9789355623119
9789355626356
9788170948544
9788171021208
9788171995653
9788172111748
9789380658209
9788185116426
9798887040769
9798887174167
9789355212672
9789355427632
9789355432216
9789386925831
9781639400560
9789382127031
9789382536895
9789355626660
9789355628060
9788172113162
9788193894361
9788176496148
9789350366981
9789350040522
9788194818144
9788196168599
9798887335087
9798887498843
9798888150009
9798888151815
9789362869258
9798896732372
9798895883488
9798895884751
9788181379696
9789350042137
9789350047705
9789350230206
9789348963086
9789391098124
9798895441879
9798895443835
9789385509780
9789386418753
9789386484499
9789362832559
9788175300453
9788184300819
9788184301410
9788184302141
9789351867395
9789352663163
9789334373851
9789347786792
9798896104339
9789385509117
9798894461038
9798894469188
9798894469232
9798888157701
9798888338049
9798888833049
9789384061593
9789364021944
9789937885461
9789994664405
9798895199619
9798895440773
9798891867901
9798893635867
9789937089265
9798896321507
9789994685301
9798885031202
9798886413342
9789382818090
9789383154845
9789389600032
9798896732266
9789387155541
9789388146593
9789388438643
9789380336596
9789394200517
9789395101448
9789812530462
9798904517472
9798904792084
9798902965459
9798903424559
9798904793845
9798905101953
9798903626991
9798903929719
9798889353416
9798890028990
9798886419719
9798886672572
9798904319588
9798904511807
9798902691136
9798902696353
9789694962801
9789698957483
9789810164300
9789810621117
9798888498118
9798888498828
9798894987033
9798889351290
9788190074551
9788199625525
9789350892534
9789354977558
9789381156117
9798894469348
9798894158990
9789390818075
9789373351841
9798893638967
9798896737025
9789371863759
9788199045453
9789360337162
9798899060236
9789391913106
9789382428541
9780143461654
9788126428113
9789371454599
9789395481977
9789373746258
9789373740614
9780143476238
9789360749699
9780143471967
9798893221329
9789367252659
9789367252680
9789386290267
9780143484271
9789356064638
9789360744250
9789390168064
9789699125003
9789395019583
9789395162135
9789349340749
9789347993442
9789334192797
9789357363709
9788195422333
9789392145957
9789372906004
9789372907186
9788197336669
9789363929968
9789387208346
9789386290342
9788196355982
9789351670131
9789349271135
9789388758673
9789360821524
9789373942834
9789386925275
9789388809702
9789378164972
9789387880030
9780062939715
9789377800352
9781512097726
9789384535803
9798890021786
9789350161012
9789354974205
9789356245754
9780691147277
9789357361880
9789348974198
9781649836229
9789348101792
9788183326865
9788181373014
9788197248153
9789349113008
9788844009823
9788199963764
9788199022416
9789350762998
9789375424376
9789374241967
9789393782670
9789392624971
9789347497490
9781636335360
9781603467742
9781570293016
9789390129195
9789391078928
9798895442166
9798895445594
9798900071008
9798900238692
9781545763551
9798898549572
9789377131753
9789378188558
9781945604959
9788172291617
9789380864785
9789381574997
9781648697135
9781649515926
9781009456647
9781009633901
9781009708043
9781107508767
9781107508781
9789357594639
9780706989670
9788172334871
9781107508682
9789347208652
9789371996969
9789372486520
9789352129171
9789370200180
9788844012748
9789348752079
9789391994914
9789392204036
9789357890618
9789363556119
9789366666020
9788183326858
9798896990529
9798898541125
9798904790561
9789357796620
9789382536529
9798899295980
9798898548698
9798985537277
9798894469317
9798894465746
9798900546223
9798900546315
9798900899718
9789385005107
9789395233989
9789395263153
9781639402205
9781636692166
9798886297829
9781039055940
9798887334264
9798887493787
9798897770571
9781638064565
9788196295387
9789383283118
9788188933051
9789356181182
9789371863841
9798894463940
9789393393982
9789356184237
9789350369104
9789391064525
9789354863486
9789353690625
9789362076908
9789353790110
9789394987463
9788181805119
9789348070074
9789348070081
9789362076328
9789395022576
9788169569088
9789377132934
9789370786448
9789371182478
9789362079930
9788177869675
9780199483198
9798895192054
9798895190616
9789394613966
9789394613591
9789373744438
9789373745589
9798895191446
9781529075649
9781509813766
9781404115071
9781250152312
9781037419898
9789353430122
9789354710766
9789386887061
9798897243297
9798897242191
9798896102281
9780008547264
9780063421929
9780143063667
9780063491434
9780063449428
9781804440988
9781912858422
9781569570746
9780063453555
9780143424918
9780143423638
9780143427551
9780143450276
9780143471677
9780143471127
9780143456537
9780143456506
9780143478799
9780143478805
9780190127374
9780063425125
9788199350571
9789387919808
9789387539549
9789351672142
9789377884864
9788122487350
9789350585740
9788122487367
9789359072425
9789371867726
9789387956490
9789385509728
9780198089841
9789360620714
9789376311231
9788170545590
9789393730459
9789334412673
9789367196748
9789352205639
9789352907076
9788193705513
9789358930238
9789352777020
9788122479676
9781543345377
9780986672231
9780190127367
9781685387921
9781685381233
9789370463790
9789366659237
9781618135476
9780861252961
9789383746804
9789367255087
9789367254400
9789352033188
9780199496556
9780199488360
9780199488292
9789394176249
9789394176058
9798894467573
9789394382251
9789394994225
9798886847499
9789394878341
9789394521728
9798888336113
9798888330814
9798890023094
9798889865872
9789363554665
9798901369388
9798903196999
9789376860012
9789378210617
9789382496878
9789356052406
9789357602945
9789359571287
9789361973574
9789362868602
9788189147051
9789386561596
9789385986253
9789385406263
9789383430048
9789383145188
9789382496885
9789382536543
9789382536376
9781636062853
9789374629598
9789374066751
9789370466661
9789325977587
9788193824702
9788181378705
9788170543886
9781649515452
9781648052224
9781647838096
9788173157370
9788171017010
9789390800407
9789350763025
9781637450284
9789387155817
9789334455021
9781733089005
9788121620543
9788123777344
9788123779225
9788126909445
9789395101530
9789395689144
9789395689373
9798885213059
9789353790202
9788174531827
9788183820042
9781685091774
9781685094218
9788198096715
9788193347843
9788632147850
9798894467610
9798895441411
9798897249183
9798894469676
9798895194713
9798900541099
9781685093204
9789391706685
9789392162749
9789392445705
9789392536953
9798897779024
9798898795870
9789393131997
9789392624865
9789350362693
9789352053292
9789366651248
9789366652252
9788199100534
9788199324794
9789348912213
9789347940941
9789349227811
9789350367742
9798904792947
9798904791087
9798905602726
9788188629169
9789378164651
9788169569323
9789378167713
9789347204678
9789352206971
9789369637287
9789368183341
9789363338463
9789352207886
9788176603232
9789394683112
9780190131838
9789371361644
9789373747613
9789373747828
9798894756608
9798895192160
9789369589395
9798895196717
9788193834350
9789351677901
9789351671961
9789358771329
9789395976695
9789362071620
9789355216243
9789363129221
9789362252012
9788173290619
9789351869108
9788173159794
9789349586062
9789349557390
9789350484562
9789351869658
9789351869672
9789351865025
9789350636572
9789352665389
9789352665396
9789351862246
9789352668168
9788179940211
9788181435019
9788173157349
9788173158681
9788183616348
9789350584767
9789384343613
9789384343545
9788182838314
9788181435293
9788193289358
9788192850870
9788192850801
9789352665785
9788190861465
9788189573683
9789375443223
9789347029769
9789350485811
9789350485545
9789350485095
9788197848148
9788173151613
9788173151484
9788122904130
9788119822324
9788172298876
9789347029868
9789351864028
9789351862819
9788184302523
9789351861669
9789351860785
9798895441794
9798895441237
9789386870759
9789386870155
9789389890648
9788185727301
9789386791511
9789386600721
9789386300638
9798894758039
9798904793531
9788188267729
9788188266968
9789326352567
9789326351904
9788199230378
9789386870049
9789361031595
9789358770681
9789354803949
9788197069277
9788194080565
9789383111312
9789353696221
9789361037313
9789357557115
9789357474887
9789386231871
9789355219596
9789355218568
9789384147051
9798888332795
9798888154762
9789358319224
9789381063200
9789381063194
9789381063149
9789381063064
9789358770599
9789350482698
9789350362686
9788193731918
9789366650913
9789348988515
9789348988393
9789375445630
9789355625908
9789371059572
9789369572755
9789355214416
9789355212504
9788193433249
9789358700039
9789380839370
9788172297169
9789327277678
9788170543695
9788126313938
9788121938532
9798130100530
9789367252529
9788172298838
9789352664269
9789352662791
9789355211927
9789355210975
9789355036278
9789351868408
9780190132361
9789390659173
9789380839547
9789380839523
9789384343019
9789380283999
9789380186825
9789379388414
9789393642769
9789358770551
9789393111449
9798894752402
9798892774956
9789361035609
9789361033896
9789355213839
9789354978197
9789354978104
9789388542203
9789393862129
9789393853974
9798904791056
9798899060403
9798896730194
9798895885468
9780190133962
9788126047567
9789386936080
9789386871961
9789386871510
9789384343903
9789354801341
9789354689932
9789351865766
9789351865483
9789387968721
9781107464506
9788100003305
9781948147439
9788178084480
9781648284380
9781647336745
9781639977246
9789394987876
9788170742951
9789386054692
9798905403132
9798895194249
9798895562093
9798895441848
9789395481724
9789395386388
9781639407163
9781637141113
9780190137502
9780190137250
9781948146166
9788172133283
9788172132064
9788171021697
9789353228583
9788173154140
9788173154003
9788173153198
9788126050598
9789378167904
9798889866459
9789354498374
9789387980525
9788170998990
9789352866168
9789386300409
9789382901723
9789386054142
9789386001979
9780198085621
9789383110636
9788177212716
9781445258850
9789354978081
9788172133450
9789351868217
9789351866718
9789381325759
9780198085133
9789355217165
9780198081913
9789354978043
9788173155307
9788173155260
9788186921821
9788186336151
9788174182579
9781009294720
9780230321946
9788170160182
9780198094296
9788119032013
9798895196663
9798895196274
9798895194782
9798895194775
9788177212402
9788177212334
9780199454006
9789348912138
9788192071855
9789348540102
9789348178503
9788173154386
9788173154157
9788177211405
9788177211108
9789348912022
9788173152306
9780143441083
9788126004409
9789389742909
9789389600278
9789389195309
9788173156908
9788173156670
9788177210613
9789392013010
9789391350505
9789390659722
9789386871299
9789390315147
9789389982404
9789395361156
9788177212327
9788173156144
9788177213126
9789389064445
9798905400414
9789388542166
9789387980648
9789392013904
9788170545293
9788179651902
9788188140787
9789386001825
9789386001016
9789385527951
9789385274411
9789384344764
9789381029107
9798895441206
9789392013850
9788173150715
9788172299330
9788173156915
9789382901808
9789382901785
9789393113054
9789382901686
9789382898795
9798895440971
9789389430073
9788193007853
9788188912568
9788171109821
9788120309609
9789353573195
9789354972768
9798893224191
9798890263308
9788196538194
9788197239434
9789386390479
9789387282889
9789350739259
9789349394773
9789347888007
9789391326388
9789393675743
9798896322689
9789391350482
9789388356657
9789389932607
9788183225625
9798897770342
9798897445776
9789360742287
9789377397487
9789360626754
9789360392925
9798899063152
9789363555648
9789358702378
9789334447491
9789358770247
9789391551001
9788195233250
9780199474035
9789386348562
9781404105928
9788129135766
9780199481262
9789391160982
9789349394049
9789392624537
9789393705389
9789382608264
9789394265837
9789622173644
9798895441657
9798895441664
9798895441213
9788199348479
9789334440843
9789347497575
9788125063193
9789355840226
9789352129195
9789354425073
9789357003582
9788196882440
9788194752240
9788170555780
9789387655324
9789361032714
9786179825507
9788125063179
9780600615453
9789348740243
9789386500304
9789354620690
9789348643865
9789357557511
9789393712288
9789366655130
9789381438169
9789359732695
9789359733517
9789347497605
9798895196564
9798894986340
9789394265660
9798895442456
9798895442302
9789387648678
9798894984766
9789388863667
9789385471674
9798895441114
9798895440551
9789387024984
9789387648951
9789361031311
9781636403267
9789361032400
9789349289369
9789349813700
9789384636647
9788177865813
9789395764872
9789388809191
9789395682442
9789386600813
9780008768461
9788189661625
9789386925787
9789357361637
9789362053794
9788126045174
9788173359170
9789373040318
9781259098543
9789355024107
9789353610890
9789349394230
9789357360968
9789355549273
9789349394711
9789356928381
9789333219938
9789385807114
9788131214428
9789390875610
9788198995414
9788126442140
9780143465638
9788177392647
9781618135544
9781636693217
9789351415480
9789350362679
9789350366622
9781648050176
9781649831767
9781850156550
9781685381875
9789361035425
9781636336848
9781636063911
9798886671315
9798905400964
9798905400919
9781445722467
9781445721064
9781647833817
9798894752204
9798894750927
9789361031687
9789367256459
9789390659937
9789361035319
9789361037627
9798900898407
9789367252949
9798904790868
9798905400117
9788121930994
9789361036453
9789361031878
9789361032257
9789361030147
9780190132316
9789361037511
9798890661197
9781636695600
9781637456743
9788187111696
9781450341141
9789361037887
9798897443307
9788185832210
9788181372987
9781009726900
9788195379576
9798899610882
9798898542641
9789361038709
9788170543015
9789361039485
9789361030208
9789361030970
9789361033438
9788172339241
9798887724225
9789363332775
9788129517418
9789369575909
9789381480359
9789373941554
9789386925893
9789389912340
9789388605052
9789395918138
9789387234123
9789393264916
9780199475803
9788168732124
9788168732131
9788182964501
9788199933347
9788177397291
9789354516733
9789361806803
9789357556392
9789354804625
9789354802690
9789393766113
9789393603104
9789372908534
9789368188728
9789350416822
9789348988836
9788184006841
9781529409383
9788184005547
9781784751951
9789357994743
9788177396638
9789350651421
9788126014538
9789373947365
9789358930283
9789370786325
9789357999243
9789393603715
9789368837572
9789388605069
9789354804670
9789391157623
9789392624995
9789389796537
9788198314659
9789347877810
9789384376154
9789357545259
9789357546300
9789392241888
9789357549479
9789366667812
9789381484401
9789381530788
9789359575292
9789382267669
9789382673880
9789384376147
9789384376178
9789384501822
9789348256591
9789356739222
9789347704222
9788196535056
9789389420746
9789384883041
9789391032739
9789394095878
9789395147545
9789395710787
9789390031207
9789695743621
9790045746537
9789334381641
9788180405396
9788182836594
9788173702914
9789358384758
9789393605122
9789392064333
9789373943916
9789386484185
9788176603652
9789309241222
9789388587013
9788181804679
9789386146885
9789393214591
9789381748503
9789357551335
9789350368671
9789348988218
9789378168185
9789382397182
9789373947457
9789394100671
9789354747618
9789387610804
9789388724630
9789386810755
9780190137113
9781800589360
9781800589391
9788184303704
9788184620528
9788121612708
9789385621710
9789384478018
9781685230197
9781684871155
9788173704765
9788173663376
9789388754064
9789390659319
9789390659470
9789388689625
9789392657894
9789392963711
9798905108365
9789387242029
9798905402241
9798905403897
9788126330232
9788171020768
9798890664860
9798901125045
9798903628636
9798904511340
9798904794507
9788170501152
9788173714498
9780970344939
9788121925082
9798895440667
9798897445073
9798898265922
9789382618225
9789389676105
9789389982442
9789387894754
9789388333788
9789388508520
9798886673548
9798887041179
9798887498874
9798888059197
9789388754828
9788184926101
9788187928003
9788120774858
9781411643741
9781543343472
9780190137137
9781646619764
9781647830649
9781648920745
9781637450758
9781638068976
9780918224781
9780994869128
9780994869135
9789381695142
9788184302387
9788184302875
9789352133918
9789352203390
9789361032530
9798898790295
9789395386340
9789350362662
9789350718308
9789362707826
9789380188164
9789381218471
9788184044249
9798888150160
9789389152128
9798891865488
9798895440384
9789352666911
9789353227692
9789356810556
9798898547523
9789394836310
9789387155732
9789937331524
9798886069891
9789351039006
9789351108481
9788182838406
9781781861387
9781639971879
9781646507719
9781800589414
9781800589711
9789388159555
9781542044172
9789385152351
9781649835819
9789386835048
9789361035210
9781685237813
9781685237875
9788176211635
9788180901508
9781685630522
9781639748419
9789382337409
9789351869504
9789383721672
9789384109134
9781947349032
9781648992155
9781649513373
9789386810809
9789348600622
9789350097038
9789361039102
9789362705945
9781685549466
9781638322719
9781638863175
9788184621341
9788190662239
9788193747056
9789325977723
9788185636405
9788185861371
9788186026366
9788121941556
9789361032233
9789361038785
9789367252833
9789381189665
9788186219942
9788186618264
9788184044171
9788184489446
9789388159548
9789361033209
9789361036019
9789361036491
9788184650532
9788185002910
9789381626870
9789361032202
9788174530394
9788180563966
9788121618687
9788121620529
9788181378941
9789384266028
9780753430521
9781447298748
9780143471929
9780143463146
9780143472520
9780143472865
9780143472896
9780143100126
9780143100218
9780143102694
9780143474340
9780143469179
9780143474531
9780143474784
9780143475033
9780143426295
9780143428879
9780143442660
9780143475767
9780143471998
9780143065012
9780143067719
9780143099871
9780143453024
9780143453215
9780143454472
9780143132028
9780063457652
9780143419044
9780143424925
9780143424949
9781665938594
9781683641933
9781760158859
9780670099887
9780143476443
9781250440426
9781250478597
9781400252855
9780143465195
9780143466970
9780143467687
9781444952667
9780143479925
9781473686489
9781509898954
9781513635361
9780143469995
9780143470588
9780143470632
9781760273262
9781035925292
9780143465010
9780143465096
9780143465102
9780143473398
9780143473473
9780143473664
9780143468516
9780143455196
9780143469537
9780143469575
9780143469865
9789381431702
9789381431900
9789384052935
9780143475071
9780143475088
9780143475675
9788119554508
9781785769504
9788126575954
9788172345570
9788175993372
9780143478256
9780143478751
9780143478782
9789354710612
9781789899573
9789356283596
9789366117331
9789381398470
9780310369240
9780310370796
9780670094127
9789384544096
9788126565184
9780143477228
9780143477396
9780143477457
9781400253777
9781408725115
9781408852361
9780143478904
9780143474371
9780143480532
9780143481249
9780143481669
9789815162837
9789384544881
9789815162875
9781789093230
9781789474800
9781789474824
9789391067649
9781805221074
9781805705161
9788119554140
9781786072078
9781786783318
9781788702522
9788189988609
9789332517189
9789351036852
9781789899177
9781464222375
9781800583450
9781801058742
9781801059404
9780143459620
9780143459651
9780143459767
9780143443018
9780143064251
9780143448730
9780143452669
9780143452942
9780143454939
9780143414513
9780143455202
9780143456490
9780143457862
9780143460329
9780143447290
9780008785833
9780063450264
9780063457478
9780063491458
9780143061830
9780143061915
9780008355838
9780063457485
9780063477162
9780063483620
9780063489622
9780143063261
9789388302005
9789388302791
9789389297737
9780593512609
9789394613874
9789394701021
9789815162189
9789385827020
9789385827389
9789386832283
9789815202199
9798890572264
9789390590995
9789354713743
9789391242046
9789394613126
9789394613249
9788190423830
9789380145808
9788126578153
9789352208548
9781569570401
9789362255341
9781760669249
9780143103547
9780143103028
9789355215260
9789354807497
9789388159647
9789385585708
9789388108782
9789994978236
9789385529757
9789381530054
9789383668403
9789355646347
9789388809641
9788176138659
9788199532816
9788184956085
9789378161148
9788119370924
9780199490196
9788169403061
9789372900026
9789360826178
9789372900446
9789388809139
9789351216834
9789391121068
9789372903683
9789333207935
9789357890182
9788194937494
9798899066962
9789843684103
9789385471865
9782041059308
9781430241621
9780143099734
9789352821501
9789351461333
9788801923353
9789348125422
9789354259449
9788199528178
9783453110731
9788178241678
9789387234116
9788286410492
9789381357835
9789391446338
9789362074065
9782963699088
9788031735245
9788188278046
9780143448082
9784018891195
9783592569483
9788178121314
9785788135151
9786364939552
9785453905584
9787606080902
9789375162483
9789368835967
9787808770755
9789357544382
9789799268815
9789392439537
9789394793866
9789395437431
9788120324404
9788126317288
9789367252932
9789358702965
9788126204915
9788125033745
9789367253588
9789370020542
9789362079220
9789360748197
9788125033301
9780190127442
9789364020312
9788196295394
9789377392055
9781850158479
9780008782092
9788184303995
9780143473640
9789394995482
9789387383487
9789388412711
9788199181014
9788123012766
9781636067759
9781450340991
9789383441334
9789380009254
9780983052937
9789363332201
9788181379757
9781636334783
9789350366295
9789350364482
9789391639723
9789371182935
9780190137090
9789390533442
9798895568712
9789354803376
9789386179937
9789354802768
9789355429575
9789357425711
9789389825954
9789391004187
9789390777181
9789358899917
9789371187503
9789348988126
9789373743875
9789373745732
9789395287692
9781639040100
9780749455439
9781450339131
9781648502255
9789350366202
9789389416381
9789386667823
9788184731187
9788121929189
9789358897579
9789325981058
9781639406968
9781639041282
9781637452615
9781948473330
9781009810852
9781685091569
9781649513755
9781639742370
9781945400636
9781639749126
9788171109531
9789394964129
9798894469782
9781648286179
9788192851754
9781685549503
9788126314409
9789350362655
9788126029693
9788120312784
9788119349111
9789357731157
9781947137882
9788131933367
9780990862246
9788182963405
9788181806956
9788178121796
9788169729246
9781638064633
9788181378934
9788122203943
9789387788695
9788197013546
9788194958420
9789369584703
9789350369111
9789391569037
9780008546403
9789391389338
9789378183027
9789349394551
9789357894012
9789352204373
9788169711913
9781508507239
9788169729079
9789390205196
9789353180546
9781901274752
9789367257456
9788196783044
9788179480199
9788184932690
9788178236230
9788194447290
9789354803055
9789361801235
9789384376680
9789377514204
9789386063595
9789348070753
9789392341229
9789384376765
9789357893534
9789394399891
9798895887172
9788199895379
9789385888854
9789372905861
9789361802225
9789389294163
9789357552516
9789386290274
9789385159312
9789369585434
9789395019255
9789391100605
9789390450619
9789390737604
9789357553414
9788190388450
9789354803277
9789349784390
9789354568886
9789354802140
9789354802614
9780198094784
9788122904079
9780199475704
9780199470785
9788177892673
9789383265824
9788180600166
9788180600142
9789394841857
9789349394056
9789378167317
9789381842980
9788196982577
9789348988539
9788123914282
9789386925862
9789386925268
9780199460366
9789389252194
9788195816071
9789371119467
9788193315286
9788194578376
9789390514717
9781614294757
9780070582750
9781569570449
9781620552896
9789395817240
9780143473824
9781009350945
9789361032820
9781796824667
9781639206650
9789388182980
9798888338148
9798886677898
9798905401664
9788181803436
9789354979415
9781638863113
9789367256169
9789382322153
9781639742028
9781648926846
9781649511126
9780199491575
9780979441684
9788197481420
9788120615700
9788121923798
9789367255278
9789361039454
9789361033322
9788173811081
9789354979408
9780190137083
9789350363263
9789350363218
9789350362648
9788173713002
9788173710056
9788125003243
9788188739257
9788189973889
9789388246415
9789354420443
9789367194607
9789385914706
9781948473439
9789350363287
9781618136282
9788197481475
9788170161851
9798893635188
9789392963186
9789354803482
9789390041527
9789355569929
9789350369234
9788197418822
9788175224025
9789393570536
9789389918816
9789388809603
9789386925886
9789382249832
9789378164231
9789363330474
9789363335691
9789357555258
9789394095571
9789357556323
9788169370141
9789354802157
9788198111128
9788122442823
9789371117364
9789354858581
9789387860100
9789384061999
9788195119066
9789387860445
9789385416859
9789387860599
9788184680485
9789393802927
9788123747941
9788122901641
9788184680003
9789362865984
9788184680393
9789350690406
9789349584983
9789361800214
9789361800962
9789362837516
9789383142316
9788184680904
9789347019616
9788186734803
9788196660840
9788197772412
9789356951501
9789349324046
9788178553771
9789367256176
9789367257982
9789367258750
9789394061446
9788184680409
9789354092459
9788178830384
9789385670626
9789388284899
9788184682595
9788184680416
9789362635853
9780143479178
9780143483069
9789391004835
9789358930313
9780143479734
9789388809634
9780718093327
9788184954319
9789355545824
9789355541192
9788181805812
9789325965102
9789361832772
9788126040575
9788122902877
9789357556804
9789357552165
9789361806520
9789371113830
9789361808333
9781626566811
9780199460441
9789354809736
9789391240509
9789354806070
9789352907090
9780143426615
9780004010793
9789373947440
9788126040698
9788189847449
9788199566491
9789326196291
9780143426622
9780143461241
9780198081500
9780198091073
9789348988232
9789349217027
9789387880085
9789386290281
9789381981986
9789352901739
9789349394735
9789372909364
9788176557061
9789373946894
9789395361316
9789381797464
9789380771007
9789371863100
9798894465111
9789897969591
9789373940977
9789391576813
9788129115720
9788129135438
9788171674978
9788178083124
9789353334772
9789375731382
9788123919959
9788131217092
9789355205889
9789370030220
9789350634714
9789347891953
9798129108042
9789385188107
9788129114846
9781399428378
9798890673909
9798181476455
9789363330580
9789380823805
9789383111480
9789380186047
9789386835352
9789384344573
9789381951477
9789386001412
9789386001467
9789382898597
9789382901549
9789380823591
9789380823720
9789382901990
9789383110599
9789386850621
9789386870032
9789383111954
9789367139653
9789363950375
9789384343729
9789352294060
9789389982350
9789386001351
9789361030772
9789351869078
9789380183909
9789358709391
9789355623652
9789380186481
9789355437259
9789355622716
9789386054449
9789386054937
9789382901914
9789382901952
9789386231703
9789383110131
9789386300669
9789351869054
9789386300287
9789392657061
9789393527868
9789390900749
9789390900824
9788188569274
9788170945840
9789361035869
9789361034060
9789355217554
9780851989327
9788125949626
9789383111138
9788131910979
9788184620061
9788184620054
9788186921784
9788130900315
9789383110995
9788186307090
9789385887314
9789383110148
9789383110292
9789395257701
9789937551984
9789381951651
9789382536536
9798893635232
9798895881552
9789391297930
9789392013058
9789394871274
9789395257398
9798890021571
9789390378135
9798890263315
9798892223461
9789390900879
9789390900947
9789386191113
9789386231321
9789392012099
9788184302554
9788184300628
9788173155765
9788183821094
9780143102908
9788170945864
9780749443252
9788122205091
9788173154652
9789351862802
9788173154362
9781636062891
9781450579421
9788184030082
9788188140848
9788188140671
9788188140350
9781946641748
9781946556905
9788173154089
9788173154379
9781649514189
9788173151347
9788177210811
9788177210682
9788185826851
9788184305517
9788173156885
9788173156779
9789351862222
9789351860112
9781636338057
9788181435095
9788188140343
9788188140008
9788177212549
9788177212471
9788173152535
9788177211146
9788185827940
9788185827742
9781638738114
9788183220880
9788125059202
9788123922539
9788121929509
9788120343160
9789361031434
9789361030871
9789354978067
9789354978159
9789354978135
9789391242121
9788173153419
9788125941941
9789361033957
9788120324510
9789354979392
9781009206204
9788122202571
9788126310319
9789381626528
9789361030338
9788171857982
9788126319558
9781685232627
9781649833037
9781638867395
9781638863090
9788172298395
9788172112684
9788173150180
9788172299644
9788126313723
9788125001744
9789354978289
9780893893170
9788120844438
9788119758012
9789388131018
9788184305241
9789354978227
9781009748179
9789350092361
9789349941175
9789325975170
9781450331005
9789349805811
9788189573171
9789349487284
9789351862727
9789351862703
9789351868828
9789351867807
9789351862666
9789351867296
9788173152542
9789381063750
9789351865001
9789351863991
9789352665679
9789352663552
9789351862826
9789351869665
9789351862796
9789351862789
9789351868996
9789381620397
9789388754736
9789387889477
9789367398104
9789367253526
9789381063286
9789380823812
9789361893070
9789380823744
9789361030420
9789359770109
9789351862857
9789380550596
9789351862697
9789351862680
9789380186016
9789381626030
9789380183848
9789380183114
9789381063644
9789381063415
9789351862901
9789380823256
9788193289310
9788193261255
9789350482841
9789350237533
9788189573805
9788189573201
9788187100782
9788189573140
9789348724120
9789348597069
9789351868958
9788173159688
9788198129338
9788198108579
9788188266128
9788193433218
9789350485644
9789350485446
9788178556338
9788177213102
9788173152559
9788173159961
9788188322732
9788188267095
9789351867562
9789355212856
9789351866725
9789351865452
9789353221591
9789352665914
9788193182376
9788190479905
9789353223236
9788188139453
9788177211641
9788187100119
9788188569410
9788188569281
9789312140369
9788199021143
9788188266869
9788188266852
9789355185464
9788188139491
9780195668797
9798894159478
9789354774911
9789356810532
9789378161285
9789386290717
9789382397557
9788196093075
9788193892121
9780143445913
9780143423676
9780143102939
9780143448143
9780143463771
9780143457190
9780143414087
9780143415220
9780143421450
9780143446200
9780140297676
9780143103332
9780143331650
9780143333173
9780143064763
9780143031154
9780143028147
9780143065807
9781641700016
9780143068839
9780143454755
9780143101925
9781641700986
9781641700979
9780143459583
9780143418504
9780143420439
9780143459552
9780143459569
9780143459576
9788122419351
9780143064848
9780143453796
9789386832313
9781649632715
9781641700023
9780143459590
9780143473756
9789389971439
9789391067250
9789381398685
9789381431337
9789388302197
9789388302586
9789388302944
9789388134415
9789386832245
9789388038447
9789326198967
9789354711961
9789354711985
9789354714375
9789354719509
9789355431325
9789391067236
9789381398296
9781835150269
9780143415305
9789386215031
9789386215093
9789386832061
9789388414975
9780143476870
9780143476399
9780143475743
9780063472815
9780144000289
9780330490177
9780593532867
9789363382862
9780143466789
9780143469193
9780143469506
9788119554195
9781400349418
9780143465072
9780143466406
9780143466611
9780143459637
9780143459613
9780143459606
9780143475347
9780670092611
9780143463122
9780143459644
9780143459668
9780143463856
9789815162219
9780143457893
9780143457879
9780143457855
9780143100287
9780063458161
9780008140229
9789352838530
9789364818957
9789390828883
9788196300494
9789395761390
9789381335888
9789373948478
9789362070074
9789372480535
9788190701907
9780190132989
9788197289132
9788173175503
9788124112830
9788125031109
9788124112908
9781636332765
9789352632466
9789352521654
9789352208104
9789352207961
9789352203499
9789358771992
9789357555982
9781638060277
9781638321446
9789358930191
9789372645095
9789361802713
9789354979385
9789349941861
9789367257678
9789361036361
9789361032561
9789354979927
9789361807527
9789360623814
9789361800672
9789358936865
9780198094487
9788181970480
9788185832234
9788181379863
9780199475698
9780956872425
9788195959600
9788195495955
9780198081517
9788199390959
9780198094470
9780199451562
9789326350686
9789363334540
9789362077691
9789388269223
9789386925756
9788186715284
9798905400612
9789393802804
9789392963360
9789392448034
9789392613937
9789391634667
9789385446856
9789388937924
9789384535087
9789390659906
9789389971798
9789381464083
9788194771418
9788194572336
9789391371104
9788180590030
9789357473545
9789352907069
9788125034353
9788126005949
9788126314638
9788192969695
9788194221715
9788119058617
9788119349432
9788120331037
9788120722972
9788120724495
9781423476382
9788123770543
9788123777412
9781649514110
9789350408704
9788181378910
9789371180740
9789371182027
9789371182096
9789371188265
9789383118755
9789367191286
9780143424598
9781685380687
9781946048851
9789369576982
9789381489529
9789379380920
9789374260586
9789350401705
9789350363249
9789350363225
9789350362631
9789347263149
9789382104636
9789382058588
9789381842997
9789381695289
9789386925695
9789386561947
9789386345233
9788194487906
9789385529412
9788125059868
9789371202664
9789350407318
9789384469566
9788131512258
9788121905145
9789354067235
9789354801518
9789354809583
9789356064447
9789356268845
9789392592300
9788121929844
9789367259306
9789387208797
9780190134983
9789386925824
9788121928625
9789373359748
9781618136657
9781642498417
9789383154197
9788178121970
9788173179976
9788180401893
9788169058148
9789374070376
9789372900361
9789384657147
9788181378255
9789385976087
9789370464421
9789389518733
9788185681030
9780070603370
9788124114919
9789395757812
9788199541085
9789352907687
9789361565458
9789360829469
9780144001453
9789362057518
9788198251220
9789347572333
9788168614093
9781009792912
9780070603660
9789350636312
9789350731871
9788192215655
9789380422718
9789389002775
9788175433762
9788178330907
9789380397023
9789387905481
9789354553943
9789356053243
9789393853912
9789386390981
9789393989529
9788119665464
9788119148158
9789393393586
9788178129884
9789386925879
9789354552410
9789358574418
9789394900868
9789378163777
9789355547125
9788129505095
9798892774031
9780835673242
9789393456342
9780199471461
9789355856180
9788170072799
9788124112892
9789362707994
9780195623239
9789388809696
9789394185623
9789391064006
9781316603994
9788121605021
9789362251091
9788169729369
9788195015061
9789381335499
9788172311032
9788174002600
9788189035037
9789385223068
9789382956051
9789382459866
9789373949376
9782339072163
9788171107407
9789390489794
9780198072720
9789815204353
9789389461848
9789387648104
9788171201747
9789385858567
9789386591142
9789387643031
9788176603355
9789351415695
9789372542943
9789374068847
9789375162308
9789366655840
9789368994558
9789391157395
9781636068046
9781639405213
9781639745876
9789349227149
9789349541689
9789349616820
9789350366288
9780990397311
9789389273335
9789362886675
9789363552333
9789363586352
9789363588288
9789350762660
9789350764398
9789367258699
9789354979378
9789334349603
9789326351072
9788199645554
9788199631427
9788194032649
9789937761000
9781646785100
9788122315820
9788125952046
9780190132309
9789349941496
9780195667356
9780871710758
9788170500292
9781452848006
9789354979361
9781447520009
9788131911679
9789357742740
9789357892131
9789357544771
9789357549387
9788125953081
9789370463318
9788123709864
9780996683739
9780997978148
9781009311380
9781449548919
9788121922364
9789352207978
9789390429080
9789362009104
9789361979231
9789359422060
9789393096739
9789357543729
9789352208265
9788196175184
9789370464445
9789348740410
9788124017876
9780988612884
9789354804939
9789354979958
9789356355293
9798885468138
9788171089895
9780985568221
9789394112513
9789395437868
9789392129476
9789394466524
9789394829596
9789392830297
9789392593949
9789393029140
9789393420206
9789393871480
9789555703086
9789390570362
9789390598731
9788126536498
9781250286970
9789375160472
9788186351987
9789373940540
9789348552129
9789385223501
9789348177193
9789372900804
9780190133528
9789389811209
9789389853919
9789389108408
9789393906540
9789386853448
9788182474192
9789391293000
9788123031606
9789393906045
9789357559386
9789389754148
9789355217318
9788171109470
9789385976117
9789357553391
9788197988387
9789395374910
9789389018721
9789394900301
9789349340831
9789354551635
9789382108030
9780199457632
9788195455935
9789363771710
9788172342876
9781509819041
9789387394278
9789357546102
9788119936069
9789389518702
9789392829253
9789361820762
9788199754331
9788173359132
9789355548726
9789356667853
9789378167362
9789334110975
9789364020282
9780198094388
9789381717332
9789391626068
9789350482957
9789395257992
9780195636420
9789391034504
9788126314065
9788183227636
9788188267620
9788172292591
9789385915017
9788185141091
9788184911299
9789355174871
9798268591750
9780198089834
9788183333962
9789363381612
9789391626372
9788173611582
9789377889210
9789355545848
9789352250011
9789391576554
9789391841744
9788119936410
9789381350348
9789348988386
9789333220545
9788175221932
9780198094760
9789363384026
9789391512286
9788178690759
9788170219125
9788174469045
9789937203630
9788181891686
9788185860251
9788121926461
9781009656139
9788131961346
9788131919385
9789388925402
9789351416319
9789351380511
9789386850362
9789367255469
9780007415649
9788123778808
9789352512874
9789380156682
9788122201406
9781009332088
9781009295840
9781948096751
9781947634145
9781638064442
9781637459058
9781492685944
9781447826897
9781423498278
9781423498261
9798902698517
9798900546469
9789380761381
9788194271536
9789350761342
9789350366165
9789350366158
9789350362624
9781948147705
9781948147231
9789380076867
9789365904826
9788192304724
9788190773461
9788188569601
9788184305258
9789382110897
9789381626429
9788180401138
9788181371461
9788172764388
9788182964075
9788184030846
9789380200736
9788121924306
9788170944744
9788122314809
9788130934136
9788171015382
9788182208339
9788170690009
9789389918915
9789391510589
9789386286635
9798905104558
9789386407580
9798905105418
9798905402463
9788172112219
9788172112967
9788122003383
9788175224308
9788170595441
9788122201789
9788177588163
9788121500647
9788121501804
9788121618465
9781983076039
9781639202683
9798888332993
9789380658766
9798888694169
9798894150475
9788121620178
9798888690413
9788130902517
9788125013464
9788123751108
9788122435047
9788122420449
9780891168430
9780195667332
9789380658896
9789380658452
9780190132293
9780007341245
9789380358598
9788130934112
9781648050411
9781642490688
9781643243696
9781646504725
9781423498254
9781639041848
9781648993718
9781684874156
9781638866398
9781639401154
9788170219743
9788181377142
9789350234662
9788184302547
9780008802998
9780190137274
9780195629880
9780230331907
9781423484172
9788130907857
9788126313402
9781947202801
9781946515018
9781945825644
9781730140006
9788126301188
9788123740843
9788122300543
9788131934487
9788184303919
9788184303742
9789325975149
9788171542062
9780007438648
9798904792220
9798904793074
9789350468739
9788181468246
9780007438631
9789389152357
9789388333627
9789385285219
9789352032037
9789387672680
9789387242227
9789363584266
9789362836250
9789355213112
9789380619651
9789380619774
9789380658131
9788172700249
9789363383067
9789363205598
9789392549908
9789388724821
9789348625991
9789393456281
9789351216810
9789388128841
9789386500519
9789390315130
9788169745604
9788169745598
9789360593896
9789364444972
9789359076171
9789357424516
9789357366564
9788124406656
9780199490189
9780070534681
9789357362016
9789389009347
9788198913944
9789362075406
9789358934878
9789361804113
9789361802126
9789390760275
9789393806055
9789391576356
9789389356403
9789372900323
9789372901474
9789372906028
9789373946160
9789385976094
9789388604642
9789350474143
9789352250042
9789352901715
9789354803680
9789355030689
9788175241657
9788180860553
9788190796200
9788197515958
9789363332454
9788198207760
9780143419495
9780143442356
9780143067856
9780143426424
9780143424178
9789380292663
9789360746827
9789356666023
9789357850353
9789352832651
9788189988357
9788184001280
9788126570003
9789389575019
9789381887233
9780190135256
9789389759662
9789395355315
9789385914690
9781782437956
9780749449179
9788125004295
9788178242545
9789359485447
9789334095401
9789362186218
9788194889830
9789350366325
9789994996230
9780143471462
9788129124890
9788179927274
9780143429814
9788184955439
9789386310507
9788184959475
9788184950250
9789392722837
9788170637714
9789379381293
9789391512309
9781400349081
9781408098431
9781618138514
9789367255841
9789352203468
9788182964112
9789385039126
9780190130602
9788125053354
9789367251621
9788182813670
9788170948551
9788123742229
9781685864545
9781648995781
9781638509806
9781636331096
9789334383539
9788197218538
9788194622420
9781003864035
9781003863144
9780890135082
9798886842913
9789395430142
9789352907106
9789384376437
9789383995974
9789382956259
9789382518228
9789350650592
9789350467176
9789350364499
9789350363256
9789350363201
9789352207916
9789357434928
9789354802751
9789359489407
9798888332801
9788189221089
9788194105633
9789352209477
9788179630044
9789388724661
9789387604384
9789387604360
9789386484574
9789385529870
9789354801754
9789354801716
9789353625757
9788178556901
9780199471430
9788171209521
9788173711350
9798903425211
9798888491553
9789384696658
9789385391088
9788189091071
9788180401183
9789389203684
9788125047476
9788183321754
9789349941489
9789349941762
9780190135249
9789360763923
9789389203653
9789374071021
9789373941646
9789392593222
9780190132286
9788170701477
9788170703020
9789351034049
9789381431603
9780143463849
9781409552772
9781509857548
9781513635378
9780143475750
9780143451587
9780143452140
9780399586514
9780399586521
9780143422624
9780143424529
9780143459545
9780143443032
9780143456216
9780143456230
9780143456247
9780143451341
9780143330714
9780143332152
9780143335122
9780143414704
9780143415855
9780143454502
9780143454779
9780143454854
9780143101574
9780143101628
9780143102120
9780143102519
9780143102755
9780143445296
9780143445517
9780143451242
9780143473435
9780143467076
9780143469568
9780143469599
9780143469612
9780143469902
9780143473909
9780143473916
9780143470946
9780143464242
9780143464488
9780143465034
9780143465133
9780143465140
9780143473138
9780143473329
9780143460336
9780143465836
9780143466383
9780143466628
9780143463177
9780143463306
9780143463313
9780143463696
9780143476917
9780143477235
9780143477419
9781913738181
9788121612500
9788126565153
9780143459842
9780143460244
9788126565719
9788189988135
9789351037460
9789351039884
9789352203550
9789388302524
9789391067564
9780143476030
9789814399333
9789377135614
9781513683935
9781620558898
9781788434508
9789384544706
9789385827532
9789385827877
9789353067526
9789353496302
9789363117938
9781513656175
9781513683911
9789388302401
9789815058956
9789385827921
9789386832085
9789388302296
9789388302357
9780143474395
9780143475392
9780143475569
9780143474197
9780143473862
9780143473886
9780143473893
9780143477594
9780143477907
9780143479024
9780143474210
9780143479420
9780143479482
9780143481188
9781400340361
9781409552727
9780143472292
9780143473107
9780143475606
9780143475729
9780143475736
9780143473602
9780143473855
9780143475590
9789381431634
9789382616207
9780143471370
9780143471523
9780143471882
9780143461258
9780143461937
9780143456308
9780143456759
9780143456766
9780143458128
9789381398838
9789381431023
9780143459514
9780143459521
9780143455332
9780143455462
9780143455684
9780143455998
9780143456070
9780143460633
9780143452416
9780143453734
9780143459415
9780143101543
9780143424772
9780143442776
9780143418573
9780143417668
9780143063735
9780143061946
9780230767140
9780143450061
9780399586507
9780143028734
9780141005744
9780063472952
9780143330646
9780143330554
9780143104384
9780143458647
9780143463863
9780143463887
9780143463900
9780143459538
9780143420156
9780143100300
9780143469919
9780143470410
9780399586538
9780399586545
9783030115777
9789351034032
9780198072911
9789378169854
9789352757527
9789383074020
9788189884086
9789386106957
9788172344580
9788176553193
9780070598768
9788172344610
9788172343835
9788172344597
9780144001071
9789352752713
9788172344061
9788172343842
9781785985706
9789390066100
9789350405727
9788193778449
9789351216803
9789390828654
9789367256121
9789390557554
9789367255490
9780190135232
9789373946344
9789348988263
9789349314092
9789357555487
9788184353020
9788183326933
9788171107551
9789348988997
9789355540775
9788199215665
9789348988881
9780198086185
9781108696654
9788126011131
9789357553629
9788190767699
9780198067320
9789350360071
9789390460922
9788195298136
9789363332058
9789362077882
9789361807008
9789357558006
9789369630745
9789354092091
9789352908264
9789352901708
9789352203987
9789388809726
9789386925749
9789382956235
9798123911525
9788190767682
9789357553889
9788192296791
9788196207823
9788122911190
9788189661700
9789378169953
9780198094814
9789350201152
9789348145710
9789354096754
9789351655299
9788173156717
9788173151620
9788175542433
9788177211023
9788177211047
9788177211467
9783813625493
9788177212297
9788172294779
9781638731429
9781639570577
9781648998201
9781948032827
9781948146548
9788172764883
9788173150036
9788173150364
9788119032785
9788119671083
9788123759883
9788126309368
9788177211849
9788173151767
9788173151774
9788173151798
9788173151804
9788177211764
9788173152009
9788173152016
9789347923746
9788173152030
9788173152047
9788173152528
9788173154393
9788182962590
9788173155772
9788172291181
9789350484623
9789350488911
9789351862260
9789351864004
9789351864998
9789351866855
9789380183480
9789351867142
9789351867197
9789351867968
9789380186276
9789380550329
9789352668236
9789354979774
9788172297183
9789355215840
9789356064645
9789358427554
9788185828909
9788188139200
9788188139231
9788188139958
9789351866985
9788188267569
9788188267675
9788189573744
9788193397442
9788173154775
9788173151538
9788198616890
9789350483015
9788173152023
9788193817520
9788194675334
9788188266456
9788188266586
9788188266593
9788188266791
9788188266807
9788173158742
9789382901976
9789380186221
9789367255315
9789380823713
9789380823942
9789381063088
9789350483053
9789381063408
9788123916286
9789386546319
9789382898436
9789382898474
9789382898481
9789382898498
9789382898825
9780190137175
9780956433923
9780986845222
9780993678028
9789367257302
9789367257883
9789380183275
9789381063262
9789381325681
9789382898405
9789383110438
9789383110520
9789326354141
9789383111367
9789383111442
9789393477477
9789393477484
9789384343316
9789383111626
9789384343002
9788173151552
9789386001962
9789383110155
9789383110278
9789350365304
9789350481134
9789380183596
9788119922161
9788121613323
9788125059820
9788173150371
9788173151385
9788173151408
9788185038872
9789384344474
9788196659882
9789351862253
9788188140879
9788188140930
9788188266210
9788188266357
9788182964860
9788184300932
9788184301427
9788185827308
9789383111572
9789393477453
9789393477460
9789386870551
9788188139347
9789326351669
9780190137151
9789354979996
9789386936059
9789381063583
9789350001882
9789367258392
9789383111282
9789380186245
9781009098137
9788188140411
9788188140718
9788188267453
9789386054180
9789349941731
9789367251348
9780190132262
9780190133245
9788172299200
9788172299248
9788172299668
9788172299989
9788188267361
9788172294212
9780999420010
9798890670991
9788173151811
9789326354967
9789334448689
9788188267101
9788173150029
9784349188988
9788119014934
9788177212570
9788177212617
9788177212662
9788177212822
9788181433084
9788173151514
9781400350865
9781003863106
9789393477446
9789390378319
9798889757092
9780190135225
9780190137069
9789390659098
9789390900497
9789392013881
9788180521591
9788181378781
9788185119816
9788192850740
9789384406554
9789350365298
9789350482117
9780921075028
9789361033834
9789367251973
9789367252536
9789367253823
9788176631105
9788173151422
9788173151439
9789367258002
9788185119267
9789367259740
9789327227932
9781786903501
9789373947846
9798893220193
9789389204544
9788183227216
9789352301744
9781786903518
9789360825706
9788120765603
9789355034496
9789394102996
9789350467350
9788189605711
9788177396683
9788170165231
9788131025123
9789393088741
9789394095816
9789391068097
9789391569655
9789363335950
9789373949864
9789389575026
9789389744828
9788126310241
9789357556101
9788119162635
9788184575293
9788184575095
9789353794217
9789391004620
9789355217387
9780190135201
9788183226790
9789350483084
9789351864790
9789367254974
9789367254479
9789357759946
9788183222273
9788199451223
9788198674067
9788171109555
9788119665891
9789368905356
9789380617565
9780144000432
9780143100485
9789381748312
9789381430309
9789386596574
9789389191936
9789389018684
9789390770823
9780190127510
9789382956310
9789391021092
9789391021115
9789391021177
9789363338838
9789361806995
9789389191905
9789361807435
9789372904352
9788130916583
9788171109937
9789372905311
9788190767668
9788125942337
9789360822729
9789349340046
9780198094807
9780198094821
9788125940609
9788186595596
9788186351482
9788177891201
9788174142610
9789347572098
9789347572715
9789348396426
9788190767651
9789372907476
9789372906394
9788195390625
9788190767675
9789373354279
9789347999116
9788184952193
9788123924137
9789354553790
9789357360463
9789384314217
9789355543042
9788184951103
9780143473374
9788177399271
9789385915710
9789350366332
9789381335727
9788121615938
9788171020898
9788181469700
9788173713149
9788176062770
9788180560613
9780190137052
9788183321716
9788183321747
9788183602105
9780916094522
9780190137281
9788122400908
9788122432053
9788121922173
9788121618397
9788171853908
9789349941007
9788171853076
9789367253984
9789367254042
9789367254417
9788173713231
9788173713132
9788189645571
9788121922968
9788183990967
9788184770032
9788194754046
9788121928328
9788121929684
9789381506370
9781009245579
9789354977848
9788173713323
9781009495974
9781649197443
9781638737247
9789311125039
9788198727053
9789354978265
9789363554290
9789348636997
9789350008478
9789350238080
9789354390852
9789350465202
9789350466292
9789351446156
9789384376581
9789385529160
9789387155718
9789387242722
9789356356191
9789360745509
9789360746728
9789361801150
9789391947231
9789377516406
9789380619422
9789380637259
9789350462447
9798899840418
9798894464688
9789392803727
9789392593741
9781449614485
9789384028107
9789381887165
9789380737737
9789388757218
9789390834013
9789390869763
9788123770871
9788123779133
9788126311217
9780190133894
9781447792819
9781448627653
9788184301403
9788184305791
9788186877920
9781685542207
9781947498785
9788121611350
9788123024981
9788123032290
9789350238745
9789350460429
9789350462355
9781009655798
9781003863786
9781009741125
9781009724630
9789376966073
9789350347935
9789326352925
9789391569457
9789391569716
9789393088390
9789391004637
9789391569815
9789393088000
9789394900554
9789392759413
9789362079992
9789390828135
9789354096747
9788126518340
9789386600271
9788119571888
9789389833409
9789356736795
9789354803888
9789354553530
9789350636565
9789390479320
9789387383494
9789363380615
9789363388598
9788123752969
9789367257616
9780190135195
9789367251119
9789367251218
9780190135027
9789367258668
9780195681352
9789389601794
9789379030467
9788197780387
9788197481451
9789815202861
9788177396423
9789357549554
9780143461265
9780143461715
9788175248687
9788173808197
9788171780990
9789348740991
9788175811867
9789371185011
9789373898544
9789390834730
9789384087005
9781009407137
9780863114250
9781453336168
9789391522988
9789391714093
9789393527028
9789394644304
9781009674508
9781009629362
9781009586160
9781009231466
9798892775250
9789386345622
9789350094495
9789350466964
9789366650258
9789349365063
9789326198592
9788193514672
9788193298855
9788185999623
9788183155410
9788183602587
9780998139609
9780986976445
9780956963369
9780956963352
9789354979798
9781009461955
9781009536554
9780998273907
9781444946796
9781446746486
9781447728030
9781639203635
9788171601400
9781649197771
9781009227346
9789390582501
9781685635626
9781685384050
9798896736202
9798894461465
9788186877401
9789386667694
9789387486850
9789387919655
9789352207718
9789354423161
9789354774430
9789334161274
9789355855015
9789357362078
9789357364577
9788177868890
9788123740584
9788122313888
9788121939997
9789385077463
9788168562028
9788126330133
9788126302130
9788126012695
9788125915720
9788122901153
9788122411447
9788189431525
9789350467848
9789350466995
9788192143279
9789350469989
9788119412983
9788121616508
9780956963314
9788121923453
9781009805933
9781009805940
9780198094753
9788189477103
9780143442110
9780195686357
9780143445708
9780190121839
9789350468906
9780143420446
9789350468494
9788121612937
9781947137745
9788119104147
9788125047193
9781009805964
9789349941649
9789367259221
9788119412624
9788119412662
9788131504345
9788199442917
9788198040107
9788177396645
9789347891892
9789363336292
9789386290779
9789385679940
9798887838977
9789355628749
9789363555860
9789380422244
9789385534140
9789380422947
9789348740281
9789350733820
9789350738863
9789355350244
9789355357120
9789355549679
9789810100919
9789391626488
9789391034818
9789386596642
9789390479344
9789385915437
9789377135218
9789350366615
9789391544843
9780143100317
9780143101000
9780143100348
9780143064190
9780143065166
9780143067870
9780143099833
9780140377965
9780143030492
9780143032694
9780143063469
9780143462026
9780143455783
9780143455790
9780143455806
9780143455837
9780143455868
9780143455943
9780143455950
9780143456094
9780143452102
9780143452607
9780143101765
9780143459965
9780143460008
9789351864837
9788188267651
9788188267682
9788189884642
9788194616290
9788197930171
9788198642684
9789347054402
9780143454526
9780143101420
9780070598232
9780070598249
9780140299298
9780140299328
9780143455776
9780143455769
9780143455219
9780143454861
9780143454816
9780143450764
9780143450191
9780143442608
9780143419983
9780143420408
9780143421405
9780143423461
9780143424956
9780143428114
9780143446903
9780143446811
9781569570616
9780143429319
9789359627120
9789363555341
9789380852331
9789350481578
9789380183213
9789380823928
9789350484722
9789350482988
9789350577110
9789351037194
9789351861874
9789351039747
9780143451556
9780143447498
9789815280227
9789390474462
9789391938178
9789392536434
9789788193326
9789815202588
9789815280180
9789815280203
9781572842854
9788175249318
9780143418870
9789383110384
9789351867104
9789352660629
9789352669417
9780143476375
9780143476474
9780143477143
9780143477204
9780143477976
9780863112355
9781513656052
9789815280210
9789383110933
9789383299027
9789385827914
9789386106490
9789386106520
9789386832948
9789386870490
9789815280234
9780143451822
9789381063255
9789390378333
9789381063460
9789381398906
9789382901617
9789383110179
9789382898344
9789382898399
9788188266845
9789386054777
9781569570654
9781569572054
9781912006076
9781569572078
9788172344658
9788169097345
9788173154478
9788173157448
9789350480038
9788177212341
9788177397321
9788184005158
9788185828794
9788185829876
9788185830551
9788186877326
9780143464693
9780143465126
9780143465157
9780143465164
9780143465171
9780143465188
9780143465317
9780143463245
9780143463481
9780143463818
9780143463924
9780143464259
9780143464266
9780143464334
9780143464662
9780143456100
9780143456681
9780143456698
9780143456704
9780143458036
9780143465829
9780143468219
9780143468264
9780143469391
9780143469407
9780143469605
9780143473534
9780143474227
9780143464686
9780143101468
9780143101451
9780143429821
9780070588721
9780143419938
9780143419150
9780143417842
9780143335375
9780143330721
9789390777204
9788172344825
9789354092411
9789357363761
9789355851581
9789393456694
9789334088151
9788184575132
9780195612691
9789387330634
9789354093418
9789357428637
9798172248337
9789388834902
9788121620338
9781009305020
9789367258187
9788170215165
9788186563106
9781009682787
9781009373715
9780007415472
9789386224811
9789386385468
9789389477023
9788180560361
9788183327763
9788185952819
9780190137045
9780198418917
9789385039379
9789785237405
9788176211291
9788121615266
9788177586473
9788176211376
9788170703372
9788122001877
9788121941853
9781399559317
9781009674201
9780970519603
9788170212898
9788130900193
9788122415797
9789350366387
9789311127385
9788120338180
9789352741199
9780007438570
9781399544795
9780190135188
9788181803474
9788121613460
9789380619279
9780854903115
9780891169758
9789380619378
9788121618236
9788120764767
9789354979323
9788121615723
9788121617734
9788131908075
9788131908273
9789352877065
9789386835680
9789386667724
9789386530011
9789386224385
9789380617398
9789380864617
9789354979330
9789385721366
9789384030797
9789382788065
9798889515210
9789381695982
9789375497219
9788131907351
9789387766433
9789390834068
9789388754446
9789388689021
9798888151259
9788184301861
9788183555043
9789390834228
9789937250382
9788184302097
9798901766149
9788188343157
9788188343591
9788188479528
9788176211413
9788179507278
9788180564079
9788181469076
9788181469250
9789326355681
9789350460603
9789350466599
9788184302448
9788184302691
9788184303513
9788184975987
9788184976106
9789351031321
9789351865100
9789352740123
9788189975494
9788190148412
9789311122540
9789311126821
9789326352437
9781636065885
9781643243054
9789350467220
9789350468135
9789350468326
9789350483657
9789350947982
9781948147873
9781948372671
9781423476665
9781434823120
9781441583635
9781445715728
9781446793282
9781618137319
9788122313390
9788125026839
9781647330422
9781647601102
9781648693854
9781648699085
9781946204622
9781946436061
9788172764647
9788175242234
9781948424813
9788120737280
9788121620154
9788121620307
9788122304299
9788122313369
9788126330874
9788170554776
9788170593706
9788171562480
9788172111762
9780990637189
9781407361550
9780071072465
9780890060131
9780966117936
9780976496748
9781009331791
9788171548590
9788122204209
9781009634281
9789378164262
9788184958522
9788184954685
9788184955514
9788184954180
9780143467007
9789388809122
9789388508148
9789814192217
9789389203479
9789370784055
9788119363735
9789348145918
9788194221470
9789382956099
9789354800429
9789357552134
9788193812839
9789348988164
9788177396652
9788123032047
9781523086771
9789375492900
9788129119469
9788123929514
9788129102898
9788129114617
9789390619986
9789353527105
9780486323947
9788123928562
9789353523602
9788129130952
9789357549356
9786322491054
9788866109716
9788194981763
9788125036616
9788179507667
9789356599864
9789361035807
9789386345424
9789367250433
9789361032424
9798886417913
9789384376598
9789392593758
9788180401978
9783968682952
9782068149488
9787260090880
9781250363275
9788181803627
9789395310857
9789391879105
9789389203035
9789389203042
9788885032484
9788184081138
9789351677406
9789389203011
9780199472437
9789373941479
9781638864967
9788184952605
9789389203004
9780143332183
9789363559035
9789359489773
9789367190364
9789348988027
9789389203059
9789390556151
9789385223761
9788123752167
9781009329255
9781009674379
9781009692670
9781009441308
9789354971242
9789354971198
9789354971259
9781009636896
9781009691383
9788123909912
9789352870660
9789326351607
9781408283394
9789354425578
9789380302379
9789386298065
9788125026815
9788172297053
9788176761260
9788176761352
9789386063618
9789386063632
9789350460344
9789350461044
9789351444862
9789352819447
9780198408468
9781009687867
9781009733151
9780198396390
9780925760159
9781009407458
9781009566681
9781009595179
9788170703365
9781439041338
9788170947684
9788170946496
9789381182529
9789365619645
9781009379854
9781009646789
9788181807427
9781009766258
9788125026426
9781009561105
9789395287814
9788121935104
9788100001547
9789386063670
9789386063687
9788123744261
9789391495299
9789381438619
9789381438893
9789381438886
9789384028138
9788183325264
9789386063663
9788123903217
9789386063656
9781009553445
9788184972214
9788184972221
9788184972238
9788184972245
9788190147804
9789326351638
9798888695920
9789387103016
9781409538561
9780143449218
9780746093122
9788184959147
9789351030881
9781499266580
9780143477198
9780143446231
9781474904247
9780143467472
9781402794537
9788184779684
9789394792548
9789382956655
9789359480039
9788120736665
9788119000807
9789354093395
9789378163159
9789382459361
9789364054829
9789386092342
9789387803305
9789380244778
9789392241451
9788179509494
9788182239876
9788179509043
9789387773127
9789394061378
9789392753145
9789386290311
9789381887295
9788171105298
9789390921515
9788131000106
9788119756407
9780199476145
9780199476121
9780199469628
9780198090878
9789355355935
9788123781334
9788183329378
9788182966437
9789334368918
9788177391886
9789367251997
9789381905753
9798895196687
9788194743385
9789385155208
9789352211845
9789373944340
9780143455455
9788170161189
9788119665860
9789392080111
9798887042404
9788194071969
9788183227766
9788184300888
9788184974492
9789350462362
9789390900886
9789326355018
9789350366370
9789351863038
9781445297897
9781636068824
9781638504665
9780199463763
9780893893163
9780942501162
9780989453981
9780997763461
9780999631409
9781008939646
9788187250593
9788188139606
9788188140572
9788180481680
9788190576758
9798888151662
9798887724010
9798888493465
9798888059333
9798887728438
9781009710725
9789326355001
9781009524469
9781009272070
9780897227483
9789354976971
9781009584036
9781009622936
9798896104841
9789361031113
9789326354448
9788181805904
9788131910146
9789367254738
9789367253250
9789367252611
9789367251881
9789367251300
9789367250570
9788172296377
9789382956907
9789382901433
9789351867524
9789380823690
9789380823683
9789380823348
9788173158599
9788173156724
9788173153426
9788173151040
9788100001417
9788173150128
9788173150111
9788172299255
9788183222181
9788182961708
9788182747685
9788181469717
9788172294465
9788177211429
9788175541474
9788173158643
9789386421135
9798887490816
9798887339825
9798887331683
9798887178196
9789351864721
9789351863984
9781009650960
9788123732978
9788123766997
9788172296629
9789355210630
9789361030499
9798889237174
9788125000044
9789350480809
9789373944005
9789380183404
9789380186535
9781009165815
9781009407595
9789380186641
9789380336329
9781433086496
9781009493383
9789367257753
9789367259580
9798889096603
9798888837948
9789390801985
9798889234760
9781638860679
9781638504672
9788172295080
9788172294724
9781009737340
9788172294090
9788126312979
9788125040392
9788186921968
9788186470817
9788185829944
9788185827933
9788173150692
9789383751853
9789383751556
9789351862932
9789350483114
9789350483008
9789350482704
9788185826813
9789350480649
9789350465035
9789350462898
9789354979699
9789354977039
9789352663460
9789351867708
9788188267088
9789351867470
9780198396406
9781639743483
9780983776840
9789361030956
9789354977077
9789354977060
9780435996956
9789385676055
9789386231147
9788119665167
9789385027185
9789350461686
9789378161094
9789361031083
9781447174783
9788121605397
9788121614757
9788123761916
9789386500052
9798889350651
9789381620083
9789389982398
9789389982176
9789389203196
9789389203189
9789388508377
9789387330214
9780957666573
9798891860070
9798892774024
9798893631906
9798889516170
9781009273824
9781009525589
9781009570121
9789380592015
9789373017754
9788184955200
9789391598563
9789380592398
9789354095528
9789357013994
9789354092589
9789359856254
9789386345929
9788183572873
9788189297725
9789385976124
9789361867071
9789334122473
9789815202977
9780195603675
9789385005886
9783077152933
9783007846086
9788195495214
9789351472438
9780199483297
9780199464920
9788177445428
9781403928290
9789391576714
9789380896748
9789385529696
9788130919478
9788168713246
9789352875269
9788121501828
9788123920252
9788192228709
9780198067306
9788178122403
9789359625126
9789355030979
9789354095658
9788177445411
9788189661748
9788189661717
9788177445435
9789350260951
9780143333739
9780143332169
9789387477377
9789387286023
9789388127196
9780143428541
9780199476107
9789375498247
9789374114377
9789354423130
9789993306597
9788178694757
9788131911037
9789380619606
9789380619484
9788184950953
9788184973396
9788186308998
9788190479943
9788126314256
9788126318698
9788184850727
9789350234709
9788190848640
9789385966095
9788178694764
9789386041616
