9781014052988
9781014052957
9781014155221
9781014154729
9781014154071
9781014043535
9781014040701
9781014038869
9781014035530
9781014035479
9781014058850
9781014058409
9781014057105
9781013830556
9781013829918
9781013828355
9781013945946
9781013945854
9781013944802
9781013823923
9781013813306
9781013811630
9781013810442
9781013810053
9781013836459
9781013833274
9781014065865
9781013910920
9781013905681
9781013905063
9781013903816
9781013903663
9781013926907
9781013922749
9781013922107
9781013984716
9781013983245
9781013983061
9781013981654
9781013980312
9781013914782
9781013832680
9781013900044
9781013899751
9781013899591
9781013752742
9781013752049
9781013750267
9781013750243
9781013746857
9781013772368
9781013772023
9781013769207
9781013848988
9781013847424
9781013831713
9781013844904
9781013844171
9781013875571
9781013874055
9781013870668
9781013943768
9781013942600
9781013941955
9781013941757
9781013941511
9781013851308
9781013850998
9781013850783
9781013832284
9781013845154
9781014024848
9781013952944
9781013951541
9781013950599
9781013933981
9781013933073
9781013931581
9781013929335
9781013927706
9781014029560
9781014029126
9781014029065
9781013921681
9781013914652
9781013919541
9781013918674
9781013917035
9781013940644
9781013939976
9781013936098
9781013995637
9781013993527
9781013992704
9781013989629
9781013989384
9781014006851
9781014006042
9781014006035
9781013919916
9781013914577
9781013885693
9781013884719
9781013878770
9781013878688
9781013876813
9781013987434
9781013986178
9781013985010
9781013869297
9781013866128
9781013865893
9781013856143
9781014025937
9781013892936
9781013891601
9781013887697
9781013950308
9781013948206
9781013946868
9781013946813
9781013945977
9781013965500
9781013964398
9781013963155
9781014027559
9781014026958
9781014026699
9781013852091
9781014340528
9781014315656
9781014314857
9781014313782
9781014313560
9781014313546
9781014403162
9781014402905
9781014400048
9781014305800
9781014302618
9781014300249
9781014298621
9781014077882
9781014322982
9781014319975
9781014316066
9781014369482
9781014369468
9781014369277
9781014368867
9781014368317
9781014381378
9781014377777
9781014377425
9781014423535
9781014423498
9781014423177
9781014297822
9781014270108
9781014270047
9781014268617
9781014365132
9781014361547
9781014360540
9781014261021
9781014259882
9781014258984
9781014257505
9781014257086
9781014274021
9781014273321
9781014340672
9781014340290
9781014339737
9781014338389
9781014336934
9781014335166
9781014348432
9781014347787
9781014346605
9781014399700
9781014397713
9781014397522
9781014395368
9781014394590
9781014340726
9781014272980
9781014450920
9781014450364
9781014449382
9781014448194
9781014412034
9781014409904
9781014409560
9781014388629
9781014388162
9781014387943
9781014792099
9781014382849
9781014453853
9781014422484
9781014452146
9781014377333
9781014376121
9781014374011
9781014373908
9781014373090
9781014391568
9781014391117
9781014390820
9781014433268
9781014432605
9781014430496
9781014428820
9781014426468
9781014453204
9781014421517
9781014372437
9781014371027
9781014369611
9781014352064
9781014351531
9781014351487
9781014350473
9781014349576
9781014425027
9781014424785
9781014424747
9781014345004
9781014452047
9781014342249
9781014342188
9781014341365
9781014354976
9781014354778
9781014354013
9781014405494
9781014405425
9781014404763
9781014404107
9781014403452
9781014416995
9781014416520
9781014415264
9781014343338
9781014131966
9781014131935
9781014127808
9781014149855
9781014149565
9781014146250
9781014207425
9781014205575
9781014205155
9781014202963
9781014202406
9781014218346
9781014215499
9781014272782
9781014278852
9781014277572
9781014275264
9781014274991
9781014274595
9781014210302
9781014209870
9781014208392
9781014181695
9781014181480
9781014177537
9781014177049
9781014176820
9781014283917
9781014214744
9781014101655
9781014097941
9781014094858
9781014159243
9781014157584
9781014157577
9781014156976
9781014156938
9781014176325
9781014174147
9781014172280
9781014242334
9781014240613
9781014132000
9781014238306
9781014236678
9781014164438
9781014163301
9781014160744
9781014146007
9781014145253
9781014141743
9781014140081
9781014137111
9781014250360
9781014245083
9781014243195
9781014132093
9781014239990
9781014333803
9781014333643
9781014332998
9781014214485
9781014213549
9781014212887
9781014211514
9781014211095
9781014231987
9781014230102
9781014229052
9781014290243
9781014289131
9781014280428
9781014285881
9781014285874
9781014312020
9781014311566
9781014307712
9781014359582
9781014358943
9781014355799
9781014355485
9781014355201
9781014294258
9781014291974
9781014291608
9781014272812
9781014286796
9781014280329
9781014167590
9781014167095
9781014166395
9781014165022
9781014164827
9781014188816
9781014186775
9781014181794
9781014252319
9781014251626
9781014250933
9781014250728
9781014250438
9781014222275
9781014263889
9781014262585
9781014327147
9781014324818
9781014324320
9781014323422
9781014323118
9781014255648
9781014254214
9781014253811
9781014227638
9781014227430
9781014225634
9781014224170
9781014266132
9781015220898
9781015219052
9781015218895
9781015217430
9781015217188
9781015162365
9781015275782
9781015275744
9781015274419
9781015273801
9781015273061
9781015273009
9781015272156
9781451557572
9781015270787
9781015270114
9781015269880
9781015267961
9781015267565
9781015266605
9781015264809
9781015278677
9781015198562
9781015194243
9781015194137
9781015192362
9781015189997
9781015224773
9781015177857
9781015177383
9781015132610
9781015243576
9781015242258
9781015240810
9781015240445
9781015239197
9781015239159
9781015238664
9781015188686
9781015238237
9781015238121
9781015222182
9781015234253
9781015233379
9781015233140
9781015233126
9781015243811
9781015160477
9781015160255
9781015159617
9781015158733
9781015158696
9781015158603
9781015158122
9781015238473
9780865735125
9781015237766
9781015230019
9781015228665
9781015227446
9781015225688
9781015294776
9781015224230
9781015281769
9781015280915
9781015280533
9781015279636
9781015279506
9781015279049
9781015232884
9781015189829
9781015320291
9781015315303
9781015313583
9781015313385
9781015313125
9781015312722
9781015284968
9781015312234
9781015311213
9781015311169
9781015310889
9781015310728
9781015310551
9781015310162
9781015321670
9781015188730
9781015271241
9781015188341
9781015254114
9781015252752
9781015249288
9781015248366
9781015244740
9781015244504
9781015198647
9781015300422
9781015300170
9781015299061
9781015230453
9781015297692
9781015297319
9781015296640
9781015254411
9781015294509
9781015294141
9781015294011
9781015292994
9781015291904
9781015291041
9781015290938
9781015300767
9781015232419
9781015231092
9781015299009
9781015135444
9781015135369
9781015104662
9781015104624
9781015102385
9781015102378
9781015102248
9781015100893
9781015100633
9781015099647
9781015065345
9781015064843
9781015098299
9781015179394
9781015098107
9781015097407
9781015095984
9781015095243
9781015122482
9781015121966
9781015071902
9781015071582
9781015070936
9781015070363
9781015068322
9781015066953
9781015175655
9781015174948
9781015098275
9781015064300
9781015063334
9781015063129
9781015062511
9781015107151
9781015106659
9781015105256
9781015104716
9781015120907
9781015118607
9781015118416
9781015118263
9788179500538
9781015135505
9781015112179
9781015111936
9781015110090
9781015108875
9781447021247
9788182880627
9788179506172
9788179506127
9788179506110
9781015142909
9781015141131
9781015139657
9781015138506
9781015136489
9788178837291
9781015213951
9781015213449
9781015213197
9781015212862
9781015211193
9781015211018
9781015210585
9781015157354
9781015208797
9781015206137
9781015205369
9781015204614
9781015203631
9781015173873
9781015201743
9781015216792
9781015132399
9781015131705
9781015131538
9781015131484
9781015128859
9781015128200
9781015125292
9781015209077
9781015187207
9781015184237
9781015182042
9781015180079
9781015202696
9781015173446
9781015172265
9781015172234
9781015172128
9781015124769
9781015170445
9781015169715
9781015168992
9781015168114
9781015168084
9781015166974
9781015164192
9781015175709
9781015143456
9781015155954
9781015154414
9781015152342
9781015152137
9781015151659
9781015150195
9781015171794
9781015149007
9781015148574
9781015148253
9781015145818
9781015145207
9781015145115
9781015143531
9781015157057
9781403375230
9781403374899
9781403374479
9781403374288
9781403374042
9781403373885
9781403350299
9781403373618
9781403373533
9781403372918
9781403372581
9781403371881
9781403371843
9781015321731
9781403377586
9781403324641
9781403322609
9781403322364
9781403321190
9781403320926
9781403319913
9781403319777
9781403373632
9781403368232
9781403365712
9781403365514
9781403365453
9781403371775
9781403363527
9781403363244
9781403362964
9781403319531
9781403362285
9781403361240
9781403359865
9781403359070
9781403358127
9781403356079
9781403355898
9781403364319
9781399971607
9781403377395
9781399933186
9781399916134
9781399915922
9781399907293
9781399831062
9781403362926
9781403347619
9781403346513
9781403344748
9781403344052
9781403341549
9781403341051
9781403340382
9781399977678
9781399933353
9781403380944
9781403380692
9781403380609
9781403380333
9781403377616
9781403354365
9781408640784
9781408630952
9781408623022
9781408609811
9781407640631
9781407639772
9781403383846
9781403365231
9781407600253
9781407570174
9781406999099
9781406991963
9781406987591
9781406799873
9781408672617
9781408656310
9781403370334
9781403370242
9781403370136
9781403369383
9781403369116
9781403368928
9781403381972
9781403365101
9781403364500
9781403325426
9781403395986
9781403395740
9781403394842
9781403394613
9781403394590
9781403394415
9781403393975
9781403368546
9781403393388
9781403392909
9781403381019
9781403391582
9781403390516
9781403388797
9781403387714
9781403396020
9781403354174
9781403353443
9781403353405
9781403352484
9781403351388
9781403350343
9781403350312
9781403393913
9781398260672
9781403392459
9781015343313
9781015343207
9781015365322
9781015289642
9781015289550
9781015288881
9781015288683
9781015288560
9781015287709
9781015285514
9781015353190
9781015282056
9781015328549
9781403363794
9781015326989
9781015326897
9781015326590
9781015324879
9781015290556
9781403313058
9781403312648
9781403310071
9781403308962
9781403308481
9781403308221
9781403307644
9781015329751
9781403305862
9781015327818
9781015260467
9781015260351
9781015260290
9781015259294
9781015257443
9781015255845
9781015254619
9781015312340
9781015254268
9781015305588
9781015305533
9781015304819
9781015304673
9781015344372
9781015301726
9781015262393
9781015363380
9781015359901
9781015358720
9781015358157
9781015356702
9781015355927
9781015354531
9781015306639
9781015346901
9781015346437
9781015344815
9781015344549
9781015302167
9781399762274
9781403331250
9781403331090
9781403329585
9781403327581
9781403327208
9781403327130
9781403326638
9781403339805
9781015337046
9781015334618
9781015334267
9781015332966
9781403303684
9781015331518
9781015330184
9781403332837
9781403318992
9781403318251
9781403317902
9781403316325
9781403315861
9781403315687
9781403315472
9781015342835
9781403364234
9781403364166
9781403364050
9781015332010
9781403303035
9781403302854
9781399996624
9781399990875
9781399989640
9781403314208
9781015308558
9781015308329
9781015307964
9781015307896
9781015307667
9781015307001
9781015306851
9781403334404
9781015305762
9781399734189
9781398492011
9781015369627
9781015369528
9781015368736
9781015368293
9781015309654
9781403339416
9781403337726
9781403337627
9781403336231
9781403335814
9781403334930
9781403305978
9781014919403
9781014919267
9781014919069
9781014931672
9781014930910
9781014930903
9781451513738
9781451512281
9781451511628
9781451510300
9781451501407
9781014923516
9781014922823
9781015112216
9781014914842
9781014912404
9781014911100
9781014909312
9781014909091
9781451521757
9781451518313
9781451518306
9781014907707
9781014904775
9781014901767
9781014901590
9781014901446
9781014922175
9781014908452
9781014908391
9781014907837
9781014946560
9781014942975
9781014942463
9781014942319
9781014941602
9781014899859
9781014899835
9781014899330
9781014885500
9781014883032
9781014919526
9781014875815
9781014875501
9781014951106
9781014950567
9781014948380
9781014871947
9781014871930
9781014871787
9781014869852
9781014869364
9781014886330
9781014886262
9781014885852
9781014920416
9781014880086
9781014925015
9781014924865
9781014941374
9781014938565
9781014938558
9781450048484
9781450047166
9781450030748
9781450018920
9781450011303
9781450529099
9781450524483
9781450522076
9781014915290
9781014973993
9781014973290
9781014972767
9781014971807
9781450097895
9781450095853
9781450056106
9781450741088
9781450736961
9781450723800
9781450716819
9781450595421
9781014979100
9781014977601
9781014976666
9781014915146
9781014915115
9781450570947
9781450567138
9781450566452
9781450564748
9781450564700
9781450593694
9781450590105
9781450590020
9781450558778
9781450558761
9781450558297
9781014926746
9781450552295
9781450577571
9781450576390
9781450575638
9781014938039
9781014936998
9781014934802
9781014934048
9781014932983
9781450562966
9781450562089
9781450560795
9781014930187
9781014928399
9781450555395
9781451544572
9781451544480
9781014821393
9781014821096
9781014818461
9781014817501
9781014817037
9781014860255
9781014859846
9781014858405
9781014815446
9781014814661
9781014814562
9781014889560
9781014810977
9781014827159
9781014823700
9781014822703
9781014834461
9781014834355
9781014833549
9781014832856
9781014832740
9781014841209
9781014840738
9781014839473
9781014887603
9781014887337
9781014812896
9781014789822
9781014788771
9781014786210
9781014786166
9781451586084
9781451580815
9781451579994
9781014781765
9781014781383
9781014780317
9781014779878
9781014777645
9781014793355
9781451549027
9781014792174
9781451541823
9781451537574
9781451536935
9781451536928
9781451529326
9781451563184
9781013758003
9781451556025
9781014857101
9781014856098
9781014855183
9781014854650
9781014854612
9781014792433
9781014918000
9781014917089
9781014916495
9781014916310
9781014915429
9781014868909
9781014868541
9781014868534
9781014846822
9781014846488
9781014846440
9781014843524
9781014843050
9781014887122
9781014918543
9781014918093
9781014839275
9781014839244
9781014838384
9781014836472
9781014836434
9781014854384
9781014848109
9781014847836
9781014897121
9781014894038
9781014892881
9781014892577
9781014918574
9781014887085
9781014887023
9781014835796
9781014835192
9781014834829
9781451568318
9781451567182
9781451566901
9781451565539
9781451564310
9781014889164
9781014888327
9781014887894
9781014871978
9781451554519
9781451553925
9781451550115
9781451549911
9781451573039
9781451571011
9781451570229
9781014865540
9781014864826
9781014864390
9781014863560
9781014862457
9781014874627
9781014873996
9781451554564
9781015048560
9781015048164
9781015046962
9781015059191
9781015058705
9781015057081
9781399829960
9781009805742
9781009631310
9781009591201
9780996859097
9781015052796
9781015052307
9781014976970
9780992858193
9780992834197
9780992424534
9780991389490
9780991301157
9781419775260
9781419004087
9781408863534
9781015082847
9781015081222
9781015080553
9781015079168
9781015040533
9781015051829
9780989256124
9780989177634
9780985471095
9781015031593
9781015031142
9781015030282
9781015029200
9781015029002
9780957554993
9780957502369
9780956984005
9781015023956
9781015023512
9781015051324
9781015023352
9781015020603
9781015034372
9781015032576
9781015032545
9781015057067
9781015056626
9781015055094
9781015054738
9781015053991
9780857507655
9780857306227
9780853617792
9781015051591
9781015023413
9788178232270
9788175052086
9788175052017
9788175052000
9788175051782
9781432555122
9781009814539
9788178234670
9788178234601
9781015042780
9781015042377
9781015041417
9781015041196
9781015040281
9788175054462
9788175052963
9788175052697
9781015094703
9781015090651
9781015090194
9781015089518
9781015046894
9781015046542
9781015045637
9781015042896
9781015117884
9781015113138
9781015112513
9788175055063
9781015037823
9781015037786
9781015076242
9781015074484
9781015072732
9781015072596
9781015086586
9781015085084
9781015084612
9781015084247
9780889714984
9780887232459
9780874476262
9788178234199
9781015079137
9781015078857
9781015077911
9781015077713
9781015061538
9781015060647
9781015060265
9781015059375
9780917010286
9780913785829
9780913351468
9780903200264
9788178234595
9788178234519
9780871714855
9781015011359
9781015010253
9781450521208
9781450507325
9781450503631
9781450500227
9781450100069
9781450548953
9781450547161
9781450545532
9781014983305
9781014983015
9781014980793
9780918606174
9781014980151
9781014997319
9781014994134
9781014993441
9781015036758
9781015035713
9781015035430
9781015034754
9781015034723
9781014983794
9781014983657
9781014983572
9781014970800
9781014970787
9781014980656
9781450584807
9781450584715
9781450584418
9781450583305
9781450579353
9781451501032
9781451500394
9781450768221
9781014955340
9781014953735
9781014952752
9781014951816
9781014951120
9781450530316
9781014966186
9781014965707
9781015010239
9781015009349
9781015008533
9781015006720
9781015003248
9781014957221
9781014957191
9781014956040
9781450544283
9781450542029
9781450539166
9781450536035
9781014966308
9781015000728
9781015000049
9781014999993
9781014998439
9781014997975
9781015012455
9781015011434
9788170217374
9781014991256
9781014990440
9781014988775
9781014987716
9781014987372
9781014970701
9781015002982
9781015000827
9780983908753
9780976614692
9780972980388
9780966186567
9780964680487
9780995801134
9780993396564
9780993350498
9780948543494
9780946148813
9780932624475
9780920119853
9781015003200
9781014969804
9781014968142
9781014979674
9788185843230
9781015037571
9781014965172
9781014963307
9781014960634
9781014958334
9781014958228
9781014971487
9781014971074
9781014970961
9781015017931
9781015015456
9781015014756
9781015014404
9781015014398
9781015026131
9781015025691
9781015024373
9788131900994
9781441347206
9781434106001
9781426224591
9781420982817
9781015019089
9781015018334
9781015017535
9780983536048
9780985266004
9780985249915
9780985214616
9780983507024
9780983504191
9780983504153
9780983483137
9780983444145
9780983690030
9780983681649
9780983660163
9780984720989
9781013791154
9780984689507
9780984577989
9780984574315
9780984959891
9780984925315
9780984910830
9780985878207
9780985872328
9780985804022
9780985790035
9780985758189
9780984785209
9780984763887
9780984727797
9780984715008
9780984536269
9780982736630
9780982721711
9780982717158
9780982693230
9780982685471
9780982903650
9780982848616
9780982837801
9780983927167
9780983910008
9780983834373
9780983776482
9780983566236
9780984160303
9780984098491
9780984095315
9780985135249
9780985134396
9780985078997
9780985078973
9780985078966
9780983988311
9780983975038
9780983928430
9780983660156
9780983640257
9780983598800
9780983776468
9780985427849
9780985416072
9780985038915
9780985037956
9780985017347
9780984979868
9780984976454
9780986520822
9780986482502
9780986444319
9780984904600
9780984876778
9780984869428
9780984315901
9780984817122
9780985078959
9780985066819
9780985044800
9780985932060
9780985931865
9780985918804
9780985901943
9780985895563
9780986155024
9780986152344
9780986128417
9780987627926
9780987553904
9780984866731
9780984259465
9780984259458
9780984205776
9780984165780
9780985895341
9780985895334
9780985895310
9780984090006
9780984079803
9780984041640
9780984023332
9780983993599
9780984328192
9780985436100
9780984324590
9780985412517
9780985399528
9780985397302
9780985300074
9780985299507
9780985677411
9780985677343
9780985677329
9780986416507
9780986403507
9780986395123
9780986392702
9780986370304
9780984328161
9780981471426
9780981471419
9780981286228
9780981120317
9780980943269
9780982043516
9780981996417
9780981996110
9780983107965
9780983104001
9780983082262
9780982932247
9780982903698
9780984539857
9780981704234
9780981640181
9780979958830
9780979748240
9780979648236
9780979636189
9780979623745
9780983163701
9780983137603
9780983109013
9780979521638
9780979484940
9780979292453
9780979244810
9780981722542
9780978569518
9780978550271
9780979623721
9780979569937
9780979541704
9780982303016
9780982300503
9780982280997
9780982276693
9780982273432
9780979044953
9780978966966
9780978963583
9780977293742
9780977176878
9780977164882
9780977146291
9780976927280
9780982458259
9780982345337
9780982345320
9780976779698
9780976578185
9780976496755
9780976468387
9780976372080
9780977430529
9780977430505
9780977225088
9780981821658
9780981805795
9780981792200
9780982265796
9780982253915
9780982232385
9780983331742
9780983256052
9780983256045
9780983252900
9780983168317
9780983535171
9780983533962
9780979161179
9780984525270
9780984514212
9780984493821
9780984421947
9780984396207
9780983396833
9780983369318
9780983342465
9780982824993
9780982794944
9780982773727
9780982755501
9780982746714
9780984547449
9780983521426
9780980081121
9780980053623
9780980051186
9780982601419
9780982565735
9780982565339
9780982561706
9780982458761
9780982745854
9780982745700
9780982736654
9780983718215
9780983708803
9780981891132
9780983699637
9780983699613
9780982682821
9780982630228
9780982606131
9780982140574
9780982099162
9780982072738
9780982050552
9780982044704
9780983776451
9780983736295
9780983736288
9780981965482
9780983703402
9780988793828
9780989188500
9780989177665
9780989116671
9780990349709
9780990338192
9780990338154
9780990318385
9780990309543
9780990535300
9780990525370
9780990504658
9780991376056
9780987482402
9780991371501
9780991361519
9780991344000
9780990416005
9780990397779
9780990361527
9780989704632
9780989637428
9780989629614
9780989625524
9780989560412
9780991411108
9780991404612
9780991376063
9780991375103
9780988265226
9780989433006
9780989424301
9780989417044
9780989403221
9780989379168
9780989541794
9780989535106
9780989523486
9780990885979
9780990878889
9780990864943
9780990852001
9780988794719
9780989465922
9780989465908
9780989452540
9780989023009
9780989019279
9780989011006
9780989003940
9780988958999
9780990908807
9780990898931
9780990897149
9780988885608
9780988842991
9780988811607
9780990767008
9780992100209
9780992053574
9780990493907
9780990490241
9780990478812
9780990471608
9780990456605
9780990715825
9780990687702
9780990679509
9780991523962
9780991523948
9780991523931
9780989523462
9780991523900
9780991677535
9780991668281
9780991667017
9780992832124
9780992723859
9780992723590
9780992723569
9780992676018
9780991541270
9780991528257
9780991526758
9780991203628
9780991184101
9780991523924
9780989489478
9780989489447
9780989478809
9780989472678
9780989756075
9780989725187
9780989706407
9780990983156
9780990958109
9780990949602
9780990944935
9780990910046
9780991150700
9780992100216
9780991119608
9780992030742
9780991984527
9780991949403
9780991935819
9780991921102
9780991015511
9780991004379
9780990989004
9780990640103
9780990590804
9780990569503
9780990554332
9780990545842
9780991144525
9780988456464
9780988400337
9780988390898
9780988323605
9780988303126
9780986887819
9780986854101
9780986849305
9780986286834
9780986263927
9780986257155
9780986247101
9780986227660
9780988286610
9780988572218
9780988572201
9780986117718
9780986115981
9780986108976
9780986061318
9780986061011
9780986344503
9780986317392
9780986295607
9780987733092
9780987725257
9780987644879
9780987630650
9780988625129
9780987461575
9780987418661
9780985972455
9780985970932
9780985943448
9780985703677
9780985703653
9780985703639
9780985701604
9780985688486
9780987630452
9780987630445
9780987630407
9780987095664
9780985524159
9780985516772
9780985460907
9780985444044
9780985758172
9780985730307
9780985704742
9780986763366
9780986663154
9780986568404
9780986563614
9780986526909
9780987162298
9780987109163
9780985592530
9780988687608
9780988680456
9780988665941
9780988958913
9780988926608
9780988886803
9780989921510
9780989889339
9780989877022
9780989847353
9780989847346
9780988687691
9780988687684
9780987630469
9780988258853
9780988206588
9780988205482
9780988160835
9780988158283
9780990307938
9780989971157
9780989947404
9780988073913
9780988066045
9780987972668
9780987914538
9780987914514
9780988297203
9780988687677
9780988115736
9780988104952
9780988097940
9780989314718
9780989265034
9780989265003
9780989227704
9780989194105
9780987891747
9780987770608
9780987750105
9780987323156
9780987323132
9780988687615
9780987171252
9780987165169
9780989376310
9780989352505
9780989316637
9780987007704
9780986967320
9780986950308
9780986930607
9780986894114
9780987360403
9780987345653
9780987330123
9780988687639
9780987241528
9781452844732
9781452843162
9781452837772
9781452872193
9781452868639
9781452868424
9781452864662
9781452827124
9781452823263
9780991563555
9780982468388
9781452859361
9781452857916
9780978658700
9781452850160
9780881442755
9780872869448
9781452815756
9781452815121
9781452833040
9781452831992
9781452830872
9781452829883
9781452814452
9781452812809
9781452811253
9781452809359
9781452802466
9781452857817
9781452585222
9781452583037
9781452814988
9781452814742
9781452576060
9781452571157
9781452560236
9781452558455
9781452557762
9781452557588
9781452595849
9781452590004
9781452556031
9781452849607
9781452552132
9781452551043
9781009274333
9781009197731
9781452581675
9781452578064
9780997773552
9780986023132
9781419780936
9781009272186
9780861549825
9780971086944
9781452557083
9781452556642
9781452552354
9781452862088
9781452884158
9781452881393
9781452881379
9781452879956
9788170148197
9788129310019
9788123780825
9788123770901
9788175051218
9788175050693
9788174142894
9788172294380
9781452598185
9788123747323
9788123745954
9788123743509
9788171203802
9788171201648
9788170593348
9788170558552
9788123712338
9788123705873
9788100003527
9788100003282
9788123766478
9788123762074
9788100000595
9788123754697
9780982272664
9780936115009
9781452895932
9781452894911
9781452893976
9781452892634
9788100002070
9788100001523
9788100001363
9788100001233
9781439081266
9780913785904
9781452888606
9781452862149
9781453576069
9781453560853
9781453540985
9781453532379
9781452878126
9781452876894
9781452875910
9781452874630
9788178236117
9788178234854
9780956582492
9781009450058
9781452862903
9781452862194
9781452885735
9781449946067
9781449933197
9781449911799
9781451597851
9781451597745
9781451596236
9781451595581
9781451595383
9781451589054
9781452522128
9780949432094
9781449932299
9781435486157
9781452586113
9781399976053
9781451588149
9781451588132
9781452044774
9781418005788
9780992858162
9780998173696
9781407655871
9781407621852
9780874344172
9780865435315
9781405973243
9780956967022
9781452549446
9780865265158
9781449788803
9781449788759
9781449787462
9781449781651
9781449781224
9781449779368
9781449778781
9781449778606
9781449778217
9781449778088
9781449777463
9781449777272
9781450006545
9781449948542
9781449996376
9781449990176
9781449987985
9781449986292
9781449985301
9781449982430
9781449981624
9781449974565
9781449968601
9780982867099
9781449963026
9781449958459
9781449957643
9781449955915
9781449997748
9781445140391
9781435462670
9780982933510
9781449686666
9780943255033
9781419775673
9780994811202
9780979761935
9780975621622
9781447372110
9781439080757
9781435488274
9780992972486
9781452547800
9781009012294
9781434105899
9780996878579
9781399211062
9780901601902
9780894351167
9781005527266
9781445151311
9780979457289
9780990625964
9780977556922
9781452588940
9781452588704
9781452586779
9780857306265
9781452545103
9781452542102
9781452539102
9781405966719
9781399623865
9780995712775
9781452536330
9781452535319
9781452534565
9781452530567
9781452530017
9781452524214
9781452522531
9781009056076
9781452519883
9781452518091
9781452517131
9781452517001
9781452515625
9781452514772
9781452086002
9781452536354
9780999122365
9780960125982
9780989177658
9781434405470
9780911079050
9780979299391
9781452550817
9780975638064
9780969378525
9780967732879
9780967723181
9780963430830
9780961449650
9780960117765
9780960055562
9780960053117
9780975653265
9780975642269
9780975640753
9780957613942
9781453579152
9780957613911
9780957613904
9780957585164
9780964189423
9780963705884
9780963551122
9780974260792
9780973940343
9780973931228
9780973382259
9780973325201
9780975619209
9780975612002
9780975567623
9780957613928
9780957475571
9780957155213
9780956896261
9780956815507
9780956742216
9780956712134
9780972775991
9780972549578
9780972549509
9780956540966
9780956540416
9780956429698
9780956399625
9780975639467
9780957331600
9780957291614
9780957175631
9780967723150
9780967723129
9780967696201
9780967326313
9780966962598
9780970775092
9780970775047
9780970732811
9780975640739
9780975640715
9780975639474
9780956386120
9780976799306
9780976783435
9780980584813
9780980445619
9780980361919
9780980226706
9780980119084
9780975938058
9780975938041
9780975910665
9780975627501
9780975627310
9780975623008
9780977840861
9780975620236
9780980938807
9780980725629
9780980704365
9780974945248
9780974856834
9780974610672
9780974610634
9780974566481
9780975636794
9780975631218
9780975628874
9780978911928
9780978791995
9780975620359
9780977834013
9780977699377
9780977432851
9780977432837
9780974504254
9780974442334
9780974379012
9780971190405
9780971151765
9780971057074
9780970892645
9780970871008
9780977984381
9780976854340
9780977978038
9780970564856
9780970487179
9780970103031
9780969624882
9780969624875
9780971645394
9780971645370
9780971645363
9780975680056
9780975669440
9780975655115
9780975653708
9780975653517
9780977978069
9780955991905
9788172293932
9788172292874
9788172291310
9788171206209
9780853183877
9780933316492
9780931872167
9780931872044
9780940875135
9780940267237
9780939193387
9780939122226
9780957536517
9780954882945
9780954326227
9780954221867
9780957349858
9780957341180
9780957341173
9780957341142
9780957338920
9780944164426
9780944007198
9780942055290
9780889702592
9780881457629
9780879307639
9780938503293
9781453578216
9781453577127
9788123738963
9788123738840
9788123734088
9788123727776
9780853186441
9780853186311
9780853186304
9780853186298
9780853184133
9780873340915
9780863888601
9780956018472
9780955855900
9780955763700
9780955690907
9780955681080
9780955681011
9780856464010
9780854328635
9780854021208
9780916539023
9780913827185
9780913408759
9780912868455
9780908807673
9780956047076
9780863888502
9780955359743
9780955041747
9780955015816
9780966962581
9780966962567
9780966413038
9780953494644
9780946894468
9780946652945
9780946652921
9780945385479
9780955678202
9780955577413
9780876333068
9780957452350
9780957424197
9780957407381
9780957406193
9780957394841
9780960022946
9780958293112
9780958123631
9780972468268
9780972300742
9780972264655
9780972174732
9780971995475
9780957574076
9780955575648
9780876128374
9780957392144
9780957392120
9780957392106
9780863887956
9780863556470
9780859890779
9780857526540
9780857506474
9780902683914
9780901673695
9780899001869
9780956343000
9780956342638
9780955469954
9780956159106
9780956087355
9780956647788
9780956606327
9780956581938
9780965519380
9780965424202
9780965100762
9780965100755
9780964361164
9780956343086
9780956343048
9780956343031
9780955563157
9780956222824
9781013350450
9781013349027
9781013346927
9781011984718
9781011961597
9781011914609
9781011656899
9781011649099
9781012407896
9781012395568
9781012385323
9781013320125
9781013319242
9780991169214
9781013316616
9781013316005
9781013330544
9781013328848
9781013328541
9781013417771
9781013414268
9781013411083
9781013406478
9781013406232
9781013325397
9781013324291
9781013321139
9781013304354
9781013317200
9781011136957
9781011129331
9781011098033
9781011093113
9781011087853
9781011357796
9781011351855
9781011327300
9781012844462
9781012824266
9781012812461
9781012704377
9781012700355
9781012236427
9781013254116
9781013253935
9781013345531
9781013344640
9781013344114
9781013343001
9781013341298
9781013015540
9781012967024
9781012904722
9781012370565
9781012349905
9781012343866
9781012342944
9781013295973
9781013368271
9781013337475
9781013336867
9781013335747
9781013335679
9781013332197
9781013477942
9781013476853
9781013476440
9781013328176
9781013328077
9781013327964
9781013326561
9781013303173
9781013340611
9781013340543
9781013338212
9781013441059
9781013436901
9781013435775
9781013428807
9781013426407
9781013461330
9781013459658
9781013459580
9781013517167
9781013515842
9781013511875
9781013326509
9781013300141
9781013299834
9781013297007
9781013424458
9781013420108
9781013418280
9781013253287
9781013248603
9781013199042
9781013124181
9781013074547
9781013308437
9781013308338
9781013368790
9781013364662
9781013364204
9781013355325
9781013355233
9781013351761
9781013386138
9781013382451
9781013380594
9781013476068
9781013470431
9781013469879
9781013469596
9781013469350
9781013371714
9781013305207
9781010457329
9781010456209
9781010455882
9781010446682
9781010607854
9781010522355
9781010520733
9781011409846
9781011401048
9781011392063
9781011386086
9781011369577
9781010476665
9781013312151
9781010459262
9781010400745
9781010398806
9781010395607
9781010390121
9781010384281
9781011468775
9781011457014
9781011452408
9781010361589
9781010358121
9781010357582
9781010345169
9781010333029
9781010462361
9781010289777
9781010374886
9781010372004
9781010370741
9781010871958
9781010820192
9781010779636
9781010779490
9781010764359
9781010332527
9781010321682
9781010321187
9781010137368
9781010457404
9781010117162
9781010096030
9781010093497
9781010929635
9781010900771
9781010893097
9781010079958
9781010079477
9781010070078
9781010069577
9781010066538
9781010204893
9781010180487
9781010167761
9781010118749
9781010485445
9781010481904
9781010757597
9781010752110
9781010738534
9781011573059
9781011543816
9781011496839
9781011489411
9781011483150
9781012206789
9781012176396
9781012049638
9781010411482
9781013311437
9781013311116
9781013311000
9781013309373
9781011645213
9781011614615
9781011576258
9781011294947
9781011283583
9781011271863
9781011246861
9781011234981
9781013314568
9781013314001
9781013311963
9781010409502
9781010402480
9781011036851
9781011018253
9781011007714
9781011005277
9781010969815
9781011186488
9781011174492
9781011172672
9781012582029
9781012550844
9781012517502
9781010491088
9781012414559
9781011080830
9781011065318
9781011056996
9781010730071
9781010717218
9781010707295
9781010698319
9781010679851
9781012673734
9781012622381
9781012605049
9781010520054
9781010506478
9781012437862
9781013615115
9781013615047
9781013680786
9781013680274
9781013679926
9781013678523
9781013677403
9781013694738
9781013692376
9781013692093
9781013779886
9781013779428
9781013778728
9781013510700
9781013775383
9781013687501
9781013684159
9781013682643
9781013659997
9781013658662
9781013658464
9781013657214
9781013656903
9781013785856
9781013783074
9781013782534
9781013647703
9781013642326
9781013777783
9781013633515
9781013632938
9781013632372
9781013630729
9781013655333
9781013655234
9781013650000
9781013723438
9781013714290
9781013713330
9781013712234
9781013708534
9781013636226
9781013616211
9781013636011
9781013614194
9781013612251
9781013611483
9781013611353
9781013607660
9781013726507
9781013726224
9781013725296
9781013596780
9781013596407
9781013596155
9781013596001
9781013593949
9781013636097
9781013691768
9781013690440
9781013690044
9781013687839
9781013687693
9781013707544
9781013706677
9781013704369
9781013804717
9781013797859
9781013793790
9781407636658
9781013786297
9781013641640
9781013826801
9781013824319
9781013897092
9781013896910
9781013895395
9781013895296
9781013894329
9781013808654
9781013808029
9781013806278
9781013768156
9781013767821
9781013762734
9781013759437
9781013827631
9781013638923
9781013638466
9781013662256
9781013660313
9781013660122
9781013732904
9781013732447
9781013729584
9781013728112
9781013727825
9781013756573
9781013753367
9781013752957
9781013841552
9781013839788
9781013839665
9781013839399
9781013837623
9781013740404
9781013735172
9781013734465
9781013700996
9781013699924
9781013698187
9781013696695
9781013695995
9781013843501
9781013843440
9781013841033
9781013569746
9781013567841
9781013567247
9781013562983
9781013486807
9781013486050
9781013485916
9781013466984
9781013466915
9781013464478
9781013464324
9781013463976
9781013577932
9781013634505
9781013573972
9781013458972
9781013458910
9781013454035
9781013450860
9781013447976
9781013469220
9781013468612
9781013468193
9781013536632
9781013534812
9781013528804
9781013527517
9781013525346
9781013574481
9781013510380
9781013445095
9781013444555
9781013443602
9781013396946
9781013395185
9781013391958
9781013390302
9781013389559
9781013524790
9781013524677
9781013523274
9781013379789
9781013570360
9781013377143
9781013376917
9781013375767
9781013402722
9781013399152
9781013398469
9781013485213
9781013484919
9781013483196
9781013482823
9781013480850
9781013497803
9781013496493
9781013496264
9781013377501
9781013580673
9781013604973
9781013603211
9781013597312
9781013670381
9781013669231
9781013668203
9781013668050
9781013667596
9781013592027
9781013589980
9781013586545
9781013559822
9781013554193
9781013559549
9781013559266
9781013556425
9781013676925
9781013676680
9781013672415
9781013541346
9781013540783
9781013540721
9781013539015
9781013538780
9781013562648
9781013561573
9781013560194
9781013559723
9781013552816
9781013542152
9781013623110
9781013623103
9781013622939
9781013617690
9781013616976
9781013538223
9781013537493
9781013537462
9781013507014
9781013506376
9781013503399
9781013502330
9781013581359
9781013629235
9781013627170
9781013625428
9781013493157
9781013490125
9781013487354
9781013487330
9781013487163
9781013509810
9781013508165
9781013507540
9781013584190
9781013583445
9781013582301
9781013497926
9780995215245
9780995639409
9780995622067
9780995622050
9780996454124
9780996414654
9780996414630
9780996396479
9780996387408
9780995404120
9780995392540
9780995385863
9780995090699
9781010290278
9780994927859
9780994898388
9780994858986
9780996509756
9780996478199
9780996460958
9780994598868
9780994598837
9780994575586
9780994566508
9780994509543
9780995094680
9780995092198
9780995090910
9780995047051
9780994616883
9780995857896
9780995814004
9780995799127
9780995797284
9780995785427
9780994496850
9780994482785
9780994479105
9780994166814
9780994156136
9780994141064
9780994097965
9780995238015
9780995951501
9780995925403
9780995914605
9780993979972
9780993975509
9780993967603
9780993941009
9780993932397
9780994219282
9780994199744
9780994178008
9780995385238
9780995288546
9780995280434
9780994014412
9780995779433
9780995720404
9780996615525
9780996584906
9780996560900
9780996525084
9780996517706
9780996968478
9780996956710
9780996953719
9780997596526
9780997574098
9780997574081
9780996051545
9780997574050
9780996831154
9780996775717
9780996740944
9780996340854
9780996298810
9780996264891
9780996240956
9780996221870
9780997631210
9780997625523
9780997596588
9780996153751
9780996151665
9780997574074
9780996041348
9780996022729
9780996012034
9780995986091
9780996171557
9780996157001
9780996154826
9780997156911
9780997137828
9780997123203
9780997122459
9780997114348
9780996078801
9780995781207
9780996052689
9780995712782
9780995712768
9780995705258
9780995680548
9780995646025
9780997229691
9780997199246
9780997199215
9780995584945
9780995477032
9780995475090
9780995406773
9780995404953
9780996076906
9780991821112
9780991785001
9780991731725
9780991726592
9780991685509
9780993705601
9780993631832
9780993530012
9780991665433
9780991649259
9780991601578
9780991567904
9780991554706
9780994635099
9780991874668
9780991851287
9780992997380
9780992997373
9780992997366
9780992952228
9780992858179
9780993167836
9780993164286
9780993164279
9780994317612
9780994308719
9780994293107
9780994255907
9780991903207
9780991159260
9780991156313
9780992858131
9780992846176
9780992846084
9780991081165
9780991068708
9780991055470
9780991034239
9780991022700
9780991333639
9780991280544
9780991264339
9780992148980
9780992148966
9780992147433
9780992104634
9780992104627
9780992500702
9780992466091
9780992437114
9780993526558
9780993489426
9780993420191
9780993420153
9780993365102
9780992207601
9780992148997
9780992148973
9780995131491
9780995123175
9780995107243
9780993932359
9780993903106
9780993882845
9780993267536
9780993252020
9780993243158
9780993222719
9780993177002
9780995212503
9780995211230
9780994229052
9780993164262
9780993164217
9780993135897
9780993125942
9780993125935
9780993340048
9780993325663
9780993279201
9780994470805
9780994431523
9780994421562
9780994401984
9780994401977
9780994816917
9780995142558
9780993092657
9780993008696
9780992997397
9780992643263
9780992643201
9780992605506
9780992531850
9780992501792
9780994401953
9780994359322
9780994327659
9780992428785
9780992389819
9780995135826
9780992310400
9780992245085
9780992643683
9780992643294
9780992643270
9780993829048
9780993786488
9780993748202
9780993718328
9780993714634
9780994014115
9780994013620
9780994008701
9780995141605
9780992324070
9780999294413
9780999287040
9780999285626
9780999159842
9780999153789
9780999137109
9780999119884
9780999119877
9781010007234
9781010004486
9781010000945
9780999047248
9780999046111
9780996114301
9780999010105
9780999001660
9780999189771
9780999183731
9780999178560
9780999679067
9780999674352
9780999649725
9780999645192
9780999645154
9780999782293
9780999761601
9780999753385
9781010259244
9780999032688
9780998702322
9780998691084
9780998677798
9780998666365
9780998656663
9780999635742
9780999627143
9780999617601
9780998548838
9780998521060
9780998517940
9780998479859
9780998428314
9780999906828
9780998731896
9780998716442
9780999284278
9780999278468
9780999276617
9780999251737
9780999249482
9780999457924
9780999419618
9780999419601
9781009817967
9781008999664
9781008973381
9781008913196
9780998737843
9781010082613
9781010426141
9781010424147
9781010418405
9781010417828
9781010414582
9781010056003
9781010049302
9781010049289
9780999850121
9780999848975
9780999831878
9780999814307
9781010257653
9781010441786
9781010435242
9781010434023
9780999740453
9780999717929
9780999697849
9780999693780
9780999688663
9780999901335
9780999885840
9780999852712
9781010311928
9781010305705
9781010299370
9780999796788
9781010226994
9781010223832
9781010220510
9780999687727
9780999686867
9780999685549
9780999535745
9780999520956
9780999516409
9780999495940
9780999494240
9781010281832
9781010281054
9781010088776
9780999407431
9780999341216
9780999334515
9780999303931
9780999298220
9780999577356
9780999559130
9780999550342
9781010049265
9781010048787
9781010040200
9781010029120
9781010018261
9781010091233
9781010260417
9780996942881
9780996883320
9780996875400
9780996871730
9780996832076
9780997069709
9780997043525
9780997006605
9780997709506
9780997679366
9780997653922
9780997642223
9780997642209
9780998965048
9780997874334
9780997864236
9780998840802
9780998814407
9780998800455
9780998770079
9780998764047
9780997789119
9780997728125
9780997727791
9780997535044
9780997519433
9780997513103
9780997504279
9780997887099
9780996102315
9780996093422
9780996383202
9780996382533
9780996376815
9780997282184
9780997282122
9780997267402
9780997260984
9780997252309
9780997487299
9780997472431
9780997464627
9780998219011
9780998157603
9780998143682
9780998124995
9780998110820
9780997343809
9780997298772
9780997294323
9780997004984
9780996979115
9780996975476
9780996975414
9780996974639
9780998238692
9780998219707
9780998171449
9780997909685
9780997909654
9780999242087
9780999236703
9780999226902
9780997823073
9780997817591
9780997815566
9780997806236
9780997790214
9780998040561
9780998037578
9780998025605
9780997492514
9780998929330
9780998909844
9780998894911
9780998889764
9780999117323
9780999109854
9780999101674
9780999589908
9780999585207
9780999582312
9780999577875
9780999577394
9780998972626
9780998970271
9780998964713
9780998885537
9780998871806
9780998864402
9780997452006
9780997451283
9780997451238
9780997448665
9780997357004
9780997564389
9780997556346
9780997555226
9780998407616
9780998372747
9780998338118
9780997968804
9780998257457
9780998630304
9780998584379
9780998565248
9780999226421
9780999225172
9780999223932
9780999201770
9780999199947
9780998425757
9780998419602
9780998417813
9780998021508
9780998017709
9780998257495
9781441535450
9781441539106
9781441538963
9781441538932
9781441538864
9781441538840
9781441541093
9781441540720
9781441540638
9781441533067
9781441532992
9781441532961
9781441532947
9781403370730
9781441539397
9781441539359
9781441539335
9781441532428
9781441537911
9781441537898
9781441537874
9781441537614
9781441533203
9781441533197
9781441533135
9781441543936
9781441543912
9781441543875
9781441532817
9781441536679
9781441536600
9781441536280
9781441537591
9781441537515
9781441537454
9781441529664
9781441529411
9781441529381
9781441528858
9781441528711
9781441536990
9781441536938
9781441535580
9781441528070
9781441535269
9781441535191
9781441535115
9781441535047
9781441529800
9781441529787
9781441529725
9781441540362
9781441540249
9781441539977
9781441539847
9781441539632
9781441535641
9781441536846
9781441546975
9781441546814
9781441546746
9781441546388
9781441541758
9781441541741
9781441541697
9781441545961
9781441545930
9781441545862
9781441545855
9781441545770
9781441547170
9781441543769
9781441547101
9781441538628
9781441538604
9781441538505
9781441538406
9781441538314
9781441546319
9781441546098
9781441546074
9781441537928
9781441544353
9781441544254
9781441544247
9781441544193
9781441547132
9781441543714
9781441538215
9781441538093
9781441537980
9781441543363
9781441543202
9781441543134
9781441543103
9781441543011
9781441544179
9781441544087
9781441544056
9781441535900
9781441547002
9781441535825
9781441535788
9781441535658
9781441543653
9781441543646
9781441543486
9781441535313
9781441541413
9781441541376
9781441541307
9781441541192
9781441536150
9781441536075
9781441535924
9781441535863
9781441518972
9781441518873
9781441518859
9781441526359
9781441526267
9781441526182
9781441518149
9781441524591
9781441524461
9781441524393
9781441524287
9781441519542
9781441519481
9781441536747
9781441531476
9781441531186
9781441530905
9781441530837
9781441530707
9781441524812
9781441524751
9781441524744
9781441530059
9781441529985
9781441529916
9781441529855
9781441529848
9781441531926
9781441519412
9781441523754
9781441523501
9781441523426
9781441515728
9781441521521
9781441521415
9781441521378
9781441521323
9781441516459
9781441516442
9781441516435
9781441527219
9781441526946
9781441519016
9781441526748
9781441526526
9781441522009
9781441521767
9781441521750
9781441526175
9781441526038
9781441525864
9781441525826
9781441525819
9781441527615
9781441527417
9781441527349
9781441519139
9781441526854
9781441535023
9781441534699
9781441534651
9781441525109
9781441524997
9781441524935
9781441524850
9781441524836
9781441534132
9781441534026
9781441533968
9781441524706
9781441532275
9781441531803
9781441532077
9781441531957
9781441525291
9781441525161
9781441525130
9781441537409
9781441537362
9781441537348
9781441537287
9781441537034
9781441532718
9781441532541
9781441532473
9781441536822
9781441532176
9781441531483
9781441522528
9781441522436
9781441522399
9781441522306
9781441522252
9781441530615
9781441530394
9781441530257
9781441521569
9781441527950
9781441527929
9781441527813
9781441527752
9781441533234
9781441522757
9781441522740
9781441534583
9781441534521
9781441534439
9781441534309
9781441534255
9781441528605
9781441528582
9781441528148
9781441533845
9781441533722
9781441533692
9781441533340
9781441522818
9781441555625
9781441555618
9781441555526
9781441555328
9781441555212
9781441563071
9781441562982
9781441562883
9781441554659
9781441560483
9781441560353
9781441560339
9781441560131
9781441538826
9781441555779
9781441555656
9781441566683
9781441566614
9781441566591
9781441566430
9781441566317
9781441560629
9781441560568
9781441560544
9781441565945
9781441565778
9781441565655
9781441565471
9781441555861
9781441551382
9781441551306
9781441559173
9781441559142
9781441559128
9781441550880
9781441557704
9781441557650
9781441557339
9781441557308
9781441552051
9781441551689
9781441551559
9781441563323
9781441563187
9781441563156
9781441563149
9781441563125
9781441557889
9781441557872
9781441557834
9781441562869
9781441562791
9781441562654
9781441562609
9781441562463
9781441563507
9781441563354
9781441563316
9781441568410
9781441568328
9781441568281
9781441569257
9781441569172
9781441569165
9781441561947
9781441561602
9781441561329
9781441561053
9781441560711
9781441568762
9781441568687
9781441565150
9781441560520
9781441567079
9781441567024
9781441566997
9781441566942
9781441562425
9781441562111
9781441562098
9781441571533
9781441571496
9781441571373
9781441571182
9781441571168
9781441567734
9781441568595
9781441566911
9781441566751
9781441566706
9781441558268
9781441558121
9781441558053
9781441557971
9781441557919
9781441566300
9781441566133
9781441565976
9781441557827
9781441564016
9781441568434
9781441563699
9781441563576
9781441558640
9781441558619
9781441558473
9781441569004
9781441568922
9781441568861
9781441568793
9781441568786
9781441564559
9781441564474
9781441564313
9781441568472
9781441563767
9781441547347
9781441547262
9781441542922
9781441542915
9781441542618
9781441553041
9781441553027
9781441552969
9781441552877
9781441552792
9781441548078
9781441547729
9781441547620
9781441551399
9781441552563
9781441552495
9781441552341
9781441552211
9781441553966
9781441553133
9781441553119
9781441545428
9781441545084
9781441544988
9781441544926
9781441544889
9781441552754
9781441552730
9781441552648
9781441538741
9781441538680
9781441550132
9781441550064
9781441549969
9781441549921
9781441549884
9781441544827
9781441544759
9781441544711
9781441549365
9781441549136
9781441548993
9781441547460
9781441548658
9781441550545
9781441550293
9781441550163
9781441542243
9781441542038
9781441542014
9781441541925
9781441541826
9781441549693
9781441549679
9781441549464
9781441541512
9781441547491
9781441548924
9781441556424
9781441556134
9781441547606
9781441554550
9781441554277
9781441554161
9781441554154
9781441548610
9781441548528
9781441548443
9781441559715
9781441559586
9781441559432
9781441552662
9781441559197
9781441555144
9781441554772
9781441554727
9781441559012
9781441558855
9781441558848
9781441558824
9781441558770
9781441559890
9781441559869
9781441559753
9781441551528
9781441551504
9781441559210
9781441544469
9781441550842
9781441550828
9781441550712
9781441550552
9781441545763
9781441545718
9781441545701
9781441556851
9781441556837
9781441556820
9781441556738
9781441556721
9781441551160
9781441556448
9781441551023
9781441556110
9781441556059
9781441555984
9781441555915
9781441555892
9781441557230
9781441557124
9781441557001
9781441548269
9781441548191
9781441548146
9781441548122
9781441548108
9781441551030
9781438202969
9781439244814
9781439243879
9781439241776
9781437458893
9781439230442
9781439230145
9781439229347
9781439224502
9781438218465
9781438216713
9781438216348
9781440439018
9781441516176
9781440435423
9781440435287
9781440428067
9781439234396
9781439233375
9781439232781
9781440413582
9781440410543
9781440409639
9781440406270
9781440406072
9781440455018
9781440450242
9781440446658
9781440435454
9781439205549
9781436380232
9781438263625
9781438262673
9781438261959
9781438256320
9781437026719
9781437025132
9781436859851
9781439260036
9781439250150
9781439249970
9781439245453
9781438203508
9781438268095
9781438265759
9781438265148
9781439241653
9781439240403
9781439240175
9781439239810
9781439239742
9781439262627
9781439261057
9781439260739
9781438215310
9781438212463
9781438207285
9781439245200
9781441483003
9781441479617
9781439236468
9781439235034
9781439234846
9781439234624
9781439234457
9781441445278
9781441443878
9781441443090
9781439230770
9781440465093
9781440461491
9781438900513
9781440456251
9781439238165
9781439237632
9781439236659
9781441502902
9781441502834
9781441502773
9781441502735
9781441502674
9781440472701
9781440471100
9781440466885
9781441502285
9781441502056
9781440459979
9781438537306
9781438289076
9781438278292
9781438277394
9781440426636
9781440424922
9781440417252
9781438264363
9781439265222
9781439265215
9781439264959
9781439264454
9781439200292
9781441489845
9781438931869
9781441466976
9781441461872
9781441456014
9781441454423
9781441446749
9781439268230
9781439266885
9781439266618
9781441435057
9781441433350
9781441423160
9781441419699
9781441415141
9781438932620
9781432718909
9781437163780
9781437162202
9781437158809
9781437039627
9781437032451
9781434467034
9781434465092
9781434464019
9781437030488
9781437029901
9781437028805
9781437028324
9781439207826
9781437338706
9781437170153
9781437164510
9781432781866
9781432781491
9781432778828
9781432777128
9781432776800
9781437032246
9781437031867
9781437031232
9781432764616
9781436358194
9781436349888
9781437027501
9781435711402
9781435702158
9781434860583
9781432776022
9781432775827
9781432766290
9781434821263
9781434819031
9781434816306
9781434802217
9781434498182
9781436329781
9781436324182
9781432725044
9781432717773
9781432713171
9781432712891
9781432710156
9781432707422
9781434859945
9781434847089
9781434837271
9781432702687
9781434456724
9781434455444
9781434445704
9781434444899
9781432727086
9781435781054
9781437454055
9781437453058
9781437354218
9781434497994
9781434487384
9781434481535
9781439214640
9781439212448
9781439212257
9781439211618
9781439211373
9781437532005
9781437497373
9781436348669
9781439205433
9781439202456
9781439202180
9781439201497
9781439200476
9781439224243
9781439217276
9781439214954
9781436855198
9781436831772
9781436831017
9781436829427
9781436770934
9781439211151
9781437482096
9781436336178
9781432788346
9781432782818
9781432782801
9781438246246
9781438243030
9781438242255
9781438236797
9781438234809
9781436760652
9781436736770
9781436725682
9781438224985
9781438222745
9781437456967
9781438219196
9781438218472
9781438256214
9781438250991
9781438248578
9781434481528
9781434479303
9781434479259
9781434479242
9781434472700
9781438233406
9781438229768
9781438225517
9781434461056
9781438222721
9781441507174
9781441507075
9781441507051
9781441517593
9781441517562
9781441517432
9781441517326
9781441517296
9781441513106
9781441513083
9781441513045
9781441516732
9781441516718
9781441501714
9781441516541
9781441516480
9781441517784
9781441517678
9781441517661
9781441510556
9781441510242
9781441510198
9781441510181
9781441510167
9781441517289
9781441517197
9781441516886
9781441509963
9781441516664
9781441514554
9781441514455
9781441514417
9781441514394
9781441514349
9781441510129
9781441510068
9781441510013
9781441514066
9781441513885
9781441513816
9781441513687
9781441513625
9781441512833
9781441514950
9781441514868
9781441506917
9781441506504
9781441506481
9781441506405
9781441506283
9781441514318
9781441514165
9781441514103
9781441506191
9781441512970
9781441512932
9781441512871
9781441515131
9781441512987
9781441518095
9781441517999
9781441517968
9781441517838
9781441513601
9781441513526
9781441513489
9781441524096
9781441523938
9781441523921
9781441523860
9781441523822
9781441515698
9781441518521
9781441518194
9781441523334
9781441523310
9781441523198
9781441523082
9781441523044
9781441524263
9781441524256
9781441524133
9781441516404
9781441516343
9781441516329
9781441516268
9781441518781
9781441515643
9781441515544
9781441515490
9781441510945
9781441510860
9781441510761
9781441521194
9781441521064
9781441520937
9781441520852
9781441520739
9781441516138
9781441515889
9781441515742
9781441520647
9781441519856
9781441519795
9781441519771
9781441519597
9781441521286
9781441521279
9781441521200
9781441513434
9781441513373
9781441513328
9781441513212
9781441513151
9781441520685
9781441520661
9781441519931
9781441505156
9781441505125
9781441504968
9781441504661
9781441504654
9781441505880
9781441505613
9781441505583
9781440488238
9781440485992
9781440482250
9781440479991
9781440473104
9781441504425
9781441505224
9781441505200
9781440465475
9781441503619
9781441503572
9781441503527
9781441503237
9781440496578
9781440492778
9781440490088
9781441508539
9781441508423
9781441508386
9781441508324
9781441505262
9781441501677
9781441501523
9781441503206
9781441503121
9781441502988
9781440108648
9781439752128
9781439275290
9781439271919
9781439271278
9781441502551
9781441502445
9781441502407
9781441499745
9781441498113
9781441491954
9781441491824
9781441491091
9781440404979
9781440193972
9781440172359
9781441505569
9781441505545
9781441505507
9781441505477
9781441505446
9781441500052
9781441500021
9781439265734
9781441511652
9781441511553
9781441506276
9781441506252
9781441506214
9781441511249
9781441511225
9781441511188
9781441511164
9781441511096
9781441512802
9781441512611
9781441512406
9781441508300
9781441504289
9781441504180
9781441504128
9781441504012
9781441511454
9781441511416
9781441511300
9781441503671
9781441509901
9781441509758
9781441509734
9781441509628
9781441504630
9781441504609
9781441504388
9781441503992
9781441503886
9781441503725
9781441507334
9781441507310
9781441507266
9781441507242
9781441507181
9781441509529
9781441508935
9781441508911
9781441501141
9781441500281
9781441500199
9781441511706
9781441500076
9781441508188
9781441507976
9781441507624
9781441498311
9781441506122
9781441506115
9781441505934
9781441505897
9781441501486
9781441501455
9781441501288
9781441512116
9781441511782
9781441500120
9781447527268
9781447662105
9781447659457
9781447659150
9781447410478
9781447410317
9781447409953
9781447409755
9781447408888
9781447540366
9781447539834
9781447533221
9781447402435
9781441567598
9781447468066
9781447462026
9781447460305
9781447412526
9781447412205
9781447411376
9781447763345
9781447763321
9781447762201
9781447761723
9781447760146
9781447476504
9781447475644
9781447472216
9781447468578
9781447456551
9781446757345
9781446755754
9781446751930
9781446750698
9781446749340
9781447453116
9781447453093
9781447451631
9781446724927
9781447432425
9781447432326
9781447432111
9781447527275
9781446762950
9781446762004
9781446759301
9781447659136
9781447630791
9781447608172
9781447592914
9781447576495
9781447437116
9781447435549
9781447432616
9781447532675
9781447530329
9781447527626
9781447430698
9781447708001
9781447674894
9781447823056
9781447816249
9781447815877
9781447813019
9781447809128
9781447852551
9781447850755
9781447850434
9781447517344
9781447514343
9781447507680
9781447752486
9781447476658
9781447828488
9781447827801
9781447823704
9781447468738
9781447777922
9781447776871
9781447775508
9781447769514
9781447526575
9781447522508
9781447518280
9781448663637
9781448662517
9781447478829
9781447752332
9781447750703
9781447746546
9781447746362
9781447767121
9781447766025
9781447763802
9781447443810
9781447443278
9781447442127
9781447441878
9781447437277
9781447757702
9781447709039
9781447752493
9781447432579
9781447672869
9781447670230
9781447668602
9781447665748
9781447445050
9781447444978
9781447444152
9781447850021
9781447846390
9781447844150
9781447843382
9781447842705
9781447757023
9781446684931
9781446139899
9781446623398
9781446623367
9781446609057
9781446605639
9781446159231
9781446156964
9781446154960
9781446797501
9781446797419
9781446795545
9781446794715
9781447458784
9781446639061
9781446637050
9781446636527
9781446779996
9781446779576
9781446769621
9781446766774
9781446765999
9781447400998
9781447268468
9781447221050
9781446519035
9781446516300
9781446515372
9781446790977
9781446502518
9781446501290
9781446501061
9781445798417
9781445796376
9781445794723
9781446696866
9781446694473
9781446690338
9781446688953
9781446687628
9781446507711
9781446507377
9781446686393
9781446681862
9781446678985
9781446673843
9781446670316
9781446665497
9781446708750
9781446702635
9781446698181
9781446154281
9781446152928
9781446147054
9781446146415
9781446146231
9781446686577
9781446507162
9781446648032
9781446640524
9781446640043
9781447416067
9781447414773
9781447414735
9781446627563
9781447402206
9781447401933
9781447401179
9781447401162
9781446665343
9781446660805
9781446507919
9781447455288
9781447455202
9781447454229
9781447453550
9781447453468
9781447406976
9781447404026
9781447402626
9781447451334
9781447450467
9781447449966
9781447449690
9781447446637
9781447458968
9781446654903
9781446507780
9781446789940
9781446789230
9781446787427
9781446507148
9781446721445
9781446714126
9781446713365
9781446711446
9781446522462
9781446520789
9781446520345
9781447425342
9781447424482
9781446653012
9781447420637
9781447419730
9781446743744
9781446739884
9781446733981
9781447413608
9781447413554
9781447413103
9781447413097
9781447412960
9781447428596
9781447427728
9781447426752
9781446653258
9781447422808
9781449768225
9781449767952
9781449767754
9781449595197
9781449754372
9781449754266
9781449753634
9781449706470
9781449705206
9781449705060
9781449704384
9781449900113
9781449798147
9781448662173
9781449797409
9781449757915
9781449757649
9781449756086
9781449755720
9781449790240
9781449789954
9781449789497
9781449789343
9781449909321
9781449906818
9781449906337
9781449901448
9781449735487
9781449797775
9781448693139
9781449720117
9781449719517
9781449718947
9781449718886
9781449512828
9781449512385
9781449507145
9781449771942
9781449770587
9781449770112
9781449769178
9781449725839
9781449768683
9781449725105
9781449721428
9781449767198
9781449767044
9781449766474
9781449766252
9781449773564
9781449773328
9781449773076
9781449772697
9781449702502
9781449702014
9781449700836
9781449599966
9781449725235
9788193731925
9788192814131
9788191019148
9781449912284
9781449911669
9781449910235
9781449909543
9781449764982
9781449764463
9781449764296
9781449764081
9780997848274
9781009591126
9781449729592
9789384221768
9781449788988
9781449754808
9781451666656
9781443478700
9781449929855
9781449928605
9781449927950
9781449927455
9781449927387
9781449926526
9781449923747
9781449919399
9781449918682
9781449967413
9781449729493
9781449728373
9781449796457
9781449793746
9781449793500
9781449791636
9781449721053
9781449776022
9781449774998
9781449773694
9781449738761
9781449738549
9781449738068
9781449737573
9789352293315
9789369945177
9789364488525
9789353181017
9788188018734
9788185843605
9788182881655
9788182881099
9789384883454
9789384883447
9789384883430
9781449762377
9781449761950
9781449759278
9781449758851
9780857051264
9781449560379
9781449558604
9781449556716
9781449553586
9781449544232
9781447885689
9781447875178
9781447873440
9781449522049
9781449521127
9781449520564
9781449519247
9781449517694
9781449743796
9781449566494
9781449562779
9781447792024
9781447789666
9781447788942
9781447787259
9781447786870
9781449538507
9781449529765
9781449522674
9781447780892
9781448691524
9781448689415
9781448688548
9781449578657
9781448652822
9781448647897
9781447785736
9781447784241
9781447781615
9781448642335
9781448641871
9781448638468
9781448637546
9781448630196
9781448682256
9781448677207
9781448666652
9781447725299
9781447719335
9781447717768
9781447716532
9781447714774
9781448646821
9781448646791
9781448642977
9781447674887
9781447861522
9781447856894
9781447856511
9781447853114
9781447745563
9781447730453
9781447724735
9781449586072
9781449583477
9781448627172
9781448624232
9781448623327
9781449747954
9781449747770
9781449747541
9781449745509
9781449744762
9781449599423
9781449596170
9781449595890
9781448682607
9781449742034
9781449741389
9781449741181
9781449739799
9781449752316
9781449749118
9781449748159
9781449506957
9781449506483
9781449505868
9781449505790
9781449504243
9781449744496
9781449744045
9781449742126
9781447805526
9781447803652
9781447796213
9781449717131
9781449717117
9781449716516
9781449716080
9781449714956
9781449504113
9781449032517
9781448699254
9781449711887
9781449710514
9781449709204
9781449589943
9781449706562
9781449718770
9781449718282
9781449717339
9781448619894
9781448615377
9781447899174
9781447890560
9781447890065
9781449714338
9781449714000
9781449712129
9781447866206
9781449592509
9781449707378
9781441587985
9781441587787
9781441587480
9781441587435
9781441581310
9781441581174
9781441581037
9781441595300
9781441595058
9781441595041
9781441594860
9781441594716
9781441588449
9781446507032
9781441588173
9781441594310
9781441593993
9781441593986
9781441593948
9781441593887
9781441595454
9781441595416
9781441595379
9781441584588
9781441584434
9781441584304
9781441584014
9781441583918
9781441588227
9781441583208
9781441573148
9781441573070
9781441572929
9781441591128
9781441590626
9781441590565
9781441590541
9781441590497
9781441583789
9781441583758
9781441583734
9781441590282
9781441579768
9781441590015
9781441589996
9781441589866
9781441591593
9781441591586
9781441591371
9781441580955
9781441580900
9781441580887
9781441580764
9781441580740
9781441590466
9781441590374
9781441590312
9781441590176
9781441588951
9781441588753
9781441597816
9781441597717
9781441597601
9781441588135
9781441596062
9781441595973
9781441595904
9781441595577
9781441589507
9781441589453
9781441589385
9781441594556
9781442174726
9781442169197
9781442165205
9781442161573
9781441596482
9781441596178
9781441596154
9781442147126
9781442144491
9781442138919
9781442132573
9781442130777
9781442186644
9781442178571
9781442174979
9781441594341
9781441594327
9781441583727
9781441591890
9781441591876
9781441591821
9781441591715
9781441584731
9781441584625
9781441584601
9781441598295
9781441598264
9781441598233
9781441589040
9781441598110
9781441592163
9781441592149
9781441592071
9781441597595
9781441597526
9781441597472
9781441597328
9781441597137
9781441598400
9781441598370
9781441598318
9781441589187
9781441589088
9781441598127
9781441573919
9781441570024
9781441570017
9781441569905
9781441573490
9781441573407
9781441573353
9781441573193
9781441573162
9781441578334
9781441578310
9781441575432
9781441568014
9781441583222
9781441567970
9781441567918
9781441567789
9781441573728
9781441573643
9781441573629
9781441567178
9781441572127
9781441572059
9781441571915
9781441571847
9781441568144
9781441568090
9781441568076
9781441567994
9781441567338
9781441570871
9781441570796
9781441570499
9781441570475
9781441570468
9781441571793
9781441571762
9781441571748
9781441564771
9781441564665
9781441564641
9781441564627
9781441574114
9781441571120
9781441571076
9781441571069
9781441564153
9781441569646
9781441569417
9781441569394
9781441569301
9781441564917
9781441564900
9781441564818
9781441574756
9781441574312
9781441574244
9781441564573
9781441570345
9781441586544
9781441586032
9781441585912
9781441585769
9781441585721
9781441580733
9781441580610
9781441580252
9781441585332
9781441585301
9781441585226
9781441585059
9781441582706
9781441587213
9781441587183
9781441587015
9781441572585
9781441572561
9781441572554
9781441572455
9781441572431
9781441585646
9781441585615
9781441585493
9781441572202
9781441583390
9781441583376
9781441584748
9781441582614
9781441582591
9781441582430
9781441582317
9781441572325
9781441572264
9781441572219
9781441581914
9781441581846
9781441581808
9781441581730
9781441581334
9781441583048
9781441582867
9781441570390
9781441570307
9781441570291
9781441570185
9781441570123
9781441570086
9781441582195
9781441582164
9781441581945
9781441569745
9781441579744
9781441579034
9781441579027
9781441578716
9781441570420
9781441582744
9781446122266
9781446121894
9781446118726
9781445525204
9781445525198
9781445523989
9781446073674
9781446062630
9781446055229
9781446033036
9781445799506
9781446129180
9781446127513
9781442175679
9781445510026
9781445509938
9781445509617
9781445509433
9781445509402
9781446109595
9781446104002
9781446077405
9781445293622
9781445762968
9781445761893
9781445757957
9781445757377
9781445510316
9781446127162
9781445508351
9781445507804
9781445506296
9781445718095
9781445713717
9781445713007
9781445712512
9781445712130
9781445757124
9781445756943
9781445755168
9781445233376
9781445231983
9781446122822
9781445229003
9781445222134
9781445729985
9781445724744
9781445723198
9781445205151
9781445521268
9781445521152
9781445520629
9781445520575
9781445234908
9781445234342
9781445233628
9781446124017
9781445231730
9781445706528
9781445703633
9781445700687
9781446525777
9781446525753
9781446525302
9781446524633
9781446524619
9781446145630
9781446144534
9781446141007
9781446523605
9781446523209
9781445510231
9781446522998
9781446522974
9781446542385
9781446526217
9781446525944
9781445786988
9781445785196
9781445777863
9781445777627
9781445774114
9781446524510
9781446523926
9781446523643
9781445768083
9781446523018
9781445510163
9781446500859
9781446500682
9781446317501
9781446316122
9781446312353
9781445773650
9781445771960
9781445771830
9781446183083
9781446177327
9781446176481
9781446167977
9781446162781
9781446129326
9781446500965
9781446500927
9781445562513
9781445526843
9781445526799
9781445526072
9781445525389
9781446309612
9781446308769
9781446191453
9781445523781
9781446138762
9781446131466
9781446130018
9781446501054
9781444699180
9781444699128
9781444686906
9781441596918
9781441596857
9781441596710
9781441596642
9781441596512
9781444650709
9781444650624
9781444642766
9781441596109
9781443704687
9781445731476
9781442193390
9781442193017
9781441597120
9781441596956
9781441596932
9781445273105
9781445272375
9781445270371
9781445265674
9781445265322
9781443759304
9781443754422
9781443719445
9781445257907
9781442197923
9781441593085
9781441592583
9781441592569
9781441592361
9781441592187
9781442161450
9781442157668
9781442154087
9781441591968
9781441599100
9781441598967
9781441598684
9781441598653
9781444607512
9781441593542
9781441593535
9781444662825
9781444662368
9781444653847
9781444650877
9781444650808
9781441599476
9781441599230
9781441599223
9781444640007
9781444637236
9781444619669
9781444617986
9781441593825
9781445511917
9781445511436
9781445511320
9781445511177
9781445510576
9781445520513
9781445520469
9781445520285
9781443775427
9781443769594
9781443762359
9781443762205
9781443759434
9781445252766
9781445512228
9781445512198
9781443714983
9781445292533
9781445291918
9781445289199
9781445287744
9781444607482
9781443789066
9781443786928
9781445751276
9781445751269
9781445737454
9781445733067
9781445512792
9781445249810
9781445242910
9781445241470
9781445285399
9781445281209
9781445273891
9781442105324
9781441599872
9781441599643
9781441599537
9781441599506
9781445259307
9781445258058
9781445258034
9781445215716
9781445204956
9781445201528
9781444699371
9781444699203
9781442128330
9781442127784
9781442115811
9781445520216
9781445519876
9781445519517
9781445519005
9781445518480
9781445222028
9781445219141
9781441599131
9781418418519
9781418418212
9781417978816
9781417977598
9781418437701
9781418437442
9781418437343
9781418437305
9781418436773
9781418436391
9781418420826
9781418420376
9781418434977
9781435729384
9781418434120
9781418434083
9781418433963
9781418433956
9781418438074
9781418437787
9781418408084
9781418407858
9781418407209
9781418406233
9781418406103
9781418405823
9781418435882
9781418435448
9781418434946
9781414043128
9781418427122
9781418427078
9781418426941
9781418426767
9781418426385
9781418425838
9781418405113
9781418404130
9781418425302
9781418425029
9781418424633
9781418424435
9781418418595
9781418423544
9781418427979
9781418427474
9781417977239
9781417969029
9781417966059
9781417962433
9781417959686
9781417954766
9781418425487
9781418425425
9781417932887
9781418420024
9781418419257
9781418424374
9781418449391
9781418448851
9781418420048
9781418441876
9781418441548
9781418440114
9781418439088
9781418438890
9781418422974
9781418422820
9781418475468
9781418475376
9781418474591
9781418403980
9781418473792
9781418473730
9781418443382
9781418443207
9781418472146
9781418470739
9781418470340
9781418469276
9781418469269
9781418467753
9781418477202
9781418475666
9781418433017
9781418432287
9781418473815
9781418429416
9781418429195
9781418428969
9781418428549
9781418428457
9781418408473
9781418408138
9781418450670
9781418450526
9781418450458
9781418449858
9781418449575
9781418449568
9781418420888
9781418429805
9781418448400
9781418447694
9781418446598
9781418446543
9781418446420
9781418446284
9781418451905
9781418450748
9781418422646
9781418422592
9781418421946
9781418421489
9781418421182
9781418430481
9781413499421
9781414049847
9781414049519
9781414049373
9781414049076
9781414048239
9781414044460
9781414069296
9781414067933
9781413468298
9781413467574
9781413467338
9781413465525
9781414043685
9781413463781
9781414057446
9781414053653
9781413454239
9781414026312
9781414024516
9781414022796
9781414022543
9781414022529
9781413471601
9781413468496
9781418251376
9781417998654
9781417997831
9781413464047
9781414011929
9781414011530
9781414011455
9781414011400
9781414021584
9781414021515
9781413410020
9781413409253
9781413406429
9781413403046
9781412202091
9781412201933
9781414014562
9781413499551
9781412201865
9781413498004
9781413497731
9781413497663
9781413494792
9781413493054
9781413411690
9781413411584
9781414065427
9781414063997
9781414062945
9781414061528
9781414060897
9781414057460
9781414013688
9781418416225
9781418414788
9781418413859
9781418413699
9781417950522
9781417933884
9781418412074
9781418411190
9781418410766
9781418409081
9781418408800
9781418408640
9781418418137
9781417997688
9781414041896
9781414041278
9781414040226
9781414039305
9781414038278
9781414036694
9781418413026
9781418412975
9781414026688
9781418403805
9781418403652
9781418402594
9781418402396
9781418401702
9781418417178
9781417997602
9781417996810
9781414035925
9781414035345
9781417990870
9781417989799
9781417987696
9781417987139
9781417986248
9781417980116
9781418401153
9781418400811
9781414009711
9781414006314
9781418416492
9781414005393
9781414005218
9781414002880
9781417996070
9781417993321
9781413499230
9781417932511
9781417929092
9781417915675
9781416578291
9781414073675
9781414010663
9781414009803
9781418416744
9781414005546
9781420804812
9781419613654
9781419612978
9781420804164
9781420803235
9781420802641
9781420802115
9781420802078
9781420801941
9781420808957
9781420808209
9781419135361
9781419132513
9781418431952
9781419126369
9781419121678
9781419120411
9781420804799
9781420804645
9781419111006
9781419689024
9781419688591
9781419684432
9781419678509
9781419670435
9781419137501
9781419136344
9781420829785
9781419129841
9781419637247
9781419635380
9781419633881
9781419633379
9781419631825
9781419629280
9781419666599
9781419661013
9781418492007
9781418491840
9781418491413
9781418490621
9781418489366
9781420805628
9781419641107
9781419639418
9781418487416
9781419610066
9781419510144
9781419192548
9781419191039
9781419187810
9781418492397
9781418492038
9781420807424
9781420807189
9781420806724
9781420806595
9781418488741
9781419623721
9781420842012
9781420841794
9781420841534
9781420841480
9781420840537
9781420839623
9781420814002
9781420813791
9781420838398
9781420838275
9781420837346
9781420837285
9781420828559
9781420836080
9781420843323
9781420842692
9781420800081
9781420532777
9781419740671
9781419696114
9781419694325
9781419692758
9781420838619
9781420838459
9781419690198
9781420831764
9781420831504
9781420836189
9781420828115
9781420828016
9781420827903
9781420827491
9781419692321
9781419692024
9781420825886
9781420823578
9781420822625
9781420822489
9781420822465
9781420822403
9781420830675
9781419625657
9781419623578
9781419621369
9781419619502
9781419617386
9781419616105
9781419615740
9781420826760
9781420826746
9781419611544
9781420812534
9781420811711
9781420811421
9781420811353
9781420810370
9781420830057
9781418444686
9781418444570
9781418444372
9781418444143
9781418443818
9781418443436
9781418484033
9781418483562
9781418442828
9781418478025
9781418477684
9781418477646
9781418477424
9781419117596
9781418445089
9781418444693
9781418499198
9781418498757
9781418497774
9781418497521
9781418497361
9781418496890
9781418478919
9781418478551
9781418496043
9781418495053
9781418494278
9781418494254
9781418477271
9781418431709
9781418430658
9781418430597
9781418473334
9781418473327
9781418429478
9781418453046
9781418452889
9781418452315
9781418452292
9781418451912
9781418433512
9781418433130
9781418485399
9781418485139
9781418484767
9781418484651
9781418484200
9781418484071
9781418457037
9781418455170
9781418483180
9781418482886
9781418482299
9781418481889
9781418481872
9781418481858
9781418485542
9781418485221
9781419146374
9781419141744
9781419141096
9781419187391
9781419184918
9781418480615
9781418480448
9781418479916
9781418479176
9781418479060
9781418478940
9781419163616
9781419162640
9781418493936
9781419110955
9781419105180
9781419104701
9781419104671
9781419104589
9781418481520
9781418481230
9781419660207
9781419659850
9781419655050
9781419652370
9781419649288
9781419642159
9781419117640
9781418478131
9781418493912
9781419102721
9781418499204
9781418465407
9781418465094
9781418464868
9781418464486
9781418461706
9781418459086
9781418496715
9781418496258
9781418454395
9781418487058
9781418486747
9781419146862
9781418486013
9781418485788
9781418467456
9781418467340
9781419184284
9781419184277
9781419183171
9781419181818
9781419180187
9781419163944
9781418488284
9781418487553
9781419155932
9781419155239
9781418486389
9781410727572
9781410725639
9781410724946
9781410724786
9781410724670
9781410734914
9781410734372
9781409293033
9781409291336
9781409291169
9781409291008
9781409289968
9781409288435
9781414012193
9781410728524
9781409283201
9781410719133
9781410719072
9781410718242
9781410718044
9781410717979
9781409297611
9781409296362
9781410750952
9781410750938
9781410750853
9781410749192
9781410747969
9781410728579
9781410707741
9781410705969
9781410717405
9781410716835
9781409231110
9781409228899
9781409227403
9781409225010
9781409223931
9781409223054
9781410712516
9781410712035
9781409217565
9781410728128
9781410201423
9781409791997
9781409785590
9781409783459
9781409231455
9781409231158
9781410734129
9781410732118
9781410730923
9781410730190
9781410729859
9781410728876
9781410218315
9781410209566
9781410203267
9781410767998
9781410765963
9781410765789
9781410741608
9781410741516
9781410764799
9781410764485
9781410764355
9781410764232
9781410763051
9781410763013
9781410770660
9781410770363
9781410747945
9781410722539
9781410722140
9781410721488
9781410721372
9781410721044
9781410765413
9781410765239
9781410720863
9781410756237
9781410754882
9781410754783
9781410753441
9781410751843
9781410724137
9781410723321
9781410721020
9781410720924
9781410747440
9781410746405
9781410746153
9781410745828
9781410745729
9781410745552
9781410751331
9781410751294
9781410705051
9781410704061
9781410703712
9781410768872
9781410701879
9781410701824
9781410747631
9781410747587
9781410203557
9781410741226
9781410740649
9781410739100
9781410738448
9781410738011
9781410705846
9781410705556
9781410770226
9781410769831
9781410701954
9781403384188
9781403384096
9781409204879
9781409204619
9781403381606
9781408698266
9781408694299
9781408693872
9781408684313
9781408677421
9781403387677
9781403386748
9781409257974
9781410708397
9781409253679
9781409253495
9781409251514
9781409251415
9781409197393
9781408748886
9781409246831
9781409246480
9781409245605
9781409245285
9781409236337
9781409233558
9781409264286
9781409261964
9781409254393
9781407619880
9781403368478
9781406723151
9781406717990
9781403397928
9781403397867
9781403397805
9781449915070
9781403370495
9781409205869
9781409205654
9781409205548
9781409205463
9781403384270
9781409205418
9781406762501
9781406761238
9781409204602
9781409204572
9781409204251
9781409204091
9781409203179
9781409202950
9781409209188
9781409207528
9781403385789
9781403385383
9781403385277
9781409205456
9781409781042
9781409201540
9781409201373
9781409201342
9781409200895
9781409200727
9781409200239
9781409717539
9781409715887
9781408717547
9781409282419
9781409274810
9781409271376
9781406797589
9781409265061
9781409202899
9781409201977
9781410716569
9781410716071
9781410714497
9781410714374
9781410713421
9781410713346
9781409286981
9781409285458
9781410712011
9781410709127
9781410708885
9781409270898
9781406797053
9781406796582
9781406774498
9781406770391
9781406769425
9781409249177
9781409248125
9781406759525
9781409214908
9781409214847
9781409213420
9781409210405
9781409210207
9781406799675
9781409781820
9781409767435
9781409765431
9781409763390
9781409727262
9781409726913
9781409717751
9781409222903
9781409219828
9781409711513
9781409707936
9781409299578
9781409299189
9781409299158
9781409298410
9781406798906
9781411635142
9781411633858
9781411629349
9781411628656
9781411699625
9781411699526
9781411626782
9781411682849
9781411682542
9781411680661
9781411680265
9781411679214
9781411638099
9781410724052
9781413443288
9781413441307
9781413441222
9781413438499
9781413438420
9781413436198
9781411685567
9781411685376
9781413427646
9781413425352
9781413424164
9781413420197
9781413418446
9781413416817
9781411636668
9781411604513
9781411674844
9781411674622
9781410798442
9781411660229
9781411660090
9781411658585
9781411657762
9781411656994
9781411608429
9781411607767
9781412200530
9781412200394
9781411635807
9781412200103
9781412200059
9781412200004
9781411661172
9781411660526
9781411699434
9781411697539
9781411697423
9781411697300
9781411694866
9781411694040
9781412200776
9781412200592
9781411636071
9781412200240
9781413472165
9781413492682
9781413491845
9781411692534
9781411691605
9781411689534
9781411688667
9781411688018
9781411685963
9781413480641
9781413479430
9781411685178
9781413451146
9781413443776
9781413448511
9781413446135
9781413445442
9781411693548
9781411693081
9781414021317
9781414019420
9781414018195
9781414017815
9781414016757
9781414016405
9781413455854
9781413454673
9781414012599
9781413450958
9781413443462
9781411665477
9781411665354
9781411664890
9781411663190
9781411662414
9781411661271
9781413434941
9781413431124
9781411660489
9781412201575
9781412201322
9781412201063
9781412201049
9781413472608
9781411666726
9781411666603
9781413489972
9781413488630
9781413488111
9781413487671
9781413484076
9781413483536
9781412201896
9781412201872
9781413477306
9781413476323
9781413474602
9781413474589
9781412200899
9781410770806
9781410744692
9781410744685
9781411622203
9781411621732
9781411621008
9781411619395
9781411618121
9781411617995
9781410773388
9781410772909
9781411615106
9781411613690
9781411605022
9781411612655
9781411609853
9781411609839
9781411622791
9781411622500
9781410761415
9781410761279
9781410759023
9781410758682
9781410758156
9781410758132
9781411617827
9781411616561
9781410757067
9781411613430
9781410793768
9781410793355
9781410792884
9781410790507
9781410789754
9781410788184
9781410757951
9781410757388
9781410785213
9781410784889
9781410784377
9781410784285
9781410782779
9781410771353
9781410795120
9781410793911
9781410743961
9781410743879
9781410743114
9781410742384
9781410742261
9781410742216
9781410786159
9781410785909
9781410741318
9781410771773
9781410771711
9781410771438
9781410781765
9781410772688
9781411626096
9781411626034
9781411625198
9781411623552
9781411622838
9781410780591
9781410779847
9781411677951
9781411677883
9781411676923
9781411676459
9781411676244
9781410796875
9781411628557
9781411627307
9781411673243
9781411670501
9781411670082
9781411667884
9781411667792
9781411667112
9781411678750
9781411678743
9781411606753
9781411606609
9781411606456
9781411606388
9781411674967
9781410796561
9781410796080
9781410795595
9781410795328
9781410762764
9781410761521
9781411654280
9781411653290
9781411652675
9781411651043
9781411650770
9781411643659
9781411604162
9781410799487
9781411643567
9781411641563
9781411640146
9781411639676
9781411639591
9781411639423
9781411656086
9781411656062
9781410779663
9781410778246
9781410777447
9781410776198
9781410774231
9781410773449
9781411643574
9781411641631
9781428662209
9781428662117
9781428661745
9781428660779
9781428660762
9781426970207
9781426970078
9781428659193
9781428658974
9781428656642
9781428655102
9781428636057
9781428621190
9781420831443
9781430300687
9781426959585
9781426959479
9781426959158
9781426958311
9781426958236
9781426957499
9781428660694
9781428659704
9781426956782
9781426991318
9781426988769
9781426988615
9781426988271
9781430301325
9781426975035
9781426974922
9781426957406
9781426956881
9781426974410
9781426974380
9781426974205
9781426973826
9781426973154
9781426972904
9781426982170
9781426979439
9781426945151
9781430300113
9781426944215
9781426943546
9781426943362
9781426942815
9781426974908
9781426974885
9781426941740
9781426969393
9781426969034
9781426968846
9781426968730
9781426967597
9781426946592
9781426945991
9781426944581
9781430302773
9781430301530
9781430301370
9781426972645
9781426971778
9781430317517
9781430316497
9781430316008
9781430315681
9781430315490
9781430315292
9781430303510
9781430303442
9781426982576
9781430315049
9781430314790
9781430314752
9781430314660
9781430314325
9781430317913
9781430317586
9781427602923
9781426997440
9781426996610
9781426995422
9781426994838
9781426994593
9781430315285
9781430315162
9781426959844
9781426959820
9781430309840
9781430309529
9781430309307
9781430309260
9781430309031
9781430308966
9781426993466
9781426993435
9781430308317
9781430308126
9781430307884
9781430303053
9781430307105
9781430307013
9781430310525
9781430310136
9781426971655
9781426971273
9781426971211
9781426970917
9781426970405
9781426970313
9781430308515
9781430308324
9781426969928
9781430303336
9781430307464
9781426933783
9781426933745
9781426938948
9781426938672
9781426917776
9781426917684
9781426917622
9781426917288
9781426917165
9781426916588
9781426936210
9781426935602
9781426915994
9781426975394
9781426927942
9781426927683
9781426927232
9781426927157
9781426918667
9781426918049
9781426953859
9781426953484
9781426953354
9781426952456
9781426952098
9781426951800
9781426929434
9781426929397
9781426928376
9781426926730
9781426901249
9781426901218
9781426901010
9781426900570
9781426900532
9781426900174
9781426925139
9781426925016
9781425933067
9781426922367
9781426922275
9781426922244
9781426933806
9781426921919
9781426902666
9781426901935
9781426938535
9781426937484
9781426937064
9781426936579
9781426936319
9781426936272
9781426922572
9781426922534
9781426935299
9781426934971
9781426934575
9781426922190
9781426942150
9781426960888
9781426960789
9781426960765
9781426960222
9781426960062
9781426960017
9781426967566
9781426966965
9781426933066
9781426931635
9781426931604
9781426931154
9781426949913
9781426930218
9781426962561
9781426961205
9781426929212
9781426956522
9781426955808
9781426955723
9781426954788
9781426954238
9781426933493
9781426933387
9781426978807
9781426975967
9781426975639
9781426931048
9781426949531
9781426948862
9781426948060
9781426947674
9781426947520
9781426954214
9781426954061
9781426923043
9781426923029
9781426922947
9781426922749
9781426922664
9781426922589
9781426951480
9781426942624
9781426922435
9781426941023
9781426939440
9781426939365
9781426939228
9781426938962
9781426923906
9781426923289
9781426966842
9781426966149
9781426965876
9781426965517
9781426963810
9781426963643
9781426951312
9781432627171
9781432598907
9781432597580
9781432596996
9781432634896
9781432633172
9781432506452
9781432506216
9781432504410
9781432503833
9781432503093
9781431431625
9781432627874
9781430315230
9781430488361
9781432591342
9781432590697
9781432590536
9781432590246
9781432589653
9781432514587
9781432511197
9781432755881
9781432754754
9781432752118
9781432750657
9781432750039
9781432746353
9781432627805
9781432582074
9781432588977
9781432588946
9781430327035
9781430326823
9781430326755
9781430326298
9781430325697
9781430325307
9781432585907
9781432585815
9781430324812
9781432571221
9781432627300
9781432570958
9781432570842
9781432567958
9781430327158
9781430327080
9781432630638
9781432629854
9781432629588
9781432629496
9781432628819
9781432627959
9781432572853
9781432572556
9781432627768
9781432571191
9781434406705
9781432707309
9781432705237
9781434116109
9781432799366
9781432790998
9781432789480
9781432789367
9781432788728
9781434444066
9781434425393
9781432596354
9781432595470
9781432593261
9781432595425
9781432595395
9781432594916
9781434405203
9781434310361
9781432593018
9781432763749
9781432762988
9781432762681
9781432761806
9781432760731
9781432596477
9781432596453
9781435753099
9781432595449
9781432593186
9781432735722
9781432735197
9781432734237
9781432733995
9781432732691
9781432728397
9781432758448
9781432756888
9781432580414
9781432578886
9781432576790
9781432576554
9781432574901
9781434407177
9781432741518
9781432740122
9781432571825
9781432700263
9781432685980
9781432673055
9781432660239
9781432639044
9781432580919
9781432580438
9781434424013
9781434415455
9781434414595
9781434407535
9781432573225
9781430303800
9781430323082
9781430322979
9781430303350
9781430319092
9781430319085
9781430318774
9781430318699
9781430318330
9781430306832
9781430306610
9781430444190
9781430329503
9781432582470
9781430329114
9781430329107
9781430328957
9781430320180
9781430319689
9781430328452
9781430328377
9781430328186
9781430327431
9781430327394
9781430327240
9781430458906
9781430447498
9781430313212
9781430329251
9781426993060
9781430311355
9781430311218
9781430310761
9781430310709
9781430310549
9781428618503
9781428617933
9781430324058
9781430323914
9781430323877
9781430323624
9781430323334
9781430303848
9781430311720
9781430311621
9781430322931
9781430322795
9781430322306
9781430321910
9781430321439
9781430321385
9781430324256
9781430324126
9781430305873
9781430304715
9781430304142
9781430303862
9781430323150
9781430320951
9781430320852
9781430320845
9781430320562
9781430320548
9781430320319
9781432554453
9781432548438
9781430319139
9781430484127
9781430482963
9781430481492
9781430480020
9781430313083
9781430321347
9781430321019
9781432588922
9781432588076
9781432587635
9781432587437
9781432586096
9781432586034
9781430499329
9781430489283
9781432585570
9781432585150
9781432584566
9781432583941
9781430461708
9781430313045
9781430312185
9781430312109
9781430311836
9781430328803
9781430328759
9781430311447
9781430324621
9781430324553
9781430324515
9781430324294
9781430324270
9781430313717
9781430313700
9781432560553
9781432559533
9781432558574
9781432557232
9781432557089
9781432554880
9781430325079
9781430324843
9781432535773
9781432531904
9781432529437
9781432527112
9781432517984
9781432514778
9781432563578
9781432560515
9781420893731
9781420893649
9781420871005
9781420870589
9781420870237
9781420870046
9781420869903
9781420869675
9781420890952
9781420890563
9781420867886
9781420886702
9781420886443
9781426927133
9781420885415
9781420885262
9781420871319
9781420871180
9781425191818
9781425188559
9781424571925
9781423495888
9781423471301
9781423434207
9781420887327
9781420887136
9781421891224
9781421890975
9781420885804
9781420858211
9781420858105
9781420857962
9781420857740
9781420857542
9781420883008
9781420882766
9781420856606
9781420876956
9781420876659
9781420876529
9781420875881
9781420875867
9781420889000
9781420858587
9781420893359
9781420892796
9781420892420
9781420892376
9781420892284
9781420891942
9781420877625
9781420877458
9781420890501
9781420890440
9781420889949
9781420889468
9781420889451
9781420858945
9781425320188
9781425319106
9781425319083
9781425319021
9781425318475
9781425317676
9781425325367
9781425325350
9781420888379
9781420888300
9781420888225
9781420888065
9781420887877
9781421454504
9781425321062
9781425320546
9781420887020
9781425305505
9781425304348
9781425303907
9781425303754
9781425301545
9781420888973
9781420888829
9781425330477
9781425330460
9781425329433
9781425329358
9781420887464
9781420899719
9781420897821
9781420897418
9781425300289
9781425192334
9781420879254
9781420879070
9781420878639
9781420878400
9781420877847
9781420877779
9781423401933
9781421894652
9781420894745
9781420894424
9781420894288
9781420894219
9781420894080
9781420893939
9781420879674
9781420879599
9781425325343
9781425323271
9781425323165
9781425323127
9781425321963
9781425321352
9781420894899
9781420877069
9781420844238
9781420843996
9781420843873
9781420843712
9781420843576
9781420821536
9781420821307
9781420864793
9781420863642
9781420863611
9781420863468
9781420863116
9781420862997
9781420858310
9781420844672
9781420861242
9781420860580
9781420860108
9781420859997
9781420859881
9781420859553
9781420865097
9781420865080
9781420835830
9781420835069
9781420835045
9781420835007
9781420834413
9781420844931
9781420830859
9781420830699
9781420801187
9781420800654
9781420853032
9781420852967
9781420852899
9781420852714
9781420852646
9781420852417
9781420833614
9781420832280
9781420851083
9781420813609
9781420850956
9781420850673
9781420849417
9781420848670
9781420855036
9781420854015
9781420820119
9781420818178
9781420817447
9781420815962
9781420815474
9781420814194
9781420852240
9781420851939
9781420851014
9781420845907
9781420844979
9781420873177
9781420872910
9781420844566
9781420867121
9781420867060
9781420865950
9781420865707
9781420865523
9781420848106
9781420847253
9781420884715
9781420834192
9781420883916
9781420883367
9781420883138
9781420883046
9781420868869
9781420868586
9781420882476
9781420881752
9781420881578
9781420881523
9781420881080
9781420880755
9781420885231
9781420885033
9781420884265
9781420861396
9781420861266
9781420831948
9781420856279
9781420855906
9781420855494
9781420855135
9781420855098
9781420836004
9781420835847
9781420874075
9781420873917
9781420873788
9781420873535
9781420846416
9781420873405
9781420857108
9781420856651
9781420872828
9781420872736
9781420872170
9781420871555
9781420871494
9781420871463
9781420874440
9781420874105
9781420847079
9781420846683
9781420846461
9781420873528
9781425478421
9781425344412
9781425469238
9781425468859
9781425465919
9781425465889
9781425465513
9781425348625
9781425348281
9781426911576
9781426911569
9781426911446
9781426911231
9781425328986
9781426907814
9781425470555
9781425470500
9781426905063
9781426904608
9781426904257
9781426904110
9781426903120
9781426902956
9781426912313
9781426911996
9781425387143
9781425373122
9781425373115
9781426909795
9781425360184
9781425359935
9781425357818
9781425357610
9781425340230
9781425339715
9781425486044
9781425484750
9781425482602
9781425479015
9781425478834
9781425478803
9781425363659
9781425478797
9781425478063
9781425477950
9781425477851
9781425477806
9781425476410
9781425475543
9781425490300
9781425488147
9781425348168
9781425348014
9781425346232
9781425345662
9781425345372
9781425345303
9781425363000
9781425471484
9781425471392
9781425471354
9781425471064
9781426920103
9781426920066
9781425469443
9781426915963
9781426914003
9781426913747
9781426912924
9781426912443
9781425474577
9781425373108
9781426926556
9781426925955
9781426925924
9781426925627
9781426925450
9781426925368
9781426916434
9781426916250
9781426924958
9781426924897
9781426924866
9781426924842
9781426924262
9781426923937
9781425473570
9781425368647
9781425365332
9781426906817
9781426906312
9781425362010
9781425787523
9781425751319
9781425714673
9781425704216
9781425493677
9781425455361
9781425426927
9781426921162
9781426921124
9781425472726
9781426920905
9781426920462
9781426920127
9781425998691
9781425990602
9781426919916
9781426919466
9781426919077
9781426918940
9781426918841
9781426918827
9781426921773
9781426921476
9781425472788
9781426920929
9781425343033
9781425343026
9781425343019
9781425342845
9781425327804
9781425327552
9781425342050
9781425341725
9781425341602
9781425341367
9781425341114
9781425340278
9781425343637
9781425360610
9781425314163
9781425310318
9781425309633
9781425309343
9781425309329
9781425309206
9781425342524
9781425342425
9781425306137
9781425333355
9781425332808
9781425332471
9781425332433
9781425332129
9781425343606
9781425328948
9781425308599
9781425308216
9781425328849
9781425328832
9781425328818
9781425328771
9781425328559
9781425328542
9781425332099
9781425330750
9781420896565
9781420896510
9781425343231
9781420896336
9781420895704
9781420895698
9781425328931
9781425328856
9781420894486
9781425327002
9781425326906
9781425326876
9781425326562
9781425326548
9781420897371
9781420897166
9781425343576
9781420896428
9781425343651
9781425328481
9781425328467
9781425463502
9781425462383
9781425461874
9781425461577
9781425461003
9781425460938
9781425344573
9781425344542
9781425458881
9781425458218
9781425314187
9781425457532
9781425457129
9781425455781
9781425465346
9781425463670
9781425338756
9781425337858
9781425337650
9781425337445
9781425337339
9781425336813
9781425460600
9781425459994
9781425334789
9781425457952
9781425314170
9781425356750
9781425355517
9781425355494
9781425355135
9781425353445
9781425353421
9781425335571
9781425335557
9781425351229
9781425351212
9781425350277
9781425350260
9781425348908
9781425343675
9781425357542
9781425356767
9781425328436
9781425328405
9781425328252
9781425327903
9781425327873
9781425327866
9781425351823
9781425351694
9781425327521
9781425344184
9781425344122
9781425344115
9781425348892
9788123760124
9788123705910
9788123795881
9788123794198
9788123777276
9788123747170
9788123730011
9788123769899
9788123768885
9788123745398
9788123725727
9788123713205
9788123739250
9788172700690
9788172701581
9788123735207
9789353181048
9788192814193
9788185301921
9789353181215
9788185301624
9788179506943
9789364481649
9789381325919
9789383751587
9788179506165
9788179506158
9788123770550
9789384883867
9789384883102
9789383751594
9788172292515
9788172292775
9788172293871
9788179506141
9788179506189
9788179506134
9788179504642
9788175054981
9788175051843
9788175050297
9788123725024
9788123751993
9788123717814
9788123716671
9788172290603
9788123742694
9788123738635
9788172290382
9788123766676
9788170148494
9788123770925
9788185843421
9788172295431
9788172294427
9781449567385
9781447842576
9781447749103
9781449752484
9788100000229
9788100001431
9781447509585
9781447540625
9781447670384
9781445237251
9781445297606
9781447751359
9781430428442
9781430319887
9781430319573
9789353180591
9788187332374
9788187332343
9788186921715
9781445289601
9781434818980
9781434464682
9781434453921
9781434453914
9781434453907
9781434453723
9781434453693
9781444961560
9781438213743
9781447733782
9788175054141
9788175050266
9788174143365
9788172293390
9788171209682
9788171202201
9788171200252
9781434453686
9780983275756
9780872291447
9781423425533
9781423415343
9781412006767
9781411630789
9781411620636
9781409527282
9788123725437
9780984193318
9780957072237
9780985374846
9780956410078
9780872813076
9781405991605
9781416022237
9781420286342
9781420286366
9780857306197
9780874881509
9780908598557
9781445213170
9781005533137
9781005721640
9781009498272
9781009633536
9781009650694
9781009671439
9781405967761
9781405971270
9781420286380
9781429206426
9780989369565
9780995533561
9780961906733
9781445751252
9781446106518
9781446129418
9781446136836
9781446316351
9789364485739
9789364487030
9789381325636
9789384883188
9789384883393
9789353180805
9788178230948
9780979874734
9788178235042
9788178235134
9781009383035
9781420286373
9780980224795
9781009665759
9780956984036
9780957072282
9788178236162
9788178236216
9788182882904
9788185843704
9780977861644
9788178234106
9781005481780
9781005343378
9781444778892
9780966263534
9780907780168
9780864493224
9781009980159
9780956992000
9781444949148
9780853182498
9780853132837
9780851015378
9780857425867
9780857422293
9780857420985
9780857367440
9780857302564
9780853182504
9780946588411
9780893892319
9780955987205
9780955946400
9780955731358
9780955731341
9780955731327
9780955662614
9781005519940
9780955435201
9781009452458
9780956915917
9780956842602
9780956581914
9780956509291
9780956276643
9780956125057
9780956083401
9780955469916
9781005147471
9780995740198
9781421518954
9780860035350
9780954106898
9780857238528
9781420286328
9780982456460
9780856462160
9780865432871
9781400351855
9780851249582
9781420286359
9781447277187
9780854325115
9780995580824
9780857899712
9780941846455
9780856460494
9780854327782
9780995668164
9781419778735
9780857527813
9780857507716
9780857505095
9780857426826
9781005214753
9780857426109
9780861546763
9780861310463
9780859650328
9780985374839
9780857891020
9780996410311
9780996131001
9780995740907
9780857426802
9781447200260
9781446789902
9781409200284
9781408355404
9781408355381
9781398214507
9781009980166
9781009383141
9780949175762
9780999403310
9781409337935
9781409258582
9781409225133
9781409218197
9781409216612
9781409205623
9781409201885
9781009152471
9781444955217
9781444955187
9781441459602
9781440109355
9781438256061
9781446690727
9781446620984
9780995636965
9780996467391
9780995285637
9780994497215
9780994497208
9780994316523
9780999403303
9780999326800
9780998994581
9780997736366
9780997636741
9780995580831
9780987159656
9780981851235
9780978744212
9780974343884
9780965938815
9780994228536
9780993349331
9780993349324
9781409201021
9780993055492
9780993017490
9780992912543
9780992902940
9780955256066
9780955219917
9780954828851
9780953881604
9780950345970
9780993279348
9781428748187
9781423442165
9780989884877
9781450563192
9781423669500
9780930323707
9781009566872
9781447025023
9780989442022
9780957442443
9780957406186
9780957193543
9780957126756
9780957100718
9781429131957
9781428822320
9780992801076
9780992678838
9780957442467
9788178230757
9788193731963
9789353180782
9788172290290
9788172290269
9789364480703
